district,count,mean,std,min,max,feature,place_name,landcover,soil_type,water_supply,electricity,road_quality,urban_rural,water_presence_flag,flood_occurrence_current_event,is_good_to_live,reason_not_good_to_live,is_synthetic,generation_date
Vavuniya,627,0.5402870813397129,0.22269641289627262,0.0,1.0,district,,,,,,,,,,,,,
Monaragala,592,0.5360418074324325,0.22834370808781396,0.0,1.0,district,,,,,,,,,,,,,
Mullaitivu,623,0.5181107544141252,0.240919481512516,0.0,1.0,district,,,,,,,,,,,,,
Badulla,635,0.5164707874015748,0.22036217118982251,0.0,1.0,district,,,,,,,,,,,,,
Missing,61,0.5106409836065574,0.2451756051806196,0.0,1.0,district,,,,,,,,,,,,,
Kurunegala,623,0.5055951043338683,0.24587550764841073,0.0,1.0,district,,,,,,,,,,,,,
Kandy,673,0.5054924962852897,0.23301870834101288,0.0,1.0,district,,,,,,,,,,,,,
Matara,600,0.50141975,0.22384554741144777,0.0,1.0,district,,,,,,,,,,,,,
Puttalam,631,0.5014175118858955,0.2297015709843715,0.0,1.0,district,,,,,,,,,,,,,
Kegalle,606,0.4954845709570957,0.22595531099608235,0.0,1.0,district,,,,,,,,,,,,,
Kalutara,619,0.4902852988691438,0.241027984638706,0.0,1.0,district,,,,,,,,,,,,,
Gampaha,599,0.48290684474123535,0.2485066613238003,0.0,1.0,district,,,,,,,,,,,,,
Batticaloa,615,0.48241365853658535,0.2470176436921567,0.0,1.0,district,,,,,,,,,,,,,
Anuradhapura,626,0.47983322683706076,0.2269130696240542,0.0,1.0,district,,,,,,,,,,,,,
Mannar,634,0.47127042586750795,0.22893094101739625,0.0,1.0,district,,,,,,,,,,,,,
Ampara,613,0.4707775693311583,0.23738998149771925,0.0,1.0,district,,,,,,,,,,,,,
Hambantota,623,0.4649637239165329,0.24198160623793863,0.0,1.0,district,,,,,,,,,,,,,
Galle,591,0.46362250423011847,0.23965052785499114,0.0,1.0,district,,,,,,,,,,,,,
Ratnapura,598,0.4631838628762542,0.2287410054680635,0.0,1.0,district,,,,,,,,,,,,,
Matale,637,0.4624048665620094,0.23306225596843627,0.0,1.0,district,,,,,,,,,,,,,
Nuwara Eliya,617,0.45523444084278775,0.22657287016797925,0.0,1.0,district,,,,,,,,,,,,,
Jaffna,601,0.4519800332778702,0.23533830485919383,0.0,1.0,district,,,,,,,,,,,,,
Polonnaruwa,598,0.449392558528428,0.22963605909969056,0.0,1.0,district,,,,,,,,,,,,,
Kilinochchi,611,0.42812659574468087,0.24658304275828266,0.0,1.0,district,,,,,,,,,,,,,
Trincomalee,624,0.4126786057692308,0.242118555047012,0.0,1.0,district,,,,,,,,,,,,,
Colombo,641,0.40814383775351015,0.23235214932080708,0.0,1.0,district,,,,,,,,,,,,,
,22,0.6728227272727273,0.2838813181458192,0.1288,1.0,place_name,Nayagama West,,,,,,,,,,,,
,21,0.6409761904761905,0.2661170436194606,0.1144,1.0,place_name,Kiriwatta East,,,,,,,,,,,,
,19,0.6391078947368422,0.2321454478597164,0.2563,1.0,place_name,Polavila East,,,,,,,,,,,,
,18,0.6324055555555556,0.2347088420906966,0.0,1.0,place_name,Nayavila South,,,,,,,,,,,,
,9,0.6241777777777778,0.2622146819772769,0.3067,0.9883,place_name,Panavila North,,,,,,,,,,,,
,12,0.6164833333333334,0.28763491327259516,0.0595,1.0,place_name,Polapola East,,,,,,,,,,,,
,18,0.6088111111111112,0.21321957996639462,0.3424,1.0,place_name,Udarakumbura Central,,,,,,,,,,,,
,21,0.6071761904761905,0.18289266498348672,0.3092,1.0,place_name,Polawatta North,,,,,,,,,,,,
,22,0.6068227272727272,0.23489112154929143,0.155,1.0,place_name,Udarakanda South,,,,,,,,,,,,
,28,0.6066785714285715,0.19126000599754225,0.3704,1.0,place_name,Polawatta South,,,,,,,,,,,,
,17,0.6058911764705882,0.22326929664315562,0.26935,1.0,place_name,Kirimedura North,,,,,,,,,,,,
,24,0.6022458333333333,0.22158957503567886,0.2129,1.0,place_name,Galathota Central,,,,,,,,,,,,
,13,0.5961307692307692,0.29156213284254234,0.0818,1.0,place_name,Mahapitiya North,,,,,,,,,,,,
,16,0.593340625,0.28460290653162695,0.0,1.0,place_name,Ihalavila West,,,,,,,,,,,,
,28,0.5927125,0.2595768396280691,0.1306,1.0,place_name,Polawatta West,,,,,,,,,,,,
,18,0.5897777777777777,0.18948356301694028,0.3461,1.0,place_name,Welithota,,,,,,,,,,,,
,10,0.58738,0.29793091592962734,0.0,1.0,place_name,Kudanuwara West,,,,,,,,,,,,
,19,0.5869973684210527,0.2938592995114443,0.207,1.0,place_name,Panakanda East,,,,,,,,,,,,
,18,0.5865,0.2557596740738323,0.2066,1.0,place_name,Nayapola West,,,,,,,,,,,,
,13,0.5857692307692308,0.16409050416673204,0.3386,1.0,place_name,Kudagama Central,,,,,,,,,,,,
,29,0.5842637931034483,0.26123065577615767,0.0,1.0,place_name,Welivila,,,,,,,,,,,,
,18,0.5833527777777777,0.24634147179702442,0.0,0.9498,place_name,Kirivila West,,,,,,,,,,,,
,25,0.582832,0.2561546273249812,0.0144,1.0,place_name,Panawatta East,,,,,,,,,,,,
,15,0.5782766666666667,0.21102732631671411,0.3268,1.0,place_name,Pahalawatta East,,,,,,,,,,,,
,25,0.577896,0.2521756836017303,0.0371,1.0,place_name,Welinuwara West,,,,,,,,,,,,
,21,0.5761738095238096,0.2682779834514228,0.0,1.0,place_name,Ihalapitiya East,,,,,,,,,,,,
,16,0.57608125,0.25115435683725124,0.1334,1.0,place_name,Galakumbura South,,,,,,,,,,,,
,24,0.5712770833333333,0.24305634790381547,0.0504,1.0,place_name,Udaramedura,,,,,,,,,,,,
,27,0.5706555555555556,0.21515381319728757,0.1993,1.0,place_name,Ihalawatta Central,,,,,,,,,,,,
,14,0.57055,0.2069540147732564,0.2625,1.0,place_name,Udarathota East,,,,,,,,,,,,
,20,0.5689975,0.1883095020068096,0.2152,0.8812,place_name,Udumedura,,,,,,,,,,,,
,11,0.5678227272727273,0.2260696456444743,0.294,1.0,place_name,Udaragama North,,,,,,,,,,,,
,29,0.5673275862068966,0.24595906874424642,0.0,1.0,place_name,Pahalamedura North,,,,,,,,,,,,
,25,0.567294,0.2723229058795214,0.0,1.0,place_name,Kudapola East,,,,,,,,,,,,
,21,0.5668285714285715,0.18539554779675033,0.3002,1.0,place_name,Udaragama,,,,,,,,,,,,
,22,0.5666340909090909,0.21947270542216565,0.2698,0.9671,place_name,Pahalavila West,,,,,,,,,,,,
,22,0.5657545454545455,0.1888194772219089,0.1961,0.8763,place_name,Uduthota South,,,,,,,,,,,,
,19,0.5656973684210527,0.2801240788936635,0.13435,1.0,place_name,Polamedura West,,,,,,,,,,,,
,18,0.5652166666666667,0.219943066162453,0.2783,1.0,place_name,Welikanda Central,,,,,,,,,,,,
,16,0.565040625,0.2359570915927654,0.0,1.0,place_name,Polathota,,,,,,,,,,,,
,27,0.5634055555555556,0.3021424092190932,0.0,1.0,place_name,Kudathota East,,,,,,,,,,,,
,16,0.56338125,0.19850244068608658,0.2957,1.0,place_name,Welimedura South,,,,,,,,,,,,
,20,0.5627875,0.16701014456660376,0.3701,1.0,place_name,Panagama West,,,,,,,,,,,,
,24,0.5626958333333333,0.21018291511911955,0.1216,1.0,place_name,Kirigama East,,,,,,,,,,,,
,27,0.5626037037037037,0.2610698440021242,0.0179,1.0,place_name,Pahalakanda East,,,,,,,,,,,,
,16,0.56184375,0.21736806486924432,0.233,1.0,place_name,Welinuwara East,,,,,,,,,,,,
,16,0.56065625,0.2626016196161022,0.1762,1.0,place_name,Kirivila North,,,,,,,,,,,,
,23,0.5597826086956522,0.32084477364405295,0.0,1.0,place_name,Ihalakanda Central,,,,,,,,,,,,
,21,0.5595380952380952,0.3254906549752089,0.0,1.0,place_name,Kirigama South,,,,,,,,,,,,
,23,0.5586391304347826,0.2278669901881168,0.0,1.0,place_name,Ihalakumbura South,,,,,,,,,,,,
,16,0.55825625,0.2169856461266505,0.2172,1.0,place_name,Panapola West,,,,,,,,,,,,
,16,0.55785,0.2566934871268325,0.0,1.0,place_name,Polamedura East,,,,,,,,,,,,
,24,0.5576958333333334,0.20786395525662343,0.141,0.9405,place_name,Pahalanuwara East,,,,,,,,,,,,
,16,0.557303125,0.21824795796581922,0.1496,1.0,place_name,Pahalamedura,,,,,,,,,,,,
,21,0.5573,0.24145576820610437,0.1323,1.0,place_name,Galakanda West,,,,,,,,,,,,
,16,0.557159375,0.2003215259016946,0.136,1.0,place_name,Nayawatta South,,,,,,,,,,,,
,21,0.5570214285714286,0.239107474042233,0.2006,0.9988,place_name,Udupola North,,,,,,,,,,,,
,24,0.5560041666666666,0.2387793751182963,0.0,1.0,place_name,Pahalamulla Central,,,,,,,,,,,,
,23,0.5558782608695652,0.14852033517493252,0.24,0.8281,place_name,Kirimedura,,,,,,,,,,,,
,15,0.5558066666666667,0.21298996779414842,0.2691,1.0,place_name,Ihalanuwara Central,,,,,,,,,,,,
,17,0.5556205882352941,0.28191245042722457,0.0,1.0,place_name,Welipitiya East,,,,,,,,,,,,
,29,0.5551896551724138,0.23707395974497608,0.0,1.0,place_name,Udarakanda,,,,,,,,,,,,
,21,0.5549380952380952,0.2798248335587649,0.0,1.0,place_name,Nayapola South,,,,,,,,,,,,
,20,0.5528025,0.26328686400308493,0.0,1.0,place_name,Uduvila,,,,,,,,,,,,
,19,0.5525736842105263,0.3084806690181651,0.0094,1.0,place_name,Udupola West,,,,,,,,,,,,
,28,0.5524589285714285,0.21583953017855287,0.093,1.0,place_name,Welipitiya North,,,,,,,,,,,,
,13,0.5523846153846154,0.205121248071126,0.1184,0.8585,place_name,Nayakumbura Central,,,,,,,,,,,,
,18,0.5522805555555556,0.21173131637754328,0.2088,1.0,place_name,Kirithota Central,,,,,,,,,,,,
,20,0.552095,0.18294056692356617,0.2757,0.8819,place_name,Mahagama,,,,,,,,,,,,
,18,0.551925,0.17901108760435516,0.2788,0.9266,place_name,Kirikanda West,,,,,,,,,,,,
,20,0.55107,0.20041641938198265,0.1292,1.0,place_name,Mahamedura Central,,,,,,,,,,,,
,13,0.5507615384615385,0.26054717595367616,0.0,0.9444,place_name,Pahalavila South,,,,,,,,,,,,
,20,0.55046,0.2501945267397477,0.1171,1.0,place_name,Welithota Central,,,,,,,,,,,,
,12,0.5497416666666667,0.1455593315976393,0.3917,0.8029,place_name,Mahakumbura West,,,,,,,,,,,,
,17,0.548935294117647,0.2537537633740052,0.2032,1.0,place_name,Panamulla North,,,,,,,,,,,,
,15,0.5487633333333333,0.25477018668558826,0.0,1.0,place_name,Kudakanda South,,,,,,,,,,,,
,15,0.5482866666666666,0.2878615437687924,0.0241,1.0,place_name,Welipola,,,,,,,,,,,,
,22,0.5480068181818182,0.26244480430833755,0.0,1.0,place_name,Mahavila West,,,,,,,,,,,,
,17,0.5479735294117647,0.17718917337626672,0.3533,1.0,place_name,Ihalanuwara East,,,,,,,,,,,,
,21,0.5479119047619048,0.2492898483215682,0.1535,0.9871,place_name,Ihalathota,,,,,,,,,,,,
,17,0.5478,0.21915815636202093,0.0,1.0,place_name,Nayakanda South,,,,,,,,,,,,
,21,0.5474857142857142,0.23462804667327028,0.147,1.0,place_name,Kiripola South,,,,,,,,,,,,
,19,0.5471026315789473,0.1916211630576825,0.265,0.9194,place_name,Pahalakumbura West,,,,,,,,,,,,
,14,0.5470714285714285,0.2321420335403818,0.1998,1.0,place_name,Panapitiya Central,,,,,,,,,,,,
,17,0.5464617647058824,0.2607556360425239,0.0,1.0,place_name,Udaramulla West,,,,,,,,,,,,
,11,0.5463590909090908,0.33780289283706694,0.0,1.0,place_name,Polavila North,,,,,,,,,,,,
,11,0.546290909090909,0.23099355057899543,0.19755,0.9181,place_name,Kudanuwara East,,,,,,,,,,,,
,23,0.545204347826087,0.25012237092028095,0.1518,1.0,place_name,Galapola West,,,,,,,,,,,,
,24,0.54519375,0.25908907160367944,0.0,1.0,place_name,Polapola,,,,,,,,,,,,
,14,0.5444357142857142,0.2814009174090968,0.0332,1.0,place_name,Kiriwatta Central,,,,,,,,,,,,
,15,0.5443433333333334,0.18256409722406566,0.2505,0.8206,place_name,Nayawatta North,,,,,,,,,,,,
,17,0.5441294117647059,0.2901483602502043,0.0,1.0,place_name,Udaravila East,,,,,,,,,,,,
,18,0.5437972222222222,0.27083809927933294,0.0,0.9906,place_name,Panakanda South,,,,,,,,,,,,
,15,0.5437933333333334,0.2835340757214873,0.1457,1.0,place_name,Polagama North,,,,,,,,,,,,
,18,0.5432611111111112,0.2438170725549814,0.027,0.9755,place_name,Udarapitiya,,,,,,,,,,,,
,25,0.5430940000000001,0.22574748444519452,0.1396,0.9828,place_name,Udunuwara South,,,,,,,,,,,,
,14,0.5429142857142857,0.25379086137739737,0.079,1.0,place_name,Kirimedura East,,,,,,,,,,,,
,15,0.5428566666666667,0.23723022487709716,0.0,1.0,place_name,Ihalakanda,,,,,,,,,,,,
,18,0.5426416666666667,0.20905930783195584,0.0402,0.9169,place_name,Ihalakanda West,,,,,,,,,,,,
,21,0.5419166666666667,0.24152437420130776,0.0,1.0,place_name,Kudakanda,,,,,,,,,,,,
,21,0.5408095238095237,0.21560550759375768,0.0,0.9388,place_name,Weligama East,,,,,,,,,,,,
,26,0.5406730769230769,0.2256313410104054,0.1395,1.0,place_name,Ihalanuwara North,,,,,,,,,,,,
,15,0.5403033333333334,0.16421632777992512,0.2105,0.7813,place_name,Panakumbura West,,,,,,,,,,,,
,22,0.5394227272727273,0.2817339794436592,0.0125,1.0,place_name,Udumedura South,,,,,,,,,,,,
,23,0.5393913043478261,0.241746275073387,0.1173,1.0,place_name,Welipola North,,,,,,,,,,,,
,18,0.5393583333333333,0.2819012156193142,0.0,1.0,place_name,Galapola East,,,,,,,,,,,,
,19,0.5392526315789473,0.2677216763075271,0.0,1.0,place_name,Ihalawatta South,,,,,,,,,,,,
,19,0.5391789473684211,0.2543040947128443,0.1136,0.9912,place_name,Panavila South,,,,,,,,,,,,
,18,0.5388583333333333,0.3134032720886659,0.0,1.0,place_name,Nayanuwara East,,,,,,,,,,,,
,21,0.538747619047619,0.2409013026512053,0.1812,1.0,place_name,Polagama Central,,,,,,,,,,,,
,23,0.5382869565217391,0.21485134460058622,0.1219,0.9258,place_name,Udaramulla North,,,,,,,,,,,,
,15,0.5382266666666666,0.29129310586385243,0.0,0.9765,place_name,Welimedura Central,,,,,,,,,,,,
,18,0.5375833333333334,0.25529250639908996,0.1053,1.0,place_name,Udaramulla Central,,,,,,,,,,,,
,23,0.5363130434782609,0.2605010208570956,0.0184,1.0,place_name,Mahawatta North,,,,,,,,,,,,
,23,0.5357500000000001,0.22132865268645177,0.1067,1.0,place_name,Pahalapola Central,,,,,,,,,,,,
,22,0.5353795454545455,0.20529138331086452,0.128,1.0,place_name,Uduthota West,,,,,,,,,,,,
,23,0.5351608695652174,0.21741757004171916,0.0556,1.0,place_name,Panamulla Central,,,,,,,,,,,,
,23,0.5341608695652174,0.2635106923639316,0.056,1.0,place_name,Welimulla South,,,,,,,,,,,,
,22,0.533975,0.2681745885435013,0.1025,1.0,place_name,Pahalamedura West,,,,,,,,,,,,
,22,0.5338727272727273,0.263373125110181,0.0,1.0,place_name,Welivila Central,,,,,,,,,,,,
,24,0.533575,0.2779829369959055,0.0,1.0,place_name,Welipitiya West,,,,,,,,,,,,
,11,0.5327545454545454,0.21118074421516922,0.1964,1.0,place_name,Mahapitiya Central,,,,,,,,,,,,
,20,0.532625,0.21755711137659078,0.2665,1.0,place_name,Kiriwatta,,,,,,,,,,,,
,23,0.5317391304347826,0.2814767469632753,0.0,1.0,place_name,Kirimulla East,,,,,,,,,,,,
,27,0.5317222222222222,0.24327558183662554,0.0,1.0,place_name,Udumulla East,,,,,,,,,,,,
,19,0.5316078947368421,0.22286147806750442,0.0,1.0,place_name,Pahalathota Central,,,,,,,,,,,,
,23,0.5312260869565217,0.28932869671548833,0.0,1.0,place_name,Mahamedura West,,,,,,,,,,,,
,22,0.5309022727272728,0.22948054823535322,0.1673,1.0,place_name,Pahalathota North,,,,,,,,,,,,
,21,0.5303380952380953,0.2549477583274473,0.0,0.9988,place_name,Weliwatta,,,,,,,,,,,,
,26,0.5299673076923077,0.20961747204959214,0.0,1.0,place_name,Weliwatta West,,,,,,,,,,,,
,20,0.5299475,0.18175763248652108,0.23125,1.0,place_name,Nayakanda North,,,,,,,,,,,,
,17,0.5297794117647059,0.2168924272960731,0.0,1.0,place_name,Pahalapola West,,,,,,,,,,,,
,14,0.5297785714285714,0.21342969452607694,0.21925,0.9506,place_name,Kirithota East,,,,,,,,,,,,
,13,0.529573076923077,0.27260328212088153,0.0,1.0,place_name,Uduvila South,,,,,,,,,,,,
,17,0.5293441176470588,0.21855097652089156,0.2536,1.0,place_name,Mahakanda,,,,,,,,,,,,
,20,0.5290549999999999,0.24202605878619546,0.0517,1.0,place_name,Nayamedura North,,,,,,,,,,,,
,19,0.5290078947368421,0.21538312650765037,0.2411,1.0,place_name,Ihalakanda South,,,,,,,,,,,,
,15,0.52894,0.20840007129146024,0.113,0.952,place_name,Kudakumbura East,,,,,,,,,,,,
,15,0.52874,0.21528436941470164,0.0872,0.9387,place_name,Galapola South,,,,,,,,,,,,
,21,0.528647619047619,0.24561411933976354,0.0,1.0,place_name,Nayagama North,,,,,,,,,,,,
,16,0.528215625,0.1892029683688481,0.3052,1.0,place_name,Udumedura East,,,,,,,,,,,,
,17,0.5281882352941176,0.267768393117898,0.0,1.0,place_name,Nayawatta East,,,,,,,,,,,,
,19,0.5279631578947368,0.2526243482822455,0.0,1.0,place_name,Kudathota,,,,,,,,,,,,
,14,0.5279214285714285,0.2586082251609162,0.1104,1.0,place_name,Udaramedura Central,,,,,,,,,,,,
,12,0.5279166666666667,0.2890830985699231,0.0122,1.0,place_name,Kudakanda North,,,,,,,,,,,,
,22,0.5276363636363637,0.31253544339262285,0.0,1.0,place_name,Kirivila East,,,,,,,,,,,,
,23,0.5275543478260869,0.2647479113631423,0.1484,1.0,place_name,Mahanuwara,,,,,,,,,,,,
,18,0.5272638888888889,0.22600289808498136,0.18635,0.9896,place_name,Pahalathota South,,,,,,,,,,,,
,20,0.5268550000000001,0.13783439138099177,0.2571,0.7532,place_name,Kudawatta West,,,,,,,,,,,,
,27,0.5256962962962963,0.24154553915515595,0.1432,1.0,place_name,Kirikanda South,,,,,,,,,,,,
,17,0.5256617647058823,0.26426332720024015,0.0,0.9459,place_name,Udupitiya East,,,,,,,,,,,,
,15,0.5248666666666666,0.21387454155137192,0.0525,0.8164,place_name,Mahanuwara East,,,,,,,,,,,,
,15,0.52458,0.28362094724171155,0.0,1.0,place_name,Galathota North,,,,,,,,,,,,
,21,0.5238904761904761,0.1974449313220319,0.126,1.0,place_name,Panavila West,,,,,,,,,,,,
,10,0.5237499999999999,0.2843005266341314,0.0,1.0,place_name,Pahalapitiya West,,,,,,,,,,,,
,13,0.5236615384615384,0.2225302059588823,0.0,0.8539,place_name,Kudapitiya,,,,,,,,,,,,
,18,0.5235611111111111,0.1897327226541369,0.078,0.8666,place_name,Panakumbura North,,,,,,,,,,,,
,22,0.5231772727272728,0.2307705455576376,0.0,1.0,place_name,Kudavila South,,,,,,,,,,,,
,16,0.523146875,0.21190628075381973,0.1785,1.0,place_name,Nayawatta,,,,,,,,,,,,
,11,0.5226,0.14643479094805303,0.2569,0.7925,place_name,Mahamulla East,,,,,,,,,,,,
,25,0.5223559999999999,0.1992841064075775,0.2106,1.0,place_name,Pahalawatta Central,,,,,,,,,,,,
,21,0.5222666666666667,0.2868292877886311,0.0,1.0,place_name,Pahalakanda South,,,,,,,,,,,,
,20,0.52216,0.20874278153293174,0.2022,1.0,place_name,Polakanda East,,,,,,,,,,,,
,25,0.521252,0.2776983365842631,0.1148,1.0,place_name,Galakumbura,,,,,,,,,,,,
,14,0.5211571428571429,0.231373609672208,0.1703,0.9045,place_name,Udarapola West,,,,,,,,,,,,
,28,0.5211196428571429,0.171647263379856,0.1564,0.905,place_name,Kirikumbura Central,,,,,,,,,,,,
,21,0.5209142857142857,0.2826757051564818,0.0,1.0,place_name,Kudapitiya East,,,,,,,,,,,,
,25,0.520812,0.20799988846150855,0.0,0.9945,place_name,Udaramulla South,,,,,,,,,,,,
,16,0.520690625,0.2760749525151639,0.1436,0.9784,place_name,Ihalakumbura,,,,,,,,,,,,
,15,0.5205433333333332,0.24746024129910146,0.0,1.0,place_name,Kudamedura East,,,,,,,,,,,,
,16,0.5204125,0.22711291134587658,0.0,0.8083,place_name,Welikanda South,,,,,,,,,,,,
,18,0.5201111111111111,0.1499385605109792,0.1541,0.7807,place_name,Polapitiya,,,,,,,,,,,,
,21,0.5197190476190476,0.2155103956171201,0.0,0.9634,place_name,Kirithota North,,,,,,,,,,,,
,21,0.5193309523809523,0.21149685959618317,0.1041,1.0,place_name,Galakanda Central,,,,,,,,,,,,
,20,0.519235,0.22757037610143235,0.1588,0.8857,place_name,Ihalamedura South,,,,,,,,,,,,
,32,0.5190546875000001,0.23101172479648643,0.0428,1.0,place_name,Pahalapola,,,,,,,,,,,,
,19,0.5188315789473684,0.25574265722625583,0.0,1.0,place_name,Polakanda Central,,,,,,,,,,,,
,17,0.5185764705882353,0.23088475894212832,0.1724,0.9732,place_name,Udarathota North,,,,,,,,,,,,
,17,0.5183294117647059,0.19230582988012182,0.1666,0.9621,place_name,Panamedura East,,,,,,,,,,,,
,22,0.5181727272727273,0.233176953410348,0.0,0.9386,place_name,Welikanda North,,,,,,,,,,,,
,18,0.5181444444444445,0.2781243928685449,0.0,1.0,place_name,Panamulla East,,,,,,,,,,,,
,29,0.5178379310344827,0.2560627691097203,0.0,1.0,place_name,Ihalakumbura West,,,,,,,,,,,,
,20,0.517665,0.30247968574678485,0.0,1.0,place_name,Kirikanda East,,,,,,,,,,,,
,21,0.5175619047619048,0.23768678439532662,0.1025,0.8864,place_name,Kirimulla North,,,,,,,,,,,,
,19,0.5175315789473685,0.27245037734243477,0.0,0.981,place_name,Kiriwatta North,,,,,,,,,,,,
,20,0.51717,0.18822713630639248,0.2137,1.0,place_name,Udaranuwara South,,,,,,,,,,,,
,18,0.5171277777777779,0.24828598028591137,0.1301,1.0,place_name,Panamulla West,,,,,,,,,,,,
,19,0.5164552631578947,0.23108692261591432,0.1278,1.0,place_name,Ihalapola,,,,,,,,,,,,
,19,0.5161815789473685,0.2934110849656191,0.0,1.0,place_name,Udarapitiya North,,,,,,,,,,,,
,11,0.5160181818181818,0.2654548165627507,0.0,0.9965,place_name,Kudamedura North,,,,,,,,,,,,
,23,0.5159956521739131,0.2150383987449279,0.103,1.0,place_name,Polawatta,,,,,,,,,,,,
,21,0.5157690476190476,0.2863329515075896,0.0,1.0,place_name,Polakanda South,,,,,,,,,,,,
,28,0.5151821428571429,0.2264976920061813,0.0824,1.0,place_name,Udugama South,,,,,,,,,,,,
,22,0.5150113636363636,0.2646822033935981,0.10805,1.0,place_name,Ihalawatta,,,,,,,,,,,,
,23,0.5148652173913044,0.20816730074345063,0.1013,0.9938,place_name,Panapola South,,,,,,,,,,,,
,27,0.5147722222222222,0.145937449939595,0.1629,0.801,place_name,Pahalagama East,,,,,,,,,,,,
,21,0.514345238095238,0.17702624374987588,0.2443,0.8562,place_name,Nayanuwara West,,,,,,,,,,,,
,16,0.51426875,0.22629726090182065,0.0,0.8595,place_name,Mahakanda East,,,,,,,,,,,,
,24,0.51374375,0.1889517245181149,0.0,0.935,place_name,Welipitiya Central,,,,,,,,,,,,
,21,0.5133547619047619,0.27217843775029366,0.0162,1.0,place_name,Mahapola South,,,,,,,,,,,,
,18,0.5133,0.24175788812485158,0.0,0.9744,place_name,Pahalathota,,,,,,,,,,,,
,23,0.5131826086956522,0.18214949380353868,0.1841,0.8765,place_name,Kudawatta Central,,,,,,,,,,,,
,20,0.5129900000000001,0.19627733574286102,0.0,0.8264,place_name,Nayamedura West,,,,,,,,,,,,
,24,0.5129895833333333,0.24294540269600323,0.0,1.0,place_name,Pahalakanda North,,,,,,,,,,,,
,27,0.5128925925925926,0.25055030958936697,0.0,1.0,place_name,Kirikanda North,,,,,,,,,,,,
,18,0.5128666666666667,0.3041717026711761,0.0,1.0,place_name,Udumulla West,,,,,,,,,,,,
,34,0.5128205882352941,0.21246249548454965,0.0,1.0,place_name,Nayamedura East,,,,,,,,,,,,
,19,0.5127236842105263,0.2435918731359787,0.0,1.0,place_name,Kiripitiya Central,,,,,,,,,,,,
,16,0.512678125,0.1845990582936887,0.1874,0.9158,place_name,Pahalamedura South,,,,,,,,,,,,
,25,0.512398,0.2506426176185261,0.0,1.0,place_name,Galamulla South,,,,,,,,,,,,
,22,0.5123227272727272,0.2413350603696785,0.0,1.0,place_name,Mahavila East,,,,,,,,,,,,
,26,0.5121942307692308,0.19336527471442388,0.1759,1.0,place_name,Pahalamulla South,,,,,,,,,,,,
,17,0.5121,0.23514102151687613,0.0383,0.965,place_name,Mahapitiya South,,,,,,,,,,,,
,16,0.511934375,0.22200172575811958,0.0581,0.9058,place_name,Ihalagama,,,,,,,,,,,,
,17,0.5118176470588236,0.2903514551050462,0.0,1.0,place_name,Kudavila Central,,,,,,,,,,,,
,20,0.5117174999999999,0.24713684749174472,0.0,0.9346,place_name,Polamedura Central,,,,,,,,,,,,
,19,0.5115842105263159,0.2462327157231501,0.0,0.9854,place_name,Kudavila North,,,,,,,,,,,,
,24,0.5114666666666666,0.20569029624903187,0.1106,1.0,place_name,Panapitiya East,,,,,,,,,,,,
,25,0.511102,0.22359708763756286,0.0,0.9316,place_name,Panakumbura,,,,,,,,,,,,
,18,0.5111,0.22408514663220422,0.0759,1.0,place_name,Panapitiya North,,,,,,,,,,,,
,18,0.51085,0.24189962612134616,0.0,1.0,place_name,Kudakumbura Central,,,,,,,,,,,,
,23,0.5107608695652174,0.22264684426877884,0.0,1.0,place_name,Mahagama South,,,,,,,,,,,,
,16,0.5105500000000001,0.19914738260896123,0.1735,0.8061,place_name,Pahalavila Central,,,,,,,,,,,,
,22,0.5098295454545455,0.2408086004728409,0.0,1.0,place_name,Galamulla East,,,,,,,,,,,,
,28,0.5097910714285715,0.26069119522757167,0.0,1.0,place_name,Udaranuwara West,,,,,,,,,,,,
,19,0.5095000000000001,0.18493722358321124,0.2716,1.0,place_name,Mahapola West,,,,,,,,,,,,
,15,0.5094133333333333,0.21406939084147011,0.0631,1.0,place_name,Udaragama Central,,,,,,,,,,,,
,15,0.5090933333333333,0.17831728330088906,0.2361,0.9446,place_name,Polamulla West,,,,,,,,,,,,
,16,0.508884375,0.24741403740743978,0.0,1.0,place_name,Panakanda Central,,,,,,,,,,,,
,16,0.5087875000000001,0.2045175848185187,0.1243,0.9844,place_name,Welikumbura South,,,,,,,,,,,,
,25,0.508348,0.23302274767355516,0.0,1.0,place_name,Kudapitiya South,,,,,,,,,,,,
,18,0.5080777777777779,0.2269724479406763,0.0,0.81135,place_name,Mahapitiya,,,,,,,,,,,,
,19,0.5080368421052631,0.22618449993687875,0.3121,1.0,place_name,Galakanda East,,,,,,,,,,,,
,20,0.5073875,0.21788674138728226,0.0,0.927,place_name,Galapola Central,,,,,,,,,,,,
,18,0.5069166666666667,0.28662538576460017,0.1004,1.0,place_name,Pahalapitiya Central,,,,,,,,,,,,
,19,0.5068842105263158,0.26556131801474964,0.0,0.8724,place_name,Pahalavila North,,,,,,,,,,,,
,19,0.506371052631579,0.2299555544712146,0.1291,0.99,place_name,Polamedura,,,,,,,,,,,,
,22,0.5063409090909091,0.2731773253838907,0.0,1.0,place_name,Welipola Central,,,,,,,,,,,,
,18,0.5063055555555556,0.2400660453787475,0.0,0.9454,place_name,Nayamulla East,,,,,,,,,,,,
,24,0.50615,0.299536521689905,0.0,1.0,place_name,Udarapola North,,,,,,,,,,,,
,21,0.5061404761904762,0.2516479026432803,0.057,1.0,place_name,Panakumbura Central,,,,,,,,,,,,
,29,0.5061189655172413,0.22039360504633565,0.0,1.0,place_name,Nayapola,,,,,,,,,,,,
,19,0.5058342105263157,0.2312961858098301,0.0,1.0,place_name,Polavila South,,,,,,,,,,,,
,17,0.5056529411764705,0.2591317187205357,0.0792,1.0,place_name,Nayakumbura North,,,,,,,,,,,,
,15,0.5054333333333333,0.261042341028278,0.0904,1.0,place_name,Kudapola North,,,,,,,,,,,,
,18,0.5053555555555556,0.23807577383044948,0.0,0.8544,place_name,Pahalanuwara West,,,,,,,,,,,,
,20,0.50526,0.24827521952780332,0.0,1.0,place_name,Ihalavila North,,,,,,,,,,,,
,11,0.5052363636363636,0.19975670338052376,0.242,0.8203,place_name,Ihalathota West,,,,,,,,,,,,
,20,0.5051300000000001,0.283821719616938,0.0,0.9905,place_name,Kudawatta South,,,,,,,,,,,,
,22,0.505125,0.26284127373487487,0.0123,1.0,place_name,Welinuwara South,,,,,,,,,,,,
,21,0.5048523809523809,0.1766159771058316,0.0,0.7112,place_name,Nayamulla Central,,,,,,,,,,,,
,23,0.5044847826086957,0.1673026391105642,0.1685,0.7922,place_name,Pahalamedura Central,,,,,,,,,,,,
,16,0.504284375,0.28299786437283114,0.0,1.0,place_name,Polapola Central,,,,,,,,,,,,
,14,0.5040642857142857,0.1768892378651892,0.1009,0.8624,place_name,Ihalawatta West,,,,,,,,,,,,
,21,0.5038428571428571,0.23785533328354982,0.1673,1.0,place_name,Udupola Central,,,,,,,,,,,,
,19,0.5036999999999999,0.25976632875635663,0.0,0.9371,place_name,Kudapola Central,,,,,,,,,,,,
,18,0.5036722222222223,0.21642116294679187,0.0772,0.8243,place_name,Udupitiya South,,,,,,,,,,,,
,27,0.5032518518518518,0.2319332051066732,0.0,1.0,place_name,Polavila Central,,,,,,,,,,,,
,25,0.503238,0.22611600326675985,0.0,0.7379,place_name,Galathota East,,,,,,,,,,,,
,17,0.5027088235294118,0.29049165233019936,0.0961,1.0,place_name,Mahakumbura South,,,,,,,,,,,,
,18,0.5025638888888889,0.1721042073224957,0.1103,0.8235,place_name,Udupitiya North,,,,,,,,,,,,
,15,0.50221,0.22125914363672552,0.0037,0.8995,place_name,Kudathota South,,,,,,,,,,,,
,20,0.5021025,0.2617967906577241,0.001,1.0,place_name,Mahathota South,,,,,,,,,,,,
,23,0.5020521739130435,0.19960009307149681,0.1935,1.0,place_name,Welithota South,,,,,,,,,,,,
,26,0.5020134615384616,0.20039548974849322,0.0,1.0,place_name,Galawatta East,,,,,,,,,,,,
,17,0.5014852941176471,0.29092847368635233,0.0,1.0,place_name,Panathota West,,,,,,,,,,,,
,17,0.501064705882353,0.20262587196350468,0.2291,0.8816,place_name,Ihalapitiya West,,,,,,,,,,,,
,19,0.501057894736842,0.21226081261763655,0.0,0.8471,place_name,Panapola East,,,,,,,,,,,,
,13,0.5008846153846154,0.29162887330233567,0.0,0.9119,place_name,Polakumbura North,,,,,,,,,,,,
,23,0.5008282608695652,0.2523106557518506,0.0108,1.0,place_name,Udaravila West,,,,,,,,,,,,
,25,0.50064,0.2735461965860002,0.0,0.9726,place_name,Kirikumbura,,,,,,,,,,,,
,20,0.500615,0.2536526806377903,0.0,0.9662,place_name,Udarakanda West,,,,,,,,,,,,
,18,0.49989722222222216,0.24183137444984398,0.0,0.9212,place_name,Kudagama West,,,,,,,,,,,,
,18,0.49957222222222225,0.29356568120781174,0.0,1.0,place_name,Udunuwara East,,,,,,,,,,,,
,23,0.49953695652173913,0.18870758657569997,0.2039,1.0,place_name,Panamedura North,,,,,,,,,,,,
,21,0.499452380952381,0.24660434428259292,0.0,0.9536,place_name,Kudawatta North,,,,,,,,,,,,
,20,0.4993475,0.20705906192436976,0.1807,1.0,place_name,Weligama South,,,,,,,,,,,,
,24,0.49923125,0.251357809148848,0.0553,1.0,place_name,Mahamulla Central,,,,,,,,,,,,
,25,0.498996,0.26871729797936966,0.0,1.0,place_name,Polakanda North,,,,,,,,,,,,
,20,0.49882,0.1664580699534617,0.2829,0.9154,place_name,Pananuwara South,,,,,,,,,,,,
,20,0.498635,0.2671800679514217,0.0,1.0,place_name,Weliwatta South,,,,,,,,,,,,
,17,0.4982264705882353,0.16818729525967385,0.133,0.72175,place_name,Nayakumbura East,,,,,,,,,,,,
,25,0.498092,0.17414963673519393,0.1822,0.8244,place_name,Udaranuwara East,,,,,,,,,,,,
,26,0.49806346153846154,0.22218275160673132,0.0,0.9694,place_name,Welinuwara Central,,,,,,,,,,,,
,16,0.498053125,0.26350434624420016,0.0374,0.9969,place_name,Udugama East,,,,,,,,,,,,
,19,0.49801052631578946,0.15832812235192262,0.1986,0.8687,place_name,Galanuwara Central,,,,,,,,,,,,
,22,0.49740681818181814,0.26473144626540857,0.0,1.0,place_name,Nayamulla North,,,,,,,,,,,,
,29,0.49684310344827587,0.21185932905558297,0.0,1.0,place_name,Mahawatta,,,,,,,,,,,,
,23,0.4965934782608695,0.26879667472254415,0.0,1.0,place_name,Pahalakanda Central,,,,,,,,,,,,
,21,0.49652142857142856,0.2477687604256379,0.0744,1.0,place_name,Ihalanuwara West,,,,,,,,,,,,
,21,0.4963047619047619,0.2935918177950307,0.0,1.0,place_name,Panapola North,,,,,,,,,,,,
,20,0.49616,0.24413478244609063,0.0,1.0,place_name,Polapitiya South,,,,,,,,,,,,
,16,0.496053125,0.25999655989310705,0.0818,1.0,place_name,Weliwatta East,,,,,,,,,,,,
,20,0.49597499999999994,0.2538486989796958,0.0,1.0,place_name,Nayapitiya East,,,,,,,,,,,,
,17,0.4958911764705882,0.2648300930757859,0.0,1.0,place_name,Mahathota North,,,,,,,,,,,,
,25,0.495568,0.21062232930057534,0.1547,1.0,place_name,Kudakumbura,,,,,,,,,,,,
,15,0.49540999999999996,0.23412639611360112,0.0109,0.9741,place_name,Galawatta Central,,,,,,,,,,,,
,11,0.49535454545454544,0.26400184985577796,0.0834,1.0,place_name,Kirikumbura South,,,,,,,,,,,,
,25,0.49524,0.23929518207992964,0.0,1.0,place_name,Pahalathota East,,,,,,,,,,,,
,32,0.49520625,0.2677870289295268,0.0,1.0,place_name,Nayawatta West,,,,,,,,,,,,
,23,0.4951521739130435,0.2505886281602601,0.0,0.8408,place_name,Nayavila North,,,,,,,,,,,,
,20,0.49512999999999996,0.18898919239497602,0.1243,1.0,place_name,Ihalavila East,,,,,,,,,,,,
,24,0.49501666666666666,0.2223813287178554,0.0,0.8968,place_name,Mahagama North,,,,,,,,,,,,
,15,0.49494,0.26744379596468487,0.0389,1.0,place_name,Galapitiya East,,,,,,,,,,,,
,22,0.4946022727272727,0.21794798335146323,0.0,1.0,place_name,Kudanuwara Central,,,,,,,,,,,,
,18,0.49371111111111105,0.24252051675219485,0.1461,0.9688,place_name,Pahalagama Central,,,,,,,,,,,,
,19,0.49362105263157896,0.20673878467215412,0.0,0.8447,place_name,Ihalawatta East,,,,,,,,,,,,
,22,0.4935363636363636,0.27204293874217816,0.0,1.0,place_name,Udugama North,,,,,,,,,,,,
,25,0.493236,0.20477000284872457,0.0,0.8322,place_name,Udaragama South,,,,,,,,,,,,
,15,0.4930533333333333,0.2075919490479431,0.1943,1.0,place_name,Kirikumbura West,,,,,,,,,,,,
,24,0.4929604166666666,0.22060202952433058,0.0,0.9675,place_name,Mahagama Central,,,,,,,,,,,,
,14,0.49280357142857145,0.2554985025278153,0.14405,1.0,place_name,Kirivila Central,,,,,,,,,,,,
,13,0.4926884615384615,0.26768819715750614,0.0,1.0,place_name,Panathota North,,,,,,,,,,,,
,24,0.4922979166666667,0.17541881094854522,0.0,0.86585,place_name,Galamulla Central,,,,,,,,,,,,
,31,0.4920967741935484,0.27321436087667006,0.0,1.0,place_name,Panathota East,,,,,,,,,,,,
,18,0.491725,0.25971535790621425,0.0,0.9784,place_name,Udaravila North,,,,,,,,,,,,
,17,0.4917,0.19481449509725912,0.2513,0.9035,place_name,Kudavila,,,,,,,,,,,,
,23,0.49145,0.16753265963821667,0.2016,0.9357,place_name,Nayathota North,,,,,,,,,,,,
,26,0.49129999999999996,0.2955647137261145,0.0,1.0,place_name,Udukumbura,,,,,,,,,,,,
,16,0.49109375,0.20833102335386025,0.1883,0.8027,place_name,Nayapola East,,,,,,,,,,,,
,22,0.4909136363636364,0.16429006156491732,0.1784,0.7197,place_name,Polakanda,,,,,,,,,,,,
,23,0.4906586956521739,0.2044491738640093,0.161,0.9526,place_name,Pahalakumbura,,,,,,,,,,,,
,22,0.4906159090909091,0.2098991001287249,0.0,0.7965,place_name,Ihalapola North,,,,,,,,,,,,
,25,0.49060000000000004,0.1891557471150868,0.1377,0.849,place_name,Ihalagama West,,,,,,,,,,,,
,21,0.49008333333333337,0.18740359610566001,0.0649,1.0,place_name,Mahanuwara West,,,,,,,,,,,,
,19,0.49002631578947364,0.291940914574061,0.0,0.9323,place_name,Pananuwara East,,,,,,,,,,,,
,14,0.48974999999999996,0.16548859012493417,0.1636,0.8285,place_name,Mahawatta Central,,,,,,,,,,,,
,24,0.48966875000000004,0.28875866025503477,0.0,1.0,place_name,Kirigama Central,,,,,,,,,,,,
,26,0.4892673076923077,0.2666345412516194,0.0,0.9151,place_name,Mahakanda Central,,,,,,,,,,,,
,22,0.48863863636363636,0.2022220431745041,0.1236,0.8641,place_name,Panawatta Central,,,,,,,,,,,,
,11,0.48829999999999996,0.20555993773106668,0.1886,0.8367,place_name,Udarawatta South,,,,,,,,,,,,
,23,0.4881369565217391,0.23631488633590686,0.0489,0.8757,place_name,Udukumbura North,,,,,,,,,,,,
,18,0.4879611111111111,0.18312938897013545,0.1766,1.0,place_name,Nayanuwara South,,,,,,,,,,,,
,26,0.4876923076923077,0.246776614650703,0.0,0.9085,place_name,Pahalawatta South,,,,,,,,,,,,
,24,0.48746874999999995,0.230234271904161,0.081,1.0,place_name,Pahalagama North,,,,,,,,,,,,
,29,0.48728275862068965,0.2506205627593884,0.0,0.9765,place_name,Kirimulla South,,,,,,,,,,,,
,20,0.4872675,0.19278900538849253,0.0194,0.7954,place_name,Pahalagama South,,,,,,,,,,,,
,13,0.4869692307692308,0.20884570215279102,0.0007,0.7955,place_name,Mahakanda South,,,,,,,,,,,,
,18,0.4867916666666667,0.16713034385842473,0.2515,0.8636,place_name,Uduwatta Central,,,,,,,,,,,,
,20,0.48652750000000006,0.20340890465616557,0.0,0.7863,place_name,Udumedura West,,,,,,,,,,,,
,17,0.48638235294117643,0.2972422144381878,0.0,1.0,place_name,Welinuwara,,,,,,,,,,,,
,25,0.48623599999999995,0.233997280753431,0.0,1.0,place_name,Kudagama North,,,,,,,,,,,,
,26,0.4860423076923077,0.16959926927455066,0.2514,0.9282,place_name,Udupola East,,,,,,,,,,,,
,20,0.48584750000000004,0.2169890328752997,0.0642,0.9659,place_name,Kirinuwara,,,,,,,,,,,,
,19,0.48578947368421055,0.14442593216954128,0.1106,0.6893,place_name,Nayavila,,,,,,,,,,,,
,17,0.4854705882352941,0.2898804101795814,0.0008,1.0,place_name,Polapola North,,,,,,,,,,,,
,14,0.48545714285714286,0.25568430568930933,0.0,1.0,place_name,Pahalanuwara Central,,,,,,,,,,,,
,20,0.48481250000000004,0.20329968925533504,0.1476,0.9895,place_name,Polavila West,,,,,,,,,,,,
,23,0.48468695652173915,0.21866840463535364,0.0,1.0,place_name,Weligama,,,,,,,,,,,,
,19,0.4845578947368421,0.23974368098679769,0.011,0.9326,place_name,Udarapola South,,,,,,,,,,,,
,22,0.48400909090909094,0.25861354310113904,0.0404,1.0,place_name,Weligama North,,,,,,,,,,,,
,18,0.4839194444444444,0.27408073635491,0.0,1.0,place_name,Galagama South,,,,,,,,,,,,
,19,0.48351842105263154,0.2581878812084796,0.0,1.0,place_name,Mahagama West,,,,,,,,,,,,
,19,0.4833921052631579,0.27921661755265187,0.0,1.0,place_name,Kiripitiya South,,,,,,,,,,,,
,20,0.48321500000000006,0.2216491662990245,0.0774,0.9079,place_name,Udarapitiya East,,,,,,,,,,,,
,26,0.4830269230769231,0.21655364703960506,0.0,0.9219,place_name,Galagama North,,,,,,,,,,,,
,17,0.4826823529411765,0.21456076422337253,0.0875,0.9469,place_name,Polathota South,,,,,,,,,,,,
,12,0.4825333333333333,0.1895428007953173,0.1496,0.9123,place_name,Mahanuwara North,,,,,,,,,,,,
,16,0.48211875,0.19143328243803373,0.2273,0.8983,place_name,Udupitiya West,,,,,,,,,,,,
,18,0.4820388888888889,0.265828928047585,0.0,0.9858,place_name,Udarakanda North,,,,,,,,,,,,
,15,0.4817933333333333,0.23251789629023847,0.0,0.976,place_name,Welikumbura Central,,,,,,,,,,,,
,26,0.48159615384615384,0.19516092330334825,0.0,0.8724,place_name,Ihalawatta North,,,,,,,,,,,,
,20,0.48142250000000003,0.1889369126642681,0.0,0.8898,place_name,Kudavila West,,,,,,,,,,,,
,20,0.48139750000000003,0.2610850126093233,0.0,1.0,place_name,Galagama,,,,,,,,,,,,
,16,0.481090625,0.14971592235380307,0.2958,0.8308,place_name,Galakanda North,,,,,,,,,,,,
,18,0.48076388888888894,0.2738260653415915,0.0,1.0,place_name,Weligama West,,,,,,,,,,,,
,18,0.48026111111111114,0.2425660374338087,0.0,0.9764,place_name,Kudapola South,,,,,,,,,,,,
,22,0.48017954545454544,0.26863230874149063,0.0,1.0,place_name,Panakumbura East,,,,,,,,,,,,
,14,0.4801428571428571,0.15344626077247678,0.1348,0.7493,place_name,Kiripola East,,,,,,,,,,,,
,23,0.4797391304347826,0.2689384092030442,0.0,1.0,place_name,Welimedura North,,,,,,,,,,,,
,14,0.4794714285714286,0.24108360320906053,0.0,1.0,place_name,Uduvila North,,,,,,,,,,,,
,16,0.4790125,0.24984242200501766,0.0,0.9546,place_name,Panagama,,,,,,,,,,,,
,16,0.47895,0.2679461836513693,0.0,0.9835,place_name,Uduvila East,,,,,,,,,,,,
,19,0.47890263157894736,0.24675353114308,0.13285,1.0,place_name,Kiripitiya West,,,,,,,,,,,,
,12,0.4788333333333333,0.22584947253076385,0.0041,0.8774,place_name,Polapola South,,,,,,,,,,,,
,18,0.4787138888888889,0.22734985077781075,0.0,0.862,place_name,Mahapitiya East,,,,,,,,,,,,
,22,0.4785681818181819,0.18867510847602967,0.0669,1.0,place_name,Udunuwara West,,,,,,,,,,,,
,19,0.4782921052631579,0.2812688029582091,0.0,0.9717,place_name,Ihalamulla North,,,,,,,,,,,,
,22,0.4781340909090909,0.2045137726101336,0.0,0.9995,place_name,Udaramedura East,,,,,,,,,,,,
,16,0.47803125,0.25661041994626793,0.0557,0.947,place_name,Pahalapitiya South,,,,,,,,,,,,
,21,0.4777214285714286,0.2076995020284284,0.2034,1.0,place_name,Galamedura South,,,,,,,,,,,,
,18,0.4775888888888889,0.25890314084589483,0.0,1.0,place_name,Mahakumbura East,,,,,,,,,,,,
,16,0.4775,0.22140520921303242,0.0,1.0,place_name,Polawatta Central,,,,,,,,,,,,
,25,0.477248,0.21652054390596137,0.0823,1.0,place_name,Kirimulla,,,,,,,,,,,,
,17,0.4771176470588236,0.31467553127248016,0.0,1.0,place_name,Pananuwara,,,,,,,,,,,,
,21,0.4769404761904762,0.2379125593674321,0.0,1.0,place_name,Ihalanuwara,,,,,,,,,,,,
,12,0.4769333333333334,0.17999146107692462,0.2017,0.892,place_name,Udaragama East,,,,,,,,,,,,
,23,0.4768065217391304,0.21376109875722765,0.0,1.0,place_name,Udarakumbura,,,,,,,,,,,,
,21,0.4767976190476191,0.18655679998072333,0.0,0.8571,place_name,Udarapitiya Central,,,,,,,,,,,,
,18,0.4762277777777777,0.2360799759940675,0.0715,1.0,place_name,Udumulla South,,,,,,,,,,,,
,25,0.47614399999999996,0.29681698777754173,0.0,1.0,place_name,Panathota South,,,,,,,,,,,,
,11,0.47613181818181816,0.1802343339554471,0.2485,0.8306,place_name,Pahalakanda,,,,,,,,,,,,
,24,0.47592708333333333,0.24488971074802965,0.0062,0.8865,place_name,Polapitiya North,,,,,,,,,,,,
,20,0.4759175,0.27754364202817394,0.0,1.0,place_name,Polagama West,,,,,,,,,,,,
,26,0.47582692307692304,0.24452233854221547,0.0,1.0,place_name,Polanuwara Central,,,,,,,,,,,,
,22,0.4757409090909091,0.1478728722314926,0.258,0.738,place_name,Welimulla Central,,,,,,,,,,,,
,24,0.4756895833333334,0.17212859700966165,0.04785,0.7627,place_name,Ihalakanda North,,,,,,,,,,,,
,21,0.4756238095238095,0.22474319990772118,0.0022,0.8769,place_name,Nayanuwara Central,,,,,,,,,,,,
,20,0.47535499999999997,0.1748989707622209,0.0,0.7193,place_name,Galanuwara West,,,,,,,,,,,,
,24,0.47520416666666665,0.29956646570200146,0.0,1.0,place_name,Kudakumbura West,,,,,,,,,,,,
,12,0.47513333333333335,0.2575015563353968,0.0162,0.7905,place_name,Pananuwara North,,,,,,,,,,,,
,17,0.47508235294117646,0.285427140955652,0.0136,1.0,place_name,Kudamulla,,,,,,,,,,,,
,11,0.4746181818181818,0.1610086430486377,0.0935,0.7455,place_name,Galapola North,,,,,,,,,,,,
,18,0.4745416666666667,0.2375028620570584,0.0,1.0,place_name,Mahakanda West,,,,,,,,,,,,
,21,0.474302380952381,0.23696760668717493,0.091,0.8781,place_name,Polamulla,,,,,,,,,,,,
,23,0.474295652173913,0.26711668284284384,0.0,0.96,place_name,Ihalathota Central,,,,,,,,,,,,
,18,0.4742694444444444,0.22910516024876956,0.0,0.8873,place_name,Udarathota South,,,,,,,,,,,,
,14,0.47425,0.22141914568736618,0.0,0.8559,place_name,Galapitiya Central,,,,,,,,,,,,
,22,0.4738818181818182,0.18698049716573736,0.1518,1.0,place_name,Panawatta South,,,,,,,,,,,,
,15,0.47388,0.24348124949807295,0.0559,1.0,place_name,Udarawatta Central,,,,,,,,,,,,
,21,0.47314285714285714,0.23368590580398418,0.0,1.0,place_name,Udarathota West,,,,,,,,,,,,
,22,0.4729068181818182,0.2103546643938543,0.0287,0.8754,place_name,Kudagama East,,,,,,,,,,,,
,18,0.47277777777777774,0.2802554098875557,0.0,1.0,place_name,Kiripitiya North,,,,,,,,,,,,
,19,0.47276842105263156,0.23585011966791203,0.1035,1.0,place_name,Nayapitiya,,,,,,,,,,,,
,26,0.4726961538461539,0.2101996112855954,0.0157,0.9168,place_name,Galanuwara,,,,,,,,,,,,
,19,0.47241842105263154,0.23082974799292988,0.0,0.9045,place_name,Udarathota,,,,,,,,,,,,
,18,0.47234444444444446,0.23915667083026218,0.0,0.9467,place_name,Mahamulla,,,,,,,,,,,,
,20,0.47209500000000004,0.24480317652522834,0.0032,1.0,place_name,Nayakumbura,,,,,,,,,,,,
,13,0.4718,0.24070467382250807,0.0,1.0,place_name,Nayavila East,,,,,,,,,,,,
,14,0.47177142857142856,0.19681626116594292,0.0,0.8175,place_name,Welimulla West,,,,,,,,,,,,
,14,0.47149285714285716,0.18683020866051578,0.0548,0.8435,place_name,Polanuwara West,,,,,,,,,,,,
,17,0.4713676470588235,0.16375959412845903,0.0,0.665,place_name,Kudapitiya West,,,,,,,,,,,,
,24,0.4713416666666667,0.26574115702358164,0.0,1.0,place_name,Panavila East,,,,,,,,,,,,
,14,0.47130714285714287,0.21665566606337033,0.0601,0.7758,place_name,Mahathota Central,,,,,,,,,,,,
,23,0.47091956521739126,0.27588898242323784,0.0,0.9968,place_name,Kudamedura,,,,,,,,,,,,
,17,0.47064117647058823,0.29903066326637706,0.0,1.0,place_name,Panapitiya,,,,,,,,,,,,
,19,0.4705263157894737,0.2133558473591459,0.0,1.0,place_name,Mahathota West,,,,,,,,,,,,
,22,0.4704931818181818,0.22719616670530426,0.0,1.0,place_name,Ihalavila South,,,,,,,,,,,,
,18,0.4704861111111111,0.209713870761734,0.0655,0.8616,place_name,Udarawatta West,,,,,,,,,,,,
,18,0.47029722222222214,0.25171865975390195,0.0,1.0,place_name,Polanuwara South,,,,,,,,,,,,
,22,0.47004999999999997,0.21454757214726464,0.1281,1.0,place_name,Welivila East,,,,,,,,,,,,
,18,0.46977777777777774,0.2223254333193879,0.1393,1.0,place_name,Galamulla West,,,,,,,,,,,,
,23,0.46942391304347825,0.29352258851808277,0.0,1.0,place_name,Panagama North,,,,,,,,,,,,
,20,0.46941,0.29666979854447784,0.0,1.0,place_name,Udaravila,,,,,,,,,,,,
,18,0.4693583333333333,0.24602249672958534,0.0,0.9181,place_name,Uduthota,,,,,,,,,,,,
,21,0.4693333333333333,0.23371877188906612,0.0,1.0,place_name,Kudakumbura North,,,,,,,,,,,,
,16,0.4692375,0.22507885692204263,0.0,0.8146,place_name,Kudathota North,,,,,,,,,,,,
,18,0.46922777777777774,0.23662389567948533,0.0039,0.8122,place_name,Kudamedura South,,,,,,,,,,,,
,21,0.46920476190476185,0.19778908330893913,0.178,1.0,place_name,Panamulla,,,,,,,,,,,,
,16,0.46916875,0.2655887239542874,0.0533,0.9682,place_name,Mahakanda North,,,,,,,,,,,,
,16,0.46904375,0.18921445317857377,0.187,0.8659,place_name,Mahamedura North,,,,,,,,,,,,
,16,0.4686875,0.25241726004112053,0.0,1.0,place_name,Nayakumbura West,,,,,,,,,,,,
,16,0.468678125,0.27945874410411636,0.0,1.0,place_name,Polanuwara North,,,,,,,,,,,,
,23,0.4686239130434782,0.25970535134226685,0.0,0.9544,place_name,Polakumbura West,,,,,,,,,,,,
,24,0.46855208333333337,0.26066397638037275,0.0124,1.0,place_name,Kudakanda East,,,,,,,,,,,,
,21,0.4683761904761905,0.2384059204482177,0.0,1.0,place_name,Nayapitiya West,,,,,,,,,,,,
,23,0.4677304347826087,0.2588442220802849,0.0003,1.0,place_name,Galamedura North,,,,,,,,,,,,
,34,0.4676808823529412,0.20909335671036994,0.1184,1.0,place_name,Ihalamedura Central,,,,,,,,,,,,
,22,0.46757045454545454,0.22147126689863925,0.0235,1.0,place_name,Ihalamedura East,,,,,,,,,,,,
,23,0.4673652173913043,0.24733266447640118,0.0,1.0,place_name,Polagama South,,,,,,,,,,,,
,16,0.46726875,0.2421844523464158,0.0256999999999999,0.9506,place_name,Panagama Central,,,,,,,,,,,,
,25,0.46680999999999995,0.2053305749273595,0.0,0.9415,place_name,Kudawatta East,,,,,,,,,,,,
,23,0.466745652173913,0.281503374318967,0.0,0.9233,place_name,Welipitiya,,,,,,,,,,,,
,20,0.4664575,0.23376500192501015,0.0,1.0,place_name,Welikanda West,,,,,,,,,,,,
,18,0.4662888888888889,0.26129978251018365,0.0,1.0,place_name,Mahakumbura North,,,,,,,,,,,,
,27,0.4662185185185185,0.2737500755701154,0.0,1.0,place_name,Welipola East,,,,,,,,,,,,
,17,0.4661529411764706,0.1921406747595595,0.0812,0.7472,place_name,Weliwatta Central,,,,,,,,,,,,
,27,0.46609074074074075,0.22239342998261033,0.0,0.883,place_name,Pahalapola South,,,,,,,,,,,,
,19,0.46597894736842105,0.18690178222486378,0.0,0.7819,place_name,Welimulla,,,,,,,,,,,,
,26,0.4657403846153846,0.22369230743109197,0.0,0.9867,place_name,Ihalavila,,,,,,,,,,,,
,17,0.46562352941176466,0.16879369260065583,0.2134,0.7893,place_name,Mahanuwara South,,,,,,,,,,,,
,17,0.46553235294117645,0.27249320228974083,0.0,0.9682,place_name,Mahawatta West,,,,,,,,,,,,
,23,0.46542608695652177,0.2573705980547953,0.0,1.0,place_name,Kirimulla Central,,,,,,,,,,,,
,18,0.46523333333333333,0.17979684941295143,0.2029,1.0,place_name,Uduthota East,,,,,,,,,,,,
,23,0.46501304347826083,0.2686041617905897,0.0,0.999,place_name,Ihalagama East,,,,,,,,,,,,
,21,0.46501190476190474,0.3195182388787696,0.0,1.0,place_name,Polapola West,,,,,,,,,,,,
,16,0.46438124999999997,0.2429554258672428,0.0,1.0,place_name,Polapitiya Central,,,,,,,,,,,,
,21,0.46436190476190475,0.23104494254622948,0.0,0.93,place_name,Nayagama Central,,,,,,,,,,,,
,18,0.4642222222222222,0.19103734330216096,0.0,0.7744,place_name,Ihalamedura West,,,,,,,,,,,,
,14,0.46421071428571425,0.21012623877690165,0.0,0.9018,place_name,Uduwatta,,,,,,,,,,,,
,19,0.46373684210526317,0.25505024169656,0.0,0.9235,place_name,Polamulla East,,,,,,,,,,,,
,33,0.46370151515151514,0.25734542948293754,0.0,1.0,place_name,Ihalakumbura East,,,,,,,,,,,,
,19,0.46352631578947373,0.22985598895372453,0.0,0.7393,place_name,Udaramedura West,,,,,,,,,,,,
,17,0.4631882352941177,0.22475934319387297,0.0,0.7534,place_name,Polanuwara East,,,,,,,,,,,,
,21,0.46309523809523806,0.1943472934624778,0.0331,0.7984,place_name,Galapitiya,,,,,,,,,,,,
,24,0.4628333333333334,0.20216858369164104,0.0,0.8258,place_name,Polapitiya East,,,,,,,,,,,,
,14,0.46236785714285716,0.19052853370714165,0.0,0.7463,place_name,Uduvila West,,,,,,,,,,,,
,16,0.46234375,0.22637444781821114,0.0,0.7175,place_name,Udarakanda Central,,,,,,,,,,,,
,22,0.4623159090909091,0.22051670565502227,0.0433,0.7986,place_name,Panamedura,,,,,,,,,,,,
,19,0.46220526315789473,0.14655440201010003,0.1981,0.7197,place_name,Pahalavila East,,,,,,,,,,,,
,24,0.462075,0.2406777789096234,0.0,1.0,place_name,Polagama,,,,,,,,,,,,
,15,0.4620433333333333,0.2605341401173111,0.0,1.0,place_name,Polakumbura Central,,,,,,,,,,,,
,18,0.46194444444444444,0.21443349777336626,0.0,0.7974,place_name,Udumulla,,,,,,,,,,,,
,23,0.46181739130434785,0.21856698089679494,0.1199,0.8868,place_name,Panapitiya South,,,,,,,,,,,,
,22,0.4617704545454545,0.2727815464097385,0.0,1.0,place_name,Galamedura East,,,,,,,,,,,,
,15,0.4615633333333333,0.24111935431194553,0.0096,0.9881,place_name,Ihalamulla,,,,,,,,,,,,
,18,0.46153888888888894,0.24560079310776545,0.1254,0.9714,place_name,Welinuwara North,,,,,,,,,,,,
,15,0.46147000000000005,0.18600639178725628,0.0,0.686,place_name,Pahalawatta,,,,,,,,,,,,
,17,0.46144117647058824,0.27626428483162535,0.0,0.9069,place_name,Pahalapola North,,,,,,,,,,,,
,18,0.46125,0.1765454224172085,0.059,0.7868,place_name,Nayakanda Central,,,,,,,,,,,,
,24,0.46120416666666664,0.2823806623339228,0.0,1.0,place_name,Nayakanda,,,,,,,,,,,,
,23,0.4611217391304348,0.18739169224944488,0.0,0.9126,place_name,Kiripola,,,,,,,,,,,,
,21,0.46109285714285714,0.19250011836731054,0.1325,0.9847,place_name,Udarakumbura South,,,,,,,,,,,,
,20,0.4606325,0.20436073901636728,0.1264,0.8695,place_name,Udunuwara North,,,,,,,,,,,,
,19,0.4605157894736842,0.3253370052100811,0.0,1.0,place_name,Mahanuwara Central,,,,,,,,,,,,
,11,0.46036363636363636,0.14411422048311034,0.1792,0.6465,place_name,Mahamedura,,,,,,,,,,,,
,15,0.4600266666666667,0.271578250935071,0.0,1.0,place_name,Udukanda Central,,,,,,,,,,,,
,16,0.4599875,0.20825730839516773,0.0,0.7826,place_name,Panavila Central,,,,,,,,,,,,
,17,0.45993529411764705,0.31311514643413624,0.0,1.0,place_name,Kudathota West,,,,,,,,,,,,
,20,0.4597325,0.2151424168918176,0.0,0.9229,place_name,Galavila,,,,,,,,,,,,
,27,0.4592925925925926,0.24349578724191187,0.0,1.0,place_name,Kudawatta,,,,,,,,,,,,
,18,0.4592111111111111,0.24394953887298057,0.0,0.7966,place_name,Kirikanda,,,,,,,,,,,,
,23,0.45919565217391306,0.23301988303431978,0.0,1.0,place_name,Galakumbura Central,,,,,,,,,,,,
,16,0.459175,0.27569686855917197,0.0,1.0,place_name,Welimedura East,,,,,,,,,,,,
,17,0.4590558823529412,0.26121406683644605,0.0,0.9086,place_name,Kirithota West,,,,,,,,,,,,
,26,0.4589846153846154,0.2568153760074466,0.0,0.9773,place_name,Polakumbura East,,,,,,,,,,,,
,12,0.45893333333333336,0.31385229106390256,0.0,1.0,place_name,Kirigama West,,,,,,,,,,,,
,25,0.458848,0.2715889742484649,0.0,1.0,place_name,Kudapitiya Central,,,,,,,,,,,,
,21,0.45883333333333337,0.2530335794580106,0.0,0.9108,place_name,Galavila South,,,,,,,,,,,,
,17,0.4587882352941176,0.2598493430873766,0.0406,0.8854,place_name,Pahalamulla,,,,,,,,,,,,
,24,0.45874166666666666,0.24479217257425365,0.0,0.8903,place_name,Galagama West,,,,,,,,,,,,
,20,0.4586575,0.27332541973327035,0.0,1.0,place_name,Welimulla East,,,,,,,,,,,,
,20,0.4582,0.20380904891847326,0.0087,0.818,place_name,Galanuwara South,,,,,,,,,,,,
,15,0.45781000000000005,0.29010155623259143,0.0745,1.0,place_name,Welivila West,,,,,,,,,,,,
,20,0.45779500000000006,0.24416338247596683,0.0,1.0,place_name,Uduvila Central,,,,,,,,,,,,
,17,0.4575352941176471,0.23819498562411132,0.0,1.0,place_name,Mahamulla North,,,,,,,,,,,,
,24,0.4572833333333333,0.25778417947656485,0.0,0.8219,place_name,Panakumbura South,,,,,,,,,,,,
,12,0.45711250000000003,0.2277384525812251,0.15,0.9352,place_name,Welimulla North,,,,,,,,,,,,
,27,0.4570851851851852,0.2261666926163153,0.1656,1.0,place_name,Polagama East,,,,,,,,,,,,
,16,0.4565125,0.19316973149711283,0.0,0.8282,place_name,Galawatta,,,,,,,,,,,,
,30,0.4564566666666667,0.18287684697883308,0.0004,0.9142,place_name,Polakumbura South,,,,,,,,,,,,
,16,0.4564125,0.15928797349454854,0.0,0.7111,place_name,Kudamulla North,,,,,,,,,,,,
,24,0.4563083333333333,0.2607757376795603,0.0,1.0,place_name,Galavila West,,,,,,,,,,,,
,24,0.4561854166666666,0.2414162706951223,0.0,0.8594,place_name,Pahalawatta West,,,,,,,,,,,,
,22,0.45587272727272726,0.29718566255844686,0.0,1.0,place_name,Nayapitiya North,,,,,,,,,,,,
,17,0.45583235294117647,0.21300505784867563,0.0,0.8409,place_name,Mahamulla West,,,,,,,,,,,,
,17,0.45582647058823533,0.31792995794949036,0.0,1.0,place_name,Mahapola North,,,,,,,,,,,,
,31,0.4558225806451613,0.24399195029027418,0.0,0.921,place_name,Kudanuwara,,,,,,,,,,,,
,17,0.45580588235294117,0.16133598277580638,0.3001,0.8421,place_name,Galavila Central,,,,,,,,,,,,
,15,0.45568000000000003,0.20775286210852958,0.0,0.8037,place_name,Kudamulla West,,,,,,,,,,,,
,26,0.455625,0.25262035121897836,0.0,1.0,place_name,Ihalagama North,,,,,,,,,,,,
,23,0.4551804347826087,0.209458551301776,0.0187,0.9879,place_name,Pahalanuwara North,,,,,,,,,,,,
,15,0.45516666666666666,0.29035392421926004,0.0157,1.0,place_name,Galathota,,,,,,,,,,,,
,23,0.45509565217391307,0.21912862241627715,0.0,0.9174,place_name,Mahapola,,,,,,,,,,,,
,26,0.4549346153846154,0.25627393147537686,0.0,1.0,place_name,Pahalapitiya East,,,,,,,,,,,,
,22,0.4547568181818182,0.18966240640590762,0.0,0.8353,place_name,Galathota South,,,,,,,,,,,,
,21,0.4545285714285714,0.2176368676094589,0.0,0.8986,place_name,Mahawatta South,,,,,,,,,,,,
,18,0.4543888888888889,0.20690569005023376,0.0,0.8116,place_name,Udukumbura Central,,,,,,,,,,,,
,20,0.454385,0.19433097181165734,0.1304,1.0,place_name,Udumulla North,,,,,,,,,,,,
,24,0.45438333333333336,0.23879241788754457,0.0,0.947,place_name,Udugama,,,,,,,,,,,,
,28,0.4540821428571428,0.24775767776505814,0.0,1.0,place_name,Kirimulla West,,,,,,,,,,,,
,26,0.4540653846153846,0.2287539598648429,0.0,0.8794,place_name,Kirigama,,,,,,,,,,,,
,22,0.4537318181818181,0.28158911536452347,0.0,1.0,place_name,Mahamedura South,,,,,,,,,,,,
,19,0.4535868421052632,0.2425404467083247,0.0,0.9394,place_name,Nayapola Central,,,,,,,,,,,,
,21,0.4535452380952381,0.23730574787853428,0.0,0.8801,place_name,Welikumbura,,,,,,,,,,,,
,19,0.4534236842105263,0.2794895239382472,0.0,0.9675,place_name,Uduwatta East,,,,,,,,,,,,
,21,0.4532952380952381,0.17369586200076984,0.0,0.8056,place_name,Kiripitiya East,,,,,,,,,,,,
,12,0.4530416666666666,0.20638205285931296,0.0,0.7639,place_name,Galamulla North,,,,,,,,,,,,
,18,0.45295,0.24611658942102074,0.0047,1.0,place_name,Mahapitiya West,,,,,,,,,,,,
,17,0.45276470588235296,0.2502803726353119,0.0068,1.0,place_name,Ihalapola East,,,,,,,,,,,,
,19,0.4524605263157895,0.24811729337539096,0.0204,0.8937,place_name,Udukumbura South,,,,,,,,,,,,
,24,0.45199374999999997,0.2830254183977813,0.0,0.923,place_name,Welimedura,,,,,,,,,,,,
,17,0.4518176470588235,0.2087038279335519,0.1434,0.7867,place_name,Kiripola West,,,,,,,,,,,,
,17,0.4517,0.2155208922587321,0.0,0.912,place_name,Nayamedura,,,,,,,,,,,,
,17,0.45145294117647056,0.22473209360716334,0.0,0.7926,place_name,Kudakanda West,,,,,,,,,,,,
,14,0.45123571428571424,0.19159963709273023,0.1667,0.8056,place_name,Kirikanda Central,,,,,,,,,,,,
,19,0.45118947368421053,0.21888887311128866,0.095,0.8526,place_name,Udaravila Central,,,,,,,,,,,,
,18,0.45085,0.2323171216247309,0.0,1.0,place_name,Pananuwara Central,,,,,,,,,,,,
,20,0.450455,0.23866836102137956,0.0751,1.0,place_name,Welithota East,,,,,,,,,,,,
,14,0.4496285714285714,0.16356718886966684,0.1026,0.6706,place_name,Ihalamedura North,,,,,,,,,,,,
,22,0.4494909090909091,0.2664476879044185,0.0,1.0,place_name,Panathota Central,,,,,,,,,,,,
,13,0.4489230769230769,0.3159859046272111,0.0,1.0,place_name,Udarapitiya West,,,,,,,,,,,,
,22,0.44882727272727274,0.18203546536142526,0.1899,1.0,place_name,Udarapola Central,,,,,,,,,,,,
,19,0.44863684210526317,0.1974084603909319,0.0205,0.8329,place_name,Nayamulla South,,,,,,,,,,,,
,22,0.4482522727272727,0.27696308180886653,0.0,1.0,place_name,Polavila,,,,,,,,,,,,
,20,0.44791,0.2952552863290735,0.0,1.0,place_name,Weliwatta North,,,,,,,,,,,,
,24,0.44764166666666666,0.24791542898241778,0.0,0.9604,place_name,Ihalamulla South,,,,,,,,,,,,
,11,0.4475363636363637,0.13586720923554202,0.1806,0.6299,place_name,Kudamulla South,,,,,,,,,,,,
,24,0.44735624999999996,0.252715699221778,0.0186,1.0,place_name,Nayathota,,,,,,,,,,,,
,24,0.44728541666666666,0.22495261891416282,0.0,0.8788,place_name,Kudagama,,,,,,,,,,,,
,23,0.447204347826087,0.2614663427466871,0.0,1.0,place_name,Kudamedura Central,,,,,,,,,,,,
,19,0.44607368421052634,0.2152404284672924,0.0,0.8234,place_name,Ihalapola South,,,,,,,,,,,,
,18,0.4460027777777778,0.16328237222696565,0.0511,0.6327,place_name,Nayakanda East,,,,,,,,,,,,
,21,0.4459690476190476,0.2817184527485689,0.0,1.0,place_name,Panamedura Central,,,,,,,,,,,,
,20,0.44593,0.25544630365818877,0.0,0.9647,place_name,Polamedura South,,,,,,,,,,,,
,23,0.44523043478260865,0.2126866617281749,0.0,0.9591,place_name,Nayanuwara North,,,,,,,,,,,,
,22,0.44515,0.2504390278424405,0.0,1.0,place_name,Udaranuwara,,,,,,,,,,,,
,14,0.44501785714285713,0.17478104281020918,0.231,0.7626,place_name,Mahawatta East,,,,,,,,,,,,
,25,0.444996,0.2310441669176408,0.0,1.0,place_name,Uduwatta West,,,,,,,,,,,,
,13,0.4448461538461539,0.2554031963235928,0.0,0.8914,place_name,Welithota West,,,,,,,,,,,,
,18,0.44480833333333336,0.17062338493094703,0.0,0.7697,place_name,Kirinuwara West,,,,,,,,,,,,
,22,0.44456136363636367,0.17881812117332152,0.0,0.775,place_name,Udukanda North,,,,,,,,,,,,
,23,0.44454347826086954,0.27700923651500237,0.0,1.0,place_name,Polawatta East,,,,,,,,,,,,
,28,0.44434107142857143,0.2007976044998635,0.0749,1.0,place_name,Nayamedura South,,,,,,,,,,,,
,16,0.44413437499999997,0.23712468219535898,0.0,0.8833,place_name,Udukanda West,,,,,,,,,,,,
,23,0.4439913043478261,0.26077583880177013,0.0,1.0,place_name,Mahapola Central,,,,,,,,,,,,
,33,0.44397878787878786,0.22907744290629062,0.0,0.8744,place_name,Welipola West,,,,,,,,,,,,
,23,0.44343260869565215,0.26453635237760614,0.0,0.8685,place_name,Udaranuwara Central,,,,,,,,,,,,
,23,0.44288695652173915,0.23904159262344407,0.0,0.83,place_name,Ihalapola West,,,,,,,,,,,,
,17,0.4425735294117647,0.1660155490812975,0.045,0.7019,place_name,Welipola South,,,,,,,,,,,,
,18,0.4422611111111111,0.2681736704382812,0.0,1.0,place_name,Panamedura South,,,,,,,,,,,,
,15,0.44225333333333333,0.20672371094450354,0.0,0.7888,place_name,Nayavila Central,,,,,,,,,,,,
,14,0.4422357142857143,0.17134360712701452,0.1088,0.6195,place_name,Mahavila,,,,,,,,,,,,
,15,0.44194,0.32693327803347627,0.0,1.0,place_name,Udupitiya,,,,,,,,,,,,
,13,0.4419230769230769,0.24247929861415024,0.0,0.8827,place_name,Kudavila East,,,,,,,,,,,,
,27,0.4416425925925926,0.23160015722713867,0.0,1.0,place_name,Udukanda East,,,,,,,,,,,,
,16,0.440984375,0.24890662889173926,0.0124,0.8701,place_name,Ihalathota North,,,,,,,,,,,,
,17,0.44073235294117646,0.26269119045776473,0.0,1.0,place_name,Ihalathota East,,,,,,,,,,,,
,17,0.4405147058823529,0.2555899399946535,0.0126,0.9093,place_name,Kiripola North,,,,,,,,,,,,
,19,0.44029736842105266,0.21937703242090129,0.0,0.9434,place_name,Panapitiya West,,,,,,,,,,,,
,16,0.44020312500000003,0.11170754147736253,0.2103,0.6213,place_name,Uduthota Central,,,,,,,,,,,,
,28,0.4395339285714286,0.26003794632406857,0.0,1.0,place_name,Kudanuwara North,,,,,,,,,,,,
,24,0.43928125,0.23124974867788928,0.0,0.9561,place_name,Panamulla South,,,,,,,,,,,,
,16,0.439221875,0.15127129598698932,0.1095,0.7389,place_name,Kudanuwara South,,,,,,,,,,,,
,17,0.43879411764705883,0.30342035501632925,0.0,1.0,place_name,Pahalapitiya,,,,,,,,,,,,
,13,0.43866923076923076,0.1855263655324825,0.0,0.6653,place_name,Pahalakumbura Central,,,,,,,,,,,,
,21,0.43847142857142857,0.15944667491941356,0.1307,0.6883,place_name,Kirithota South,,,,,,,,,,,,
,19,0.4383131578947368,0.14322095385385133,0.1588,0.7238,place_name,Welikanda,,,,,,,,,,,,
,17,0.4382058823529412,0.20040757056118239,0.0263,0.7936,place_name,Kirinuwara South,,,,,,,,,,,,
,16,0.43788125,0.2621653555010654,0.0,1.0,place_name,Kudakumbura South,,,,,,,,,,,,
,22,0.4374931818181818,0.20539348432625523,0.0,0.7219,place_name,Polamulla South,,,,,,,,,,,,
,16,0.43710625,0.1674814953708817,0.0,0.7716,place_name,Ihalakumbura North,,,,,,,,,,,,
,19,0.4362526315789474,0.22277911923003982,0.0,0.7764,place_name,Pahalamedura East,,,,,,,,,,,,
,17,0.4353705882352941,0.2138455335186647,0.112,0.8853,place_name,Galavila North,,,,,,,,,,,,
,24,0.4350041666666667,0.23134773841306636,0.0,1.0,place_name,Panawatta North,,,,,,,,,,,,
,21,0.4349690476190476,0.24165942278141697,0.0153,1.0,place_name,Panapola,,,,,,,,,,,,
,14,0.43480357142857146,0.31708510654705313,0.0,1.0,place_name,Polamulla Central,,,,,,,,,,,,
,21,0.4348,0.18328728270122835,0.0,0.8074,place_name,Pahalamulla North,,,,,,,,,,,,
,21,0.43385476190476197,0.23752799619453382,0.0,1.0,place_name,Panamedura West,,,,,,,,,,,,
,16,0.43303125,0.20445940581200953,0.0,0.8662,place_name,Welikanda East,,,,,,,,,,,,
,23,0.4329934782608696,0.25448944178150273,0.0,1.0,place_name,Ihalamulla Central,,,,,,,,,,,,
,15,0.4326666666666667,0.18187792085692558,0.0,0.7137,place_name,Pahalavila,,,,,,,,,,,,
,16,0.43262500000000004,0.18448218522845683,0.089,0.7583,place_name,Galamedura,,,,,,,,,,,,
,28,0.43238035714285716,0.2368486211108056,0.0709,1.0,place_name,Ihalakumbura Central,,,,,,,,,,,,
,19,0.43233421052631577,0.21580489133875302,0.0119,0.8896,place_name,Pahalamulla West,,,,,,,,,,,,
,15,0.43228666666666665,0.3286046862257503,0.0,1.0,place_name,Ihalapitiya Central,,,,,,,,,,,,
,22,0.4319545454545455,0.21077246923609064,0.0,0.9367,place_name,Udumedura Central,,,,,,,,,,,,
,23,0.43190434782608694,0.23838314743336442,0.0,1.0,place_name,Udarakumbura West,,,,,,,,,,,,
,18,0.43180833333333335,0.1856720846403839,0.1008,0.813,place_name,Polamulla North,,,,,,,,,,,,
,19,0.4317684210526316,0.296482081250999,0.0,1.0,place_name,Ihalathota South,,,,,,,,,,,,
,18,0.4314861111111111,0.22338570956291745,0.0,0.7924,place_name,Polathota East,,,,,,,,,,,,
,19,0.43145,0.20953779624582186,0.0,0.7991,place_name,Mahagama East,,,,,,,,,,,,
,18,0.43122777777777777,0.321042335133098,0.0,1.0,place_name,Galanuwara North,,,,,,,,,,,,
,20,0.43106999999999995,0.23490818161459104,0.0,0.7293,place_name,Kirikumbura East,,,,,,,,,,,,
,18,0.43090277777777775,0.24039831069695083,0.0,0.844,place_name,Udupola South,,,,,,,,,,,,
,21,0.4307452380952381,0.28880319765575746,0.0,1.0,place_name,Ihalanuwara South,,,,,,,,,,,,
,28,0.4306107142857143,0.2328850079287832,0.0032,1.0,place_name,Galapitiya West,,,,,,,,,,,,
,16,0.430234375,0.17802445966659564,0.0,0.6162,place_name,Udaramulla,,,,,,,,,,,,
,20,0.42993,0.1979660287178479,0.0579,0.7336,place_name,Panakanda North,,,,,,,,,,,,
,13,0.4298461538461539,0.3557775864576646,0.0,1.0,place_name,Kirigama North,,,,,,,,,,,,
,19,0.4297315789473684,0.2668676306349306,0.0,0.9463,place_name,Galapitiya North,,,,,,,,,,,,
,16,0.4291,0.2667697783982786,0.0,1.0,place_name,Polathota North,,,,,,,,,,,,
,22,0.4290954545454545,0.22187457949475425,0.0,0.9514,place_name,Polakumbura,,,,,,,,,,,,
,17,0.42908823529411766,0.16460575583174844,0.1726,0.7863,place_name,Mahavila North,,,,,,,,,,,,
,18,0.42854166666666665,0.24226948064087644,0.0,0.9374,place_name,Nayakumbura South,,,,,,,,,,,,
,15,0.4282366666666667,0.19824548496630084,0.0152,0.7649,place_name,Galapitiya South,,,,,,,,,,,,
,20,0.42818750000000005,0.20275782538925335,0.0,0.6647,place_name,Udaramedura North,,,,,,,,,,,,
,17,0.4279529411764706,0.2272125274870618,0.0372,1.0,place_name,Galakumbura East,,,,,,,,,,,,
,21,0.42775476190476186,0.21223353640786952,0.1034,1.0,place_name,Mahamulla South,,,,,,,,,,,,
,17,0.42772058823529413,0.213582999863946,0.0615,0.9865,place_name,Kirinuwara Central,,,,,,,,,,,,
,14,0.42746071428571425,0.29119471557082494,0.0,1.0,place_name,Welivila South,,,,,,,,,,,,
,24,0.42708541666666666,0.20717562518159335,0.0,1.0,place_name,Nayakanda West,,,,,,,,,,,,
,20,0.42699499999999996,0.21275257120098826,0.03955,0.8037,place_name,Ihalagama Central,,,,,,,,,,,,
,16,0.426284375,0.15518342450011643,0.1649,0.665,place_name,Mahathota East,,,,,,,,,,,,
,20,0.4262425,0.22965222979826647,0.0,0.95,place_name,Udarawatta,,,,,,,,,,,,
,23,0.4259,0.2443429482584598,0.0,1.0,place_name,Polakanda West,,,,,,,,,,,,
,16,0.42564375,0.23249971173817255,0.0,0.7935,place_name,Welikumbura East,,,,,,,,,,,,
,22,0.4256295454545454,0.21753096476850572,0.0,0.8764,place_name,Udupola,,,,,,,,,,,,
,18,0.4255333333333333,0.2050795455426991,0.0,0.8423,place_name,Kiriwatta West,,,,,,,,,,,,
,16,0.42525625,0.18837591130060483,0.1901,0.7133,place_name,Pahalamulla East,,,,,,,,,,,,
,13,0.42504615384615385,0.26856792627869963,0.0,1.0,place_name,Mahapola East,,,,,,,,,,,,
,18,0.4250416666666667,0.24772115742954876,0.0,0.8238,place_name,Galakanda,,,,,,,,,,,,
,15,0.42472,0.19846192941864552,0.0,0.7219,place_name,Galavila East,,,,,,,,,,,,
,20,0.424655,0.21044793199018935,0.0755,0.8479,place_name,Udumulla Central,,,,,,,,,,,,
,18,0.4242972222222222,0.2803518789329614,0.0,0.8746,place_name,Mahavila South,,,,,,,,,,,,
,27,0.42412777777777777,0.2388786295998183,0.0,0.9323,place_name,Udukanda,,,,,,,,,,,,
,10,0.42400000000000004,0.20524672957199588,0.1228,0.7542,place_name,Pahalathota West,,,,,,,,,,,,
,22,0.42383181818181814,0.29788244946840814,0.0,1.0,place_name,Mahakumbura Central,,,,,,,,,,,,
,18,0.4233861111111111,0.1361655197410118,0.1108,0.6561,place_name,Pahalapitiya North,,,,,,,,,,,,
,24,0.42324999999999996,0.1965372417413665,0.0,0.7763,place_name,Galawatta West,,,,,,,,,,,,
,22,0.4229931818181818,0.2451073876873517,0.0,0.8726,place_name,Udarakumbura East,,,,,,,,,,,,
,13,0.4227692307692308,0.3085357532891323,0.0,1.0,place_name,Nayamedura Central,,,,,,,,,,,,
,21,0.42272857142857145,0.2200467095706208,0.1514,1.0,place_name,Nayagama,,,,,,,,,,,,
,14,0.42235357142857144,0.21068893628019275,0.1605,0.7251,place_name,Ihalamulla West,,,,,,,,,,,,
,16,0.42234062499999997,0.18379982518920776,0.0,0.6655,place_name,Udugama Central,,,,,,,,,,,,
,29,0.4221689655172414,0.261119541389227,0.0,1.0,place_name,Nayathota East,,,,,,,,,,,,
,18,0.4221638888888889,0.24365286529474647,0.0,0.9359,place_name,Pahalakumbura South,,,,,,,,,,,,
,24,0.42206458333333335,0.15370742003472668,0.0915,0.7509,place_name,Panagama East,,,,,,,,,,,,
,15,0.42197,0.2975576125487538,0.0,0.9426,place_name,Kudamedura West,,,,,,,,,,,,
,20,0.42189750000000004,0.2658134439171677,0.0,1.0,place_name,Kudamulla East,,,,,,,,,,,,
,19,0.4213947368421052,0.23710830032259805,0.0236,0.8573,place_name,Mahakumbura,,,,,,,,,,,,
,19,0.4212605263157895,0.2672316372336862,0.0,0.9003,place_name,Kirivila South,,,,,,,,,,,,
,21,0.4211714285714286,0.2614303160363334,0.0,1.0,place_name,Welipitiya South,,,,,,,,,,,,
,9,0.4205833333333333,0.25093596045604943,0.0939,0.8357,place_name,Nayamulla West,,,,,,,,,,,,
,10,0.420365,0.24068454925482854,0.0,0.8472,place_name,Galawatta North,,,,,,,,,,,,
,20,0.420265,0.19236570578759066,0.0,0.8062,place_name,Udukumbura West,,,,,,,,,,,,
,19,0.42012105263157895,0.24144545180812665,0.0,0.87,place_name,Kirinuwara North,,,,,,,,,,,,
,13,0.41964615384615384,0.17066844375076398,0.0709,0.6198,place_name,Ihalakanda East,,,,,,,,,,,,
,22,0.41950681818181823,0.27500072480227195,0.0,1.0,place_name,Panawatta West,,,,,,,,,,,,
,18,0.41944722222222225,0.2980157972876715,0.0,1.0,place_name,Panawatta,,,,,,,,,,,,
,22,0.41917272727272725,0.2118173993074003,0.0,0.8176,place_name,Kudapitiya North,,,,,,,,,,,,
,16,0.41913125,0.14381702596818408,0.2095,0.8033,place_name,Kudapola,,,,,,,,,,,,
,24,0.41910000000000003,0.19889611664733756,0.0,0.726,place_name,Udarathota Central,,,,,,,,,,,,
,17,0.41876176470588233,0.18998677382370904,0.0,0.6394500000000001,place_name,Polapitiya West,,,,,,,,,,,,
,17,0.41768529411764704,0.2590454591890593,0.0,0.8321,place_name,Ihalavila Central,,,,,,,,,,,,
,15,0.41758,0.23479522141645046,0.0,0.7325,place_name,Udunuwara,,,,,,,,,,,,
,23,0.4165521739130435,0.1816281012237649,0.0,0.7286,place_name,Kirivila,,,,,,,,,,,,
,26,0.41609615384615384,0.2531372504879821,0.0,0.8112,place_name,Nayagama East,,,,,,,,,,,,
,34,0.4159647058823529,0.2411367119873967,0.0,1.0,place_name,Udarapola East,,,,,,,,,,,,
,12,0.41573333333333334,0.21463857711948892,0.0,0.8368,place_name,Udaranuwara North,,,,,,,,,,,,
,26,0.41540769230769226,0.20742142256397128,0.0,0.6988,place_name,Udarawatta East,,,,,,,,,,,,
,21,0.41523095238095237,0.21288174562194764,0.0,0.8578,place_name,Nayavila West,,,,,,,,,,,,
,16,0.4140875,0.32292335907043535,0.0,1.0,place_name,Kudathota Central,,,,,,,,,,,,
,22,0.41397727272727275,0.2861881398025369,0.0,1.0,place_name,Ihalapitiya South,,,,,,,,,,,,
,24,0.41380833333333333,0.2309680717002407,0.0,0.992,place_name,Ihalagama South,,,,,,,,,,,,
,12,0.41324999999999995,0.2854343532232937,0.0,0.9217,place_name,Weligama Central,,,,,,,,,,,,
,22,0.4123431818181818,0.21353493987293226,0.0,1.0,place_name,Welivila North,,,,,,,,,,,,
,23,0.4122195652173913,0.2589115326880849,0.0,1.0,place_name,Ihalapitiya,,,,,,,,,,,,
,22,0.4118977272727273,0.25805821855010824,0.0,1.0,place_name,Kiriwatta South,,,,,,,,,,,,
,27,0.4118703703703704,0.22129095677378585,0.0,0.8839,place_name,Pahalagama,,,,,,,,,,,,
,22,0.4114909090909091,0.12232923922988638,0.1652,0.6366,place_name,Mahavila Central,,,,,,,,,,,,
,21,0.41085238095238097,0.24041991102869917,0.0,0.7831,place_name,Udarapola,,,,,,,,,,,,
,20,0.41073000000000004,0.19472172073581262,0.0672,1.0,place_name,Nayapola North,,,,,,,,,,,,
,19,0.41013157894736846,0.3685566970594462,0.0,1.0,place_name,Udaramedura South,,,,,,,,,,,,
,16,0.40839375,0.25793197415533164,0.0,1.0,place_name,Welithota North,,,,,,,,,,,,
,24,0.40817499999999995,0.20319447581073652,0.0,0.6475,place_name,Uduwatta North,,,,,,,,,,,,
,19,0.4078421052631579,0.23554597879958591,0.0029,0.9405,place_name,Galakumbura West,,,,,,,,,,,,
,24,0.4072708333333333,0.22491889452048894,0.0,0.8389,place_name,Kudakanda Central,,,,,,,,,,,,
,26,0.40645384615384617,0.250008939009419,0.0,0.8638,place_name,Udupitiya Central,,,,,,,,,,,,
,16,0.4063625,0.24954564812875418,0.0,0.8309,place_name,Udarapitiya South,,,,,,,,,,,,
,21,0.4062238095238095,0.19987313452478275,0.0,0.9452,place_name,Udukanda South,,,,,,,,,,,,
,25,0.40617999999999993,0.24113721370483934,0.0,1.0,place_name,Galakanda South,,,,,,,,,,,,
,20,0.40616,0.19864353792130954,0.0,0.9761,place_name,Nayapitiya South,,,,,,,,,,,,
,21,0.4058809523809524,0.18346621860453666,0.0,0.6511,place_name,Kirikumbura North,,,,,,,,,,,,
,19,0.4045315789473684,0.18036745226414136,0.1344,0.7935,place_name,Polathota Central,,,,,,,,,,,,
,28,0.4038946428571428,0.23941529250457855,0.0,1.0,place_name,Panapola Central,,,,,,,,,,,,
,15,0.40264666666666665,0.22595127751248453,0.0,1.0,place_name,Udarawatta North,,,,,,,,,,,,
,13,0.4024346153846154,0.26441322094452163,0.0,0.8993,place_name,Ihalapola Central,,,,,,,,,,,,
,19,0.4024157894736842,0.28460250694444755,0.0,0.9139,place_name,Pahalapola East,,,,,,,,,,,,
,18,0.4019,0.20771416446079705,0.0,0.7266,place_name,Uduwatta South,,,,,,,,,,,,
,21,0.4006595238095238,0.21755834367994692,0.0,0.7486,place_name,Kudagama South,,,,,,,,,,,,
,27,0.3990592592592592,0.28142874389752354,0.0,1.0,place_name,Nayathota Central,,,,,,,,,,,,
,18,0.39875,0.25141714633371415,0.0,0.783,place_name,Pahalanuwara South,,,,,,,,,,,,
,13,0.3986576923076923,0.2253528139811677,0.06765,0.7625,place_name,Galakumbura North,,,,,,,,,,,,
,25,0.398284,0.16438072342380458,0.0,0.7971,place_name,Nayathota West,,,,,,,,,,,,
,21,0.3981928571428571,0.31739909510177966,0.0,1.0,place_name,Mahamedura East,,,,,,,,,,,,
,19,0.3970184210526316,0.2634525221882843,0.0,0.8134,place_name,Galapola,,,,,,,,,,,,
,20,0.39696000000000004,0.222352307930692,0.0,0.7808,place_name,Ihalapitiya North,,,,,,,,,,,,
,20,0.3969075,0.19218613666183101,0.0,0.8023,place_name,Udarakumbura North,,,,,,,,,,,,
,18,0.3963111111111111,0.19541130947128174,0.0095,0.6827,place_name,Pahalakumbura North,,,,,,,,,,,,
,20,0.39561999999999997,0.23469693245814516,0.0,0.8064,place_name,Ihalamulla East,,,,,,,,,,,,
,20,0.39552,0.26584975891617707,0.0,1.0,place_name,Ihalamedura,,,,,,,,,,,,
,22,0.3949909090909091,0.25939932428059526,0.0,0.8499,place_name,Panavila,,,,,,,,,,,,
,15,0.39430000000000004,0.18630841557558725,0.0,0.6995,place_name,Panakanda,,,,,,,,,,,,
,17,0.3941941176470588,0.16938361221864204,0.0,0.6544,place_name,Galagama East,,,,,,,,,,,,
,17,0.3941264705882353,0.22569586983763062,0.0,1.0,place_name,Pahalanuwara,,,,,,,,,,,,
,14,0.39402857142857145,0.2544385120782061,0.0,0.8391,place_name,Udumedura North,,,,,,,,,,,,
,20,0.392865,0.25273202840995546,0.0,0.7131000000000001,place_name,Kudapola West,,,,,,,,,,,,
,21,0.39218095238095235,0.26590918161855115,0.0,0.81,place_name,Polamedura North,,,,,,,,,,,,
,21,0.39177619047619044,0.20225010977688468,0.0,0.6849,place_name,Pananuwara West,,,,,,,,,,,,
,18,0.3913111111111111,0.2803931392105375,0.0,0.9526,place_name,Kirimedura South,,,,,,,,,,,,
,28,0.3912589285714286,0.20169296341568815,0.0,0.7748,place_name,Kirinuwara East,,,,,,,,,,,,
,25,0.390764,0.27937192635147384,0.0,1.0,place_name,Panagama South,,,,,,,,,,,,
,20,0.3905775,0.25726875486592454,0.0,0.9348,place_name,Udunuwara Central,,,,,,,,,,,,
,10,0.38959,0.22518603395612458,0.0,0.7358,place_name,Panathota,,,,,,,,,,,,
,24,0.3867583333333333,0.2190984132990126,0.0,0.8322,place_name,Welikumbura West,,,,,,,,,,,,
,19,0.3865421052631579,0.23035749828808233,0.0,1.0,place_name,Kirimedura Central,,,,,,,,,,,,
,17,0.3841352941176471,0.2698106811756543,0.0,1.0,place_name,Galagama Central,,,,,,,,,,,,
,22,0.3840409090909091,0.22366768165781534,0.0,0.8577,place_name,Galawatta South,,,,,,,,,,,,
,14,0.3837857142857143,0.18381995730414233,0.0334,0.6826,place_name,Pahalawatta North,,,,,,,,,,,,
,18,0.38182777777777777,0.23583150965829908,0.0,0.7613,place_name,Galanuwara East,,,,,,,,,,,,
,27,0.380687037037037,0.1938272424651716,0.0321,0.8251,place_name,Galamulla,,,,,,,,,,,,
,15,0.37998,0.31335510025710905,0.0,1.0,place_name,Udaravila South,,,,,,,,,,,,
,20,0.37983249999999996,0.2548433896146085,0.0,0.9195,place_name,Welimedura West,,,,,,,,,,,,
,15,0.3794633333333334,0.24127851457441893,0.0,0.871,place_name,Udarakanda East,,,,,,,,,,,,
,13,0.37909230769230773,0.2902695771793824,0.0,0.9417,place_name,Kirithota,,,,,,,,,,,,
,17,0.37807941176470594,0.24869318136185872,0.0179,1.0,place_name,Udaramulla East,,,,,,,,,,,,
,19,0.3754842105263158,0.21368419653299872,0.0,0.7084,place_name,Galathota West,,,,,,,,,,,,
,13,0.3751076923076923,0.21930259331776591,0.0566,0.7656,place_name,Kiripola Central,,,,,,,,,,,,
,22,0.3742636363636364,0.21627792865718504,0.0,0.693,place_name,Pahalakanda West,,,,,,,,,,,,
,20,0.37259,0.23202150059173848,0.0,0.8043,place_name,Nayanuwara,,,,,,,,,,,,
,19,0.3717315789473684,0.22231791313999863,0.0,0.868,place_name,Nayawatta Central,,,,,,,,,,,,
,18,0.3714805555555556,0.2353050655306406,0.0,0.7426,place_name,Uduthota North,,,,,,,,,,,,
,25,0.37071600000000005,0.22688866888116443,0.0,0.8402,place_name,Pahalagama West,,,,,,,,,,,,
,20,0.369965,0.1728043106035202,0.0,0.6266,place_name,Galamedura Central,,,,,,,,,,,,
,21,0.36969047619047624,0.2565695478905513,0.0,0.8828,place_name,Mahathota,,,,,,,,,,,,
,17,0.36833235294117644,0.20708330067660607,0.0,0.6435,place_name,Kirimedura West,,,,,,,,,,,,
,17,0.3678470588235294,0.24052992892685687,0.02,0.9333,place_name,Nayagama South,,,,,,,,,,,,
,15,0.3669233333333333,0.29239473372399133,0.0,0.8784,place_name,Kudamulla Central,,,,,,,,,,,,
,15,0.36478333333333335,0.19823594858028099,0.0,0.6983,place_name,Pahalakumbura East,,,,,,,,,,,,
,8,0.3550875,0.16608154999878824,0.0,0.5044,place_name,Nayapitiya Central,,,,,,,,,,,,
,21,0.3543904761904762,0.23302008423044118,0.0,0.798,place_name,Galamedura West,,,,,,,,,,,,
,18,0.35438333333333333,0.2330819175614394,0.0,0.8559,place_name,Udaragama West,,,,,,,,,,,,
,21,0.35383809523809523,0.3657087905372121,0.0,1.0,place_name,Nayamulla,,,,,,,,,,,,
,14,0.35348571428571424,0.2204707781339491,0.0,0.6225499999999999,place_name,Welikumbura North,,,,,,,,,,,,
,17,0.35304705882352944,0.16797009822304332,0.0717,0.5947,place_name,Polathota West,,,,,,,,,,,,
,22,0.3493318181818182,0.18074544421937888,0.048,0.6884,place_name,Udukumbura East,,,,,,,,,,,,
,14,0.34284285714285717,0.26882119225722034,0.0,0.8942,place_name,Kiripitiya,,,,,,,,,,,,
,13,0.34163846153846156,0.1781843160347432,0.0312,0.626,place_name,Panakanda West,,,,,,,,,,,,
,12,0.33673333333333333,0.22124455959755293,0.0,0.7152,place_name,Udugama West,,,,,,,,,,,,
,18,0.3104222222222222,0.19512251597862834,0.0,0.8109,place_name,Nayathota South,,,,,,,,,,,,
,12,0.3043166666666666,0.2683803164213506,0.0,0.8622,place_name,Polanuwara,,,,,,,,,,,,
,55,0.5215763636363636,0.24957300699367574,0.0,1.0,landcover,,Missing,,,,,,,,,,,
,2886,0.4872753638253638,0.23899998503177372,0.0,1.0,landcover,,Urban,,,,,,,,,,,
,2345,0.4810694456289979,0.23537522341822775,0.0,1.0,landcover,,Forest,,,,,,,,,,,
,4176,0.47843242337164754,0.23681444665577384,0.0,1.0,landcover,,Agriculture,,,,,,,,,,,
,1860,0.4781601075268817,0.23370428457868472,0.0,1.0,landcover,,Scrub,,,,,,,,,,,
,1928,0.4727508558091286,0.23564441351692894,0.0,1.0,landcover,,Plantation,,,,,,,,,,,
,743,0.4697744279946164,0.23554816881132054,0.0,1.0,landcover,,Bare Soil,,,,,,,,,,,
,1525,0.46829737704918034,0.23801259075783654,0.0,1.0,landcover,,Wetland,,,,,,,,,,,
,60,0.5039,0.23617815399339714,0.0,1.0,soil_type,,,Missing,,,,,,,,,,
,3089,0.48724760440271936,0.23779197294847462,0.0,1.0,soil_type,,,Clay,,,,,,,,,,
,3085,0.48082585089141,0.23288338825388147,0.0,1.0,soil_type,,,Sandy,,,,,,,,,,
,3066,0.47697862035225047,0.23729549971435707,0.0,1.0,soil_type,,,Peaty,,,,,,,,,,
,3188,0.4742553324968632,0.23433183654836104,0.0,1.0,soil_type,,,Silty,,,,,,,,,,
,3030,0.47261067656765676,0.24077777290500701,0.0,1.0,soil_type,,,Loamy,,,,,,,,,,
,2329,0.489121897810219,0.23349437737276618,0.0,1.0,water_supply,,,,Tube-well,,,,,,,,,
,3921,0.4819452308084672,0.23548223348794997,0.0,1.0,water_supply,,,,Well,,,,,,,,,
,1547,0.47648406593406595,0.23597284277842173,0.0,1.0,water_supply,,,,Rainwater harvesting,,,,,,,,,
,5355,0.4750446685340803,0.23749008100525934,0.0,1.0,water_supply,,,,Municipal,,,,,,,,,
,2292,0.4716770069808027,0.24024926204881725,0.0,1.0,water_supply,,,,Surface water,,,,,,,,,
,74,0.4608310810810811,0.2256852807308028,0.0153,1.0,water_supply,,,,Missing,,,,,,,,,
,1558,0.4834633183568678,0.2351540265958494,0.0,1.0,electricity,,,,,Off-grid (solar),,,,,,,,
,11407,0.4807093319891295,0.2364557751837639,0.0,1.0,electricity,,,,,Grid,,,,,,,,
,716,0.4712312849162011,0.2452885396512052,0.0,1.0,electricity,,,,,Missing,,,,,,,,
,1837,0.46323004899292325,0.23502475084197183,0.0,1.0,electricity,,,,,Mixed,,,,,,,,
,87,0.5014022988505747,0.2445266233552853,0.0,1.0,road_quality,,,,,,Missing,,,,,,,
,6921,0.4901772503973414,0.23778819350822325,0.0,1.0,road_quality,,,,,,Good (paved),,,,,,,
,782,0.47003062659846545,0.228100327130118,0.0,1.0,road_quality,,,,,,No road access,,,,,,,
,3104,0.46944664948453607,0.2401246541241824,0.0,1.0,road_quality,,,,,,Poor (unpaved),,,,,,,
,4624,0.4680314230103806,0.23302631453574577,0.0,1.0,road_quality,,,,,,Fair,,,,,,,
,58,0.48926379310344825,0.24344060693454206,0.0,1.0,urban_rural,,,,,,,Missing,,,,,,
,10471,0.47879370642727537,0.235718961790292,0.0,1.0,urban_rural,,,,,,,Rural,,,,,,
,4989,0.4776941671677691,0.23847890870642532,0.0,1.0,urban_rural,,,,,,,Urban,,,,,,
,64,0.5631109375,0.23669133765923217,0.0372,1.0,water_presence_flag,,,,,,,,Missing,,,,,
,9095,0.48643027487630563,0.2356451442318183,0.0,1.0,water_presence_flag,,,,,,,,Unlikely,,,,,
,6359,0.466255692718981,0.2373990433822852,0.0,1.0,water_presence_flag,,,,,,,,Likely,,,,,
,7292,0.4977467978606692,0.23785661183915247,0.0,1.0,flood_occurrence_current_event,,,,,,,,,No,,,,
,8226,0.46139955628495016,0.23422011871798093,0.0,1.0,flood_occurrence_current_event,,,,,,,,,Yes,,,,
,1243,0.5092648028962189,0.24403303508389973,0.0,1.0,is_good_to_live,,,,,,,,,,Yes,,,
,14275,0.47579868651488616,0.23578726566157626,0.0,1.0,is_good_to_live,,,,,,,,,,No,,,
,99,0.522539393939394,0.2321181466268988,0.0,1.0,reason_not_good_to_live,,,,,,,,,,,Poor infrastructure; No road access,,
,641,0.5051429797191888,0.24907259321897732,0.0,1.0,reason_not_good_to_live,,,,,,,,,,,Missing,,
,66,0.4985886363636363,0.21383925842979395,0.0,1.0,reason_not_good_to_live,,,,,,,,,,,No road access,,
,1923,0.4873526781071243,0.23036787231300426,0.0,1.0,reason_not_good_to_live,,,,,,,,,,,Poor infrastructure,,
,10088,0.4870045549167328,0.23573381253141415,0.0,1.0,reason_not_good_to_live,,,,,,,,,,,Other,,
,127,0.43982362204724407,0.25384184504276125,0.0,1.0,reason_not_good_to_live,,,,,,,,,,,High flood risk; Poor infrastructure; No road access,,
,59,0.43564915254237285,0.23635948794658718,0.0,1.0,reason_not_good_to_live,,,,,,,,,,,High flood risk; No road access,,
,1452,0.4325950757575758,0.23696260708235473,0.0,1.0,reason_not_good_to_live,,,,,,,,,,,High flood risk; Poor infrastructure,,
,1063,0.42976237064910633,0.23379770701583538,0.0,1.0,reason_not_good_to_live,,,,,,,,,,,High flood risk,,
,67,0.5014932835820894,0.24560724835930733,0.0,1.0,is_synthetic,,,,,,,,,,,,Missing,
,15451,0.4783795450132678,0.23658841373731365,0.0,1.0,is_synthetic,,,,,,,,,,,,True,
,11,0.6506454545454545,0.24078663735197747,0.2384,1.0,generation_date,,,,,,,,,,,,,2025-07-29
,19,0.63515,0.26373525603866044,0.0,1.0,generation_date,,,,,,,,,,,,,2024-12-17
,18,0.6296555555555555,0.20044700406319,0.2792,1.0,generation_date,,,,,,,,,,,,,2025-07-25
,24,0.62528125,0.2751011702488425,0.0,1.0,generation_date,,,,,,,,,,,,,2025-03-26
,21,0.6236928571428572,0.21401348922773203,0.2305,0.978,generation_date,,,,,,,,,,,,,2024-12-01
,25,0.622804,0.24510768123418733,0.1536,1.0,generation_date,,,,,,,,,,,,,2024-11-05
,10,0.6227199999999999,0.21605424113196925,0.379,1.0,generation_date,,,,,,,,,,,,,2024-09-15
,16,0.614290625,0.20673682966414894,0.3402,1.0,generation_date,,,,,,,,,,,,,2024-01-24
,19,0.6108026315789473,0.2181790838544771,0.2332,1.0,generation_date,,,,,,,,,,,,,2024-07-24
,20,0.6074849999999999,0.2953601521871222,0.0,1.0,generation_date,,,,,,,,,,,,,2025-08-07
,16,0.60664375,0.23186451207188505,0.2119,1.0,generation_date,,,,,,,,,,,,,2024-12-16
,14,0.6058785714285715,0.2960397015437454,0.0,1.0,generation_date,,,,,,,,,,,,,2023-12-24
,13,0.5991576923076922,0.2533778879511077,0.2549,1.0,generation_date,,,,,,,,,,,,,2025-05-02
,20,0.59886,0.18714943761603986,0.2609,1.0,generation_date,,,,,,,,,,,,,2024-02-27
,26,0.5986615384615385,0.17767900568592357,0.1973,1.0,generation_date,,,,,,,,,,,,,2025-06-23
,20,0.5964225,0.205900207353363,0.2971,1.0,generation_date,,,,,,,,,,,,,2024-05-10
,20,0.5962324999999999,0.2165795674105405,0.2412,1.0,generation_date,,,,,,,,,,,,,2025-01-26
,18,0.5940666666666667,0.2623066144800775,0.1484,1.0,generation_date,,,,,,,,,,,,,2025-01-05
,12,0.591375,0.20214640677669066,0.2255,0.9387,generation_date,,,,,,,,,,,,,2024-06-27
,13,0.5888538461538462,0.25976464224173074,0.2311,1.0,generation_date,,,,,,,,,,,,,2023-12-16
,12,0.587775,0.21226825705824562,0.1787,1.0,generation_date,,,,,,,,,,,,,2025-01-09
,16,0.5872875,0.27376735348345194,0.0,1.0,generation_date,,,,,,,,,,,,,2024-03-07
,20,0.5865325,0.20860604287747753,0.232,1.0,generation_date,,,,,,,,,,,,,2024-05-17
,11,0.5858909090909091,0.16047367668590046,0.4248,0.9426,generation_date,,,,,,,,,,,,,2025-02-02
,19,0.5783,0.18532958929071922,0.2293,0.9899,generation_date,,,,,,,,,,,,,2025-12-06
,19,0.5748578947368421,0.18225016709576086,0.3838,1.0,generation_date,,,,,,,,,,,,,2024-08-03
,17,0.5741647058823529,0.2693212926533485,0.0,1.0,generation_date,,,,,,,,,,,,,2025-05-21
,14,0.5729857142857143,0.3307098515830243,0.0,1.0,generation_date,,,,,,,,,,,,,2025-11-29
,18,0.5723944444444444,0.23819915165607375,0.1603,1.0,generation_date,,,,,,,,,,,,,2024-07-08
,22,0.5722727272727273,0.24816439718521882,0.2064,1.0,generation_date,,,,,,,,,,,,,2024-06-10
,23,0.5717608695652174,0.2532692400285989,0.0235,1.0,generation_date,,,,,,,,,,,,,2025-08-26
,24,0.5716791666666666,0.24567383773430462,0.0653,1.0,generation_date,,,,,,,,,,,,,2024-03-30
,15,0.5695966666666668,0.1691018527256224,0.3371,0.9579,generation_date,,,,,,,,,,,,,2024-12-03
,18,0.5695777777777777,0.26258870894491915,0.1099,1.0,generation_date,,,,,,,,,,,,,2025-06-25
,20,0.5694600000000001,0.2703335316156497,0.0,1.0,generation_date,,,,,,,,,,,,,2024-12-25
,19,0.568878947368421,0.2328213157932909,0.2296,1.0,generation_date,,,,,,,,,,,,,2025-04-14
,13,0.5672769230769231,0.1909537559805434,0.3099,1.0,generation_date,,,,,,,,,,,,,2024-04-16
,20,0.5660350000000001,0.26555091745870113,0.0,0.9965,generation_date,,,,,,,,,,,,,2024-03-17
,21,0.5658571428571428,0.20870587574725488,0.1144,1.0,generation_date,,,,,,,,,,,,,2024-02-06
,20,0.56425,0.2550606542930937,0.1745,1.0,generation_date,,,,,,,,,,,,,2024-12-02
,17,0.5641676470588235,0.2476259723234169,0.0467,1.0,generation_date,,,,,,,,,,,,,2024-02-14
,26,0.5638423076923077,0.26036758657417697,0.0,1.0,generation_date,,,,,,,,,,,,,2025-06-14
,18,0.5637916666666667,0.22804471068965712,0.2355,1.0,generation_date,,,,,,,,,,,,,2025-07-17
,14,0.5625214285714286,0.31988408039492977,0.0,1.0,generation_date,,,,,,,,,,,,,2025-07-02
,24,0.5619437500000001,0.25830111654242854,0.0,1.0,generation_date,,,,,,,,,,,,,2024-06-04
,23,0.5616739130434782,0.20098705118261478,0.0,0.923,generation_date,,,,,,,,,,,,,2025-02-07
,27,0.5616074074074073,0.23204614043153957,0.0,0.921,generation_date,,,,,,,,,,,,,2024-02-24
,10,0.56136,0.24495264032053218,0.1147,1.0,generation_date,,,,,,,,,,,,,2024-03-08
,18,0.5611,0.233437957496205,0.1451,1.0,generation_date,,,,,,,,,,,,,2025-06-22
,22,0.5610818181818181,0.24416367390273205,0.0915,1.0,generation_date,,,,,,,,,,,,,2024-08-09
,15,0.5600366666666666,0.19172044796178278,0.3395,0.9258,generation_date,,,,,,,,,,,,,2025-07-11
,20,0.5590925,0.23482139252665604,0.0424,1.0,generation_date,,,,,,,,,,,,,2024-09-02
,16,0.55856875,0.2655997332296602,0.0,1.0,generation_date,,,,,,,,,,,,,2024-07-10
,16,0.55798125,0.2752283590493538,0.1655,1.0,generation_date,,,,,,,,,,,,,2024-08-17
,10,0.557655,0.281058839677942,0.1551,1.0,generation_date,,,,,,,,,,,,,2025-07-22
,19,0.5561105263157895,0.2443077746858045,0.0,1.0,generation_date,,,,,,,,,,,,,2025-02-18
,23,0.5554717391304348,0.28289300371586323,0.0,1.0,generation_date,,,,,,,,,,,,,2024-10-17
,23,0.5554565217391304,0.2921812261812971,0.0041,1.0,generation_date,,,,,,,,,,,,,2024-11-08
,19,0.5549973684210526,0.2186636613574501,0.15255,1.0,generation_date,,,,,,,,,,,,,2025-07-30
,19,0.5548973684210526,0.2278816874277358,0.0,1.0,generation_date,,,,,,,,,,,,,2025-12-05
,19,0.5541526315789473,0.22058003427433734,0.1441,1.0,generation_date,,,,,,,,,,,,,2025-09-19
,16,0.55379375,0.24821705143885664,0.0772,0.9741,generation_date,,,,,,,,,,,,,2024-12-19
,20,0.5537425,0.18891087377454788,0.0474,0.877,generation_date,,,,,,,,,,,,,2025-07-06
,26,0.5537307692307692,0.2612436544978358,0.0,1.0,generation_date,,,,,,,,,,,,,2025-01-07
,22,0.553725,0.29796514806984675,0.0,1.0,generation_date,,,,,,,,,,,,,2024-10-24
,24,0.5527687499999999,0.24448757317602057,0.0,1.0,generation_date,,,,,,,,,,,,,2024-09-05
,15,0.5523833333333333,0.2830635489392713,0.102,1.0,generation_date,,,,,,,,,,,,,2024-01-11
,29,0.552344827586207,0.22574750210009742,0.1705,1.0,generation_date,,,,,,,,,,,,,2025-01-03
,21,0.5523047619047619,0.23470640271665036,0.0,1.0,generation_date,,,,,,,,,,,,,2024-06-11
,26,0.5519961538461539,0.16748377230232006,0.2513,0.9744,generation_date,,,,,,,,,,,,,2024-01-09
,16,0.55181875,0.18514223439921357,0.2312,0.9233,generation_date,,,,,,,,,,,,,2025-05-10
,24,0.5517145833333333,0.23206873676225223,0.187,1.0,generation_date,,,,,,,,,,,,,2024-07-02
,16,0.55076875,0.24970101780262466,0.1664,1.0,generation_date,,,,,,,,,,,,,2024-08-20
,23,0.5506086956521739,0.26200530340406797,0.0,1.0,generation_date,,,,,,,,,,,,,2024-08-21
,10,0.55016,0.2092140169512762,0.352,1.0,generation_date,,,,,,,,,,,,,2025-10-03
,11,0.5498181818181819,0.25912399664323577,0.2532,0.9506,generation_date,,,,,,,,,,,,,2024-05-08
,18,0.5478333333333334,0.2595926152307745,0.1348,1.0,generation_date,,,,,,,,,,,,,2025-01-17
,18,0.5470916666666666,0.24310579895447604,0.0617,1.0,generation_date,,,,,,,,,,,,,2024-01-29
,19,0.546828947368421,0.22014659719011329,0.1748,1.0,generation_date,,,,,,,,,,,,,2024-08-02
,25,0.546746,0.2507387655010689,0.0,1.0,generation_date,,,,,,,,,,,,,2025-01-14
,25,0.54633,0.22698106932811235,0.1742,1.0,generation_date,,,,,,,,,,,,,2023-12-20
,15,0.5458999999999999,0.3036607576133039,0.0,1.0,generation_date,,,,,,,,,,,,,2025-09-04
,17,0.5457705882352941,0.17114579499182084,0.1724,0.81135,generation_date,,,,,,,,,,,,,2025-06-09
,22,0.5455272727272727,0.1851298905191605,0.2885,0.9145,generation_date,,,,,,,,,,,,,2024-12-22
,14,0.5449964285714286,0.21018984501588606,0.1069,1.0,generation_date,,,,,,,,,,,,,2025-05-22
,27,0.5443666666666667,0.298630949243634,0.0,1.0,generation_date,,,,,,,,,,,,,2023-12-19
,13,0.5442923076923077,0.2602111016768836,0.1808,1.0,generation_date,,,,,,,,,,,,,2025-11-22
,22,0.5440113636363637,0.20104796746513373,0.1453,1.0,generation_date,,,,,,,,,,,,,2025-02-17
,20,0.54315,0.24420135458049236,0.0916,1.0,generation_date,,,,,,,,,,,,,2024-05-07
,20,0.5430575,0.22582308356846165,0.2591,0.9291,generation_date,,,,,,,,,,,,,2024-02-05
,19,0.5430263157894737,0.2153292507149233,0.1295,1.0,generation_date,,,,,,,,,,,,,2025-06-27
,25,0.542936,0.20367968138312992,0.2325,1.0,generation_date,,,,,,,,,,,,,2024-06-15
,26,0.5410865384615385,0.2431018196384767,0.0,1.0,generation_date,,,,,,,,,,,,,2024-01-18
,27,0.5407703703703703,0.22324854864687133,0.027,1.0,generation_date,,,,,,,,,,,,,2025-03-05
,27,0.5404851851851852,0.2195733988086614,0.0,1.0,generation_date,,,,,,,,,,,,,2024-05-04
,21,0.5396095238095238,0.18960161894024508,0.2307,0.9463,generation_date,,,,,,,,,,,,,2025-09-02
,24,0.5394770833333333,0.2104694597173944,0.0858,1.0,generation_date,,,,,,,,,,,,,2024-11-17
,24,0.539075,0.2421718941255319,0.0,1.0,generation_date,,,,,,,,,,,,,2025-08-13
,25,0.53888,0.20285130843387067,0.2006,0.9545,generation_date,,,,,,,,,,,,,2025-08-01
,18,0.5386694444444444,0.32028131069737137,0.0,1.0,generation_date,,,,,,,,,,,,,2025-03-15
,25,0.53841,0.28619131567304185,0.0,1.0,generation_date,,,,,,,,,,,,,2025-11-08
,18,0.5379305555555556,0.2673884072561249,0.2061,1.0,generation_date,,,,,,,,,,,,,2024-03-01
,18,0.5378194444444444,0.19729144844388202,0.23685,1.0,generation_date,,,,,,,,,,,,,2025-03-22
,13,0.5377769230769232,0.1629813852041911,0.2914,0.9514,generation_date,,,,,,,,,,,,,2025-09-23
,15,0.53652,0.2693113073855502,0.0858,1.0,generation_date,,,,,,,,,,,,,2024-10-30
,24,0.5363458333333333,0.27435226321229816,0.1136,1.0,generation_date,,,,,,,,,,,,,2024-04-08
,11,0.5360272727272727,0.2102624602296334,0.2773,0.9404,generation_date,,,,,,,,,,,,,2024-09-10
,24,0.5355333333333333,0.2104395677306591,0.1326,1.0,generation_date,,,,,,,,,,,,,2025-03-02
,29,0.5354431034482758,0.21495045015576847,0.0479,1.0,generation_date,,,,,,,,,,,,,2025-04-29
,25,0.5348080000000001,0.2411163756363304,0.0053,1.0,generation_date,,,,,,,,,,,,,2024-11-10
,28,0.5344767857142857,0.23437400369453143,0.0,1.0,generation_date,,,,,,,,,,,,,2025-10-23
,25,0.53348,0.24274381042572435,0.0,0.999,generation_date,,,,,,,,,,,,,2025-01-31
,19,0.5329684210526316,0.2936982257969178,0.0,1.0,generation_date,,,,,,,,,,,,,2024-07-16
,20,0.5329125,0.23136489172949296,0.0,1.0,generation_date,,,,,,,,,,,,,2025-02-26
,23,0.531995652173913,0.26007369493745225,0.0,1.0,generation_date,,,,,,,,,,,,,2025-03-16
,24,0.5316541666666666,0.26367199316932405,0.0124,1.0,generation_date,,,,,,,,,,,,,2024-07-14
,17,0.5314529411764706,0.288443927323074,0.0983,1.0,generation_date,,,,,,,,,,,,,2024-12-23
,25,0.531374,0.29655185926467115,0.052,1.0,generation_date,,,,,,,,,,,,,2025-02-28
,18,0.5313111111111111,0.23464326337176533,0.0,1.0,generation_date,,,,,,,,,,,,,2024-06-25
,27,0.5313,0.22266465126525345,0.0,1.0,generation_date,,,,,,,,,,,,,2024-05-21
,19,0.5304815789473685,0.25354144588351185,0.0734,0.9682,generation_date,,,,,,,,,,,,,2025-07-28
,17,0.5302823529411764,0.21011822634916194,0.1825,0.9901,generation_date,,,,,,,,,,,,,2024-01-17
,18,0.5301750000000001,0.24385535867780792,0.0,0.9108,generation_date,,,,,,,,,,,,,2025-06-28
,22,0.5299954545454546,0.24750844425666566,0.0,1.0,generation_date,,,,,,,,,,,,,2024-11-28
,22,0.5298636363636363,0.22455247672914858,0.1008,1.0,generation_date,,,,,,,,,,,,,2025-08-17
,16,0.529825,0.3001092012362611,0.0,1.0,generation_date,,,,,,,,,,,,,2024-04-04
,26,0.5296961538461539,0.17909696028859726,0.2953,1.0,generation_date,,,,,,,,,,,,,2025-03-31
,14,0.5295785714285713,0.24756150417956416,0.2093,1.0,generation_date,,,,,,,,,,,,,2024-06-28
,24,0.52950625,0.30057430619764497,0.0,1.0,generation_date,,,,,,,,,,,,,2025-01-19
,16,0.5278437500000001,0.2332290861470756,0.0709,1.0,generation_date,,,,,,,,,,,,,2024-05-23
,22,0.5274204545454545,0.27005397725846747,0.0615,1.0,generation_date,,,,,,,,,,,,,2025-08-31
,18,0.5271916666666666,0.29423952840080714,0.0,1.0,generation_date,,,,,,,,,,,,,2025-03-03
,18,0.5270861111111111,0.2368135179751182,0.0236,1.0,generation_date,,,,,,,,,,,,,2025-10-28
,13,0.5267923076923077,0.21631852078797464,0.1293,0.8581,generation_date,,,,,,,,,,,,,2024-02-01
,27,0.5263,0.18677199746873602,0.14405,0.9181,generation_date,,,,,,,,,,,,,2024-10-04
,20,0.5262775,0.22851089025931626,0.0039,0.9506,generation_date,,,,,,,,,,,,,2024-07-25
,22,0.5254363636363636,0.22071546334041878,0.1653,1.0,generation_date,,,,,,,,,,,,,2025-05-06
,27,0.5252851851851852,0.25232196991710615,0.0,1.0,generation_date,,,,,,,,,,,,,2025-08-04
,17,0.5249676470588236,0.19661616711022936,0.2374,0.9991,generation_date,,,,,,,,,,,,,2024-11-14
,23,0.5248652173913043,0.23656096967069928,0.2265,1.0,generation_date,,,,,,,,,,,,,2025-08-16
,23,0.5245804347826087,0.25886201077510324,0.0,1.0,generation_date,,,,,,,,,,,,,2025-09-09
,21,0.5243809523809524,0.2768409134666472,0.0,1.0,generation_date,,,,,,,,,,,,,2024-07-05
,19,0.5242710526315789,0.2886718856898248,0.0,1.0,generation_date,,,,,,,,,,,,,2025-11-25
,16,0.5236875,0.24586018757280187,0.0941,0.9975,generation_date,,,,,,,,,,,,,2024-08-07
,22,0.5234704545454545,0.2981068523114181,0.0,1.0,generation_date,,,,,,,,,,,,,2024-10-12
,26,0.5232615384615384,0.314838896042942,0.0,1.0,generation_date,,,,,,,,,,,,,2024-05-09
,15,0.5232033333333334,0.2044078909459035,0.1954,0.9496,generation_date,,,,,,,,,,,,,2025-03-04
,20,0.5230975,0.2735900287094003,0.0,1.0,generation_date,,,,,,,,,,,,,2025-03-18
,20,0.52308,0.22609984892566942,0.0,0.9064,generation_date,,,,,,,,,,,,,2023-12-10
,24,0.52215,0.2955661979849935,0.0,0.96,generation_date,,,,,,,,,,,,,2025-12-02
,27,0.522,0.2026755250678741,0.177,1.0,generation_date,,,,,,,,,,,,,2024-03-19
,23,0.5218086956521739,0.253747560513206,0.1423,1.0,generation_date,,,,,,,,,,,,,2024-09-18
,22,0.5212772727272728,0.2697198196750493,0.0187,1.0,generation_date,,,,,,,,,,,,,2025-10-13
,22,0.5210568181818181,0.19702570311863868,0.2096,1.0,generation_date,,,,,,,,,,,,,2024-02-19
,23,0.5209173913043478,0.23598789385778002,0.0861,1.0,generation_date,,,,,,,,,,,,,2024-07-18
,26,0.520673076923077,0.22545952063763872,0.0306,0.9404,generation_date,,,,,,,,,,,,,2024-09-22
,33,0.5204469696969697,0.25391557219483474,0.0132,1.0,generation_date,,,,,,,,,,,,,2024-11-25
,28,0.5203196428571428,0.18224725996989474,0.1826,0.8991,generation_date,,,,,,,,,,,,,2025-05-01
,26,0.5201096153846154,0.24257884986916348,0.1001,1.0,generation_date,,,,,,,,,,,,,2025-04-07
,23,0.5199108695652174,0.1906736395213046,0.1763,0.8953,generation_date,,,,,,,,,,,,,2025-01-02
,28,0.5194196428571428,0.2483328860321421,0.0,1.0,generation_date,,,,,,,,,,,,,2024-11-21
,18,0.5191611111111111,0.20447972756957622,0.0068,0.7883,generation_date,,,,,,,,,,,,,2025-08-18
,28,0.5185767857142858,0.2255785317315781,0.0,1.0,generation_date,,,,,,,,,,,,,2025-05-19
,18,0.5184388888888889,0.25102874018465055,0.0,0.9015,generation_date,,,,,,,,,,,,,2025-07-10
,18,0.5184222222222222,0.29268887779177144,0.0,1.0,generation_date,,,,,,,,,,,,,2024-09-24
,27,0.5183092592592593,0.26298311002984326,0.0669,1.0,generation_date,,,,,,,,,,,,,2025-06-04
,19,0.5182894736842105,0.21313472759093754,0.1044,1.0,generation_date,,,,,,,,,,,,,2025-04-19
,18,0.5182388888888889,0.2727739209090645,0.0,0.9559,generation_date,,,,,,,,,,,,,2025-05-23
,20,0.518235,0.17390070752859912,0.2215,0.889,generation_date,,,,,,,,,,,,,2025-05-03
,21,0.5176595238095238,0.24240211097422792,0.0,1.0,generation_date,,,,,,,,,,,,,2025-10-07
,21,0.5175142857142857,0.27964361298930873,0.095,1.0,generation_date,,,,,,,,,,,,,2025-04-21
,17,0.5173058823529412,0.2660128626368193,0.0414,1.0,generation_date,,,,,,,,,,,,,2023-12-12
,14,0.5170821428571428,0.26520261021393754,0.04785,1.0,generation_date,,,,,,,,,,,,,2024-05-18
,18,0.5165000000000001,0.23849882475971385,0.1213,1.0,generation_date,,,,,,,,,,,,,2024-10-05
,23,0.5164130434782609,0.24470806410969825,0.0,1.0,generation_date,,,,,,,,,,,,,2025-08-21
,24,0.5156270833333333,0.25678709163478924,0.0138,1.0,generation_date,,,,,,,,,,,,,2023-12-17
,21,0.5155190476190477,0.1766085632664725,0.2628,0.9215,generation_date,,,,,,,,,,,,,2024-05-11
,16,0.5153375,0.2970733531750478,0.0,1.0,generation_date,,,,,,,,,,,,,2024-03-24
,15,0.5151866666666667,0.2589764547120801,0.0,0.8765,generation_date,,,,,,,,,,,,,2025-12-07
,26,0.5151307692307692,0.22592429664687377,0.0823,0.9569,generation_date,,,,,,,,,,,,,2024-10-19
,26,0.5151269230769231,0.2585609364272837,0.0,1.0,generation_date,,,,,,,,,,,,,2024-04-26
,20,0.514525,0.20449470428093577,0.2012,1.0,generation_date,,,,,,,,,,,,,2024-02-09
,26,0.5145096153846154,0.2524563994115541,0.0,1.0,generation_date,,,,,,,,,,,,,2025-07-12
,18,0.514411111111111,0.3006929485056904,0.0,1.0,generation_date,,,,,,,,,,,,,2025-04-02
,15,0.51438,0.21458550809808727,0.1491,1.0,generation_date,,,,,,,,,,,,,2025-01-20
,21,0.5143333333333333,0.1775120005332973,0.084,0.8447,generation_date,,,,,,,,,,,,,2024-06-09
,19,0.5142868421052631,0.21813224699333789,0.1757,0.9662,generation_date,,,,,,,,,,,,,2024-11-18
,22,0.5142545454545455,0.28698752374951564,0.0,1.0,generation_date,,,,,,,,,,,,,2025-01-13
,27,0.5142425925925926,0.23773025385269353,0.0,0.9415,generation_date,,,,,,,,,,,,,2024-03-06
,15,0.5138333333333334,0.20806110251787183,0.0007,1.0,generation_date,,,,,,,,,,,,,2024-08-15
,20,0.5138125,0.2332828280475057,0.0,0.8701,generation_date,,,,,,,,,,,,,2025-08-25
,16,0.513384375,0.25829775435773733,0.0,1.0,generation_date,,,,,,,,,,,,,2024-05-22
,25,0.513308,0.2360887984777479,0.0,1.0,generation_date,,,,,,,,,,,,,2025-01-22
,25,0.513272,0.21930476799802293,0.1295,0.9847,generation_date,,,,,,,,,,,,,2025-04-08
,25,0.51324,0.21780140992809635,0.0374,1.0,generation_date,,,,,,,,,,,,,2024-09-21
,27,0.5123185185185185,0.24345986525509392,0.0,1.0,generation_date,,,,,,,,,,,,,2024-11-07
,28,0.5122571428571429,0.20543829104763173,0.0845,0.9973,generation_date,,,,,,,,,,,,,2025-04-30
,28,0.5117053571428571,0.18270670097549574,0.0936,0.9053,generation_date,,,,,,,,,,,,,2024-01-19
,25,0.51157,0.18015952768773197,0.0,0.9096,generation_date,,,,,,,,,,,,,2025-02-16
,28,0.5110089285714287,0.2703886339017489,0.0,1.0,generation_date,,,,,,,,,,,,,2024-05-29
,17,0.5109617647058823,0.20120304539927114,0.0,0.8724,generation_date,,,,,,,,,,,,,2024-10-06
,22,0.5104,0.20904346096309392,0.2205,0.9323,generation_date,,,,,,,,,,,,,2025-05-05
,14,0.5103357142857143,0.16529582621722536,0.1639,0.8961,generation_date,,,,,,,,,,,,,2025-05-25
,23,0.5102521739130434,0.21220716104694665,0.1113,1.0,generation_date,,,,,,,,,,,,,2025-07-03
,24,0.51015,0.2392730875689588,0.0,1.0,generation_date,,,,,,,,,,,,,2024-10-09
,27,0.5097425925925926,0.24658967580223368,0.0,1.0,generation_date,,,,,,,,,,,,,2024-06-20
,25,0.5097160000000001,0.32134243537852264,0.0,1.0,generation_date,,,,,,,,,,,,,2025-06-12
,23,0.5096304347826087,0.17718369110969812,0.0,0.807,generation_date,,,,,,,,,,,,,2024-10-01
,23,0.5095304347826087,0.28526205565279256,0.0,0.9708,generation_date,,,,,,,,,,,,,2024-11-20
,25,0.509056,0.24725570953973944,0.0,0.8286,generation_date,,,,,,,,,,,,,2024-03-20
,20,0.5090175,0.23329096316278744,0.0,1.0,generation_date,,,,,,,,,,,,,2025-08-10
,18,0.5089916666666666,0.2935013208959153,0.0,0.9823,generation_date,,,,,,,,,,,,,2024-09-26
,20,0.50884,0.2710412425404937,0.0,1.0,generation_date,,,,,,,,,,,,,2025-09-16
,28,0.5086928571428572,0.2632700418716302,0.0,1.0,generation_date,,,,,,,,,,,,,2025-08-03
,20,0.5082725,0.26203031035750923,0.0,1.0,generation_date,,,,,,,,,,,,,2024-06-02
,14,0.5082678571428572,0.2782639972339099,0.0,0.8499,generation_date,,,,,,,,,,,,,2024-08-19
,29,0.5082310344827586,0.21382307957656468,0.0361,0.7966,generation_date,,,,,,,,,,,,,2024-08-16
,25,0.50794,0.23702026108893448,0.0,1.0,generation_date,,,,,,,,,,,,,2024-07-22
,19,0.5078631578947368,0.24326431489346062,0.0284,0.8837,generation_date,,,,,,,,,,,,,2024-09-09
,21,0.5078119047619047,0.2690298059252738,0.0249,0.9467,generation_date,,,,,,,,,,,,,2025-11-01
,21,0.5076142857142857,0.25044959629776664,0.0,1.0,generation_date,,,,,,,,,,,,,2024-01-28
,27,0.5075648148148149,0.2661213747864565,0.0,1.0,generation_date,,,,,,,,,,,,,2024-12-24
,20,0.50752,0.2356682069976213,0.0,0.8452,generation_date,,,,,,,,,,,,,2023-12-15
,18,0.5072444444444444,0.299288985316911,0.0,1.0,generation_date,,,,,,,,,,,,,2025-09-22
,24,0.5071208333333334,0.2310339500351422,0.0535,1.0,generation_date,,,,,,,,,,,,,2025-09-21
,22,0.5070136363636363,0.1784664542186718,0.19755,0.9617,generation_date,,,,,,,,,,,,,2024-01-16
,22,0.50695,0.1988346615131467,0.1779,1.0,generation_date,,,,,,,,,,,,,2024-10-02
,27,0.5068444444444444,0.19797230251755565,0.0655,0.9854,generation_date,,,,,,,,,,,,,2025-07-01
,21,0.5066952380952381,0.26489693179837037,0.0,0.9348,generation_date,,,,,,,,,,,,,2024-02-17
,24,0.5066145833333333,0.2103733707106645,0.0794,0.9405,generation_date,,,,,,,,,,,,,2025-11-06
,22,0.5063954545454545,0.1855069770919238,0.1967,1.0,generation_date,,,,,,,,,,,,,2024-09-13
,20,0.5057925,0.21914838056428199,0.142,0.9446,generation_date,,,,,,,,,,,,,2025-01-18
,19,0.505778947368421,0.1809569694981144,0.1174,0.8047,generation_date,,,,,,,,,,,,,2025-06-20
,11,0.5057,0.22611100813538468,0.0242,0.8143,generation_date,,,,,,,,,,,,,2025-05-20
,18,0.5052972222222222,0.28910991420535903,0.0,1.0,generation_date,,,,,,,,,,,,,2025-10-24
,17,0.5052794117647059,0.18648768144540367,0.18125,0.9784,generation_date,,,,,,,,,,,,,2024-11-04
,18,0.5046055555555555,0.1837277636716641,0.1883,1.0,generation_date,,,,,,,,,,,,,2023-12-23
,25,0.503992,0.2528027078573329,0.0,1.0,generation_date,,,,,,,,,,,,,2024-04-01
,23,0.5039260869565217,0.23001787918134323,0.1325,1.0,generation_date,,,,,,,,,,,,,2025-06-26
,21,0.5035190476190476,0.23863063061779727,0.053,1.0,generation_date,,,,,,,,,,,,,2025-03-25
,26,0.5032615384615384,0.24315964480468064,0.0,1.0,generation_date,,,,,,,,,,,,,2025-01-24
,18,0.5028638888888889,0.28787554286202327,0.0,1.0,generation_date,,,,,,,,,,,,,2024-09-12
,25,0.50197,0.24132199098576435,0.0,1.0,generation_date,,,,,,,,,,,,,2024-03-13
,19,0.5018078947368421,0.27819127026360335,0.0,1.0,generation_date,,,,,,,,,,,,,2024-08-05
,18,0.5017944444444444,0.22585867711058566,0.0,1.0,generation_date,,,,,,,,,,,,,2024-04-30
,21,0.5007190476190476,0.22996829698688387,0.0,0.82,generation_date,,,,,,,,,,,,,2025-10-01
,22,0.5006454545454546,0.19962113812890359,0.0,0.9139,generation_date,,,,,,,,,,,,,2025-05-14
,23,0.5003913043478261,0.235022799499506,0.0,1.0,generation_date,,,,,,,,,,,,,2025-07-08
,23,0.5003652173913044,0.2398721792362372,0.0,1.0,generation_date,,,,,,,,,,,,,2025-10-11
,28,0.5001821428571429,0.25259882269097717,0.0,1.0,generation_date,,,,,,,,,,,,,2025-04-18
,22,0.5001045454545454,0.2449769114043446,0.1212,1.0,generation_date,,,,,,,,,,,,,2024-03-18
,10,0.49971,0.22375807099037417,0.1682,0.8839,generation_date,,,,,,,,,,,,,2025-06-06
,23,0.4995260869565218,0.25897864463975917,0.0,1.0,generation_date,,,,,,,,,,,,,2025-05-11
,27,0.4993314814814815,0.19473424847337467,0.0,0.8053,generation_date,,,,,,,,,,,,,2024-01-27
,20,0.49928999999999996,0.16412432675133493,0.1108,0.8499,generation_date,,,,,,,,,,,,,2025-07-04
,23,0.49876739130434783,0.2174154410385249,0.0,1.0,generation_date,,,,,,,,,,,,,2025-02-19
,23,0.4985760869565217,0.24491890024583332,0.0,0.8755,generation_date,,,,,,,,,,,,,2024-12-29
,25,0.49857,0.21078688981211963,0.0,0.8746,generation_date,,,,,,,,,,,,,2025-04-04
,31,0.4985306451612903,0.23179899075039828,0.0364,1.0,generation_date,,,,,,,,,,,,,2024-03-21
,18,0.4984277777777778,0.28494023068945434,0.0,1.0,generation_date,,,,,,,,,,,,,2024-03-16
,25,0.498388,0.2503995096507446,0.0,0.9857,generation_date,,,,,,,,,,,,,2025-07-09
,20,0.4982525,0.29073756907625203,0.0428,1.0,generation_date,,,,,,,,,,,,,2024-10-23
,19,0.49800789473684215,0.2007754870102686,0.1917,0.8968,generation_date,,,,,,,,,,,,,2024-11-22
,22,0.4979795454545455,0.25502501962183416,0.0374,1.0,generation_date,,,,,,,,,,,,,2025-02-10
,19,0.49781842105263163,0.2584614769331777,0.0618,1.0,generation_date,,,,,,,,,,,,,2024-10-14
,24,0.4976020833333334,0.24004682173673075,0.0,1.0,generation_date,,,,,,,,,,,,,2025-11-15
,22,0.4975522727272727,0.26173723395314985,0.0609,1.0,generation_date,,,,,,,,,,,,,2024-03-04
,19,0.49752631578947365,0.2635970780315739,0.0032,0.9546,generation_date,,,,,,,,,,,,,2024-08-31
,27,0.4974925925925926,0.217904470822786,0.0,0.9459,generation_date,,,,,,,,,,,,,2025-09-06
,18,0.4972972222222222,0.21480781798691745,0.0,0.9146,generation_date,,,,,,,,,,,,,2025-07-07
,24,0.4972833333333333,0.2662330111610581,0.0,1.0,generation_date,,,,,,,,,,,,,2025-05-09
,24,0.49679375,0.19609701864156096,0.0474,1.0,generation_date,,,,,,,,,,,,,2023-12-27
,23,0.4953847826086957,0.21765096925351846,0.0,1.0,generation_date,,,,,,,,,,,,,2024-03-05
,19,0.49538157894736845,0.20214814645213813,0.0638,0.8498,generation_date,,,,,,,,,,,,,2024-02-25
,21,0.4951571428571429,0.29507184349142596,0.0,1.0,generation_date,,,,,,,,,,,,,2024-01-25
,19,0.4940894736842106,0.30725300449618037,0.0,0.9579,generation_date,,,,,,,,,,,,,2024-06-18
,23,0.4939913043478261,0.20026610459141944,0.1901,1.0,generation_date,,,,,,,,,,,,,2024-02-26
,15,0.49399000000000004,0.22094016497685523,0.0,0.925,generation_date,,,,,,,,,,,,,2024-06-22
,29,0.49387413793103446,0.19061924493452614,0.0772,0.9969,generation_date,,,,,,,,,,,,,2025-11-16
,25,0.49375399999999997,0.18116210967896498,0.2066,0.7905,generation_date,,,,,,,,,,,,,2025-05-13
,23,0.4936239130434783,0.2495183678197792,0.0,1.0,generation_date,,,,,,,,,,,,,2025-11-02
,23,0.49347608695652173,0.17954282084174314,0.1828,0.977,generation_date,,,,,,,,,,,,,2024-02-16
,27,0.49322962962962963,0.23382226289808383,0.0,1.0,generation_date,,,,,,,,,,,,,2024-04-13
,26,0.49270192307692307,0.24881394031716522,0.0087,1.0,generation_date,,,,,,,,,,,,,2023-12-28
,27,0.492512962962963,0.19270067641521962,0.0543,0.9079,generation_date,,,,,,,,,,,,,2024-12-30
,14,0.4924428571428571,0.25600508322563176,0.0,1.0,generation_date,,,,,,,,,,,,,2024-08-30
,16,0.49213125,0.34118223228210465,0.0,1.0,generation_date,,,,,,,,,,,,,2025-06-01
,13,0.4920769230769231,0.21607248843017998,0.0107,1.0,generation_date,,,,,,,,,,,,,2025-06-03
,19,0.4919605263157895,0.23142295368902377,0.0,0.88255,generation_date,,,,,,,,,,,,,2025-05-16
,30,0.49151333333333336,0.1897482846832347,0.0,0.8927,generation_date,,,,,,,,,,,,,2024-12-21
,20,0.49139999999999995,0.24631429857848394,0.0,0.8873,generation_date,,,,,,,,,,,,,2025-06-11
,24,0.49132708333333336,0.1656919476534999,0.2386,0.7759,generation_date,,,,,,,,,,,,,2024-07-17
,12,0.491225,0.19393866005424593,0.2197,1.0,generation_date,,,,,,,,,,,,,2024-07-01
,27,0.49121296296296296,0.19366737026734218,0.0,0.9912,generation_date,,,,,,,,,,,,,2024-09-01
,13,0.4910307692307692,0.23466343765989403,0.0698,1.0,generation_date,,,,,,,,,,,,,2025-03-30
,18,0.49093888888888887,0.2534474307689835,0.059,1.0,generation_date,,,,,,,,,,,,,2024-05-27
,18,0.49093333333333333,0.28135185632731047,0.0,0.9958,generation_date,,,,,,,,,,,,,2024-10-27
,25,0.490896,0.275811399148041,0.0,1.0,generation_date,,,,,,,,,,,,,2024-06-05
,20,0.49071,0.21510484077843478,0.0,1.0,generation_date,,,,,,,,,,,,,2025-07-20
,21,0.49060714285714285,0.23040259996672902,0.0,0.8443,generation_date,,,,,,,,,,,,,2025-05-24
,20,0.49041500000000005,0.25219487927311085,0.0,0.82,generation_date,,,,,,,,,,,,,2024-03-03
,18,0.4902444444444445,0.33783170230895637,0.0,1.0,generation_date,,,,,,,,,,,,,2025-03-21
,25,0.490174,0.28601757562546165,0.0,1.0,generation_date,,,,,,,,,,,,,2024-01-12
,21,0.48988095238095236,0.21060916318870748,0.0,0.8037,generation_date,,,,,,,,,,,,,2025-04-13
,12,0.4897708333333333,0.27275587524572337,0.1096,1.0,generation_date,,,,,,,,,,,,,2024-09-08
,15,0.4897533333333334,0.17057850252540477,0.2242,0.7753,generation_date,,,,,,,,,,,,,2025-07-27
,31,0.48958548387096773,0.2275728957182542,0.0213,0.9577,generation_date,,,,,,,,,,,,,2024-11-03
,24,0.4893854166666667,0.2010174616464335,0.052,0.8655,generation_date,,,,,,,,,,,,,2024-02-11
,24,0.48893958333333337,0.2617829863684666,0.0287,1.0,generation_date,,,,,,,,,,,,,2024-07-28
,22,0.48890000000000006,0.22940211523913742,0.1344,1.0,generation_date,,,,,,,,,,,,,2024-11-30
,20,0.488605,0.16867341685230539,0.1037,0.8857,generation_date,,,,,,,,,,,,,2024-02-13
,26,0.4885884615384616,0.2304726245382268,0.0,0.8686,generation_date,,,,,,,,,,,,,2024-06-29
,22,0.4884477272727273,0.25120353466446704,0.1052,1.0,generation_date,,,,,,,,,,,,,2024-01-05
,21,0.4882047619047619,0.19078002640787764,0.1313,0.9194,generation_date,,,,,,,,,,,,,2025-03-13
,23,0.48794782608695647,0.1900448365029235,0.2191,1.0,generation_date,,,,,,,,,,,,,2025-11-10
,27,0.4878092592592593,0.28329143054901457,0.0,1.0,generation_date,,,,,,,,,,,,,2024-01-02
,20,0.487715,0.2764933201344065,0.0,1.0,generation_date,,,,,,,,,,,,,2025-07-26
,15,0.48729333333333336,0.19931579202958544,0.0,0.718,generation_date,,,,,,,,,,,,,2025-02-24
,27,0.4871259259259259,0.230383914690562,0.0,1.0,generation_date,,,,,,,,,,,,,2025-03-20
,22,0.48681818181818176,0.17501758996322855,0.1624,0.8186,generation_date,,,,,,,,,,,,,2025-02-14
,25,0.48678399999999994,0.19940703124096035,0.0008,0.7929,generation_date,,,,,,,,,,,,,2025-10-15
,20,0.486775,0.22830335111771563,0.0,0.935,generation_date,,,,,,,,,,,,,2025-01-15
,24,0.48669375,0.20187993650580277,0.1432,1.0,generation_date,,,,,,,,,,,,,2025-04-24
,16,0.4864875,0.21984657945940392,0.0,0.8906,generation_date,,,,,,,,,,,,,2024-04-27
,22,0.4862409090909091,0.1645669943448735,0.1288,0.7757000000000001,generation_date,,,,,,,,,,,,,2024-03-22
,21,0.48601904761904763,0.28231105472341606,0.0,1.0,generation_date,,,,,,,,,,,,,2024-02-15
,21,0.4858,0.24396856559811142,0.0,0.8833,generation_date,,,,,,,,,,,,,2025-11-17
,19,0.48561052631578944,0.2305884763785834,0.0,1.0,generation_date,,,,,,,,,,,,,2025-01-08
,15,0.48557666666666666,0.2887393986097564,0.0,0.9865,generation_date,,,,,,,,,,,,,2024-10-18
,23,0.485504347826087,0.19479046196142727,0.2325,1.0,generation_date,,,,,,,,,,,,,2025-09-05
,18,0.48523055555555555,0.22259210330246304,0.0,1.0,generation_date,,,,,,,,,,,,,2024-04-17
,21,0.4850595238095238,0.23043893096601953,0.1738,0.886,generation_date,,,,,,,,,,,,,2024-05-02
,23,0.4848826086956522,0.20207265772977867,0.077,0.8972,generation_date,,,,,,,,,,,,,2025-01-16
,11,0.4848681818181818,0.28954239264115306,0.0,1.0,generation_date,,,,,,,,,,,,,2024-02-02
,13,0.48449615384615385,0.23408263717251868,0.0,0.9169,generation_date,,,,,,,,,,,,,2024-07-12
,19,0.4843421052631579,0.22005674852887244,0.0,0.8308,generation_date,,,,,,,,,,,,,2025-08-29
,16,0.48418125,0.21140237216817917,0.1008,1.0,generation_date,,,,,,,,,,,,,2024-01-20
,22,0.48406363636363636,0.20704393149063702,0.0676,0.8042,generation_date,,,,,,,,,,,,,2025-09-14
,29,0.4840155172413793,0.20942149871876994,0.1332,0.9991,generation_date,,,,,,,,,,,,,2024-10-21
,26,0.4837211538461538,0.22415018812085657,0.0,1.0,generation_date,,,,,,,,,,,,,2025-05-29
,23,0.4834826086956522,0.23315334185929676,0.0,0.9426,generation_date,,,,,,,,,,,,,2024-07-15
,20,0.48344,0.21672793373988017,0.1861,1.0,generation_date,,,,,,,,,,,,,2024-08-12
,14,0.4833,0.27655198148185167,0.0,1.0,generation_date,,,,,,,,,,,,,2025-01-10
,17,0.4831176470588236,0.23606598186548955,0.0494,0.8954,generation_date,,,,,,,,,,,,,2024-01-13
,16,0.4826,0.31534765365651074,0.0,1.0,generation_date,,,,,,,,,,,,,2024-06-16
,21,0.48255952380952377,0.307960676718249,0.0,1.0,generation_date,,,,,,,,,,,,,2024-05-14
,33,0.48243787878787875,0.2991657930370463,0.0,1.0,generation_date,,,,,,,,,,,,,2024-04-20
,15,0.48224,0.16077240701421022,0.2315,0.7639,generation_date,,,,,,,,,,,,,2025-09-27
,16,0.482040625,0.22655788606796132,0.0,0.9378,generation_date,,,,,,,,,,,,,2024-01-23
,21,0.48138571428571425,0.2019249397318575,0.0,0.9682,generation_date,,,,,,,,,,,,,2024-05-03
,17,0.48132058823529406,0.22694929916918086,0.0,0.9316,generation_date,,,,,,,,,,,,,2025-08-15
,28,0.48121964285714286,0.21453863346263735,0.0257,1.0,generation_date,,,,,,,,,,,,,2024-07-19
,20,0.481185,0.18610812088110165,0.1774,0.7676,generation_date,,,,,,,,,,,,,2024-11-09
,26,0.4809673076923077,0.26254606717386103,0.0751,1.0,generation_date,,,,,,,,,,,,,2025-08-14
,23,0.4808391304347826,0.1921460163027786,0.0186,0.8304,generation_date,,,,,,,,,,,,,2025-07-16
,21,0.48082857142857144,0.26695143405282007,0.0,1.0,generation_date,,,,,,,,,,,,,2025-05-12
,24,0.48065,0.2790342117095103,0.0,1.0,generation_date,,,,,,,,,,,,,2025-03-23
,27,0.4804925925925926,0.2595875292221014,0.0144,1.0,generation_date,,,,,,,,,,,,,2025-10-12
,26,0.4800846153846154,0.20372043528778883,0.1274,0.917,generation_date,,,,,,,,,,,,,2024-03-12
,27,0.4796462962962963,0.24195846152002953,0.0605,1.0,generation_date,,,,,,,,,,,,,2024-07-13
,29,0.47940344827586207,0.24240309327758564,0.0389,0.9627,generation_date,,,,,,,,,,,,,2024-12-11
,21,0.4793642857142857,0.28142389163984327,0.0,1.0,generation_date,,,,,,,,,,,,,2025-09-26
,28,0.4791785714285714,0.2638521111548031,0.0,1.0,generation_date,,,,,,,,,,,,,2024-09-07
,19,0.47892105263157897,0.2853007313519219,0.1058,1.0,generation_date,,,,,,,,,,,,,2024-11-23
,24,0.4785458333333333,0.26834320817413737,0.0,1.0,generation_date,,,,,,,,,,,,,2025-02-13
,15,0.47851,0.31871873415285773,0.0,1.0,generation_date,,,,,,,,,,,,,2025-11-11
,26,0.47847307692307695,0.26915609234448673,0.0,1.0,generation_date,,,,,,,,,,,,,2025-04-09
,24,0.4781520833333333,0.19253345473221842,0.1892,0.8986,generation_date,,,,,,,,,,,,,2023-12-14
,12,0.47809999999999997,0.1181722106234641,0.2375,0.7373,generation_date,,,,,,,,,,,,,2025-03-29
,23,0.4779717391304348,0.1555586916613257,0.0542,0.63615,generation_date,,,,,,,,,,,,,2025-03-06
,23,0.47788478260869566,0.2231930734887615,0.0,0.8859,generation_date,,,,,,,,,,,,,2024-12-06
,29,0.47757241379310345,0.2621524268934171,0.0,1.0,generation_date,,,,,,,,,,,,,2024-01-10
,27,0.4775333333333333,0.21401832595867543,0.0,1.0,generation_date,,,,,,,,,,,,,2024-05-31
,18,0.47751944444444444,0.2418783682780452,0.0,1.0,generation_date,,,,,,,,,,,,,2025-07-14
,26,0.47716153846153847,0.1729065043933815,0.1559,0.7838,generation_date,,,,,,,,,,,,,2024-06-26
,21,0.47694761904761906,0.25611141836913015,0.0,0.992,generation_date,,,,,,,,,,,,,2025-03-12
,25,0.476746,0.26017041927680146,0.0,0.8404,generation_date,,,,,,,,,,,,,2025-01-04
,26,0.47660384615384616,0.20308933547731006,0.044,0.8258,generation_date,,,,,,,,,,,,,2025-08-27
,16,0.47656875,0.2359034766417542,0.0,0.9244,generation_date,,,,,,,,,,,,,2024-10-22
,22,0.47653863636363636,0.1852578961313237,0.0,0.8003,generation_date,,,,,,,,,,,,,2025-10-20
,22,0.4760681818181818,0.3005751793864614,0.0,1.0,generation_date,,,,,,,,,,,,,2025-10-25
,16,0.475925,0.256362369833536,0.0,0.9198,generation_date,,,,,,,,,,,,,2024-07-21
,22,0.47554090909090907,0.23066468480931754,0.0,1.0,generation_date,,,,,,,,,,,,,2024-02-12
,32,0.4755015625,0.2608881024761553,0.0,1.0,generation_date,,,,,,,,,,,,,2024-11-15
,29,0.475451724137931,0.23438139952511114,0.0,1.0,generation_date,,,,,,,,,,,,,2024-04-02
,40,0.47531875,0.2589188081053695,0.0,1.0,generation_date,,,,,,,,,,,,,2023-12-30
,20,0.4752675,0.2658982810434135,0.0,1.0,generation_date,,,,,,,,,,,,,2024-08-22
,12,0.47520416666666665,0.21620599442780297,0.1243,0.7858,generation_date,,,,,,,,,,,,,2024-04-12
,24,0.47502916666666667,0.21995494297334123,0.0,0.9273,generation_date,,,,,,,,,,,,,2025-06-17
,16,0.4749,0.18690106473747012,0.1429,0.7799,generation_date,,,,,,,,,,,,,2025-10-19
,19,0.4748210526315789,0.20043260041705172,0.0,0.9133,generation_date,,,,,,,,,,,,,2024-12-14
,17,0.47473235294117644,0.22363360166602345,0.1307,0.9633,generation_date,,,,,,,,,,,,,2025-05-28
,24,0.4746375,0.26554457918136587,0.0,1.0,generation_date,,,,,,,,,,,,,2025-09-18
,19,0.47452105263157895,0.2801117705070749,0.0,0.9945,generation_date,,,,,,,,,,,,,2023-12-29
,18,0.4744555555555556,0.21132756069310207,0.1833,1.0,generation_date,,,,,,,,,,,,,2025-11-05
,20,0.47443749999999996,0.26217299525464,0.1129,1.0,generation_date,,,,,,,,,,,,,2025-04-06
,24,0.4744333333333333,0.22829987986183334,0.0,1.0,generation_date,,,,,,,,,,,,,2025-10-05
,24,0.47396666666666665,0.17793023282630524,0.1352,0.931,generation_date,,,,,,,,,,,,,2024-06-12
,22,0.473875,0.21307758577458072,0.0569,0.876,generation_date,,,,,,,,,,,,,2024-07-29
,24,0.47379166666666667,0.2465303789670214,0.0,1.0,generation_date,,,,,,,,,,,,,2025-07-23
,21,0.4736666666666666,0.2509123135346955,0.0,1.0,generation_date,,,,,,,,,,,,,2025-10-26
,22,0.47311363636363635,0.28443733814146893,0.0,1.0,generation_date,,,,,,,,,,,,,2025-12-08
,16,0.4727,0.3160834742068409,0.0,0.9968,generation_date,,,,,,,,,,,,,2025-06-02
,32,0.4726796875,0.2122723159207314,0.0,1.0,generation_date,,,,,,,,,,,,,2025-04-26
,16,0.47229375,0.2543106092130907,0.1268,1.0,generation_date,,,,,,,,,,,,,2024-04-24
,26,0.4722673076923077,0.20128671438637358,0.1021,1.0,generation_date,,,,,,,,,,,,,2025-11-23
,23,0.47211739130434777,0.2679939342125182,0.0,1.0,generation_date,,,,,,,,,,,,,2024-01-03
,15,0.4715566666666666,0.25048243513173496,0.0,1.0,generation_date,,,,,,,,,,,,,2025-07-31
,35,0.47147571428571433,0.29596868136466653,0.0,1.0,generation_date,,,,,,,,,,,,,2023-12-25
,36,0.4714111111111111,0.23843788412771488,0.0,1.0,generation_date,,,,,,,,,,,,,2025-04-27
,23,0.47099782608695656,0.2720370932587975,0.0,1.0,generation_date,,,,,,,,,,,,,2024-12-31
,29,0.47059137931034484,0.22912193769637998,0.0,0.8622,generation_date,,,,,,,,,,,,,2024-09-30
,19,0.47053157894736836,0.18556112141475578,0.0,0.7970999999999999,generation_date,,,,,,,,,,,,,2024-10-07
,26,0.4704403846153846,0.17127096777868148,0.0,0.7709,generation_date,,,,,,,,,,,,,2025-11-03
,25,0.470282,0.23775410304906763,0.1102,1.0,generation_date,,,,,,,,,,,,,2024-12-18
,30,0.47024666666666665,0.24752944197343105,0.0,1.0,generation_date,,,,,,,,,,,,,2025-07-05
,17,0.46951176470588235,0.2882669897038875,0.0842,1.0,generation_date,,,,,,,,,,,,,2024-02-04
,22,0.46950454545454545,0.2502590723863739,0.0,0.9359,generation_date,,,,,,,,,,,,,2024-01-21
,13,0.4694,0.21082645706836706,0.0,0.8121,generation_date,,,,,,,,,,,,,2024-06-03
,13,0.4693076923076923,0.2947471443501431,0.0,0.9591,generation_date,,,,,,,,,,,,,2024-12-08
,18,0.46914999999999996,0.2576430276679001,0.0,1.0,generation_date,,,,,,,,,,,,,2024-02-18
,20,0.46892750000000005,0.2507093397138145,0.0,1.0,generation_date,,,,,,,,,,,,,2025-10-29
,23,0.46873913043478266,0.21310067560818294,0.001,0.9212,generation_date,,,,,,,,,,,,,2024-04-05
,21,0.4685380952380952,0.2754604099978624,0.0,1.0,generation_date,,,,,,,,,,,,,2024-08-10
,23,0.4684130434782609,0.3022583186378346,0.0284,1.0,generation_date,,,,,,,,,,,,,2025-02-05
,21,0.4683857142857143,0.3115457226246483,0.0,1.0,generation_date,,,,,,,,,,,,,2024-08-08
,17,0.4681352941176471,0.17182419773265517,0.054,0.7846,generation_date,,,,,,,,,,,,,2024-02-08
,24,0.4678875,0.2257406867692297,0.0559,1.0,generation_date,,,,,,,,,,,,,2025-06-18
,31,0.4677483870967742,0.2777668241180814,0.0,1.0,generation_date,,,,,,,,,,,,,2024-07-03
,16,0.46731875,0.31648260661790983,0.0,1.0,generation_date,,,,,,,,,,,,,2024-09-19
,25,0.46728000000000003,0.20433395459394396,0.0,0.8261,generation_date,,,,,,,,,,,,,2024-07-04
,23,0.4671695652173913,0.1999415651788442,0.059,0.8471,generation_date,,,,,,,,,,,,,2023-12-31
,23,0.4667152173913044,0.2087384756942952,0.0928,0.8769,generation_date,,,,,,,,,,,,,2024-06-30
,18,0.4666166666666667,0.19221347277869746,0.138,0.7435,generation_date,,,,,,,,,,,,,2025-08-09
,22,0.46658181818181815,0.17980091009983032,0.112,0.7321,generation_date,,,,,,,,,,,,,2025-02-04
,19,0.46652368421052626,0.14061398536460362,0.2151,0.7402,generation_date,,,,,,,,,,,,,2024-09-06
,20,0.4664849999999999,0.25392991630514283,0.0,1.0,generation_date,,,,,,,,,,,,,2024-04-28
,26,0.46639807692307694,0.289957546713573,0.0,1.0,generation_date,,,,,,,,,,,,,2024-04-18
,16,0.46623125000000004,0.24171637572094007,0.0,0.9685,generation_date,,,,,,,,,,,,,2024-10-11
,23,0.46599347826086956,0.2591464715282336,0.0,1.0,generation_date,,,,,,,,,,,,,2024-07-11
,22,0.46593863636363636,0.1853520742056524,0.0123,0.809,generation_date,,,,,,,,,,,,,2024-09-27
,28,0.4657410714285714,0.26619712587617367,0.0,1.0,generation_date,,,,,,,,,,,,,2025-07-19
,23,0.46556521739130435,0.24717100743613937,0.0,0.9045,generation_date,,,,,,,,,,,,,2025-10-30
,17,0.46500588235294116,0.23518712887450985,0.0172,0.9453,generation_date,,,,,,,,,,,,,2024-01-07
,27,0.46490740740740744,0.20117656983533708,0.0,0.8967,generation_date,,,,,,,,,,,,,2024-01-26
,16,0.46475625,0.19967672863489455,0.1067,0.9639,generation_date,,,,,,,,,,,,,2025-01-11
,20,0.46442249999999996,0.24128318395993142,0.0,0.9312,generation_date,,,,,,,,,,,,,2024-03-28
,17,0.4642176470588235,0.21383638381743558,0.0,0.9237,generation_date,,,,,,,,,,,,,2025-05-17
,27,0.46416666666666667,0.27549967890529936,0.0,1.0,generation_date,,,,,,,,,,,,,2023-12-21
,17,0.4641176470588236,0.15395713784725165,0.138,0.7254,generation_date,,,,,,,,,,,,,2024-08-25
,13,0.46406923076923073,0.2900312063227432,0.057,0.9498,generation_date,,,,,,,,,,,,,2024-05-13
,28,0.46397857142857146,0.2061872905468928,0.0,0.9179,generation_date,,,,,,,,,,,,,2025-01-27
,17,0.46395588235294116,0.18450600928759828,0.1084,0.8514,generation_date,,,,,,,,,,,,,2025-05-31
,23,0.46372608695652173,0.2330931290032753,0.0154,0.9184,generation_date,,,,,,,,,,,,,2025-06-16
,27,0.4636074074074074,0.20764474641139055,0.0954,1.0,generation_date,,,,,,,,,,,,,2025-11-28
,18,0.4635777777777778,0.249103976768397,0.0,1.0,generation_date,,,,,,,,,,,,,2024-09-23
,24,0.4632729166666667,0.21508382540766,0.0,0.8628,generation_date,,,,,,,,,,,,,2024-09-03
,29,0.46323448275862067,0.2643881663737485,0.0,1.0,generation_date,,,,,,,,,,,,,2025-02-21
,20,0.463205,0.2673732724409631,0.0,1.0,generation_date,,,,,,,,,,,,,2024-12-20
,24,0.46294583333333333,0.22754169226982227,0.0,0.8594,generation_date,,,,,,,,,,,,,2024-02-29
,12,0.46274166666666666,0.23752593909386877,0.086,0.927,generation_date,,,,,,,,,,,,,2024-11-16
,18,0.46234722222222224,0.1773843919059117,0.0,0.7935,generation_date,,,,,,,,,,,,,2024-05-12
,22,0.4623227272727272,0.20327648232985107,0.0,0.8995,generation_date,,,,,,,,,,,,,2024-08-27
,27,0.46222592592592593,0.22066368003504724,0.0333,1.0,generation_date,,,,,,,,,,,,,2024-11-02
,29,0.4620620689655172,0.24536624580671398,0.0,1.0,generation_date,,,,,,,,,,,,,2025-08-22
,24,0.46202916666666666,0.22025327215487067,0.0,0.9824,generation_date,,,,,,,,,,,,,2025-11-19
,26,0.4616173076923077,0.162836817054564,0.1665,0.7686,generation_date,,,,,,,,,,,,,2025-05-04
,18,0.4612416666666667,0.22913367422045305,0.0,0.9634,generation_date,,,,,,,,,,,,,2025-01-29
,22,0.46050227272727273,0.22672926296591037,0.0,0.8775999999999999,generation_date,,,,,,,,,,,,,2023-12-11
,23,0.4605,0.2209205780776925,0.0,0.7331,generation_date,,,,,,,,,,,,,2024-08-01
,23,0.4602326086956522,0.2698431655646967,0.0,1.0,generation_date,,,,,,,,,,,,,2025-10-08
,22,0.4602318181818182,0.24585707692219735,0.0,1.0,generation_date,,,,,,,,,,,,,2024-08-06
,19,0.45995,0.2771889813626957,0.0,1.0,generation_date,,,,,,,,,,,,,2024-12-05
,29,0.45937931034482754,0.24888573486830448,0.0,1.0,generation_date,,,,,,,,,,,,,2024-09-20
,16,0.4593125,0.18651317692502767,0.0609,0.7711,generation_date,,,,,,,,,,,,,2023-12-13
,21,0.45922857142857143,0.2354915988795718,0.0,0.921,generation_date,,,,,,,,,,,,,2024-08-24
,28,0.4589517857142857,0.22346506955564202,0.0,0.8627,generation_date,,,,,,,,,,,,,2025-09-11
,20,0.45874,0.21837554422551414,0.0,0.8275,generation_date,,,,,,,,,,,,,2024-11-24
,18,0.4586861111111111,0.2814016826560104,0.0,1.0,generation_date,,,,,,,,,,,,,2024-01-01
,31,0.4586,0.2014510565042206,0.0,0.8854,generation_date,,,,,,,,,,,,,2024-03-10
,21,0.4580357142857143,0.17335054019446922,0.1363,0.9823,generation_date,,,,,,,,,,,,,2024-04-03
,15,0.45798,0.27185680894807207,0.0095,1.0,generation_date,,,,,,,,,,,,,2024-06-01
,22,0.45797727272727273,0.2168993093839983,0.176,1.0,generation_date,,,,,,,,,,,,,2024-07-23
,16,0.457946875,0.18511639533795124,0.0566,0.7887,generation_date,,,,,,,,,,,,,2025-08-30
,27,0.45747222222222217,0.23728391803156457,0.0,0.8503,generation_date,,,,,,,,,,,,,2024-03-23
,17,0.45702941176470585,0.21520759386202512,0.0,0.7716,generation_date,,,,,,,,,,,,,2025-06-07
,17,0.4567323529411765,0.24092014038705364,0.0,0.8737,generation_date,,,,,,,,,,,,,2025-04-20
,19,0.45659736842105264,0.24648427968448405,0.0162,0.9098,generation_date,,,,,,,,,,,,,2024-04-22
,23,0.45643478260869563,0.28598090624231864,0.0,1.0,generation_date,,,,,,,,,,,,,2024-10-13
,22,0.45630454545454546,0.1358919440384361,0.1533,0.801,generation_date,,,,,,,,,,,,,2025-08-19
,20,0.45618,0.2079510211817348,0.0,0.9808,generation_date,,,,,,,,,,,,,2025-07-21
,19,0.45612631578947366,0.24231012003010902,0.0887,0.9386,generation_date,,,,,,,,,,,,,2025-10-17
,23,0.45598695652173915,0.24709776553264357,0.0,0.9432,generation_date,,,,,,,,,,,,,2025-05-15
,21,0.45570952380952384,0.27302905688728796,0.0,1.0,generation_date,,,,,,,,,,,,,2024-03-02
,22,0.45556590909090905,0.1571730691416946,0.1477,0.8271,generation_date,,,,,,,,,,,,,2024-03-27
,21,0.4554761904761905,0.253057412269947,0.0,0.9626,generation_date,,,,,,,,,,,,,2023-12-26
,20,0.45542,0.13777073862418182,0.1717,0.7023,generation_date,,,,,,,,,,,,,2025-04-17
,32,0.455325,0.22933255645811151,0.0,0.9995,generation_date,,,,,,,,,,,,,2025-05-08
,22,0.4552727272727273,0.16804790468315356,0.1186,0.8068,generation_date,,,,,,,,,,,,,2024-04-11
,21,0.4548809523809524,0.29253309875815353,0.0,1.0,generation_date,,,,,,,,,,,,,2025-06-30
,25,0.454876,0.2765224784111893,0.0,1.0,generation_date,,,,,,,,,,,,,2024-07-20
,16,0.45443125,0.2672893581090226,0.0767,0.9896,generation_date,,,,,,,,,,,,,2025-01-25
,31,0.4540451612903226,0.20290756037944913,0.0,0.8427,generation_date,,,,,,,,,,,,,2025-02-25
,18,0.4539527777777778,0.17699376565310249,0.1476,0.8749,generation_date,,,,,,,,,,,,,2024-08-23
,25,0.453852,0.28725069352976906,0.0,1.0,generation_date,,,,,,,,,,,,,2025-04-05
,27,0.4537444444444444,0.23177254654797522,0.0,1.0,generation_date,,,,,,,,,,,,,2024-05-30
,36,0.45353194444444445,0.2347290216254777,0.0,1.0,generation_date,,,,,,,,,,,,,2024-10-15
,20,0.45346000000000003,0.2713507312841096,0.0,1.0,generation_date,,,,,,,,,,,,,2024-02-07
,21,0.453345238095238,0.21671931034448794,0.1276,0.9417,generation_date,,,,,,,,,,,,,2024-12-10
,25,0.45314,0.1922600235791795,0.0338,0.8559,generation_date,,,,,,,,,,,,,2024-10-08
,24,0.45302916666666665,0.25931111661337497,0.0,1.0,generation_date,,,,,,,,,,,,,2024-06-19
,17,0.4530029411764706,0.21732056425257787,0.0,0.9441,generation_date,,,,,,,,,,,,,2025-03-27
,13,0.4528730769230769,0.28718241053915006,0.0,1.0,generation_date,,,,,,,,,,,,,2025-09-01
,25,0.45236000000000004,0.30583808079875646,0.0,1.0,generation_date,,,,,,,,,,,,,2025-03-17
,23,0.4519782608695652,0.24568461482248805,0.0,1.0,generation_date,,,,,,,,,,,,,2025-03-28
,26,0.45194038461538466,0.2596305151630797,0.0,1.0,generation_date,,,,,,,,,,,,,2025-03-07
,16,0.451425,0.23908415115463705,0.0447,0.8827,generation_date,,,,,,,,,,,,,2024-04-10
,21,0.4513642857142857,0.22058515653985944,0.0332,0.8203,generation_date,,,,,,,,,,,,,2024-06-08
,23,0.4512608695652174,0.2408731177482347,0.0,0.8877,generation_date,,,,,,,,,,,,,2025-04-10
,17,0.4510882352941176,0.1984487493105995,0.0184,0.7421,generation_date,,,,,,,,,,,,,2025-01-21
,25,0.45105199999999995,0.24322185023828213,0.0,1.0,generation_date,,,,,,,,,,,,,2025-05-26
,21,0.4510047619047619,0.23033303817774486,0.0,0.936,generation_date,,,,,,,,,,,,,2025-08-08
,20,0.4510025,0.23379228099172947,0.0,1.0,generation_date,,,,,,,,,,,,,2024-06-07
,29,0.45087758620689655,0.18908900001350784,0.0122,0.9761,generation_date,,,,,,,,,,,,,2024-11-19
,23,0.45036304347826084,0.2816970274544619,0.0,1.0,generation_date,,,,,,,,,,,,,2025-06-10
,17,0.45030882352941176,0.23690998042195144,0.0,1.0,generation_date,,,,,,,,,,,,,2024-07-31
,19,0.4501526315789473,0.21654318819533708,0.0,1.0,generation_date,,,,,,,,,,,,,2024-09-29
,21,0.45012380952380954,0.2799473359486779,0.0,1.0,generation_date,,,,,,,,,,,,,2024-02-21
,28,0.44988214285714284,0.1874644085796741,0.0,0.8084,generation_date,,,,,,,,,,,,,2024-04-07
,21,0.4498309523809524,0.18407222527868677,0.0362,0.6939,generation_date,,,,,,,,,,,,,2024-08-14
,31,0.44953225806451613,0.2723030889616651,0.0,1.0,generation_date,,,,,,,,,,,,,2025-07-24
,18,0.44943333333333335,0.23349997606751358,0.0,0.852,generation_date,,,,,,,,,,,,,2025-03-10
,8,0.4493375,0.3839769559212785,0.0205,0.9988,generation_date,,,,,,,,,,,,,2025-10-10
,18,0.4487611111111111,0.25554637921149376,0.0,0.9055,generation_date,,,,,,,,,,,,,2025-01-06
,33,0.4485136363636364,0.25581258254113237,0.0,1.0,generation_date,,,,,,,,,,,,,2024-05-20
,23,0.4484347826086957,0.2405107493509587,0.0,0.9761,generation_date,,,,,,,,,,,,,2025-11-12
,19,0.4482657894736842,0.22744819315654155,0.0,0.8744,generation_date,,,,,,,,,,,,,2024-04-14
,21,0.44786190476190474,0.22538601659417665,0.0,0.7623,generation_date,,,,,,,,,,,,,2024-05-26
,23,0.44770000000000004,0.1679977353743469,0.0,0.767,generation_date,,,,,,,,,,,,,2024-04-09
,27,0.4474462962962963,0.22794170599499522,0.0,1.0,generation_date,,,,,,,,,,,,,2025-01-30
,21,0.4470547619047619,0.15798183432341353,0.0,0.7772,generation_date,,,,,,,,,,,,,2025-09-29
,17,0.44687647058823526,0.1961670287325694,0.1206,0.7897,generation_date,,,,,,,,,,,,,2025-01-01
,17,0.4465058823529412,0.1470943977119295,0.2305,0.693,generation_date,,,,,,,,,,,,,2025-09-20
,21,0.4455952380952381,0.2845652323742141,0.0,1.0,generation_date,,,,,,,,,,,,,2024-08-26
,23,0.44555434782608694,0.2606482011312651,0.0,1.0,generation_date,,,,,,,,,,,,,2024-12-04
,20,0.44509999999999994,0.1561303065762024,0.1771,0.7483,generation_date,,,,,,,,,,,,,2024-01-31
,26,0.4449461538461538,0.19673804102057987,0.0,0.8023,generation_date,,,,,,,,,,,,,2024-10-26
,25,0.444762,0.2648513267224966,0.0,0.9258,generation_date,,,,,,,,,,,,,2025-04-11
,19,0.4447526315789474,0.18530493298111222,0.0375,0.8217,generation_date,,,,,,,,,,,,,2025-11-04
,22,0.44454772727272723,0.2826196781800389,0.0,1.0,generation_date,,,,,,,,,,,,,2025-02-11
,37,0.4440905405405405,0.22326049117997102,0.0,0.9976,generation_date,,,,,,,,,,,,,2025-04-22
,12,0.44377500000000003,0.3058780984908263,0.0,1.0,generation_date,,,,,,,,,,,,,2024-12-15
,31,0.44301129032258063,0.20887198061239864,0.0631,1.0,generation_date,,,,,,,,,,,,,2025-04-23
,21,0.4428714285714286,0.19514224848263162,0.0668,0.909,generation_date,,,,,,,,,,,,,2024-05-16
,20,0.44278500000000004,0.17373035148273827,0.1438,0.8307,generation_date,,,,,,,,,,,,,2025-06-19
,22,0.4425590909090909,0.24744038562294038,0.0,1.0,generation_date,,,,,,,,,,,,,2025-04-25
,12,0.44212500000000005,0.25529151296294417,0.1574,1.0,generation_date,,,,,,,,,,,,,2024-11-06
,17,0.4417441176470588,0.2753859529609949,0.0,1.0,generation_date,,,,,,,,,,,,,2025-02-12
,19,0.4410868421052631,0.23240556017570835,0.0,0.7991,generation_date,,,,,,,,,,,,,2025-08-12
,19,0.441,0.268342242088138,0.0,1.0,generation_date,,,,,,,,,,,,,2025-06-29
,14,0.4408285714285714,0.25885857566980897,0.0,0.939,generation_date,,,,,,,,,,,,,2024-07-06
,22,0.44079318181818183,0.2383375024421174,0.0,0.8235,generation_date,,,,,,,,,,,,,2024-02-28
,16,0.44015625,0.16554462024380817,0.0996,0.7246,generation_date,,,,,,,,,,,,,2025-11-07
,25,0.44,0.21595543714695709,0.0,0.849,generation_date,,,,,,,,,,,,,2024-09-14
,17,0.4398882352941177,0.2734988068583502,0.0,0.9755,generation_date,,,,,,,,,,,,,2024-08-13
,27,0.4389925925925926,0.21400471180277594,0.0,0.9229,generation_date,,,,,,,,,,,,,2024-03-26
,25,0.43898600000000004,0.13563922392385863,0.2193,0.7228,generation_date,,,,,,,,,,,,,2024-12-28
,11,0.43860000000000005,0.2566642388413314,0.0,0.8114,generation_date,,,,,,,,,,,,,2025-11-14
,24,0.4378104166666667,0.1777693143540408,0.0398,0.8238,generation_date,,,,,,,,,,,,,2024-09-28
,15,0.43655000000000005,0.25857023569180254,0.0,1.0,generation_date,,,,,,,,,,,,,2024-08-29
,15,0.4363666666666667,0.22481140561643687,0.0,1.0,generation_date,,,,,,,,,,,,,2024-01-14
,21,0.43580476190476186,0.2453719263204136,0.0,0.8234,generation_date,,,,,,,,,,,,,2025-10-02
,26,0.43580384615384615,0.24220673563015419,0.0,1.0,generation_date,,,,,,,,,,,,,2025-05-27
,13,0.43548461538461536,0.12416798330053956,0.1828,0.6597,generation_date,,,,,,,,,,,,,2024-01-30
,26,0.4352615384615385,0.26898798943733243,0.0,1.0,generation_date,,,,,,,,,,,,,2024-02-20
,28,0.43525357142857146,0.19249366845218543,0.1475,1.0,generation_date,,,,,,,,,,,,,2024-07-30
,21,0.4351952380952381,0.24815758194379334,0.0,0.9195,generation_date,,,,,,,,,,,,,2025-05-18
,27,0.43510185185185185,0.227403692836483,0.0,1.0,generation_date,,,,,,,,,,,,,2024-09-11
,23,0.4350630434782609,0.22222500688664798,0.0,1.0,generation_date,,,,,,,,,,,,,2025-10-21
,25,0.43501199999999995,0.2427845912875582,0.0,0.8942,generation_date,,,,,,,,,,,,,2024-11-11
,27,0.43499629629629627,0.21116131180010128,0.0,1.0,generation_date,,,,,,,,,,,,,2024-03-11
,20,0.434985,0.22517256137179956,0.0,1.0,generation_date,,,,,,,,,,,,,2025-10-27
,21,0.43471904761904756,0.20284485603299784,0.0,1.0,generation_date,,,,,,,,,,,,,2025-03-11
,19,0.43354736842105257,0.22411255695996715,0.0,0.8625,generation_date,,,,,,,,,,,,,2024-06-21
,24,0.43335833333333335,0.22227997018383713,0.0,0.9352,generation_date,,,,,,,,,,,,,2025-09-07
,20,0.4332975,0.2278926804643153,0.0,0.855,generation_date,,,,,,,,,,,,,2025-12-01
,15,0.43316666666666664,0.1466368530304257,0.1822,0.6254,generation_date,,,,,,,,,,,,,2025-02-03
,23,0.4326826086956522,0.2313278402695933,0.078,0.9988,generation_date,,,,,,,,,,,,,2023-12-18
,23,0.43260869565217386,0.24575932963524863,0.0,1.0,generation_date,,,,,,,,,,,,,2025-04-01
,27,0.4326037037037037,0.2580070042005143,0.0,1.0,generation_date,,,,,,,,,,,,,2025-08-11
,23,0.43229347826086956,0.2332891574382763,0.012,0.965,generation_date,,,,,,,,,,,,,2024-05-05
,23,0.431254347826087,0.22942145512385329,0.0064,1.0,generation_date,,,,,,,,,,,,,2025-03-09
,28,0.4310785714285714,0.2753583905159115,0.0,1.0,generation_date,,,,,,,,,,,,,2024-04-15
,21,0.4310333333333333,0.2258370631303315,0.0,0.9056,generation_date,,,,,,,,,,,,,2025-06-24
,32,0.43095,0.2192335074901909,0.0,1.0,generation_date,,,,,,,,,,,,,2024-12-26
,32,0.4307625,0.23180922321543193,0.0,0.9128,generation_date,,,,,,,,,,,,,2024-06-24
,11,0.43063636363636365,0.25017409647174615,0.0,0.8053,generation_date,,,,,,,,,,,,,2025-09-15
,18,0.43059444444444445,0.17549245826672075,0.0,0.6653,generation_date,,,,,,,,,,,,,2025-08-23
,22,0.4304704545454545,0.1881206392686118,0.091,0.7783,generation_date,,,,,,,,,,,,,2024-08-28
,17,0.4301970588235294,0.253090778224057,0.0,1.0,generation_date,,,,,,,,,,,,,2025-01-12
,32,0.430090625,0.2450968368327164,0.0,0.9155,generation_date,,,,,,,,,,,,,2024-08-18
,26,0.42974230769230765,0.22256643264082193,0.0,1.0,generation_date,,,,,,,,,,,,,2025-09-30
,17,0.42965882352941176,0.22427351342396495,0.1656,1.0,generation_date,,,,,,,,,,,,,2025-01-23
,26,0.428825,0.2408806888274774,0.0029,1.0,generation_date,,,,,,,,,,,,,2024-04-06
,23,0.4287456521739131,0.2604633336230943,0.0,1.0,generation_date,,,,,,,,,,,,,2025-02-09
,27,0.42822037037037036,0.18167133005854877,0.1341,0.6797,generation_date,,,,,,,,,,,,,2025-09-08
,33,0.4281742424242424,0.2440904366601432,0.0,1.0,generation_date,,,,,,,,,,,,,2025-08-02
,18,0.4278666666666667,0.22524218077438338,0.0793,0.8692,generation_date,,,,,,,,,,,,,2024-11-29
,20,0.42752999999999997,0.3020814722798088,0.0,1.0,generation_date,,,,,,,,,,,,,2025-03-01
,24,0.4275083333333333,0.17312505888661164,0.0116,0.7302,generation_date,,,,,,,,,,,,,2025-05-07
,19,0.42738157894736845,0.253763327625109,0.0,0.9176,generation_date,,,,,,,,,,,,,2024-01-22
,18,0.42717777777777777,0.24552847817467377,0.0,0.9345,generation_date,,,,,,,,,,,,,2024-03-29
,17,0.42674117647058823,0.23178087188879373,0.0,0.9811,generation_date,,,,,,,,,,,,,2024-09-16
,22,0.42657954545454546,0.24714128726542664,0.0,1.0,generation_date,,,,,,,,,,,,,2025-11-24
,20,0.42654,0.21928729089340407,0.0365,0.8669,generation_date,,,,,,,,,,,,,2025-10-16
,24,0.42614166666666664,0.18653724634871802,0.0,0.8239,generation_date,,,,,,,,,,,,,2025-03-24
,28,0.426125,0.25353477754723497,0.0,1.0,generation_date,,,,,,,,,,,,,2025-11-18
,21,0.42595,0.2572553196728884,0.0,1.0,generation_date,,,,,,,,,,,,,2024-03-25
,27,0.4258962962962963,0.29004498388709066,0.0,1.0,generation_date,,,,,,,,,,,,,2025-09-17
,19,0.42577368421052636,0.22699717776538608,0.0,1.0,generation_date,,,,,,,,,,,,,2025-09-03
,30,0.425685,0.21113908928917463,0.0,0.8684,generation_date,,,,,,,,,,,,,2025-10-22
,20,0.4256825,0.283078872808027,0.0,1.0,generation_date,,,,,,,,,,,,,2024-03-15
,22,0.4249636363636364,0.17209496145319236,0.1288,0.8116,generation_date,,,,,,,,,,,,,2024-04-21
,18,0.42463888888888884,0.23151365132888815,0.0,0.7879,generation_date,,,,,,,,,,,,,2025-06-21
,20,0.4244875,0.2733104538389111,0.0,1.0,generation_date,,,,,,,,,,,,,2024-01-15
,13,0.4239576923076923,0.22072537409466714,0.0,0.7679,generation_date,,,,,,,,,,,,,2024-07-09
,27,0.42385185185185187,0.24385957240619255,0.0,1.0,generation_date,,,,,,,,,,,,,2024-04-25
,25,0.423808,0.20026982615128686,0.0,0.8448,generation_date,,,,,,,,,,,,,2025-11-30
,25,0.423298,0.2614301215111475,0.0,0.9937,generation_date,,,,,,,,,,,,,2024-10-31
,32,0.4231875,0.23244784708166955,0.0,1.0,generation_date,,,,,,,,,,,,,2025-07-15
,21,0.4227571428571429,0.23900707274352484,0.0,0.8912,generation_date,,,,,,,,,,,,,2025-11-27
,21,0.42247619047619045,0.2409185316756723,0.0,0.9264,generation_date,,,,,,,,,,,,,2025-08-20
,15,0.4221533333333333,0.2834569679275263,0.0,1.0,generation_date,,,,,,,,,,,,,2025-07-13
,23,0.42211739130434783,0.2175257652496155,0.0,0.8454,generation_date,,,,,,,,,,,,,2025-02-06
,22,0.4219090909090909,0.24139994853254454,0.0,1.0,generation_date,,,,,,,,,,,,,2024-10-20
,20,0.42161,0.25093634525198033,0.0,1.0,generation_date,,,,,,,,,,,,,2025-02-01
,21,0.4212928571428571,0.22200445507112818,0.0232,1.0,generation_date,,,,,,,,,,,,,2025-01-28
,20,0.420835,0.22241479095789046,0.0,0.9217,generation_date,,,,,,,,,,,,,2025-10-14
,26,0.42055000000000003,0.26577973925790505,0.0,0.9219,generation_date,,,,,,,,,,,,,2025-04-03
,14,0.4197642857142857,0.23256250973462153,0.0,0.7853,generation_date,,,,,,,,,,,,,2024-06-17
,15,0.4194833333333333,0.2319707398933466,0.0741,1.0,generation_date,,,,,,,,,,,,,2024-11-27
,16,0.41936249999999997,0.2509619011589873,0.0,0.8192,generation_date,,,,,,,,,,,,,2025-03-14
,25,0.419342,0.25935776596559945,0.0,1.0,generation_date,,,,,,,,,,,,,2024-02-22
,20,0.4189575,0.24114715275718007,0.0,0.8761,generation_date,,,,,,,,,,,,,2024-05-25
,25,0.418906,0.2448415777429697,0.0,1.0,generation_date,,,,,,,,,,,,,2025-08-06
,25,0.418576,0.2575912933311217,0.0,1.0,generation_date,,,,,,,,,,,,,2025-12-03
,25,0.41840000000000005,0.23263067788162994,0.0,1.0,generation_date,,,,,,,,,,,,,2025-05-30
,19,0.4178,0.21291655381601704,0.0,0.8754,generation_date,,,,,,,,,,,,,2024-05-01
,16,0.41736875,0.2414585367269779,0.0,0.9714,generation_date,,,,,,,,,,,,,2024-08-04
,22,0.4165113636363636,0.2995771678676059,0.0,1.0,generation_date,,,,,,,,,,,,,2024-02-23
,16,0.415184375,0.17082118888743478,0.0872,0.7439,generation_date,,,,,,,,,,,,,2025-03-19
,26,0.4149711538461539,0.19554444465291104,0.0,0.81535,generation_date,,,,,,,,,,,,,2024-05-24
,24,0.41447083333333334,0.2140005815294144,0.0,0.8026,generation_date,,,,,,,,,,,,,2025-06-05
,17,0.4143470588235294,0.16186622994639377,0.0958,0.6876,generation_date,,,,,,,,,,,,,2024-11-26
,30,0.41433,0.3032599341978019,0.0,1.0,generation_date,,,,,,,,,,,,,2024-05-15
,21,0.41425952380952386,0.2360986084346155,0.0,1.0,generation_date,,,,,,,,,,,,,2024-01-04
,21,0.41401666666666664,0.22743170916416502,0.0725,0.8233,generation_date,,,,,,,,,,,,,2024-09-17
,27,0.4135333333333333,0.21268834187428037,0.0,1.0,generation_date,,,,,,,,,,,,,2024-06-23
,15,0.41295333333333334,0.2364674392163196,0.0,0.7625,generation_date,,,,,,,,,,,,,2024-10-29
,23,0.4118369565217392,0.17671555741140987,0.0674,0.6854,generation_date,,,,,,,,,,,,,2024-07-27
,20,0.408605,0.21805789242164206,0.0,0.9296,generation_date,,,,,,,,,,,,,2024-09-25
,18,0.4082,0.28185400528308563,0.0,0.9879,generation_date,,,,,,,,,,,,,2024-11-13
,22,0.4068818181818182,0.23213338045258874,0.0,0.9142,generation_date,,,,,,,,,,,,,2024-06-14
,24,0.40642708333333327,0.27454807885717697,0.0,1.0,generation_date,,,,,,,,,,,,,2025-09-10
,15,0.40553333333333336,0.18172901201933556,0.1105,0.7158,generation_date,,,,,,,,,,,,,2024-05-19
,24,0.4049333333333333,0.23698470216022596,0.0,0.784,generation_date,,,,,,,,,,,,,2024-09-04
,17,0.4040705882352941,0.255290196430224,0.0,0.7981,generation_date,,,,,,,,,,,,,2025-11-09
,15,0.40346666666666664,0.251881311807953,0.0,0.9472,generation_date,,,,,,,,,,,,,2025-04-12
,18,0.40317222222222227,0.20412343960155882,0.0,0.9283,generation_date,,,,,,,,,,,,,2024-12-27
,24,0.40314999999999995,0.21092208122391096,0.0,0.8217,generation_date,,,,,,,,,,,,,2024-04-23
,21,0.4021404761904762,0.24062045716181724,0.0,0.9265,generation_date,,,,,,,,,,,,,2025-02-15
,15,0.40107333333333334,0.18396419087368476,0.0,0.6454,generation_date,,,,,,,,,,,,,2024-10-10
,21,0.40057380952380955,0.2545272822405526,0.0,0.9938,generation_date,,,,,,,,,,,,,2025-02-22
,27,0.4005444444444444,0.20157396110329281,0.0,0.6946,generation_date,,,,,,,,,,,,,2025-09-24
,29,0.4005120689655173,0.1665642934935188,0.0,0.62775,generation_date,,,,,,,,,,,,,2024-02-10
,25,0.40018,0.2219509278534334,0.0,1.0,generation_date,,,,,,,,,,,,,2025-10-09
,19,0.3999263157894737,0.22503412541732237,0.0,0.7681,generation_date,,,,,,,,,,,,,2025-10-18
,25,0.399026,0.15864488719569045,0.0402,0.8343,generation_date,,,,,,,,,,,,,2024-12-07
,30,0.39776833333333333,0.1565627099672807,0.0,0.7686,generation_date,,,,,,,,,,,,,2024-02-03
,17,0.39735882352941176,0.19621468809324497,0.0,0.7174,generation_date,,,,,,,,,,,,,2025-09-13
,26,0.39716346153846155,0.22923004932063,0.0,0.9578,generation_date,,,,,,,,,,,,,2024-07-07
,12,0.397125,0.2600304741756243,0.0,0.7848,generation_date,,,,,,,,,,,,,2024-12-13
,21,0.3965809523809524,0.2799744624408584,0.0,1.0,generation_date,,,,,,,,,,,,,2025-06-08
,16,0.39651875,0.2735194550514947,0.0,0.8205,generation_date,,,,,,,,,,,,,2024-06-13
,24,0.396275,0.229468981042906,0.0,1.0,generation_date,,,,,,,,,,,,,2025-04-28
,16,0.39614375,0.30157321271127513,0.0,0.8794,generation_date,,,,,,,,,,,,,2024-12-09
,22,0.39475,0.21187622341267806,0.0,0.7132,generation_date,,,,,,,,,,,,,2025-02-20
,22,0.39444545454545454,0.21007000585354244,0.0,0.6912,generation_date,,,,,,,,,,,,,2024-05-06
,23,0.3935434782608696,0.18901131177329272,0.0,0.7824,generation_date,,,,,,,,,,,,,2025-06-13
,27,0.3926425925925926,0.22731367378398903,0.0433,0.8281,generation_date,,,,,,,,,,,,,2024-04-19
,24,0.39115000000000005,0.2792954583294871,0.0,1.0,generation_date,,,,,,,,,,,,,2025-09-12
,16,0.38985625,0.16112382802780395,0.0,0.6401,generation_date,,,,,,,,,,,,,2024-10-25
,15,0.3897066666666667,0.22494133351567366,0.0,0.9022,generation_date,,,,,,,,,,,,,2024-11-01
,21,0.3895476190476191,0.2458368536632529,0.0,0.9026,generation_date,,,,,,,,,,,,,2025-11-13
,21,0.3893309523809524,0.2504242023428399,0.0,0.7189,generation_date,,,,,,,,,,,,,2023-12-22
,22,0.388625,0.23433045132177477,0.0,0.8544,generation_date,,,,,,,,,,,,,2025-08-28
,21,0.3883333333333333,0.2501360556443899,0.0,0.8593,generation_date,,,,,,,,,,,,,2025-02-08
,19,0.3876973684210526,0.24042797978794456,0.0263,0.7759,generation_date,,,,,,,,,,,,,2025-07-18
,26,0.387025,0.18856837977243163,0.0,0.7938,generation_date,,,,,,,,,,,,,2024-01-06
,17,0.3865705882352941,0.25243811064473276,0.0,1.0,generation_date,,,,,,,,,,,,,2025-09-28
,17,0.3847294117647059,0.1970962923443319,0.0,0.7548,generation_date,,,,,,,,,,,,,2025-11-26
,21,0.3837928571428571,0.19102832465744074,0.0,0.7246,generation_date,,,,,,,,,,,,,2025-03-08
,27,0.37945555555555555,0.21904710168456978,0.0,0.7778,generation_date,,,,,,,,,,,,,2024-12-12
,21,0.3792309523809524,0.20803352582948648,0.0,0.9126,generation_date,,,,,,,,,,,,,2024-11-12
,23,0.3766260869565217,0.18695339044165113,0.0,0.8476,generation_date,,,,,,,,,,,,,2024-04-29
,24,0.37662083333333335,0.22960062297136866,0.0,0.7849,generation_date,,,,,,,,,,,,,2025-11-20
,20,0.37637,0.16377576486737816,0.0107,0.6864,generation_date,,,,,,,,,,,,,2024-08-11
,17,0.3760088235294118,0.18230624152378716,0.0,0.6981,generation_date,,,,,,,,,,,,,2024-05-28
,20,0.3750975,0.24947138242956002,0.0,0.8917,generation_date,,,,,,,,,,,,,2024-07-26
,21,0.3747857142857143,0.20403094443175596,0.0,0.711,generation_date,,,,,,,,,,,,,2025-08-24
,25,0.372566,0.24136530004676868,0.0,0.859,generation_date,,,,,,,,,,,,,2025-12-04
,8,0.371375,0.278990915110664,0.0948,0.8141,generation_date,,,,,,,,,,,,,2025-08-05
,22,0.3655568181818181,0.19932318772682825,0.0,0.6562,generation_date,,,,,,,,,,,,,2025-06-15
,18,0.36488333333333334,0.25975485332045173,0.0,1.0,generation_date,,,,,,,,,,,,,2024-10-03
,21,0.3615904761904762,0.292493230528096,0.0,0.9906,generation_date,,,,,,,,,,,,,2024-01-08
,18,0.36019444444444443,0.26236225399295043,0.0,0.9394,generation_date,,,,,,,,,,,,,2025-10-04
,19,0.3578815789473684,0.18895911169301383,0.0,0.5943,generation_date,,,,,,,,,,,,,2025-10-31
,22,0.35649318181818185,0.1826367004631342,0.0,0.5795,generation_date,,,,,,,,,,,,,2025-04-15
,13,0.3554769230769231,0.2679822386957954,0.0,0.7264,generation_date,,,,,,,,,,,,,2024-10-28
,21,0.3540190476190476,0.1997413424132511,0.0,0.7028,generation_date,,,,,,,,,,,,,2025-11-21
,17,0.35248235294117647,0.1790991641706282,0.0,0.5819,generation_date,,,,,,,,,,,,,2025-02-27
,15,0.35008,0.23687017601571178,0.0,0.716,generation_date,,,,,,,,,,,,,2025-10-06
,18,0.3474055555555556,0.19538126068316733,0.0,0.6121,generation_date,,,,,,,,,,,,,2024-03-09
,29,0.34688793103448273,0.1988138934384062,0.0,0.7725,generation_date,,,,,,,,,,,,,2024-10-16
,16,0.346053125,0.22701838065727187,0.0,0.7638,generation_date,,,,,,,,,,,,,2024-03-14
,19,0.3369763157894737,0.2625950866767762,0.0,0.8305,generation_date,,,,,,,,,,,,,2025-09-25
,10,0.336875,0.3472843289566762,0.0,1.0,generation_date,,,,,,,,,,,,,2025-02-23
,17,0.3274705882352941,0.21789672945200977,0.0,0.7887,generation_date,,,,,,,,,,,,,2024-06-06
,23,0.3221,0.2317882723129412,0.0,0.8666,generation_date,,,,,,,,,,,,,2025-04-16
,15,0.29646,0.28533720602623336,0.0,0.96,generation_date,,,,,,,,,,,,,2024-03-31
