record_id,flood_risk_score
F104559,0.47686367038999167
F100765,0.44915400676307926
F107573,0.4782881975994764
F110345,0.5426414601384971
F118850,0.5082336663265731
F118228,0.5070210842623395
F107230,0.46225779086232577
F118529,0.4200758108227044
F100418,0.4732947494896357
F104883,0.5171258565849723
F111040,0.5137615421653536
F108454,0.49720040401604665
F110834,0.5612728066293656
F100969,0.4652865869912709
F109368,0.4943984236824006
F102545,0.40728603294830695
F122488,0.43652253324455287
F103894,0.47615681532584664
F105408,0.4882347543474964
F112579,0.5054044152690772
F103663,0.4862699446323569
F120363,0.4556250318040904
F124722,0.45799151311358954
F116480,0.5261011873449666
F114951,0.4689291766369711
F100738,0.4538747711519687
F110536,0.48698998145687034
F122026,0.5300630912511458
F105117,0.5004192027955267
F108958,0.5285770371781189
F116660,0.39685090547319746
F114422,0.4171809680789842
F120962,0.4654688105317607
F111174,0.47334313889033997
F113429,0.5626522804750177
F124188,0.5108919853766211
F117761,0.4600560725795362
F118236,0.46396157153433004
F107714,0.42560434856896817
F118833,0.537380609388705
F100761,0.43330812684429154
F120268,0.5571460883224465
F109138,0.4531663871652772
F124412,0.47530498387034575
F120691,0.49251326909823034
F124661,0.5032353377604989
F108890,0.4823618780465365
F121417,0.4490950989158251
F118138,0.46223738398479625
F121512,0.4866283672690569
F108954,0.5469667453583378
F113146,0.46104473307785815
F105087,0.5446609527998592
F121469,0.5267211227423836
F102542,0.45073680385059633
F100209,0.5912755738597808
F124632,0.41016118310246924
F107038,0.47597166300193083
F100938,0.5400993910913033
F107925,0.4743647881526146
F105361,0.4655232637842407
F105697,0.5297582246481838
F115744,0.4649344314197335
F107426,0.456284622698891
F124172,0.4754613253019921
F104946,0.487073607470503
F102095,0.4916408571722747
F123356,0.4420785424399181
F102650,0.4718838240228014
F106539,0.43612639764612937
F112891,0.4776056881398326
F108289,0.48502554829725714
F115077,0.44273798255536034
F122323,0.45709697871548727
F107204,0.49648878062397883
F113309,0.4748216230335879
F105741,0.5288676315558809
F113925,0.5185870683085347
F103318,0.4950355560828721
F105950,0.4628210596900443
F119672,0.4655719386549172
F109242,0.5480942098371285
F122020,0.434287397534173
F111466,0.4457520558869441
F119578,0.5230356152261287
F104122,0.547794512217769
F117075,0.5409276383854935
F119337,0.48363517594253813
F104315,0.4747279505920945
F115990,0.5027835966846164
F121530,0.44312209914158507
F107744,0.46185986191063333
F121368,0.5154228599328182
F104624,0.45932846716689923
F104063,0.5057276816828619
F104344,0.49771897150463396
F118253,0.52089156870414
F103315,0.46947919584705516
F119431,0.5706877312667767
F112167,0.5136315787965628
F116395,0.5125936116103083
F107209,0.39556135499870654
F106831,0.48232812382774637
F110362,0.5032649644991948
F123715,0.49574786280978794
F114686,0.47888458373617143
F100236,0.4151103235795779
F105475,0.5067704652094337
F119724,0.49942180411745485
F121653,0.5013369401117157
F110182,0.43846067387402576
F124466,0.5001992815237551
F109994,0.5384313865264434
F101098,0.4403593983059225
F110819,0.4888944258390526
F124937,0.40737771252407484
F105167,0.5329674402152351
F109738,0.5249246338977602
F117504,0.5087997403082296
F123201,0.5337441048537295
F104276,0.5144414918813865
F106674,0.49609381341017245
F102033,0.5639966908262456
F114776,0.46238388653558316
F106675,0.5308836510148249
F107195,0.5283736951768185
F115966,0.4462731845349473
F110078,0.4679966217752669
F101644,0.5609376178864619
F100635,0.440936381239201
F106895,0.49648587153206475
F115420,0.4933397283613348
F122657,0.5072269254249807
F121159,0.4241573057750841
F106498,0.5423552168626566
F123880,0.42352512276027837
F121738,0.5002349219287064
F103530,0.5394150755784892
F118037,0.43757749244757305
F121887,0.548068046856551
F117474,0.47283029527272213
F108838,0.5652516688159965
F110850,0.4480529636786288
F108920,0.4536840443643576
F116417,0.4965376236304192
F123163,0.4484138147954328
F114455,0.4252277582535459
F101247,0.5292382148579611
F104992,0.4563411261832935
F118511,0.4150736521967717
F114644,0.4804634367222143
F102251,0.490094724068859
F109818,0.4237538059693581
F111847,0.44579391606194096
F104955,0.43145339626234935
F119652,0.5153839560575061
F122133,0.4210828206223606
F104993,0.4468668318765209
F113510,0.4705448306250949
F123557,0.47019618468155366
F113962,0.39796600514705577
F105947,0.4760953217374933
F106911,0.5029593352287202
F100652,0.4642325490100019
F109685,0.45074736304907526
F116475,0.4923346169657524
F104565,0.48851456248096914
F124062,0.4494230886517679
F115932,0.4205468235823438
F109613,0.5285534581283672
F102386,0.5084637083617456
F113483,0.42120712149662565
F117088,0.4977720769426921
F101277,0.5140220842944626
F124674,0.45802329710164214
F118679,0.5027782864196279
F100697,0.4694443480255017
F107785,0.4645194241155222
F109642,0.46778267729962075
F119574,0.43196372326216215
F114841,0.5273175784211495
F112762,0.5459180089611094
F123792,0.3956230572757056
F107168,0.5248492612004625
F120641,0.5783251517901264
F108273,0.4494008856870625
F124407,0.5174816992462025
F114604,0.5100182526466668
F102970,0.48919926244636414
F122148,0.42460687209789627
F108010,0.5121003820267642
F117610,0.5073858513022981
F100140,0.46269390181633197
F113938,0.42238979425184275
F121084,0.4645760179242208
F101060,0.5109386501403627
F108562,0.5053880346521596
F110164,0.46769952327424585
F110472,0.47934838670256197
F114543,0.43519053700969634
F122852,0.4847456353130347
F123987,0.5207955534809683
F106836,0.4526987025643239
F101754,0.3971139290506712
F113931,0.5175421314442538
F124553,0.44714603369149947
F102295,0.49305437571345445
F112168,0.43206468043349816
F119601,0.4634671649373927
F114744,0.4805503828504548
F102112,0.429209451581509
F113311,0.5008065429035453
F101833,0.4247693942527213
F103038,0.41326871282463323
F120560,0.43959940278830223
F112035,0.45134815808201667
F111041,0.4339205909405357
F106820,0.41131697546297796
F122282,0.544775744199752
F122812,0.4200711073249095
F121959,0.4994233069762337
F111241,0.4830726744018474
F115679,0.5645718420404915
F100487,0.4372873096157262
F110726,0.49549283062120614
F117027,0.4232665189252542
F111810,0.447868959240711
F112058,0.4799126316471049
F112471,0.48832414433478327
F103296,0.5276058778429628
F115646,0.470937119239847
F103349,0.45139710001313826
F122192,0.47056614181339124
F107979,0.4885394511630551
F124864,0.47710843744716014
F122862,0.46854302522170804
F118545,0.4505215908744269
F123305,0.48081534037524976
F110767,0.4614328748198622
F103752,0.4312807963630831
F121115,0.44210922216221143
F109639,0.5320084621899158
F101751,0.4812119063957038
F114586,0.509899895600882
F112250,0.44372665903857167
F108536,0.47597225259463743
F116656,0.4691163543451452
F121706,0.4470758297934798
F118536,0.5240314579163737
F105191,0.5168964389428142
F104561,0.4689261483900775
F101998,0.5164925106176155
F115774,0.41872798605708095
F115983,0.517156291557499
F123259,0.4907647728060319
F100753,0.5469775552532505
F123982,0.443198669771405
F116710,0.5490370195240899
F102019,0.5034685487797628
F123612,0.5084229687770954
F115548,0.44678203670296757
F114793,0.5464478860319345
F101753,0.5687491505242455
F104066,0.5541873952147801
F107166,0.4657711201750122
F104321,0.40351665648879154
F105839,0.5273985411086898
F118851,0.5253226255257392
F109929,0.4077769280703919
F118079,0.5351815007293651
F106387,0.46324262431156016
F117429,0.42497702131339854
F112211,0.45021330230576584
F101550,0.4867751113322414
F121466,0.46521432817305675
F107148,0.5479047515037518
F118450,0.4009385398235214
F111865,0.5349806701922614
F110969,0.4565244554852566
F109782,0.46301023475454894
F111408,0.41677318427859944
F108063,0.4931235169225341
F120971,0.5380625893359542
F123231,0.49103458655093624
F122302,0.49809478733442886
F121337,0.4549564256665654
F119311,0.40825995654804215
F124628,0.4961404206171998
F113156,0.5323713812182329
F122818,0.4544984999989298
F116061,0.460184114240848
F114676,0.46667232135166214
F105188,0.5046544646214057
F109111,0.46273341861022477
F108985,0.47731387894466404
F118123,0.4594329601644739
F116826,0.5106232166051937
F111800,0.5378778238524415
F110853,0.46341183036365013
F110615,0.4884813287915477
F107116,0.4614252923657327
F121710,0.42819335351734494
F100340,0.4761049814953669
F101311,0.49884867585042725
F106219,0.4450940388463913
F114711,0.5189626907711333
F102516,0.5542198188946194
F124145,0.48867577247537985
F110628,0.5198720332297116
F104011,0.5593791025539147
F105525,0.47013669958672677
F120431,0.4151891950171958
F109437,0.5241149455149482
F120177,0.43861867331097026
F112433,0.5003804125642232
F100873,0.5425620469062443
F123892,0.43267856366253604
F100488,0.4593538116540138
F123556,0.462594079692849
F107354,0.5704733301949827
F123503,0.5356301670028857
F119966,0.4331445754966302
F117678,0.46096932469173874
F121895,0.577013523333539
F122053,0.46600730903539767
F112917,0.46617952520401845
F106363,0.5283786808784968
F102370,0.41572122730674316
F117001,0.47118619715904986
F101693,0.44460446510316853
F105339,0.4574454421179951
F107942,0.4037413636533785
F101824,0.4018437444621403
F106272,0.46069846456687596
F124074,0.44362307741474544
F106358,0.4270840143902234
F119832,0.4199291594163381
F110240,0.44477581297715996
F119296,0.5133646709565517
F109476,0.42994680240074035
F107789,0.5468045487017023
F100736,0.5115111793078876
F116588,0.46953094286816477
F122290,0.4780204993976759
F101154,0.5037128125870134
F102389,0.5071542692915157
F117811,0.436744705516813
F111868,0.5498351411592649
F101781,0.529880648575543
F116332,0.4466096994506443
F111610,0.5078027279078262
F122095,0.5276724861731213
F109282,0.46799011359201914
F105010,0.4963868312981725
F119399,0.5072810888961303
F101522,0.4731953346655079
F119679,0.472270222813184
F122804,0.5775273215239495
F108115,0.4521768557351441
F119513,0.544794734871576
F115012,0.48820629138728205
F106658,0.5357842698241331
F119250,0.42960880554936215
F118688,0.5483478988269851
F117432,0.46261753744589107
F114870,0.44290196549769384
F103602,0.4410544369739803
F101598,0.47532634529985834
F109441,0.46810694456470964
F124954,0.5220341526713421
F115780,0.40623856948713744
F122592,0.5016049254536692
F109049,0.4130183691695881
F114002,0.5181296978923713
F114251,0.4258066999736396
F117006,0.5191610515630144
F115034,0.4995373595678967
F104720,0.4497377334885431
F109984,0.5542529367386406
F119430,0.5124521342016243
F105198,0.5138219578884384
F103837,0.46718025805336905
F114551,0.4580499303546636
F103104,0.42971288901077187
F120376,0.4438087044029766
F104851,0.5262075291020087
F120183,0.47154333300105744
F124885,0.49129463503583254
F102201,0.44771777906181387
F119491,0.519911295290011
F104606,0.4594297092108774
F116372,0.4671322350832504
F119040,0.5423400615936164
F101915,0.5240345520579683
F109175,0.5042918208198689
F115685,0.4579864946788053
F111428,0.43750607273781805
F103111,0.4799751817351392
F110873,0.42359800366683364
F107633,0.45653070215829855
F107787,0.5113981258858185
F117530,0.48201967440358573
F111396,0.5487892871506439
F100767,0.5474559659869347
F123768,0.5011384114963975
F119595,0.4908916885324063
F120457,0.5172724303672819
F100411,0.4760425297507535
F124692,0.5077206166935417
F121841,0.49159819312479314
F120055,0.4256902306426562
F109741,0.4733465666020119
F116870,0.4835625548860485
F105897,0.5062990401112308
F111705,0.5049755999813644
F111019,0.4871017507321891
F112687,0.4322734613729708
F120794,0.4518760114468555
F108983,0.47768118974142226
F104288,0.4155275507800999
F104780,0.5368089413047668
F111451,0.5343576096604421
F101955,0.5124294439922525
F108150,0.52230446556776
F116150,0.4839387942623714
F100183,0.5477758821833647
F117639,0.5220231574984386
F121714,0.48871252236722496
F120937,0.49200820782821464
F113890,0.40207265085413146
F108932,0.5106402464278825
F122822,0.5242725879028979
F109135,0.49281979827762185
F100552,0.5198014615703691
F101261,0.5256922537337582
F100114,0.49749522872937046
F117108,0.4532812335622067
F123679,0.45739611694602333
F111243,0.46316080196890325
F113133,0.5656388079569759
F104645,0.4640275223710822
F105874,0.5281494589597046
F119181,0.4622405440019002
F101394,0.4251882179865615
F124488,0.44295994439198194
F116999,0.5413214022186309
F116068,0.5307028945110859
F118719,0.446408159580968
F120589,0.5549702161402162
F116146,0.5130927263806884
F119080,0.4940235912850077
F122698,0.5042712963484021
F121018,0.46153330387059144
F123107,0.5801959877317604
F122501,0.44259067371327404
F102275,0.5152220960137536
F108923,0.44482669185819285
F108770,0.5408411408214537
F118911,0.49946692596928144
F118847,0.4656462248538535
F107313,0.5054950317277792
F100472,0.4581480641453948
F101105,0.48759916196287856
F119002,0.43581780637491163
F122076,0.5509989965492443
F107518,0.570139065728444
F101013,0.46923139333486397
F114054,0.43213407575713764
F111988,0.578663322937984
F105303,0.5555490366284517
F118549,0.4553744920007309
F115072,0.5110617418010233
F103483,0.5010363741844202
F108248,0.394817188604925
F107192,0.4734766441394525
F104489,0.47292424225930046
F115885,0.45373760317120626
F123246,0.544138866475044
F124020,0.48810189626842004
F106433,0.4045343908214162
F108155,0.4376826433556926
F104023,0.48380350777364023
F105426,0.4028898711366141
F106140,0.5151754216544707
F120579,0.5248251795403527
F109403,0.5053383583612372
F103161,0.4340452912496062
F120903,0.4655368136216719
F114267,0.4299991707177935
F114603,0.45609537257778054
F101173,0.5457512601595116
F118312,0.442427122286265
F112957,0.5203443288832562
F108174,0.4731623510362789
F107679,0.4827413093442569
F106552,0.4846994854019197
F123409,0.5271140726481824
F124647,0.5131471366232452
F116742,0.4138814498247848
F117931,0.5409319330288057
F116665,0.4508216817336941
F115205,0.5211057629302303
F100312,0.4360664948083208
F116986,0.476680522245306
F111842,0.474657014620451
F124289,0.49366008851104703
F123926,0.5426793494705864
F121069,0.42161133680274754
F122330,0.435811161778476
F102060,0.5078048902515652
F120022,0.4650795062495577
F120754,0.5064663694921853
F100793,0.3972745106595805
F103998,0.45148130308932266
F118846,0.4785600059688803
F110851,0.4490683422183369
F121612,0.47190117189507697
F118155,0.5005689061523141
F108002,0.4668532999229531
F122670,0.4901484335468096
F124458,0.45323272729668584
F103392,0.5226023219841343
F114535,0.4509440484825561
F116547,0.5375162473865849
F102145,0.39313325306915886
F105687,0.471643382387272
F109473,0.5436717642911669
F121006,0.47331136928319206
F112627,0.5790303927352476
F113522,0.41023275895017347
F118369,0.5310263480764601
F106945,0.5283895277288967
F102604,0.4700297179195456
F100080,0.4798484947152001
F111323,0.40559107499641683
F117613,0.46659124626605786
F110569,0.4928822329851382
F104756,0.3950750256396055
F118393,0.5059645483435165
F114181,0.4719486110415948
F124170,0.5292391206750167
F101428,0.44977830729395696
F111588,0.4127992307531163
F117567,0.529903488192952
F105661,0.40875470050163654
F124355,0.5255261846061218
F114965,0.4720486647436519
F120057,0.49219725366712996
F122212,0.4427330882009842
F116977,0.5287250916125146
F112559,0.42254429873958055
F105212,0.46891006833429333
F100954,0.5319248556540331
F121941,0.4440372003008083
F115462,0.5074349484791942
F116974,0.4745747878087005
F106977,0.49828551579920644
F113158,0.4272921490100381
F104864,0.47289007520311055
F105837,0.43216477129381503
F114309,0.4975956975912137
F114564,0.4316988719382029
F106157,0.542944297521561
F105206,0.5149851430726577
F107052,0.4682101295211539
F107894,0.5383802179753474
F120568,0.5251130655373872
F119555,0.4663197022422975
F110716,0.44002059287710993
F112055,0.445201231824654
F120856,0.4948228591277316
F109446,0.5503072966140142
F105342,0.4626307998865202
F112668,0.4886883373308069
F107650,0.4235327477632068
F111844,0.411315188055722
F115697,0.44470272751128104
F112253,0.4578061908035451
F106643,0.494109553328014
F116282,0.4527409107587319
F106165,0.44405372952896777
F120271,0.4620216475321077
F123729,0.4909045377037009
F100377,0.44890186647870584
F108642,0.39782345519240037
F112115,0.4280619524751957
F102438,0.4240669702128496
F116606,0.4410149806748138
F118051,0.4098724349105499
F101272,0.4222541821716552
F122322,0.48835655322569327
F108021,0.44173167983266814
F109367,0.5107926083364164
F122111,0.534330424836292
F112812,0.43729764066764143
F100908,0.48517002321948766
F113094,0.4601220129774085
F100501,0.47757354785469186
F118716,0.4890604670591451
F124793,0.5083652595070749
F107085,0.5145031111679671
F107738,0.42792298214313496
F110914,0.5031141690850982
F117788,0.43471320567736516
F118159,0.45989810283186927
F108667,0.5040728068053633
F108071,0.46354152073472416
F103657,0.4947187059863084
F119748,0.5625718709073964
F101308,0.44423795621278106
F116569,0.4674416145436051
F100038,0.47666968338860105
F112205,0.5404844482684493
F103240,0.47251351664800856
F113950,0.4447683008482303
F100517,0.46826698647716314
F118227,0.41488463363325456
F106284,0.44697536637537016
F107250,0.4821764813159704
F108987,0.48128251270473865
F115171,0.5435854352202444
F105144,0.4718862504173561
F106889,0.5230970869165456
F108820,0.5299993434966387
F117312,0.4896579191609371
F106690,0.47367920875678093
F109425,0.5217733290704453
F106041,0.5397522153738696
F112476,0.4753436928644912
F117231,0.4523039892559887
F105013,0.4184158083123897
F103834,0.4037386158619049
F122912,0.43772416737061043
F124120,0.4749510852446943
F116850,0.47421031018972926
F116021,0.485078562510155
F102974,0.4827940925023317
F119415,0.4370307529127737
F106844,0.4814007053255359
F112212,0.4671883349368315
F105832,0.4044663901195994
F121947,0.4294747504133641
F101841,0.4281580804253405
F115295,0.5588376139330723
F102786,0.45227982940782324
F108739,0.5236750042844144
F124052,0.4958340764532865
F112033,0.4992097825668598
F109200,0.5016216048843049
F101307,0.4901984635080806
F116142,0.4963689688101196
F116923,0.40492340487231904
F112328,0.4891491372335509
F109744,0.5125535605463888
F112901,0.48609142679622286
F100297,0.4476421110428997
F106331,0.5345384050722656
F108745,0.49017960389253123
F118987,0.49164269641801195
F109362,0.4617102643341131
F110804,0.4187904344263118
F107474,0.5169649909179795
F114558,0.4290954238437762
F116890,0.4463458513873497
F113360,0.5120327803906324
F115612,0.513720639863438
F110049,0.4582701757388422
F108747,0.494414520095614
F105182,0.46801030241304087
F104033,0.48201603525632514
F111015,0.5385966675995089
F115764,0.4474545605052357
F111029,0.4670253504125327
F115056,0.4409226248715967
F109302,0.4480357953715436
F122737,0.514575012583619
F100416,0.4855044680300339
F108765,0.46189766398049115
F100382,0.4742925252830736
F119964,0.47255717239095907
F118924,0.42785662600163454
F119687,0.45144198693137566
F121773,0.453330566882045
F103119,0.5070368301794551
F124159,0.4722857370479
F113540,0.5052697615769824
F119690,0.4520807808151297
F124124,0.40497856108190516
F106874,0.531958993966607
F124254,0.4304916829897775
F117206,0.43858316290661903
F116103,0.4616447931901951
F122415,0.5147070848610307
F114830,0.4542509456816148
F100470,0.4674319513389665
F119810,0.5024486520861435
F107705,0.4958011381565307
F122443,0.5659793017814968
F101447,0.4795850130412752
F110636,0.426228127060419
F118571,0.411632288932141
F124080,0.4765038727598628
F109930,0.39288068072523147
F108900,0.5153302789156456
F116182,0.49206539821454987
F107775,0.4270432417914336
F109914,0.42890878412429995
F107440,0.4724107964186912
F111821,0.5007656855690527
F116376,0.4828276736255278
F116093,0.41150601759600886
F114477,0.48296382206223487
F107480,0.45106074156291665
F111851,0.48899187837656455
F111086,0.4631107389589195
F123115,0.41873806054802143
F108151,0.49026031904656625
F105727,0.4916669123617728
F121308,0.5292470951821141
F111963,0.4776452148105628
F120189,0.49289457319046864
F124354,0.45116191202072675
F106821,0.47787672552179983
F104285,0.47218337177956027
F119069,0.458941060975923
F105983,0.44983512239720935
F100970,0.4812514190996996
F112515,0.463670485154268
F116847,0.43394711410989806
F102872,0.47682306551224374
F120378,0.53907931325308
F116531,0.4400060887980538
F109448,0.5407462111625735
F116394,0.4429973664586627
F104949,0.4844459171052674
F104022,0.4612319778162871
F109661,0.4915948141075713
F101127,0.4865286380108621
F105458,0.5250784034154584
F111359,0.5087874116420572
F104832,0.46328262082646776
F124194,0.43906559762435193
F105827,0.45698619294655707
F107425,0.4925183793849208
F102306,0.4777428601130237
F119913,0.4210891845354744
F101672,0.5137967731812629
F103056,0.5057611751290483
F104382,0.4238551748352573
F118968,0.5825710602196257
F124767,0.4818203460938355
F109725,0.40057921730302803
F102929,0.46817451659376735
F106360,0.45823031060524594
F115541,0.5073811400747951
F123884,0.48132269603406974
F113152,0.5131874825051898
F107913,0.4144671425757801
F109226,0.5353693243233686
F105023,0.5039609714414546
F102322,0.4761242247430767
F103788,0.4880623350450555
F107396,0.5434479996695749
F115281,0.476145903594497
F100273,0.4895512277755038
F107970,0.4203476254878282
F120773,0.4701114606558302
F112894,0.537240821403445
F104441,0.42552835934777933
F111676,0.4967545098038214
F113899,0.44370318379749196
F124975,0.44738376509471967
F109944,0.5521322477494792
F118346,0.4953660167764429
F121350,0.4802840914650165
F107638,0.4260777915695013
F121517,0.49622987969861215
F116362,0.5437630981932126
F102513,0.5045788277505356
F119158,0.4562552527868968
F119159,0.4563738701313511
F104153,0.37812285656490985
F101120,0.5229865975510568
F113681,0.48219861290524907
F121532,0.4218809698198444
F103335,0.5507698243830799
F101237,0.5518539620241123
F122458,0.44355431092388714
F120053,0.40961939102132333
F101349,0.4332609578855396
F108195,0.48259727655046025
F106115,0.4835278238740913
F101981,0.4944232634352052
F102653,0.4533169523727063
F111226,0.4430446329670291
F114911,0.5034531499530829
F104370,0.5062972725980093
F103728,0.4749620307019263
F109989,0.5427162797835353
F109136,0.44628139568329556
F109377,0.391683595257834
F116367,0.47592656897512486
F121974,0.4989393357911993
F122473,0.4659904771954306
F106614,0.5007857781981713
F101124,0.4605935607917405
F115128,0.5408175925025571
F102816,0.5129582724206723
F103041,0.4495512955408919
F116138,0.4459512986989401
F117373,0.4442896904880585
F115252,0.47880303990104506
F124056,0.5131196300859111
F119772,0.5103250718093257
F104436,0.4885262393265529
F107423,0.4812761987670014
F100095,0.42582506452886526
F100364,0.526363218224889
F112038,0.5331337728105261
F104522,0.4823907821168705
F113109,0.46337380337743483
F110974,0.4375071571564492
F101872,0.49764064107508665
F101068,0.4880789151027629
F104709,0.46603265157113954
F120644,0.4695694695490083
F110439,0.47442300079805355
F108131,0.5172763084203053
F109717,0.41666377448934866
F109622,0.5114021446671005
F123571,0.45805780634129045
F102686,0.47239811129042003
F119216,0.4720229968347492
F123527,0.56111704047994
F112500,0.38648124359988795
F120660,0.4678577005258975
F121830,0.48578588447514404
F104237,0.4380924295608572
F115190,0.5258883360741368
F118920,0.5048532250642974
F116871,0.5255131650099404
F116973,0.4126899103403091
F123010,0.5489559399986617
F114876,0.43946580338508734
F110215,0.510593235717312
F107723,0.4664420254742868
F108436,0.4833879369224455
F103074,0.575136231334745
F114136,0.4255539847576752
F120082,0.45848281175964695
F115581,0.5436437202686175
F108293,0.5091539789109824
F115417,0.5086815482488236
F116833,0.46976175295134326
F100029,0.5225526673655368
F116985,0.44534611949571307
F111833,0.5645634060584827
F120260,0.4844369526410961
F109583,0.4698941847382958
F123693,0.4827177947544153
F115645,0.5288504419217516
F122301,0.47800070270357786
F119206,0.45632330647416797
F100826,0.48372134818153134
F111926,0.4924300040859195
F112417,0.49620441419125594
F110403,0.42606710239011003
F119140,0.5415393019760973
F104695,0.5096389837532276
F123804,0.4296297264949608
F117199,0.43174651531721353
F114751,0.5017487741874955
F113662,0.5508879426953022
F119786,0.4646286868102203
F109722,0.48089921043736955
F117726,0.4350159586277984
F120605,0.41126409146017956
F104546,0.5364752879111842
F119188,0.4640708283829629
F116439,0.4259593390361401
F111002,0.43847938709515044
F123070,0.4747229281717904
F106147,0.4378746398674557
F104932,0.488297194817478
F109194,0.5136780685580169
F115531,0.5254225816685144
F105641,0.5212657032895409
F112111,0.5055164781624228
F102598,0.41353535644980377
F109342,0.4327503806206429
F118390,0.46068761035203765
F113576,0.4561216281372179
F106199,0.5228402480033375
F116290,0.5260097302614789
F107611,0.5242078576133251
F113223,0.48528939587742775
F118464,0.4982938700140338
F123013,0.4909454818242355
F120006,0.49536678706713844
F116478,0.502924144973524
F101312,0.3901873260724722
F123042,0.4655785270194844
F100045,0.45969922689577375
F113407,0.4674453432051536
F113374,0.46431591306120934
F118256,0.43287744200850753
F104208,0.41992960254516387
F120343,0.41570885657629963
F101762,0.4586996845493302
F108658,0.4232175554608368
F116339,0.45671964064837595
F124368,0.4487579477591867
F103787,0.45948711686596644
F113870,0.4544266827018931
F111713,0.49171178807778537
F118677,0.5338494675594165
F104312,0.4437103921095539
F106606,0.5311908765210651
F118122,0.48973471054446627
F106599,0.5595450317159052
F109570,0.5429385936948099
F113081,0.5110064646761001
F105129,0.444999072590914
F109831,0.4328896366894164
F115161,0.4676819652528277
F122139,0.5004465848225153
F114634,0.4477207177123608
F105517,0.4660912127722505
F114407,0.50665862517155
F109772,0.4285661670181602
F124495,0.446204085867811
F103543,0.560913389911948
F124747,0.46566054427584225
F119084,0.42930685983957106
F115815,0.5144804020168002
F118726,0.41794264874695974
F119478,0.5024484701000836
F122521,0.40539884363408674
F102328,0.5080437783481624
F100842,0.521082184087373
F104040,0.432440874476998
F123101,0.4699894586620546
F111886,0.46696045643519096
F101212,0.5244395507075045
F116420,0.43953469809516976
F118287,0.53106718593837
F111054,0.5529150829540628
F100706,0.5740177468017601
F120788,0.4383951669063739
F106477,0.49243974939840857
F116902,0.5442759334520472
F124738,0.448360876701071
F105208,0.5100866428731861
F117963,0.44817911380955183
F119238,0.4773396230420634
F106181,0.46936772976435304
F119735,0.42951910075805566
F122554,0.48422914407821493
F122008,0.4674012916677307
F111317,0.4930924190435476
F123120,0.4287140246561052
F114225,0.4546689792592168
F121985,0.479310258253138
F110484,0.501062079287732
F108430,0.47175745719282114
F115305,0.43932808910543686
F124268,0.4565297473209682
F119847,0.46795535341260913
F102738,0.4370589455514532
F109464,0.44605003936943566
F124522,0.516905871246636
F103969,0.4349974628842661
F109225,0.4477546191118872
F115136,0.5941736841052631
F116931,0.45649193728287474
F122013,0.4317184669129938
F124436,0.5006022557549615
F104149,0.48395606449611744
F110606,0.45268557330085507
F124802,0.44213772583277855
F104345,0.49935243077481895
F114672,0.41765048848950714
F119848,0.5412516015037729
F103290,0.4553437129125765
F104888,0.4287116483668437
F113520,0.45500451971715195
F119168,0.4491022539695735
F104655,0.44772920323148924
F100234,0.4890572328893792
F123659,0.48825278370595354
F121306,0.39225490691999204
F122919,0.468396513851802
F119185,0.5105960453501008
F114557,0.46157516999747705
F120068,0.5409780695250621
F110255,0.45486852315158965
F114668,0.5667783697693627
F101784,0.5306066251551248
F123733,0.43282488891450493
F111087,0.5586787450718792
F108592,0.4659239838275388
F110370,0.5365850095773257
F124017,0.5555216197318155
F102724,0.48287439382105707
F100722,0.4846085342613728
F119291,0.5174372257620485
F104360,0.5623843297632849
F120415,0.47905059643585923
F104816,0.5131980434082284
F111397,0.4758220035634094
F112336,0.5183297251470939
F110568,0.43134904787548894
F106576,0.4621282341036329
F100151,0.39933229633882306
F110197,0.5471938995425498
F109336,0.4737752935549342
F124798,0.49078093790444355
F100162,0.48246175046858664
F101699,0.4635400555725413
F112645,0.45485977574470793
F112829,0.5234360623357655
F103331,0.44775090471925405
F120328,0.43690422261895345
F104367,0.4796170530707688
F114200,0.5403335256756662
F104673,0.47464167755612163
F122029,0.46509839658736296
F101404,0.4702405278466211
F109571,0.46823018950295214
F117648,0.5342824459943676
F123171,0.49830907168780036
F106429,0.5166943914737192
F119641,0.3968557121590438
F100178,0.4850123540381829
F117139,0.4245372609493413
F109205,0.4066024112867049
F123893,0.4432297051855064
F100733,0.47207997009202546
F105491,0.4288793989834767
F110633,0.4612802478456686
F116553,0.45893644094042263
F105633,0.4960796081810629
F116134,0.41464914845228446
F121291,0.51641327767356
F107773,0.4446531425449032
F108088,0.4627011285170876
F112707,0.4831220898875962
F109569,0.48393468034972764
F120566,0.44276653830530865
F123968,0.51416473294999
F123283,0.4702636317061894
F121506,0.4692166712458103
F118573,0.4928089728211211
F124881,0.4409078431262542
F103023,0.4348214514813421
F121534,0.5326812889981425
F114154,0.5132344283809391
F122007,0.4191053943919336
F104670,0.4709112057695
F109248,0.476565878918072
F110905,0.4994325283929529
F117212,0.5318600779118916
F121030,0.4902400964892287
F113457,0.4285220672524104
F109021,0.43385309848212894
F104306,0.45571471194782787
F107503,0.5198525243476552
F119787,0.480089575874483
F109176,0.5139232175768093
F119859,0.5405145200814745
F123185,0.42589105700395924
F117230,0.47796582011524935
F116635,0.47193117513988936
F111519,0.5856959878070949
F104098,0.443962238309642
F118801,0.45494389682753533
F116581,0.5185859042036831
F101213,0.4939983607595366
F124269,0.4523956492772947
F106830,0.4105653848350003
F104895,0.47149489029664204
F114121,0.4427830572953781
F105776,0.4333329429482286
F119536,0.4050723053135567
F122474,0.5525974056230517
F111688,0.4782308058549015
F107540,0.5571388014254054
F112403,0.45480936328350385
F105677,0.5202484692382464
F124624,0.41133362690564
F112912,0.3980164045098881
F108372,0.4493558779491119
F120719,0.4208905605985126
F104378,0.5469345680395797
F104813,0.48283318657555946
F116535,0.5390600957600361
F111736,0.5456098356723865
F106479,0.5433330357808287
F103242,0.4260475004764568
F107847,0.5026807956633147
F103745,0.4107428787833053
F118429,0.43897310350942886
F113004,0.4438875681858996
F119726,0.45361658783947184
F123790,0.3991702711551877
F100034,0.5428638795462454
F120440,0.48071072537918064
F120180,0.4226931081265734
F103656,0.47898370937249235
F112455,0.4598545381431164
F114722,0.4526412561207055
F112118,0.5100518671682345
F113876,0.5063397420787503
F118160,0.49693605250108674
F107376,0.5062815570092416
F116340,0.4447271581786687
F122412,0.5552858453256007
F115761,0.45164333093915865
F115139,0.41117514309611514
F119614,0.4242524237602384
F103980,0.46850889752093905
F117948,0.4443290256830439
F114958,0.4745454259093663
F116637,0.4860360038768911
F104803,0.4890554154817327
F109432,0.48405897087372696
F113672,0.4772299626986761
F109842,0.5576501763022413
F108896,0.38490893215860905
F107375,0.48725023892419794
F123387,0.39598401380367454
F109033,0.42415795524839683
F124376,0.4356952045210577
F115318,0.5110259708279522
F119660,0.5134459744670141
F121151,0.4979314659902111
F120631,0.5079215620142082
F114549,0.48924042254216216
F101564,0.44344283731519474
F124619,0.5125228264898144
F116778,0.43353927938201603
F101453,0.5206195563772301
F120928,0.4887674647613728
F114264,0.4116253108400796
F112329,0.43529297508176207
F101843,0.48437898958894343
F106051,0.4855487865337915
F115673,0.5207220086654807
F121338,0.5165383039304914
F102169,0.4552652928143922
F119965,0.5118839184165731
F112596,0.4410573838126275
F108499,0.44393790546776246
F115880,0.43076748805789855
F123734,0.47251545606337675
F107446,0.47860204356523445
F117816,0.41111689029349285
F105036,0.4664827290998014
F114356,0.4523768761801856
F104341,0.4890128955235407
F120665,0.42015786642502084
F117856,0.5016691838253797
F114709,0.51175236465977
F114293,0.46240818587541066
F104545,0.5321550586660124
F120020,0.44776906903959823
F116643,0.4632804803039316
F112763,0.5041302149666306
F106407,0.470358567005651
F104724,0.508496264654723
F118714,0.40510091550179783
F124702,0.49228468346074333
F117532,0.49057061545498504
F111065,0.5811338269489468
F101010,0.4628299918014188
F106494,0.46834394895311515
F117477,0.47713980245663934
F100685,0.4207035152672229
F118386,0.4517905226820576
F119360,0.4472248848060932
F105237,0.47603199933333745
F110277,0.47845655689169614
F111872,0.5261500684826383
F106074,0.4868547810203856
F117047,0.43803071859840925
F121491,0.45407385283096535
F121176,0.5113306736223092
F111292,0.45107156534239273
F123267,0.5598876918648236
F109498,0.49193835630894134
F118709,0.44974208085392525
F103696,0.42696433923552934
F116806,0.448770539246655
F120702,0.41722067786939054
F104260,0.44386625367104077
F109515,0.4519460938682941
F121169,0.4697574720656811
F113126,0.43953697965513694
F110555,0.42681875550291754
F111033,0.4752110763360642
F107429,0.47615555713370034
F109347,0.466484955805171
F105088,0.5441890106994313
F101848,0.40716485899933574
F109353,0.5005555383856525
F119003,0.5130101427775309
F102969,0.47491221604699874
F122274,0.5319386188396366
F104854,0.4553754501585547
F117822,0.5891730221903437
F107891,0.3933937929167767
F105037,0.5027172183799223
F112575,0.4488296245093373
F114509,0.45366410599619894
F106600,0.46845694265392035
F109291,0.4915921083753297
F100317,0.4240858887020721
F110155,0.5271224517470374
F106033,0.5268126043975644
F108058,0.4594786677061995
F100261,0.5959703938335927
F124396,0.4548712240582856
F118697,0.5327179873653943
F102451,0.48926902903080516
F102538,0.47766118077421427
F111894,0.47817016197475704
F121146,0.45926058505756817
F119246,0.46414429839176347
F106764,0.4577568523951328
F117322,0.5124186755426096
F115755,0.4829200162550936
F113605,0.4284352982080762
F102710,0.4264185324028516
F119391,0.4216385533908467
F123996,0.5361394183040809
F111637,0.4500387362849845
F115162,0.5156952367713441
F107792,0.4987742552007359
F123145,0.49145952426171347
F114613,0.4515605569145554
F123044,0.40434158902705364
F106749,0.45790733087338464
F100836,0.4212783633466678
F114598,0.4545592326829683
F107653,0.43879514544101506
F116849,0.4663040508874502
F108605,0.45190174249820236
F107383,0.42897048793668296
F123911,0.4178006860768455
F111184,0.5089091015343692
F110214,0.4920492546067825
F123822,0.45305906646916017
F112193,0.5120767655743805
F120841,0.4983844685592007
F117956,0.4567525615542731
F124877,0.48054892176258623
F100062,0.46505282315758145
F101837,0.4708023689196679
F123424,0.49958229428641554
F120509,0.4719223172526412
F120729,0.45754076652884357
F108163,0.4712712870101091
F110580,0.5148515019257905
F102803,0.44907898576650507
F122612,0.4836639577759495
F104600,0.455281072849067
F113106,0.4788090894269296
F101545,0.4338514897713355
F121559,0.5064169783271081
F104337,0.5250567386511845
F122298,0.42453172078487356
F118818,0.4599989522614233
F121191,0.42232978044219516
F110094,0.442628959277495
F117833,0.5482899456338212
F118565,0.4582187277592158
F105137,0.44010860252100925
F102304,0.47075968932875134
F101992,0.5046593084393657
F105940,0.42990809621048864
F120312,0.47055498761641046
F122523,0.5256386589996566
F105644,0.4057388451808869
F114930,0.45635064984704027
F102055,0.48534428748010244
F101865,0.4477287673779789
F113006,0.5279902866306735
F111517,0.4247028093403002
F107205,0.4099991059020677
F100281,0.4333823660037558
F106249,0.4111945457515411
F101795,0.510044895947146
F123338,0.4384228610913384
F100417,0.4675939514510906
F107552,0.41443932387900384
F100421,0.40626851635873473
F122717,0.43435017752567423
F110029,0.4623666921302798
F116213,0.47186016596270797
F120203,0.4966405691062149
F121400,0.5161330639029531
F102410,0.4702218946869881
F113164,0.5914530152774209
F112430,0.5362449067964586
F110772,0.41264201783097526
F107726,0.5052387198432056
F115940,0.39501855659521595
F102875,0.48218792271816624
F119355,0.42477672732510185
F113306,0.48045716410140504
F105384,0.4711051063925036
F123072,0.44107440148244476
F109979,0.44853994337788833
F113891,0.4876880499060592
F109099,0.5640719077789199
F108435,0.43157794050899717
F123416,0.4933432602781985
F101919,0.47104809935369407
F101766,0.513072164992451
F115238,0.5074549197981213
F119887,0.5394868566090669
F118656,0.5164472279131275
F111062,0.5045384992749669
F124530,0.4438346266314399
F107975,0.5948158711243038
F104548,0.5093838176088265
F110843,0.5395078948355129
F110256,0.48293177358852557
F109074,0.4314514453439444
F124484,0.4212339857288403
F120196,0.46570496854551213
F104294,0.5110590560636376
F107467,0.45566265270043677
F120244,0.4993724585199215
F123187,0.4443013367494003
F112771,0.5576806538467834
F117023,0.41106510863428286
F119213,0.4784120194763689
F113098,0.5004884190119752
F116855,0.5343982754618739
F101306,0.45105670908895623
F100909,0.5053981250474476
F114368,0.47709931295634833
F114371,0.4637120071421975
F120980,0.4740242122158258
F118550,0.4553859478014064
F104843,0.4642848557176649
F118498,0.5678484585454928
F104761,0.4319893121816706
F113347,0.5404132753238888
F110363,0.4166474493051161
F102342,0.4799055678938111
F102609,0.5788346401914612
F114479,0.45845936010425875
F108351,0.4441391138889826
F112614,0.4668363669532576
F112204,0.5969194287154663
F119447,0.49035625448249776
F109298,0.48390813946680156
F116652,0.510580583801607
F119068,0.4855684708147854
F105089,0.43240752138294314
F101636,0.5083976037170519
F106619,0.5055144049448326
F118108,0.47784665821613526
F112851,0.4337953916226589
F115111,0.4976461470667085
F111622,0.48528822685980305
F108793,0.5007352604669066
F118800,0.4982679030839585
F115275,0.47593528525118584
F102362,0.5352992981735333
F107284,0.49824823010206903
F120471,0.5119863034174408
F123050,0.4913395304445219
F119940,0.43235924416348015
F121582,0.4127615596540337
F114972,0.4356460359490776
F108065,0.5465579118975967
F120580,0.4415274687370181
F114945,0.5058930119972533
F102408,0.5262531585994236
F110431,0.460614586220445
F103669,0.4921601247652144
F123781,0.5687654518588331
F115715,0.4898745306790798
F108380,0.5164836752887207
F106089,0.41616463593678943
F113793,0.4162225516576923
F103269,0.4509416841942065
F110531,0.4489782730811896
F103529,0.5130342098050231
F109149,0.5064808412348867
F117568,0.4998135210306952
F122152,0.4483731235853115
F106396,0.5140885917112482
F101797,0.4511866322330852
F112318,0.500181051720302
F103122,0.505147348497072
F124064,0.4896832414256273
F118639,0.5443454430416973
F115913,0.44906421166179256
F109873,0.52229740139178
F120091,0.4646790611630201
F112609,0.4220338079753123
F114961,0.5024369294530648
F119734,0.4945661913050834
F114566,0.489964072754248
F117003,0.46035473976661523
F105055,0.4643075160258349
F102011,0.5300854924616785
F100934,0.45883923652433356
F111696,0.47125430524731293
F108316,0.4239856004206918
F115710,0.48654297794872126
F108210,0.45935251934905375
F101403,0.44749194294881256
F114763,0.4367158200879941
F103191,0.51510978536636
F112148,0.5290220423231258
F112365,0.5013146906509272
F110678,0.5298632531330566
F108746,0.455305021413303
F124293,0.4496415580830884
F109222,0.4872470153248728
F103183,0.41225454945539486
F101183,0.4956034805708401
F107095,0.5706314787170217
F110704,0.4703088161197907
F122267,0.5666881396520049
F101657,0.45435559227872563
F106951,0.49447099784577925
F124399,0.5075697584311288
F112526,0.49923014309077474
F119013,0.5166291177125419
F117862,0.514263655023006
F122016,0.4784793161787163
F119088,0.40600150573187477
F107519,0.47352832258757804
F122224,0.5136346768773119
F114056,0.43636809315625824
F106801,0.4871868684877171
F110016,0.4740397152261295
F111578,0.4823136786258298
F113671,0.5202113440804876
F100966,0.4140723766666241
F121428,0.47690634070376636
F123633,0.48706094945592127
F102981,0.4514876090406205
F108192,0.49057829926197494
F106415,0.4440760999617812
F105420,0.4574105046789147
F102891,0.3914513332720812
F112864,0.5576883526279467
F119796,0.48310862481061895
F122286,0.5163689548681742
F111968,0.42847030337740455
F119271,0.47185090746948977
F121319,0.569213632339145
F122989,0.4379184249569535
F110587,0.5540654918327111
F119835,0.516854554777978
F113804,0.5464454740521059
F120608,0.48580755422432226
F100063,0.44213825527823947
F111602,0.3905974962845651
F107242,0.4141717827010558
F111447,0.4198462177375326
F106101,0.46786340601049226
F120610,0.4876777400965457
F111823,0.4933258616195753
F110848,0.4686063527499891
F104147,0.5477282188025809
F120801,0.47842636860934706
F108269,0.5478029070903717
F122035,0.5192985836371155
F102387,0.44922712360873435
F124608,0.44542106875633003
F117790,0.5450409991072134
F104029,0.46359609527599765
F115235,0.5120095734135697
F110891,0.43553046626269815
F122291,0.42939377717075733
F114721,0.4684383360534342
F109328,0.4317527918068347
F107995,0.5127955395821897
F121056,0.4640134522107958
F111933,0.5024798690986013
F117608,0.38513187652328196
F107155,0.4734536076478754
F108926,0.5249918965180514
F106237,0.4398798675463942
F112467,0.4328309237842587
F117632,0.4113448389653939
F101380,0.4783785483979975
F101621,0.4203461382705441
F115108,0.46666693745495313
F122264,0.5014183151464829
F100303,0.499401445022655
F105445,0.5132100593173007
F102267,0.4503401354238531
F119046,0.5263197394292247
F122308,0.4514651326362318
F107153,0.5329335436368667
F117843,0.48784983619098554
F101910,0.4360284504743565
F114196,0.5502731536864499
F105769,0.49062700212570054
F119541,0.46909086460977495
F114088,0.460766129661338
F115915,0.46951820477062467
F119736,0.4902246265126428
F111740,0.468515532141241
F114594,0.49197030002506026
F116558,0.4644291466085172
F113078,0.4986710933771654
F100369,0.544378982379224
F110194,0.4960000361467605
F105193,0.4226011985320869
F124542,0.510004067463427
F104589,0.41082201588098355
F104361,0.41518554633970106
F116568,0.48037476078651736
F117695,0.49280507749943
F104183,0.4489833073109888
F103675,0.4355409035164139
F102368,0.4579141427397932
F113625,0.5461533015673765
F118503,0.47449374073769957
F122740,0.46770246761364115
F106321,0.512002528088334
F110321,0.5012743321364498
F103934,0.5022313603111159
F121797,0.47527237013620555
F102651,0.46430361361556666
F120766,0.5686519857487248
F118858,0.5092198679559015
F104815,0.48220952956238483
F115827,0.5124743322462678
F101686,0.4511203784011236
F114701,0.4625846202895122
F114078,0.5214242568897335
F117801,0.5233357662079151
F122684,0.453829645318292
F123855,0.4314006691914367
F108565,0.5694308271055533
F114810,0.4488010565508596
F105579,0.42885299909731345
F106859,0.48202903093481164
F105364,0.501863980664933
F116307,0.38676503829262476
F121889,0.46911821090515926
F122442,0.45467630907638845
F123936,0.5349731219192773
F121631,0.5167327219666203
F117055,0.484422827814752
F109654,0.4976387420240083
F124546,0.46846574789111434
F113811,0.4022545429111283
F118936,0.47692789779311884
F124526,0.3935191838305856
F116075,0.4291025764344394
F117880,0.4245912330097782
F100117,0.5674830866022379
F101966,0.5345375473191204
F114404,0.5680036227195691
F115372,0.5179251396734141
F109898,0.5028552662711645
F113034,0.4731821632460532
F111045,0.4398758331909708
F109096,0.5048341862812546
F108596,0.43474703418763866
F119689,0.5425638726826555
F102311,0.4003825625774434
F108047,0.4988733232558946
F116621,0.5237955103799191
F101279,0.5320725937871269
F102314,0.46120046814884785
F122908,0.4559379926939733
F109229,0.44156362701795193
F111778,0.44063170386781275
F124529,0.44716919799675836
F101674,0.4738639269037579
F110878,0.5466907492923468
F101942,0.4737041193082839
F100662,0.4579901983540503
F114234,0.40721164794867937
F119443,0.5058623308344339
F116400,0.5123089826657715
F106975,0.42947038119178005
F102758,0.4681728273761543
F109727,0.45544753582405934
F107258,0.4931625945211421
F102979,0.4031603957257243
F115578,0.49290634299415176
F107711,0.4365781855117267
F103091,0.5543420011577499
F117680,0.4613442403284167
F101508,0.43960704068766365
F115284,0.4877051406797061
F109277,0.4463307044040376
F107648,0.5036970174685974
F102072,0.507370302196009
F110092,0.4686861059322324
F116611,0.5061146020934145
F103080,0.4537098129011021
F101913,0.4894606608931936
F122131,0.5143453428742917
F124057,0.4867645083222372
F112930,0.5309111064436347
F105262,0.4466882571828557
F117660,0.5258048853654745
F102962,0.5031406865421991
F110450,0.5503401239141061
F117292,0.4658270085637855
F100124,0.4483820601286209
F107355,0.4256202661837426
F100676,0.49648297007305614
F118568,0.4715318431137658
F121315,0.40502610371143205
F105243,0.510859651334688
F115486,0.5007866878452344
F105536,0.41707471082477476
F122476,0.46442413572126706
F114635,0.49855639649518124
F114860,0.45919657672608
F120946,0.5045831626905749
F107566,0.511337111603372
F113521,0.44866291226439303
F106032,0.44212578541121206
F100430,0.5019532196663746
F108705,0.4595465420855426
F114616,0.5103039350446433
F117673,0.535219649187314
F111701,0.45264009754054213
F120700,0.4410948523450448
F123090,0.4387344607126543
F115296,0.4705462072251574
F119856,0.4619379841749566
F105403,0.5334450191326091
F102948,0.5498364243075533
F119484,0.4969321772105619
F111890,0.43805795299557704
F120961,0.4483599784773388
F103322,0.520828504619215
F101204,0.4243394159811304
F100381,0.5644993714468709
F111363,0.4375604970780388
F108761,0.46532942034417035
F106107,0.4643535515494975
F101048,0.5400949440185892
F113832,0.496017859921953
F103620,0.48918184886937865
F120874,0.434594398116233
F108396,0.48378900157033283
F103921,0.5213649122901582
F114217,0.5178948128446187
F118553,0.4910215168056684
F102942,0.46031360260769516
F111745,0.4447861724092263
F124294,0.49362455443220526
F117821,0.5446298687001947
F102501,0.5033955675817912
F121007,0.48733217572621623
F109120,0.5053779077274398
F124906,0.5180394450750432
F110934,0.5108486516803554
F103892,0.4987326688743692
F101988,0.37693597692047187
F117297,0.47116251380705004
F103333,0.45680324433275565
F124532,0.5751489214465103
F110317,0.4754115835861823
F101326,0.5315767390058498
F123640,0.5372569212743307
F122450,0.5168600730406055
F121658,0.5199694544611155
F105792,0.48472733806783014
F104454,0.43411252469554384
F120705,0.49603973900071385
F111750,0.4714872782624108
F109324,0.49722996364886834
F106103,0.4078431174545909
F107508,0.49615819515275045
F116292,0.441323632819388
F110812,0.539455929733055
F118252,0.4856384633859171
F110876,0.4778207206107418
F115199,0.5082292055736775
F111179,0.4800436709606631
F124475,0.45457008748209626
F103147,0.42562252108845333
F100344,0.48624765626989214
F116474,0.5268044392600124
F109615,0.4281289666261625
F108437,0.47602921174895724
F107824,0.47256578641041075
F122006,0.4146857776898636
F112927,0.48182415071355433
F112746,0.444476813118957
F110474,0.5268143365052403
F124709,0.49460951191294367
F115106,0.480165986689039
F123513,0.45678205373812275
F118216,0.5367953418690844
F112998,0.4914312466548163
F105529,0.46886050826543546
F108501,0.4355870497226453
F108282,0.4687099654810821
F113583,0.4240394599423367
F100574,0.4551581186271738
F118499,0.5344354234790296
F109104,0.49160608250121235
F122637,0.5119034423454467
F122437,0.5533550767290758
F124901,0.49106415953563753
F106283,0.4870703034743816
F110003,0.42496862340893127
F124217,0.465724456768656
F101199,0.4725364986321875
F102781,0.46919283178307636
F110469,0.49790196446441487
F109133,0.5233281415874359
F124950,0.5508108634151015
F120339,0.47371801061574337
F105887,0.5320420740514802
F112225,0.461511315359502
F107370,0.3974201859841959
F103559,0.4434706510596059
F107478,0.43578429003036545
F104308,0.43923241380756506
F104732,0.515107698373478
F115187,0.4710221847730195
F118012,0.5093777137729367
F117228,0.49997717108459094
F116614,0.46872838368572123
F107910,0.43359225012012287
F116998,0.40506943923256145
F115046,0.47883461540543587
F110361,0.4384933665979446
F118665,0.42935024016284107
F109652,0.46244898329625855
F114497,0.4498275041405938
F104957,0.5489085225621921
F101949,0.5314716127863861
F123522,0.4148757240649482
F117038,0.47947985285555883
F102234,0.5087707267670738
F116997,0.5448948675360401
F107715,0.5532806919445562
F106209,0.45597063178980574
F114631,0.4245536925728591
F111047,0.45661924839958434
F107722,0.5353886042979406
F123629,0.5005831568075765
F105307,0.5705631497876652
F100276,0.42489476464432496
F120474,0.5486759610288806
F114160,0.40373600205126037
F110975,0.46797109834717654
F118874,0.43890768821820403
F104088,0.5844319082762629
F100779,0.44900619917862283
F109610,0.47378524079009127
F102568,0.5181752200906551
F122318,0.4687397616001775
F107513,0.4355555613292356
F121989,0.49311006782191913
F105505,0.5212202113112855
F116533,0.4389842620133607
F106849,0.4117458721913009
F106802,0.4675828451547007
F124883,0.5146979206843008
F103571,0.5309260875415508
F112567,0.47547363156440947
F113994,0.4845758466751264
F122663,0.4667615011256164
F122659,0.4259149051903284
F108701,0.4152716029812732
F102880,0.38078226171552815
F108569,0.5308704189903733
F121717,0.4168239184200895
F109974,0.49727069945087166
F120370,0.4518497211419779
F117473,0.3925110630769519
F112693,0.4908886904629815
F105000,0.4585428122749548
F100285,0.5231820504004714
F114122,0.4775612672779711
F105751,0.4539322239018828
F107788,0.4717754217585044
F115467,0.43413569450437056
F102622,0.4385859525454382
F107899,0.41427940603652263
F102079,0.5341745667372101
F109416,0.44999799118662875
F104238,0.43774211720643463
F100461,0.49785653722964485
F112622,0.48283605349289305
F110160,0.45131821348529266
F112915,0.5178147830919818
F114018,0.42660165659364907
F113896,0.47230334270414387
F120170,0.46421101142299476
F113854,0.46293444946016843
F103818,0.5124537334690603
F106810,0.4232855178810447
F113124,0.47239269749398016
F100838,0.5407909389532986
F102996,0.4753023899443063
F115842,0.5349360423051369
F114888,0.4950469466109887
F101293,0.4609590191199908
F115443,0.5458957375547285
F107521,0.5129865909582927
F115413,0.5068289177935678
F114250,0.4793244024129538
F118786,0.5281712499916424
F122254,0.5023797635559015
F121689,0.44913054153675924
F117848,0.5219355153767037
F100852,0.4371034251382456
F122845,0.510660345111365
F123435,0.4929769535284033
F111311,0.49607010057969947
F115693,0.4194111780773499
F114977,0.45973237674118184
F104897,0.5014844589548845
F104821,0.4927547310587873
F114993,0.5400036091257787
F100904,0.4213773537188389
F103244,0.517016152577128
F107784,0.44603150750371917
F112491,0.47307042634781216
F116895,0.46617723170053144
F100545,0.49836602327037893
F104812,0.49587941032603067
F107098,0.44232244918914626
F124363,0.45820248197132496
F116584,0.4601597683017826
F107171,0.5259152376175686
F122313,0.4759422856236919
F106383,0.47397498504318414
F104226,0.5086906285469844
F115928,0.3947329041782615
F121080,0.526146056454676
F124138,0.47797750745745365
F112198,0.4365825307738985
F103361,0.4879233966876242
F114204,0.503760217597579
F117323,0.4253574422721528
F108519,0.5144371092988163
F116883,0.46696119622725957
F112759,0.45406245004507784
F111901,0.47631490524839437
F120650,0.452930389758259
F103826,0.5022753880435381
F112527,0.40925161719736447
F122498,0.42872527230675084
F124072,0.5345053187721768
F103159,0.497365494745591
F108242,0.4833891665976119
F119219,0.48131966884013083
F120620,0.46503619817972075
F116601,0.48181619029628503
F112813,0.462167897149372
F121489,0.4790759493873525
F112435,0.4553531097347081
F113841,0.45208134936897937
F106438,0.45083599218329673
F119840,0.47674298184524316
F114199,0.4436821350972528
F111612,0.5071752184334735
F117617,0.4329355335880808
F121901,0.4303869922677247
F108459,0.5584204106529129
F124668,0.5161935956413749
F118354,0.4466769199255864
F100578,0.4269477795377387
F104874,0.4811914027645473
F108094,0.5063549904896849
F119640,0.4723772990263723
F121313,0.41709682372997425
F108467,0.5351732174841456
F121072,0.4782044092470571
F113024,0.5069833182320245
F118961,0.4066909643828513
F112331,0.4626508248283894
F111393,0.40369575977741873
F118824,0.4286922148921374
F104630,0.4420849148358508
F119694,0.4453427497231981
F115168,0.5871744716234458
F113160,0.47584553254111017
F112047,0.4856165193303561
F119427,0.4793682717660561
F101595,0.48206593516754487
F109179,0.5367302995231906
F100275,0.42514499345219653
F111079,0.47987466901388365
F109465,0.4527996224622757
F112919,0.4949382690108114
F124460,0.4175375426801424
F115813,0.5335759987946095
F121070,0.4242466009271485
F105662,0.45266993485577506
F109958,0.47204211540943786
F114149,0.432673318128987
F114380,0.42203112458288733
F111485,0.4783805524248527
F101685,0.4977342489298189
F117721,0.42539729499950685
F107967,0.48093742520256577
F119972,0.4799583131114027
F122321,0.5344363012996709
F100012,0.4392529453274366
F119093,0.5074338153995948
F100667,0.4492847388963874
F110167,0.41891082636771915
F123985,0.5033618495198251
F123465,0.5267517725368007
F123655,0.40717207792655247
F124835,0.44586191109809914
F103445,0.445171821884664
F115195,0.48247082831435756
F120478,0.446041982425888
F101017,0.5128956166463821
F124732,0.5047829088296939
F110965,0.48365165577154945
F118844,0.551080086981067
F107954,0.423561149303737
F111156,0.4497859941238411
F100623,0.49050415611645615
F104855,0.5649548868811759
F119661,0.4803970219904502
F100599,0.4403348365381877
F103358,0.5681325439891394
F107994,0.5381522996704298
F117248,0.46491667618706906
F103476,0.49699530905117845
F102399,0.5205528066634302
F119623,0.47768819543543484
F111593,0.5093286536843696
F122377,0.5582111916592342
F120253,0.44507995035726505
F122347,0.5092220653498811
F124561,0.5299918062732464
F108281,0.4258027337521849
F106031,0.5216986883193999
F112641,0.45966917655576556
F114279,0.4601155600936514
F114552,0.47151433866650794
F113767,0.43922082267779156
F114432,0.5226805797446515
F106840,0.539863332278631
F107323,0.475456387444594
F115626,0.4348345140815999
F109540,0.4929436953266472
F114980,0.49851812815446606
F118205,0.47077552765881914
F124755,0.4134212977368722
F115152,0.5277743623388041
F101796,0.41899997494258256
F113981,0.49672226779608564
F112050,0.5023810679537867
F119564,0.4018682635631732
F116438,0.5724436686422926
F109893,0.4985863079965799
F106047,0.5399959512298014
F102657,0.4535399099634142
F111568,0.4621609077284775
F121907,0.4945515567286149
F124040,0.43471932532320606
F109261,0.42898235202579915
F112642,0.4646448363795237
F105759,0.49056092160980563
F120095,0.43668306184482664
F118721,0.49431460653692616
F123330,0.455769519858494
F123851,0.4403702316316644
F124150,0.5428395105993714
F114705,0.5385097384525362
F101299,0.440439564495416
F124749,0.41257904352122254
F115566,0.5677966858951393
F104414,0.4751346972873888
F103154,0.43727265132649235
F117644,0.450771852609702
F117213,0.47416910123966705
F103504,0.5772616458644366
F109589,0.4226963438156606
F123196,0.43681449022285757
F119529,0.46530702174207755
F116689,0.5212551358837898
F106997,0.437162439294264
F107128,0.4397030169171103
F116356,0.5385826200100361
F104563,0.5074188195075398
F114657,0.4262723227733156
F115824,0.4291602260345494
F110572,0.4436352868356199
F115702,0.5300943616459095
F122399,0.44241307392523727
F110201,0.46467159568485383
F102157,0.5191759054137683
F109472,0.47757856548375627
F103211,0.5517386791361413
F122265,0.4721162514722881
F102927,0.5053511018941161
F111582,0.4352312399477367
F121411,0.47540684150339374
F114336,0.4646322456985321
F107007,0.4270971229869499
F111569,0.5169255655390016
F105846,0.39102409279520994
F101168,0.47972634727501684
F115923,0.5035759751504574
F102593,0.41939429139483353
F113640,0.4106044913887706
F121066,0.4222475420847753
F124919,0.46055558160945415
F114084,0.47601753174381944
F106809,0.42697257157152013
F104024,0.4786300227844471
F105616,0.442489267503989
F111082,0.43007647290822454
F105244,0.4791278072908289
F111099,0.467053599805202
F109961,0.4658632014218991
F103033,0.4595178964791405
F102794,0.5152547454538096
F112356,0.5044199990040235
F113831,0.46364332911560185
F104280,0.4528297269463624
F109521,0.42815350310533884
F123888,0.5229092170510616
F112485,0.3856998983793257
F109273,0.5010569611258651
F118391,0.43962861335725434
F103822,0.4061409269799937
F100116,0.5578411722201224
F113084,0.47191465137786426
F107233,0.5070340760020795
F107585,0.43006396584999573
F117529,0.486067882380373
F121589,0.5531229593303626
F103116,0.479682733984097
F122459,0.49872043803530675
F107724,0.4401425543216923
F117749,0.524937271670763
F116278,0.45919899237942163
F101629,0.4575182168187014
F101577,0.5039406132085067
F120763,0.5115601105809892
F112218,0.45660109625795636
F108583,0.469961218785561
F103258,0.4723007888099758
F100848,0.49774851076381926
F122727,0.4978240145058711
F117009,0.4749996798663595
F118990,0.5326127383492705
F104102,0.45329695957044513
F115599,0.44707465582790745
F118788,0.45657926363172485
F112935,0.4754638230411546
F118331,0.49983248082348786
F114359,0.49466207559869096
F100246,0.411249012816439
F116622,0.44864598683906065
F108938,0.48238739076231196
F104396,0.49045036137896475
F117056,0.45895498555692543
F123896,0.5521367786812669
F120726,0.44557425444831006
F121823,0.4582501877587833
F113548,0.4364486251882132
F120616,0.45009702646940936
F116391,0.4480353523647029
F113049,0.5351332141336276
F113818,0.4324774223373008
F110072,0.4270543255297937
F109588,0.47934747395875016
F115906,0.4527334493198845
F120576,0.5180508008949111
F118413,0.5550542602295205
F113174,0.5085593923505697
F108700,0.5155538347912804
F120069,0.5345909304929451
F117480,0.5164971951635442
F117064,0.42087540133984913
F112404,0.4453850096282259
F112863,0.4486462544957289
F103935,0.5639584486519064
F124344,0.5204324338612834
F118087,0.4920268731115498
F107237,0.44633541424741013
F113866,0.4864714185926874
F120676,0.4409370149248355
F106787,0.5135294533891783
F105649,0.4853222697525115
F124100,0.44405747490166764
F115945,0.46417287464955914
F100441,0.5136580957240263
F102525,0.48495211581165454
F122088,0.4760555043319343
F118867,0.46237546468830837
F107232,0.38635635476969105
F102769,0.5302922964415951
F110807,0.4935256762863379
F100438,0.5275687755140362
F121910,0.49341468197283933
F111480,0.5506833863101454
F123340,0.48247577943415376
F103042,0.5097288633190802
F107596,0.4573060694708547
F115776,0.5037683430687667
F102502,0.47397525619260195
F111318,0.5642193797551541
F112062,0.5696062140792794
F124792,0.48530946030455485
F122966,0.4565763978919266
F110465,0.4498559564787776
F116038,0.5289254285303796
F102188,0.4610640551698716
F122326,0.40756620565605156
F114610,0.503966131852508
F112674,0.45231591371803626
F113381,0.474931937533971
F115351,0.4761586653385831
F100891,0.4032538561622806
F112199,0.4690687151121703
F119698,0.38913486042528267
F123440,0.4383218534674559
F101164,0.509575041914414
F108790,0.39612821638735757
F109130,0.49818320245164227
F123152,0.5111623566239529
F101544,0.4233812173847084
F103474,0.5146302429924862
F109574,0.5184400412974859
F121431,0.482425867695291
F114966,0.5249459899858541
F119928,0.4597528065549877
F113901,0.46061384330881316
F100133,0.5488811049247926
F114828,0.44228222763629454
F115554,0.48177835339277497
F105903,0.5699712312307366
F123392,0.4556736522421224
F109145,0.5021780135287848
F105656,0.5034626300310769
F111280,0.5453202789737306
F107504,0.4225737807397655
F105564,0.44415645815412397
F106909,0.4662490088694063
F116486,0.5285752317967843
F124281,0.5130452928700838
F111436,0.4836479010957052
F123782,0.4516751124312588
F107371,0.5081203538916801
F115651,0.4506333161050093
F116494,0.4863783394257661
F108845,0.394180474236541
F115890,0.4453064153255296
F119552,0.5553535910584861
F111516,0.540364250843208
F112465,0.5135663647220371
F100643,0.5184201705714917
F123291,0.4589270835314392
F108470,0.38301712500145146
F106417,0.46457770425147277
F103424,0.45233944556396044
F119908,0.4571821315102056
F105719,0.4500145315996639
F113530,0.4270563275301007
F120259,0.41172684587266495
F101281,0.4688658684499559
F111685,0.433445562180534
F105203,0.4060298826335913
F107678,0.45054826876055065
F119335,0.4543935156186243
F103601,0.464708059871685
F118229,0.5351294473480973
F116112,0.49047008767873645
F111818,0.5314745933849433
F105707,0.465351467679061
F112311,0.485768450513059
F115246,0.45039481446344437
F103359,0.5018279814288369
F120089,0.5528498593516463
F120875,0.5248083747815273
F104362,0.45736228653310196
F114442,0.537971447739455
F114182,0.48805102541888484
F110118,0.4999500793189908
F106175,0.4421350554569219
F108537,0.5571197923129754
F103204,0.47270071713715844
F124978,0.5077749802720215
F122021,0.5028785759119769
F118039,0.4893050772016553
F101238,0.5361435601520896
F113274,0.5102658953896733
F104550,0.4788795385280132
F101330,0.44446574104688363
F116399,0.5450770649027723
F116644,0.4676419756624351
F116854,0.46807286470205156
F104164,0.4432850680535576
F116185,0.5203277825200177
F105730,0.4467155111635689
F114152,0.3961587289405233
F111128,0.43973888461573346
F108709,0.490362512350623
F115912,0.5187912985126872
F119894,0.4494361235781229
F106493,0.521566500733534
F101189,0.47825678251585485
F111139,0.4848491098352522
F111006,0.4952936939270934
F107577,0.5484408901414725
F117510,0.4923724711428069
F120494,0.5271874796973747
F117719,0.4259796315977042
F122879,0.4411140753143641
F107625,0.5371339414301871
F105437,0.44770793919694407
F118010,0.4840938975862509
F116881,0.507468804439147
F100187,0.45983328232378673
F121376,0.49152417106930346
F109587,0.5210608613204901
F103688,0.4463188681155616
F121488,0.4722519240968998
F117629,0.5339028903231705
F105425,0.4956378343285554
F121404,0.4836848170474608
F118337,0.4430402342203046
F104030,0.5403380647874042
F115256,0.45338218720120127
F123740,0.45874113635025154
F109670,0.5138288051794002
F110823,0.536743677413407
F103197,0.4088333660683511
F115021,0.4117072739308406
F100459,0.440914222319159
F122047,0.4738149664509369
F113025,0.4678570652032925
F120777,0.47483575699572145
F102882,0.4631965282716006
F105070,0.4967729158789198
F114682,0.46144656895775904
F116192,0.48654570011184406
F104397,0.5291995729444232
F120524,0.49667381402202915
F119934,0.4672024819592433
F110929,0.48892895894625327
F102859,0.47806777364252007
F124754,0.4356689290643887
F101087,0.4615849984040629
F109233,0.5399770780494045
F112119,0.4035872932663109
F122242,0.429050739877718
F120785,0.4991120145502325
F124559,0.5415325806927203
F110824,0.4892290448861717
F118459,0.4518946266780342
F103051,0.42319532537024573
F105150,0.45895100807236633
F124944,0.43953906752661964
F103363,0.5075191733889037
F101489,0.5248652131189265
F109369,0.5342783157098681
F104904,0.4114433833775817
F111766,0.5316657796805524
F111931,0.4704888498695019
F103979,0.4379929402635093
F110559,0.47717074827797235
F122549,0.42440271121376166
F119047,0.41917622434682755
F106513,0.48304136770027506
F100803,0.42080007986115964
F110961,0.422436435885416
F107236,0.4740960121939358
F109756,0.5183425963637152
F105762,0.47012489949221936
F110064,0.46738206672442684
F117417,0.424446478364895
F100074,0.5318750418623152
F109326,0.4262116614637128
F114621,0.44943682891111847
F104151,0.45133875931506795
F118524,0.4814474468362892
F103836,0.40771552781346515
F113787,0.5257328698744095
F105820,0.44111692753871157
F103783,0.4724809383332538
F108993,0.486939548905494
F100775,0.5605571385241841
F107481,0.4712117324358049
F111112,0.43406365858167983
F117751,0.5063669474916274
F112203,0.483688208782481
F111119,0.5308960821438001
F117114,0.4598479646910263
F111458,0.4752311275474138
F115086,0.5336798417034037
F107349,0.4024621493686124
F103152,0.40927649086263995
F103723,0.49116875770884594
F110188,0.3931708012075017
F121282,0.5098359602437706
F111781,0.5410129226537305
F110537,0.4501104984729933
F114249,0.4220480757964472
F103527,0.5240452381763694
F115596,0.42906296656426196
F121388,0.4750559607724245
F104942,0.4399838795144853
F116910,0.5474103100361448
F106905,0.5236413826458333
F112994,0.5440577556813238
F120535,0.4549199295412284
F105123,0.47244751527579765
F114679,0.43081892763997115
F101779,0.5157015963111161
F118270,0.4921703397247751
F123714,0.49987670920712757
F112307,0.40773753645383104
F115870,0.5782619279908612
F113144,0.41477067133955053
F123133,0.47904141411395607
F114349,0.47084056356776893
F121855,0.4356083565303921
F111044,0.45815993781529957
F108224,0.4817405257837902
F102671,0.4753052725339191
F113859,0.5166610678589225
F120245,0.5046733023060809
F106290,0.49481623319696
F105685,0.548202022714458
F105097,0.470545101735185
F110498,0.4616892237503041
F106123,0.45760278555801964
F122927,0.4463763441041582
F115219,0.43135314891725135
F101377,0.46645460175881637
F117468,0.44434509204076034
F118829,0.4607300794761184
F112690,0.45737813787538534
F114255,0.42195692186163336
F111474,0.47958529760348667
F121971,0.4768930785017861
F108844,0.5343649457984081
F113348,0.44262042550793995
F104569,0.49854954025433407
F120611,0.4924474131427811
F113173,0.517412181570568
F118633,0.48928985273704056
F104251,0.5774151913275749
F104671,0.4924321445888916
F123798,0.5039261849098191
F116010,0.5027054713987938
F117979,0.5257085141258675
F122376,0.5989948769062832
F108669,0.3926195464016337
F115302,0.4365207478152352
F122815,0.5090480027805822
F119004,0.4745098171201453
F118644,0.4285803858896138
F124540,0.5775055885292434
F121332,0.48350778898446495
F109027,0.47374957843924925
F119425,0.4697148432843533
F107040,0.45290433508740524
F112722,0.49849878033547457
F100681,0.46204681234226797
F120514,0.44341054764511967
F101855,0.47786536526623297
F123344,0.4661500212702862
F101123,0.44107202595985184
F108986,0.4383920031723771
F122938,0.4808638539057023
F116817,0.46136254567434143
F109201,0.49851881879846116
F103697,0.5159632216780173
F115502,0.4270369405971523
F118720,0.5074138487344103
F102464,0.5271720203053621
F113800,0.4510030977573411
F119446,0.4204032667198637
F105054,0.42202367355080533
F124894,0.4417771476725134
F115433,0.45293514199334445
F119757,0.46927265276183233
F120112,0.5512950179902895
F118927,0.49198058671946
F120805,0.4946207872340739
F112273,0.5269814277909917
F116197,0.46288005543323874
F114863,0.46454299611245253
F118241,0.4557568732617382
F119729,0.5252404967520065
F122423,0.48265604636052145
F105359,0.5366597127891684
F123129,0.4388405809518305
F108755,0.4956507807062845
F109675,0.46382257731792054
F110349,0.4156603343125437
F120381,0.5060896995856858
F124501,0.4356770987776943
F104682,0.5135238023986087
F124009,0.43982373098109895
F108849,0.450656815935777
F115855,0.40242487632648427
F111929,0.4414987084897908
F116938,0.5109867486225641
F113587,0.495453718382728
F102665,0.49660489540993685
F106210,0.5115637056397598
F121703,0.5759078505688793
F112925,0.4225907158179252
F116899,0.4132653008950861
F124171,0.5404906284192245
F124990,0.4948202827900859
F120039,0.4262983104007336
F111382,0.48499246039898897
F108213,0.4381220323683067
F107820,0.5080620032562514
F115509,0.46269593584740254
F118349,0.43534477512734615
F104318,0.4439845608636414
F118304,0.5671996944804587
F111005,0.47311019851678393
F106972,0.46913214502158
F109404,0.5049204603344786
F124981,0.5561206568476095
F122758,0.41797019726324147
F120098,0.4945956409673626
F111347,0.5651068728078148
F115655,0.4874209249012267
F121415,0.4515617866603262
F110492,0.47439266550067505
F106495,0.47464166874992625
F120074,0.45699880340436233
F102440,0.5086934206305757
F123489,0.4689311570011619
F108096,0.5595378014378818
F108872,0.43742004153557257
F119904,0.5666030232218702
F112636,0.5366094933450356
F106662,0.46882458125524673
F115898,0.4827597124688807
F112108,0.5665815939965658
F121024,0.527588410172567
F112774,0.44875013145503695
F111413,0.466491564296745
F109759,0.4622051218093319
F100772,0.4553930945920189
F112389,0.4316942147054269
F122276,0.446860011405266
F105336,0.47915825850443916
F101607,0.5029316388103565
F121295,0.4795138865981845
F124818,0.5016135552267692
F112531,0.5105844090834266
F121503,0.4576855145392979
F113282,0.5546584952887395
F106428,0.42957694947018926
F123390,0.39952131497243043
F100274,0.3898209836492004
F123460,0.4406283508534987
F105884,0.48750115241874625
F116602,0.475747191569281
F101451,0.38962492971857654
F105282,0.4932239302809421
F110639,0.4744086195906176
F123126,0.4946959004365237
F122571,0.47669364188894486
F105726,0.464925582884587
F121789,0.49655577332627443
F117998,0.44295319200224204
F101634,0.4891344826322682
F122216,0.4887234702505942
F122406,0.47884900536380054
F101560,0.48725438453195635
F116183,0.4725613448362703
F120127,0.4543649194868355
F118436,0.4631125567013965
F113853,0.46980551636952805
F119350,0.4911507454764925
F121868,0.475762139287342
F118879,0.4697481559937387
F112708,0.43865391847531043
F109637,0.5417629975688063
F102757,0.4476880618905084
F124866,0.3833360052883576
F102873,0.4930125320674892
F109215,0.5296736456320721
F123681,0.5108796430245355
F117392,0.4573358373724959
F104750,0.46802235510677637
F117615,0.4506062239362828
F106295,0.4666454346173321
F104877,0.5271860206346345
F101582,0.417101590104967
F119339,0.5041085807877128
F121141,0.5117604205172024
F120774,0.48208404201774424
F114494,0.4624096369404882
F122672,0.4869383012477555
F120362,0.428654355600227
F110151,0.3891733782758674
F108911,0.4398789165323305
F118926,0.45191136852861513
F117352,0.4822408203295657
F103991,0.4247750918127142
F107315,0.4747863818976119
F104856,0.6031154081370643
F123322,0.5006177633061729
F103486,0.51900888453421
F110563,0.45002081553816436
F111624,0.4326422769336694
F121013,0.40478563103630116
F114715,0.5239072842213204
F118999,0.456585780031289
F107957,0.5233475812695819
F118045,0.4794467238807858
F122002,0.4014217481105017
F103326,0.4970387435803255
F110651,0.4752135837975323
F121518,0.41730508795670745
F104349,0.4079648059873702
F121134,0.46183880289500845
F114934,0.4763904640716604
F102900,0.5049516236598006
F113777,0.5041896512539389
F120023,0.49657835732705113
F101205,0.5168798386505765
F115040,0.5313143326268241
F123546,0.4385499421934606
F108218,0.43502589064858693
F108033,0.4821674837401562
F107014,0.4490199309721278
F121079,0.4409479207507684
F105514,0.46377697262094475
F104662,0.43643031475823935
F119205,0.4255768527460121
F123188,0.5419142326469487
F112304,0.42822167558986846
F122885,0.4946107447615654
F124825,0.45532937622273956
F104777,0.4551683657759166
F108969,0.45715615571781254
F116859,0.5358258475392478
F117296,0.5405837107659347
F110562,0.5604261438280352
F122435,0.5310590683046493
F114589,0.4891784254986211
F117083,0.5287392028633245
F103683,0.5245128733602736
F120173,0.5881475915349381
F107869,0.4732280795511654
F109736,0.49415387308509695
F115522,0.47780887659746096
F113163,0.48102925909220456
F110841,0.45260735263669283
F119566,0.4728177962781654
F113638,0.5295399855781633
F116398,0.45005722473470233
F109054,0.44826293992135735
F121206,0.4587638845933462
F114011,0.452605041460985
F108561,0.5049872557858942
F112178,0.45478967853773256
F103775,0.4695868339965491
F117690,0.4927745713987096
F110297,0.5527639255335428
F109301,0.5738218521056653
F113691,0.3986841302679708
F108570,0.47122985118710947
F110817,0.5704980901196575
F102335,0.514709567157142
F107243,0.49168655376200654
F102543,0.5301885017233373
F112852,0.4817650327149694
F124523,0.4608541104052209
F117169,0.5129107647581392
F122369,0.48575823969102366
F121303,0.44491261533361726
F113914,0.4646703742424425
F105755,0.46042606653889184
F107263,0.4758498510214175
F118103,0.5385220263459566
F114588,0.42954151316346484
F118190,0.5262228851444277
F113620,0.42300555274176416
F112699,0.43531475516410206
F117741,0.5427179734823049
F112564,0.5580213180529003
F108405,0.47710023665913004
F101225,0.5575690601922999
F114620,0.4498752019090622
F101537,0.4900999316923144
F112840,0.5031617674135295
F124469,0.5739815902363281
F103839,0.5059646296100905
F102778,0.4188943609063974
F100456,0.5385086257128033
F102175,0.5607951515957056
F102961,0.4475587772131223
F110479,0.4274543005872237
F116285,0.5178208905549573
F105600,0.4873075870348951
F104202,0.4898132366191106
F107740,0.5039232615219473
F102813,0.4818690086354949
F109985,0.4323298942865248
F121652,0.43509687319910106
F117217,0.46302084610128
F113204,0.5560583238506668
F123432,0.5252168671803767
F124423,0.5480993766546337
F104231,0.4786746713289529
F123691,0.4420388067390929
F102716,0.5999137984679271
F115196,0.436586304959227
F121973,0.42520325022121386
F122877,0.4978109183504153
F113118,0.4535663651252606
F121209,0.47358871990409135
F124144,0.42989727744935663
F121200,0.4756562045248168
F111646,0.5676678013717535
F116909,0.4916672754762619
F102684,0.4369949365489084
F120306,0.4148967062060209
F117528,0.4263084116080273
F112964,0.4678413119520314
F119204,0.4771000023724913
F103012,0.44927787534029917
F116878,0.5072800441014691
F115026,0.4380358637975199
F104929,0.49983170957668344
F122917,0.40720776089261884
F118178,0.4870104708160297
F103158,0.48861664489754286
F120762,0.4950554081595202
F118876,0.4645234873933533
F102203,0.4765078665900078
F104143,0.48253464831899884
F110444,0.47882817053496246
F102595,0.455052194744178
F106825,0.44922099929543136
F122839,0.5050555066758984
F117499,0.4769689617585231
F121366,0.45887900262867687
F124345,0.5560441192674175
F123666,0.5306919129505526
F124745,0.5252022276184047
F112321,0.4548004642647929
F114231,0.4927828204836853
F123891,0.513469944814908
F100990,0.5221002070492022
F101219,0.49346882185379726
F109500,0.496206297423071
F106709,0.543142897742072
F119979,0.43650585695023286
F122162,0.4645778985911674
F108408,0.400652388706876
F121187,0.47667018904947794
F108410,0.4071974774869831
F117014,0.4353256124378013
F105706,0.421367557714762
F115869,0.39857254085469235
F119559,0.4249327023068705
F117107,0.4389846201383168
F101367,0.3840727966315078
F108168,0.5028497287553035
F118918,0.46881793541164835
F124110,0.5473936106691012
F107400,0.5656251409438198
F122033,0.4793677872661592
F104052,0.46105874715801587
F113350,0.45252151774710914
F111725,0.4958287009463073
F109860,0.5587396097350447
F115017,0.5154830022222752
F115259,0.47521524255341013
F110154,0.4334521971691587
F100926,0.4625760038135578
F102228,0.42492462790152974
F107046,0.5192262516063227
F108203,0.49374137844084715
F110248,0.5340553286298688
F117460,0.4604367076464947
F111352,0.5119397245133973
F116243,0.4970193003538121
F116045,0.4783848689381245
F115608,0.46006465778400374
F120168,0.4321574454059428
F105327,0.519917737157452
F121735,0.4915982288749112
F102094,0.5021107971539568
F106989,0.5757329682426541
F122140,0.48781083385541313
F124227,0.5461118590572805
F113251,0.4523709545500358
F114648,0.46776324506578354
F104090,0.4773193949826168
F115262,0.4168140601537055
F121671,0.4745990210673484
F114856,0.41266565367500774
F104690,0.4481669161110113
F115407,0.4310904460873717
F117034,0.5305869189970086
F100882,0.4537364502809212
F104773,0.3948876821794428
F118047,0.5475632660721452
F106758,0.5304558574323586
F119275,0.42019386183262375
F119227,0.5085385650349148
F100915,0.443104845738039
F117889,0.43209783269078017
F110862,0.4773162415464745
F115950,0.4615911845711326
F110491,0.4407658903781149
F113388,0.46090152428683595
F105406,0.493014274334743
F112585,0.4460053465837178
F113425,0.4434968038765463
F119657,0.4676885237600974
F114015,0.5262871030771323
F122278,0.44418265090060083
F117549,0.4156238968115895
F117269,0.46946089332356367
F102282,0.5154278459657436
F112632,0.5298689119079841
F106548,0.4590932610210984
F113371,0.47482562207812284
F100565,0.5183577474971032
F105824,0.40268784611659264
F112686,0.4834623532489085
F100313,0.46771309947066797
F102864,0.4784327327689125
F102561,0.5711783484758626
F117260,0.5231272966343001
F106273,0.47226627283392114
F111251,0.4794501714076828
F100923,0.47454255803548334
F113779,0.46527953347755674
F111997,0.49812976830906747
F113741,0.4548314538843507
F110888,0.46462261304471153
F111977,0.41261176479899525
F123528,0.4288685430110211
F106677,0.46977915725705965
F100661,0.5193046687306014
F100583,0.44590534895791656
F123555,0.4703467081636825
F102949,0.540487851770256
F110984,0.4084042250987663
F120760,0.45394961381282334
F114992,0.4477006866028351
F105399,0.46320246786282027
F101361,0.44902933546577917
F115286,0.4288015609598484
F123603,0.4767335135965116
F112157,0.49701202142592393
F103395,0.4077075958398926
F122546,0.5078253263076598
F115818,0.4780591153320969
F101579,0.47840878842812884
F102826,0.533973301382936
F112030,0.43021702098144454
F118090,0.5456743200096594
F104717,0.5340569294882296
F107042,0.4503967365363204
F100914,0.45456379339607367
F121925,0.48834237144599874
F124403,0.4820503798052072
F122063,0.4787614646402042
F111873,0.44571303250280064
F106543,0.44109686927906866
F120447,0.4554040450484861
F105278,0.5342630357096722
F103430,0.49391018391886254
F121005,0.4995156845426798
F102069,0.4313629756316136
F119160,0.4255878757514301
F113088,0.44034361945456
F105670,0.47240921771950206
F117836,0.42836611404082814
F121697,0.44161076678128985
F116829,0.45570793383728936
F117196,0.4880808369576075
F120476,0.4171649543163707
F107450,0.45329491126785804
F101113,0.5303715770659522
F119438,0.47669225226593925
F107608,0.4744121434569235
F104380,0.47403241385672545
F113557,0.4780580305887973
F119095,0.4902647652194645
F117873,0.4352735137758459
F116469,0.47106160224209137
F109576,0.5224345196155199
F117267,0.46735047894504034
F108617,0.5096414884317464
F113710,0.4942989072124047
F106581,0.5359104889235428
F123084,0.45728275549000763
F122281,0.5046455884774383
F121761,0.4378172638274511
F100696,0.39447128367928025
F114106,0.4809473770712922
F106806,0.5074378142618693
F111904,0.4485038352887347
F104250,0.4590818800095716
F106718,0.4903456167210321
F113600,0.5544803239717376
F105276,0.4455395267699176
F113977,0.44287033838748446
F117702,0.4748910479640166
F122564,0.4558680270326618
F110176,0.5512707508760036
F108426,0.513214485675337
F105515,0.44498617520119443
F103742,0.5320657733236407
F113197,0.4457033568602843
F111826,0.45889961958337433
F105450,0.5098074345899756
F119543,0.4609665266849888
F112551,0.47090731303604855
F110488,0.4538484084880613
F115910,0.46655102069605936
F100084,0.49461857212259885
F114669,0.4196289440237543
F113029,0.41272023302818417
F115540,0.5259308513724416
F101528,0.4202765220835237
F100092,0.5167083918682626
F121075,0.4104131806847714
F116053,0.43142875350492105
F105195,0.5315622075181875
F115779,0.436582407238599
F118320,0.43772792848171943
F113937,0.46938051200073344
F107999,0.5515817394485786
F109671,0.488661409651596
F119267,0.4527741233590956
F115338,0.46199421147918784
F101746,0.44115741395011115
F123963,0.47724557490503516
F124023,0.43481692215333256
F120213,0.5261796294306347
F122848,0.48825262296961436
F103793,0.437903414526447
F122575,0.46327622402392543
F101210,0.46443667006060396
F111055,0.5303120411627636
F103271,0.39157347157255495
F118329,0.4291422234992045
F115167,0.4785119729528401
F121921,0.5458954455962297
F118460,0.5168823935313929
F123992,0.458713672522928
F119948,0.4689259371470758
F113756,0.43844613045602965
F121581,0.4644757384719256
F104847,0.5106355719283624
F100079,0.5127394545806816
F118513,0.44012725619516735
F105053,0.5306125531188777
F107072,0.4563312891503095
F109164,0.44314263923561403
F115544,0.5200320640268941
F115440,0.4650992081366697
F109406,0.5005459640319275
F123244,0.47290948251597975
F102173,0.4568983787039932
F109606,0.44853820271748696
F103450,0.4190360064507894
F117442,0.4437046887544158
F124027,0.5390959628644916
F107438,0.4607539799148547
F108206,0.5195647796059855
F110530,0.491994169339247
F105180,0.4334644564073952
F101475,0.45031332313760875
F120643,0.4143827319671365
F101971,0.4409614780618163
F110419,0.4665661845541673
F108208,0.5158784355457493
F103955,0.43522459969770305
F102199,0.4197906264560194
F102866,0.5164002938348529
F101469,0.4391933846329941
F120884,0.44787709681094223
F120979,0.4493228697513758
F113138,0.4702082062959435
F108392,0.5288998791781081
F112571,0.45081538646356095
F116366,0.5289647397328804
F115051,0.543552015443725
F114071,0.49918859046658526
F123677,0.5260966258208781
F100632,0.4768410722291509
F111189,0.5325300394583922
F111096,0.5593756900561178
F102899,0.5353117490974921
F103525,0.5772833573555145
F114179,0.46703204627800704
F116692,0.5003397284555041
F122962,0.5256456734560977
F122941,0.547140289201765
F116922,0.5331428715312316
F113151,0.48115365613530414
F117317,0.47059923141609894
F108468,0.46969449480043746
F109959,0.45241127990058483
F116262,0.5411272588511238
F124497,0.43770441279412853
F123433,0.5205038722300421
F114656,0.48622932474664304
F104118,0.4127989719393495
F101713,0.47536326403450246
F116143,0.4193806730889123
F103943,0.47936441307236544
F109080,0.4645219260888035
F113195,0.4469363919615617
F100613,0.4812077390752756
F102489,0.49125927107682565
F108495,0.4817512677417197
F119986,0.4858050584794792
F103849,0.4410958294677205
F123067,0.3986639508862652
F100929,0.519791916320184
F110998,0.4444439673744267
F120261,0.46110995843719416
F118143,0.42902367584360346
F114265,0.4083872745225755
F122816,0.4606097436587751
F123170,0.44888855547547724
F116737,0.45102176028808283
F101474,0.3961271304565402
F100949,0.5314608534191835
F105609,0.4137662780892476
F109628,0.42326614654631156
F100974,0.5716750282107247
F117677,0.5209846051236818
F123325,0.44633775121071306
F111536,0.5458276825249623
F100026,0.5379347111343238
F100237,0.4790456551844202
F102154,0.4716785277241944
F107227,0.529606990674021
F113643,0.43733130437175294
F119359,0.5235793760309619
F108239,0.4841320082324276
F101853,0.47702093246523325
F111985,0.4553720368208116
F106842,0.4901066855160032
F102316,0.44794647345539684
F109925,0.49398020258222747
F119589,0.45624924997615557
F121088,0.4146466193929319
F107139,0.5212340830998288
F105227,0.5295980841901169
F113754,0.5070363638821344
F108352,0.4179402835927789
F111743,0.4136589311988017
F104193,0.4565516228579321
F122728,0.4322698449484041
F116575,0.41782474427560373
F104657,0.5269434662155491
F104363,0.5684933217968727
F114139,0.45848122676633035
F108645,0.43140152094378137
F115289,0.47968879848941254
F111505,0.5014043271844902
F119668,0.5059065878022379
F109619,0.4591655464526707
F104399,0.4606196117282681
F116968,0.49835955030919465
F112287,0.5026570236451038
F119242,0.48237400353520543
F123830,0.5244052423155825
F122770,0.551867759411764
F107403,0.5369866348008575
F107791,0.4607749518200042
F123172,0.4240979673467782
F103170,0.5055403843258655
F123835,0.4894287040570309
F107829,0.45914991470606614
F106679,0.49276865297351446
F100267,0.48999129121313123
F117435,0.4708801230478708
F121772,0.4734931730458466
F105883,0.49956828097880934
F102508,0.4499651573198488
F124870,0.5325697449380931
F122787,0.5351303757239947
F116775,0.43760009206830225
F102960,0.43126398585592257
F108697,0.45728507018164405
F105934,0.495748705373392
F102818,0.5209087296785668
F106076,0.4953217610984194
F104222,0.5075156826976834
F123272,0.5517005627666659
F112958,0.5256859409339599
F114957,0.5424152301211185
F119503,0.5449326872560389
F111915,0.5363841758912488
F124101,0.5373819319770584
F108702,0.4967464109856725
F110112,0.5003705166936498
F117032,0.39451991019381827
F114132,0.5395219918182667
F119528,0.5325086852650877
F103129,0.5325575926924702
F123730,0.48200620031433883
F112748,0.5122527519060315
F107833,0.43077793823034316
F111917,0.4990540010023408
F109988,0.4531552669568563
F114960,0.4492432864752995
F105397,0.43957476435122855
F117747,0.42376943961326996
F108199,0.5258698584245708
F107145,0.4667876276878915
F115759,0.45183359557287645
F100468,0.47303040227716714
F119121,0.40538971424464143
F108262,0.5080530681377389
F103408,0.4857887211950822
F101847,0.5594631299207516
F121670,0.4563029096791645
F112737,0.5278402019592285
F114503,0.47116524420131983
F109783,0.46339846453317357
F103803,0.504787090422221
F124502,0.4487170935151209
F107060,0.5765629904914281
F113618,0.46237355738925645
F110554,0.4616300984560008
F124142,0.45822100463549587
F111529,0.5594396240692737
F120527,0.48939532333296465
F105910,0.43867493368309607
F123274,0.48097687671585854
F111962,0.5079105808078088
F117302,0.46459691692884225
F101737,0.5159629167770657
F101042,0.45878515354406224
F107198,0.50746663714124
F103209,0.4739474934645138
F103520,0.531948896611244
F106450,0.5045092391606882
F101965,0.42019547870279855
F101960,0.4546137164432002
F103817,0.5066028238217932
F121375,0.45469812925174324
F120557,0.5433240165450544
F112409,0.44832950357712426
F113466,0.5582888301021136
F124133,0.4854308415302621
F119075,0.47591225864106146
F117661,0.44974612522876334
F110507,0.4942252230710338
F119758,0.4960056049703278
F101457,0.508561085592714
F123685,0.4602234472290714
F110241,0.5077284492714316
F114878,0.49079757130666574
F117812,0.5582650818900281
F108721,0.4416058647085717
F103700,0.4942905304075438
F110476,0.5280128937040389
F109487,0.4001542338841184
F115127,0.4717766921809851
F110759,0.5254689587799016
F103714,0.44905411987029054
F104323,0.4352753170569162
F115758,0.3934394550690942
F120952,0.5226050846976023
F101923,0.44162234387160165
F115011,0.47502794157092876
F112113,0.46650530537013374
F122248,0.5292490251706335
F122490,0.5068189342153337
F123819,0.5097807447674941
F114743,0.5180171239841451
F124820,0.46454853235385096
F107639,0.4409397421233626
F117117,0.44390736304542544
F104612,0.4430596674004857
F116397,0.4684525203613686
F103469,0.4328232409110263
F105969,0.4547479434457578
F116203,0.41180683016724423
F118077,0.4979599013354139
F117563,0.5141995962010311
F116407,0.5446447953770617
F122795,0.5141870652638085
F102453,0.5118582455594413
F114999,0.45306324567572254
F109520,0.4719789591724649
F101513,0.45130849344657287
F113423,0.5442454203176652
F104413,0.4255707010072304
F101891,0.4278981424270077
F106597,0.531583181741798
F109864,0.4250970514285055
F115201,0.48408991169406634
F121122,0.4958447199909113
F118055,0.4468926553099785
F118135,0.4570687146053609
F108868,0.5222495314986348
F117319,0.5135731730487364
F116707,0.5110931872962915
F108555,0.424318267298443
F120365,0.4678619128862538
F118616,0.46594450082375527
F101170,0.4746018608223607
F104868,0.4176521624044144
F103136,0.4733037908852814
F112200,0.48748694436807694
F104466,0.4531204285327221
F100659,0.491503630392445
F120018,0.5455333418800313
F101718,0.4851094181575346
F102476,0.4059959320277701
F123173,0.46966436902286235
F100338,0.48255258043137506
F111262,0.3845176135509483
F110898,0.5234030597591054
F101767,0.40705105237338346
F120823,0.44353961433385036
F108292,0.5319564906605884
F107528,0.47343215304591957
F112036,0.5144281726018851
F123031,0.4306668043954337
F123116,0.5073186465381415
F119994,0.4313515156675442
F105513,0.500450628297537
F115625,0.5049061379116708
F102366,0.4306403738015632
F123791,0.4928691767590201
F117502,0.5197923095251225
F105738,0.44476980941105226
F100399,0.43569214583453914
F113562,0.5556709594341682
F124235,0.528691349754386
F122241,0.49394452302901326
F109285,0.4315445607491454
F124489,0.5189251567253181
F118501,0.5203365672904159
F104964,0.5116876503868993
F110120,0.5486417145881246
F110175,0.4800909290730364
F112288,0.4997338979415512
F122352,0.4295151187751993
F119842,0.45215148213473755
F124660,0.4485306888326198
F116457,0.4845555667020033
F106012,0.44620391432905304
F107035,0.4140409955899369
F117519,0.42322264384699726
F105345,0.5015952327772444
F113659,0.4857499374030425
F100507,0.5045126726943611
F104165,0.44483476636065505
F105789,0.48323939447833764
F104705,0.47296184547939696
F107966,0.5438316541640918
F121867,0.47662242081697814
F123175,0.5139194130253792
F102857,0.4736214520421084
F105255,0.5048196328890636
F118790,0.44369556928479226
F119545,0.42229732615736604
F106294,0.48135220735929113
F112249,0.5772661532031116
F119245,0.47133383091388703
F123237,0.41813140335564514
F106545,0.5781349636960722
F113494,0.5511762814393797
F122854,0.4728401948668049
F115410,0.47902102779372274
F106678,0.42670188467319736
F124022,0.4712792126099064
F122045,0.5227163602491582
F115878,0.5145560106253749
F111462,0.44204292641119636
F106121,0.4706040435557422
F114443,0.5517372837235477
F116687,0.508713932707294
F107590,0.4373925978413601
F103603,0.4517301646411788
F105834,0.583352039378513
F118871,0.4673169616626084
F121666,0.48953640536752024
F103565,0.5659286147740336
F114849,0.4653427007682129
F124988,0.48355067449694705
F115649,0.52146758958334
F105801,0.4730094194326998
F109034,0.4912284873596961
F120938,0.45954310353011496
F104769,0.5396693019648622
F101860,0.44541767227807
F100455,0.41182304808251524
F110707,0.48928858700519806
F114263,0.4595969226221359
F103345,0.5051463878872048
F124426,0.5556350309474979
F109118,0.43461006166977456
F101844,0.5761519780666742
F100306,0.4306824786815137
F101166,0.519192826912854
F117542,0.5772438570726102
F102326,0.44776212253682474
F122480,0.46063372703752825
F103442,0.505930616187499
F122230,0.5531757927286836
F103327,0.548011342882749
F111141,0.4843969028205061
F105312,0.5439886220217734
F106891,0.45268252550150256
F120222,0.44448044733414077
F107630,0.48113445581063957
F110123,0.5518677164360714
F104846,0.45197058950840385
F104093,0.5522233444234432
F108154,0.4962057826310028
F115947,0.49675286303307387
F124909,0.44528827536059723
F116388,0.4411852881407555
F124153,0.5428064037374651
F113554,0.5084220277138175
F122504,0.5392988083835354
F122056,0.5384930559476926
F123752,0.5519969286380675
F122945,0.4971281031736151
F107968,0.510449787117871
F122066,0.4228536504759429
F120998,0.46167963986895166
F111080,0.47212803116726343
F109249,0.5618864497571028
F101171,0.47026875846341987
F121221,0.45360320839666013
F119924,0.4970865741083391
F108453,0.48935416332654236
F117250,0.4851053453752715
F107656,0.47512609085684077
F105847,0.5443821973812174
F121429,0.4592800057795424
F112384,0.4694118379329426
F113551,0.5321549559832268
F100586,0.4798507267699037
F115434,0.4615657323708823
F114352,0.4447115770276778
F113218,0.501962145130445
F109863,0.5065863461360176
F112751,0.5186895860174184
F115669,0.5174164184225647
F119230,0.4921096411074703
F120634,0.494923462449272
F116680,0.4828804950109117
F124700,0.4758895066342064
F119492,0.4392565656605339
F103881,0.44957503042082614
F118149,0.5189755394948516
F123376,0.4767824876449832
F113575,0.473203195510442
F124869,0.4952923176888167
F110865,0.4680488086829343
F114491,0.44418778821343363
F118014,0.4468013381816843
F106623,0.499814152253072
F114203,0.5406124069543407
F105485,0.46356434703441346
F124876,0.46462893510599734
F115428,0.5031741327112494
F107330,0.5383017018286975
F105082,0.5193449546742799
F101920,0.4350581985826857
F115153,0.5139153822169082
F120704,0.44975255898735333
F115409,0.42452418376474466
F113827,0.4884190812111715
F122559,0.5166365123296928
F110323,0.5248530303148624
F101292,0.5281057098036924
F102798,0.5042695348669671
F110262,0.47140238852231403
F120737,0.5597814875582008
F108412,0.4497929701568394
F100467,0.5394619302877138
F121988,0.444068746056295
F110964,0.505173589814127
F107733,0.5403379137527302
F114591,0.4665683892161482
F111805,0.4742414756003256
F124251,0.5540882262163004
F104572,0.46723789143382594
F120283,0.4623262891347867
F120083,0.4926746606802789
F113123,0.44223071455678264
F103125,0.5452528979539936
F102432,0.4636080058811287
F100413,0.5379753274654868
F116279,0.43853213406063896
F111647,0.44206445929451166
F113260,0.4911265643475581
F121527,0.47798099656902154
F106833,0.4623209709070146
F116173,0.43606957661500123
F106920,0.44257800646055817
F118448,0.4393642896922746
F106072,0.5249493290905679
F118428,0.45162315560157196
F109286,0.4464712950185698
F112379,0.4759245440065455
F107259,0.5234240341006694
F102615,0.48427201663008124
F104515,0.5312303345394345
F115088,0.48547006503663964
F100617,0.4953992785421052
F123845,0.4378553414985469
F119233,0.5353165496622724
F111906,0.4765868667989013
F101694,0.5017891905644454
F106459,0.4714772208592169
F102887,0.4860029962509016
F118363,0.4853436928685828
F120728,0.4469024421651063
F107896,0.5035228887262588
F120640,0.445612099714229
F110909,0.4447979972862833
F113498,0.436904601383855
F106596,0.47227255564335213
F124318,0.5323331617327041
F110727,0.43804623048222524
F124476,0.42185605080856015
F108549,0.46939836790962297
F102172,0.5032919959554315
F111235,0.5069754843412413
F106899,0.5298905079093873
F117025,0.43754208092475666
F108461,0.4467848011423435
F105581,0.4512208290335359
F123577,0.49334643316838783
F124032,0.47813584761912487
F119287,0.4820229957315294
F119765,0.5495438528455268
F108576,0.48490493538684865
F116957,0.45243592233215596
F106267,0.5392150859839802
F118728,0.5215736401445707
F115729,0.4352534516550231
F108338,0.4502534457318463
F106730,0.45769418159619624
F100686,0.3953364805391803
F119228,0.5869109194260671
F114238,0.5077867406676861
F115521,0.44151813732971545
F113826,0.4656130215957691
F119402,0.45383977007769805
F100572,0.4203746773221485
F101927,0.4338267637471616
F119949,0.45069541075440034
F105291,0.5026917841506374
F116437,0.44843758251866794
F112560,0.5063249618722724
F120251,0.5164638481725964
F116802,0.5093746527087938
F119389,0.4291432035677937
F123820,0.492805114485637
F115258,0.479917660199251
F108717,0.4820812703700911
F124873,0.5134468580674726
F114476,0.5367975967666143
F120990,0.4523900508806329
F110280,0.5268736449680175
F118657,0.5455919744414792
F113653,0.42115284421759547
F111032,0.47112919502372175
F113290,0.49869549518066153
F107206,0.437125658346631
F124491,0.5018359471470856
F119960,0.4979504916386822
F121826,0.4714830654350703
F123661,0.49413030631612176
F108671,0.5110391612845587
F115223,0.46982295944338215
F121220,0.526181692282314
F114086,0.45041801302797313
F117521,0.4463748390781629
F118466,0.4523918458005548
F116683,0.4193138955587783
F118171,0.41758720817126627
F110166,0.42630980804537727
F112793,0.5096060869169412
F113420,0.5506217256867253
F102694,0.4293760186411727
F102964,0.5403494834803957
F123215,0.4701052086844363
F118699,0.5221374600898716
F102270,0.5489733958591254
F104899,0.48190275981386027
F108538,0.5508599291022588
F104794,0.46590216423986813
F122203,0.5018963592692028
F112607,0.49842043061133556
F111541,0.4630230337092228
F113437,0.4823088062030815
F123049,0.5111480422061111
F119923,0.4876488355284786
F120368,0.5739574913251915
F118895,0.46162952639403027
F105660,0.5088818377719804
F124404,0.48147717393601663
F109421,0.5137898565884695
F104861,0.4463689472308954
F106728,0.5268778626966568
F111376,0.48516616738494106
F111401,0.4896827778148394
F100055,0.4747263346642765
F111959,0.3831901843443058
F106361,0.4904208320669602
F120508,0.5011026913253307
F113449,0.4306443468427736
F118005,0.4970242878128672
F122601,0.4978705532612605
F108612,0.4706482706123812
F103755,0.4501264316576889
F121622,0.43184323935430546
F111010,0.5122784379031998
F119381,0.40754694432525923
F122703,0.49837747612146344
F122400,0.5217750571418124
F110796,0.5539876093232747
F113331,0.39912782453521845
F101594,0.4931191444942906
F107465,0.524266456534239
F115404,0.40970445937074507
F119621,0.4734418849076836
F106096,0.44635129650260874
F104825,0.4848831869553618
F109950,0.495933438226692
F103011,0.5160471531817167
F124445,0.45032599655865924
F113394,0.5218281655659212
F116310,0.4372752442841671
F109653,0.4370890503722029
F101906,0.41185760723805326
F124258,0.5061767740703933
F124771,0.5599585161286897
F104353,0.4075452742914834
F111615,0.4450662595200957
F122025,0.40523566817720513
F105961,0.4522934096882298
F109044,0.41280385339414954
F111966,0.4547984122780056
F113616,0.4590898832613426
F119714,0.48929090191461927
F123900,0.4520080797113057
F119073,0.5253483226098421
F117729,0.49036003971921144
F124451,0.5538629416078393
F107197,0.4105085362193154
F120751,0.4719016543761093
F122533,0.5290107426913706
F102762,0.5265963840763882
F112275,0.45172220649780137
F122233,0.5047388488173685
F117584,0.4514367657597176
F104269,0.5499442272255705
F105982,0.4200700446190739
F103443,0.5003020984296045
F103575,0.46345636824033726
F119326,0.5370095109219489
F112593,0.43499492317635713
F122920,0.46888625296735015
F113150,0.47093260716177227
F119218,0.4641796500082105
F123532,0.507604973634958
F108517,0.5273010879705042
F103185,0.5406316676804428
F120372,0.4645698036621182
F120711,0.47004470570651313
F122751,0.4451530803687095
F117148,0.511979671642995
F101382,0.43221768516310194
F101336,0.5241511084436007
F114429,0.5361087146958045
F124005,0.5335739866953453
F121138,0.48480572677429423
F109305,0.3856974108359795
F119626,0.5310583856001526
F117122,0.46826005905579526
F111279,0.5197797192356938
F118491,0.4513025923535543
F102456,0.4198839066535681
F110852,0.5668205094271157
F100668,0.5071751893907372
F112299,0.4851228801478442
F102114,0.4755099594378529
F106204,0.44491887620542575
F118897,0.47254333648606883
F116517,0.5170050113477289
F113990,0.49323595496907313
F114506,0.4769111116385749
F111654,0.459017710932738
F106633,0.4904515840019868
F122762,0.4620357556293827
F100699,0.5621327327829406
F109879,0.4410145543948822
F120356,0.4795918478979392
F118778,0.4893371150614915
F116747,0.45609369788295584
F110375,0.44440492858849845
F123738,0.40934241593492554
F105665,0.45591229016838275
F105816,0.3979859412815278
F110774,0.45514384123179485
F116115,0.47269100648765017
F109791,0.5551111380515469
F107067,0.4225821113090694
F100460,0.5026075802498537
F102418,0.46469216591378026
F124231,0.49237681438993586
F114886,0.5316958894560286
F106252,0.4829430278547914
F100257,0.4807430593807394
F104943,0.43183936801728573
F121152,0.44246054193442286
F104356,0.49191082971279204
F109046,0.5414348998415967
F107920,0.4172356092449791
F117808,0.5578380534837728
F103777,0.5197411421350187
F111618,0.4756856273922614
F115354,0.45975212325822234
F123315,0.43376507822730315
F115553,0.5292003022486454
F116526,0.4410210481269552
F105329,0.4649761482071286
F108922,0.4984211184887294
F100893,0.416696391637556
F108787,0.463359537103522
F108348,0.5158198269492347
F110392,0.4796043164920191
F110074,0.4341823413667545
F111830,0.4663828496377686
F120265,0.46328543225910745
F115731,0.4768020963400901
F102463,0.5623169801794005
F105099,0.4715280592871307
F107372,0.45712392916422023
F120004,0.5095804007824265
F123034,0.44846923054589827
F103792,0.41900628175213905
F107862,0.4182819361264842
F101764,0.5453712992142092
F123095,0.4133952206911318
F115157,0.494369781131631
F105695,0.44959409425776536
F108869,0.4365664290993486
F100805,0.49700322156789956
F106507,0.48855373064656843
F103990,0.425449069378708
F100408,0.4248625375016333
F123377,0.45670291387628625
F113528,0.47571695647039997
F121163,0.48357098824949657
F123739,0.5242219753706852
F108321,0.5706879812303707
F124918,0.5477187325220866
F104700,0.5205264447973652
F101840,0.5210109068709625
F123321,0.4407756359615046
F102877,0.45620383990232966
F107592,0.4689690044495506
F114582,0.47371328968498533
F106039,0.49601796470271275
F112757,0.5384049537440634
F107563,0.43846127011532104
F117984,0.5114679668038877
F105387,0.4708539908487551
F112488,0.41936354899336103
F106570,0.4875482239471725
F110540,0.45986705463138594
F109644,0.5209382299319935
F100400,0.47005033545149255
F106529,0.431932017002318
F108678,0.4138320903943602
F104019,0.4282281278440547
F115149,0.4094501239329784
F114767,0.49590452659391415
F103317,0.4978636003917418
F120789,0.44628078304505425
F113443,0.46878562682392705
F115974,0.4838402374114098
F114782,0.5239397381391063
F119745,0.5077310959484799
F116956,0.48426796833302926
F115065,0.44623890482805084
F110714,0.44993733480613907
F117141,0.4666254088290869
F118792,0.5954077145662408
F122720,0.4928588564409306
F113797,0.4617506126881955
F104571,0.5370382942835451
F110673,0.4891579608306556
F123743,0.5173860452031709
F109381,0.444144767987994
F108237,0.43466864232749136
F118188,0.44926879373719697
F115807,0.4850025895908405
F102869,0.5361926984990996
F110114,0.5058539460475399
F113857,0.533880569877332
F124597,0.5513665433196526
F114156,0.5010800925999032
F113250,0.5426134056434359
F111792,0.47121552726986077
F120739,0.534957414440325
F124167,0.4575293198210667
F100259,0.5111386906098091
F113089,0.419596067968587
F108918,0.46937776801240727
F110007,0.4690786920243527
F106111,0.5647418048391282
F110720,0.5358294310195795
F110040,0.5175969994014695
F118599,0.4414630156985208
F102617,0.4422798388638902
F103444,0.5109003536806447
F120318,0.4848380089312058
F108864,0.5442984991387129
F110043,0.5272576977714059
F106282,0.4987914829553044
F112276,0.41318859323330237
F100776,0.5789154133768842
F104307,0.41369697808528577
F122548,0.4256331321775314
F118663,0.47767226693922
F114708,0.4705909789391553
F124741,0.4782739340735688
F104456,0.4152315304671625
F122574,0.4450705955849782
F101496,0.57187892645552
F108394,0.4152999138162189
F116509,0.5054427320537308
F106097,0.4429858805027036
F113324,0.4823245233607497
F118593,0.5199339323905882
F113086,0.4735851538578761
F110808,0.5619690443116558
F100136,0.384008707273198
F101989,0.5106894358619272
F109684,0.5211602735179861
F103649,0.3845117381594958
F100141,0.44206708023661145
F109178,0.5028619435082745
F109905,0.4464637062578655
F101922,0.5148987985987687
F101696,0.4470140180765726
F115422,0.4973695858909069
F124874,0.4721012181653148
F116487,0.460049584773623
F119951,0.4745036260012612
F124326,0.4348148550306957
F120829,0.46488710916660625
F119119,0.5173751304359031
F114796,0.5362661798685711
F118840,0.4505970456519618
F124248,0.41640142189538304
F109580,0.48974597116171154
F107136,0.49051210817604557
F104787,0.5026421271632714
F115471,0.45999875047647865
F123749,0.49597696445580997
F114393,0.45170259189754447
F107114,0.5205557485904724
F117290,0.4555464266582869
F113147,0.47941498704443186
F109220,0.5309795495387396
F113488,0.47633212877498504
F105614,0.4345804880974815
F117192,0.46813034403614573
F104578,0.4763189937588292
F106195,0.5024974506890105
F122859,0.5016608110171838
F114905,0.46378390639271955
F109680,0.49607799899233107
F109739,0.44676316628561463
F108604,0.43245298631145707
F119926,0.3809391979695406
F110659,0.45344144373370093
F101133,0.4636147010676678
F102359,0.49525420641122886
F115119,0.5427937872063952
F100481,0.4277407205501429
F117859,0.3951195690321949
F111367,0.5096611591760503
F120758,0.5271582770698366
F124992,0.4090277366580598
F114467,0.523525817187183
F120538,0.5252171750157177
F110162,0.45892549983172093
F119008,0.4437699017158767
F122180,0.477577648749946
F106379,0.4842102116418456
F110006,0.46846255642063805
F110663,0.4398455027790563
F100436,0.4394894230314489
F112795,0.492345710967364
F101091,0.5101488973507016
F118900,0.4575905431129368
F101816,0.4715185108851305
F112398,0.5141726457631197
F106224,0.4748093948677403
F123501,0.48178133484602836
F103475,0.47880224414793093
F102363,0.45718318195074925
F105358,0.5117081605585911
F104829,0.5178685500073514
F100457,0.44027739128081217
F107272,0.5068745946711463
F102041,0.5269887926468774
F111053,0.5486587357193078
F100347,0.5243836957887825
F123204,0.4509587400583771
F108279,0.5172292257579431
F100616,0.44567606264867143
F108313,0.4551082830074167
F123197,0.4280622414602253
F118854,0.5348480012535366
F100132,0.5458962164945902
F112656,0.41619170021707874
F103975,0.49925570277538006
F119818,0.4979206362534524
F121143,0.4439530722919516
F107244,0.437332590851286
F108060,0.47625153003541376
F122894,0.4969561394669152
F111741,0.5040744029092692
F100069,0.5612736128569066
F106307,0.48411260732542977
F115312,0.48737349106237005
F105512,0.4356824260731361
F106320,0.5655675980167864
F113802,0.48207450059900187
F121722,0.5044713610835445
F118239,0.4644765298929054
F111846,0.4738681479164735
F102514,0.5717267224670296
F121294,0.4599300095713844
F111037,0.48774579970594856
F115006,0.49724467195403943
F107019,0.43299470039775534
F113761,0.47501031747799694
F111747,0.5051884881622137
F105680,0.5038135477756686
F111048,0.46760666191326855
F124061,0.490320661096683
F115904,0.43330974250522636
F118516,0.39862454900572286
F123588,0.4294916781894501
F120515,0.5879818709246655
F111559,0.5020329185815633
F106530,0.4865531581176858
F103372,0.5354538680546673
F111819,0.4894120922786731
F121033,0.48883621076114836
F108710,0.4664734784987026
F107884,0.5243057626003355
F100319,0.4682407819620398
F105786,0.5540231823078773
F102699,0.4743570513171572
F113881,0.4515412321162866
F117405,0.45585753112680993
F114220,0.44872022197844263
F113586,0.38716240248785283
F106525,0.5119030812505371
F110030,0.45524410125781267
F115547,0.5347330869166015
F118093,0.42888565492221276
F118288,0.4908457547562273
F117867,0.43501749763681985
F110432,0.46496250147205426
F106511,0.4562882875125093
F103281,0.49668761622070967
F104923,0.4661971423797959
F111180,0.4717493388424364
F105481,0.4458661216713852
F108121,0.5664208558612828
F114918,0.4610331607350535
F109409,0.4515506249964252
F116426,0.49787170689036786
F117672,0.5821393232140339
F101721,0.49299410667447274
F109833,0.5915938535917338
F111326,0.46259851520582035
F123753,0.5181189967538662
F113958,0.5480412036796402
F100596,0.5114098187354278
F113235,0.4960314253276986
F114019,0.4330185493398731
F115717,0.5255562642208782
F100113,0.49571152949513964
F103440,0.49639178680886453
F121111,0.46778169174343387
F124067,0.461008068689085
F113172,0.3924557586169983
F123524,0.5187210691864431
F114516,0.4825522596030423
F101435,0.47082649096206647
F120671,0.46150907036404315
F115009,0.4546230799510886
F106993,0.5021346784753938
F117466,0.4555359455710716
F115617,0.4915913997975593
F105878,0.44167074347594126
F123053,0.4430722782117712
F123785,0.449066699303954
F114574,0.43044099208028536
F107437,0.39152779922543035
F119096,0.4332180126354231
F104087,0.46913350036228696
F117074,0.3987906974287658
F122044,0.46082726119153267
F100786,0.4844666350538241
F120152,0.4444496235917175
F112490,0.4508786221449168
F119390,0.5020995077095566
F111026,0.4765921534819015
F122510,0.43276970279943167
F109558,0.4151416081944352
F111445,0.444680624414748
F117942,0.4871856298760444
F104579,0.538993292016465
F103727,0.4351442859115041
F106317,0.4304350993584368
F103178,0.5639140246974199
F117328,0.45402943488377445
F107768,0.4647743104594414
F106182,0.4336181825824274
F121044,0.5479708319916553
F102099,0.45735291493804947
F100232,0.5182695923184468
F112679,0.4539638137980152
F102509,0.5068466152492015
F113624,0.49937834332475073
F114772,0.48050932543359215
F110692,0.524804731274656
F104192,0.5339599273748749
F113629,0.5351433505396865
F102074,0.49822969754084884
F121676,0.45517355562802897
F111755,0.4886803140448128
F114514,0.4998410993369699
F120982,0.4486821681697626
F112752,0.5616415277265
F120043,0.5015870671510078
F108265,0.46988106880029945
F124681,0.41218131018981335
F108606,0.4809872902395555
F112858,0.5348872456253025
F121092,0.49877058846336253
F101178,0.4874850532953494
F107149,0.44993323350419434
F104620,0.49587917467851933
F108318,0.5003705848651919
F107654,0.4448662156526187
F124896,0.42711782654468833
F116837,0.43687947521328074
F117222,0.4812514837936391
F120007,0.531627448736116
F102435,0.46993271355896854
F123038,0.52527956137629
F116970,0.4791040112085234
F113000,0.4917284207850494
F108487,0.5098147723139359
F120673,0.43811115608063006
F120239,0.5151855303319273
F117180,0.5071718159475233
F122650,0.523955875171249
F106958,0.5203954661104805
F114174,0.3953242315747232
F121865,0.3915977025228842
F117237,0.4980335614490163
F106635,0.5387539946778299
F124182,0.46766625225296105
F120917,0.4765415354321614
F110858,0.4591294403399959
F119426,0.45317119191668254
F110089,0.44893139016768374
F122620,0.459363310967518
F101935,0.4989156716300468
F104613,0.4775592985747502
F102298,0.45953947257000105
F120586,0.4880761540335493
F100046,0.4348444625462401
F100068,0.4569088830637377
F102329,0.4911837327654526
F105785,0.47926026124306453
F112586,0.473861047403886
F105272,0.38628122014090155
F121977,0.4743104381390834
F120410,0.44814307763516575
F115283,0.5632405417372874
F108848,0.40067119345787144
F115528,0.4523125014710928
F108267,0.44918216714096826
F112105,0.4946041222948795
F101488,0.487530424001938
F114547,0.49961055488263933
F102462,0.5018040902877838
F102570,0.50235053498497
F101198,0.47784428420424296
F121192,0.4142087860772382
F117306,0.49843815501046196
F117285,0.4228944344478845
F107695,0.4132139635292081
F124003,0.45848999286553116
F123512,0.5036150969871923
F118443,0.4746803863712541
F124277,0.5686901484724071
F112461,0.5344828722027396
F110384,0.43774521171601954
F114740,0.40445365892632773
F113960,0.48413711523839864
F103179,0.45725479914549794
F117723,0.4965766601663538
F120387,0.44904115805769973
F100111,0.5176934233548318
F112568,0.4598423628280277
F107646,0.49608617354578566
F106897,0.4807552030128382
F100238,0.5072727022043507
F103622,0.4328716083090836
F111812,0.4589793313136666
F103416,0.5577952319546035
F123299,0.4610618285595488
F107544,0.46156511662513483
F110978,0.45235944917356685
F106090,0.4865538233714295
F108764,0.49735181433195746
F100397,0.4843360066858972
F116463,0.5040524632612845
F116126,0.46219008438429676
F120209,0.4329323117045469
F123346,0.4754973269695546
F101739,0.5227205284948208
F108434,0.46171088357975043
F115005,0.49334640434999394
F123862,0.41510344163039353
F124180,0.5447751432512111
F124448,0.4529764719829458
F114337,0.4637501876053106
F103674,0.47545710225064375
F108345,0.46676021331894735
F115688,0.5856492623052791
F110266,0.4888932540422041
F100735,0.4849967549084919
F116776,0.5017135121536775
F117603,0.48132124182182745
F109916,0.4124358855416069
F105859,0.4447113846934271
F120267,0.5256751981980559
F100041,0.44209404240073197
F114112,0.5440745034032969
F122517,0.4697659110014026
F109629,0.4527993359917113
F112903,0.42675256960062424
F108998,0.4641523230960452
F108069,0.3895775383891036
F116501,0.5390177492730353
F105122,0.4819615426874161
F112860,0.4527400048601581
F118610,0.529309526641916
F105353,0.40426784335354227
F123045,0.4299253301375392
F107278,0.5043959407654739
F100318,0.46321110696259116
F109681,0.5126940815877463
F101889,0.5275011503139531
F100483,0.43891916713120926
F118673,0.4646547028157193
F116600,0.43536856434626925
F116252,0.4972943888234724
F112777,0.45862546040111085
F115402,0.4621616113359468
F113566,0.5304487938713676
F119293,0.5088573035746492
F110165,0.4437505466968641
F103713,0.5655089742128904
F105509,0.4788963009874019
F120449,0.4338178077649769
F120972,0.5379683484187403
F104940,0.4443030310641233
F124352,0.5417736836733263
F119526,0.5486791182680134
F106770,0.44238524829841536
F104770,0.42185321216717486
F109952,0.4845198128192056
F116873,0.5416080072432023
F101875,0.47495744772429604
F111046,0.47720848732823906
F117438,0.43936026700769737
F106212,0.5508530506545917
F109351,0.44656453855636674
F110387,0.5336219409058156
F108809,0.47422512473292555
F119580,0.4359717092442991
F114125,0.46284626813160606
F112232,0.5528667324236967
F113903,0.5463185212350887
F120591,0.5316893494130083
F114403,0.465102757505774
F105295,0.5008718546137696
F112464,0.5793982342481052
F117381,0.48701896218863194
F110755,0.5120186380053209
F118218,0.5359976771398816
F113302,0.49881801141783233
F106722,0.40408063270779915
F124082,0.45563095484487154
F113021,0.5448361719404253
F102532,0.49487439577173276
F121063,0.48197469965003303
F101080,0.49924736621807986
F104395,0.5525962074428984
F103376,0.4458077679761572
F110041,0.5347149857124197
F111916,0.43707074880989394
F116200,0.4833756891645554
F103431,0.4004248554939906
F118538,0.4293322799679039
F123514,0.534180404929474
F104533,0.3947670915100219
F103570,0.45994901024678825
F109084,0.4629483251657043
F114609,0.5135036489205222
F108504,0.4562368481234949
F116434,0.44584320874006456
F108227,0.47039403386870204
F100127,0.5463867541604327
F101259,0.4494904604728098
F107802,0.49294708535405063
F123662,0.5030374242617813
F123505,0.4101030398362769
F103341,0.4845896545906512
F101878,0.4639669209824059
F122335,0.5279389882020364
F114926,0.5221258419521588
F112749,0.47006405048641964
F120743,0.5560526723715008
F102372,0.44869323104836484
F120013,0.524344670121535
F102001,0.44930451208795136
F100244,0.47314102029272814
F113693,0.4473166250184816
F115722,0.38393555056756906
F101725,0.4891956406033628
F114785,0.4783411167982819
F124588,0.45357422478867376
F118819,0.5182102555081962
F103671,0.46756867850296835
F111594,0.4799354426102982
F124455,0.48662625100028645
F121918,0.5138966299523164
F122591,0.4659102991102583
F113369,0.44475578702666
F118722,0.5170405369182003
F116016,0.46753878321882186
F113935,0.46569158064708105
F109356,0.4752575903958466
F111987,0.4526857396274637
F110258,0.49225656730926926
F107097,0.4524040696799926
F112730,0.5129474016099546
F103556,0.4241518222589625
F123019,0.47588761599014806
F110793,0.5378451561974792
F103710,0.46679934492635283
F118667,0.4375426342514942
F108881,0.4873671301094229
F100493,0.39560822419472785
F103069,0.4444455224922391
F121785,0.4459416011667142
F113336,0.5201360283728246
F114546,0.5205699207709736
F105586,0.38794159015079294
F104295,0.4573938015431073
F102582,0.4792963585872602
F109445,0.4415232520474194
F103267,0.465511967528215
F107720,0.4580772796605008
F120164,0.5224413879098424
F113248,0.5405125312287091
F122136,0.556842643336313
F107342,0.5172559220739309
F124093,0.4816367314467824
F113243,0.5338220243999711
F120506,0.4433338763980747
F102954,0.4784025704805275
F112163,0.5160795947718646
F115510,0.49110417705187626
F118183,0.43867010090831227
F121201,0.45048609807953477
F101329,0.4815466048359429
F100788,0.43108086969437887
F119650,0.4783244516892873
F102550,0.5060340422330655
F107739,0.48651390647735493
F114153,0.40419577555544256
F109546,0.5380001062734442
F117778,0.5194179575000077
F103118,0.5227277477642025
F111196,0.42970540552082004
F122656,0.4236032374753183
F115843,0.5164406490734946
F124569,0.49001785923271657
F108409,0.43306096015489853
F124571,0.4529068244598594
F114093,0.43610351706649053
F103005,0.4397854469300456
F110783,0.41063787883516834
F110012,0.499851674170142
F113210,0.4444413136854163
F105146,0.4887897840660871
F105652,0.5303225424642733
F111864,0.5141578229135291
F121625,0.4282925787337974
F108092,0.4775556500999443
F119396,0.47600778690821666
F107290,0.48719159059376066
F109707,0.4335233443587067
F103049,0.4682279499514441
F118042,0.5470642420557389
F121709,0.4661630698172534
F122875,0.446313030465851
F115222,0.3974251628624926
F124603,0.4824607445976652
F115790,0.4095222464947982
F115559,0.45033870651635766
F122931,0.4800834699806011
F123003,0.49562843448951016
F120315,0.46976712765078343
F106856,0.4865726662199731
F105944,0.442710337379808
F119016,0.46851452496421575
F120432,0.40710975700440616
F103390,0.5070523507446353
F123832,0.4318760425175423
F104267,0.45083520654553266
F124155,0.4707570769384639
F122499,0.49194174831444026
F112590,0.4692769998617423
F108794,0.5211410810480019
F117884,0.4510468903549079
F101414,0.4370874675393406
F124838,0.4671443447917143
F120618,0.48605080436662934
F114940,0.4478680184544887
F116288,0.4468202529534067
F104706,0.47707536754876934
F119711,0.5136771800167343
F121160,0.4225347251737137
F119881,0.5288712820409193
F110371,0.5560070132462965
F110281,0.5200688928362831
F121284,0.5048711201953451
F114100,0.4562768667605144
F120596,0.4154794479037504
F109962,0.49727240930397204
F102036,0.503756794963285
F113259,0.4694181501168128
F112953,0.43758368362155586
F118878,0.5199053656937678
F108423,0.4625441326233146
F106936,0.5072278700107169
F100189,0.47647076801493593
F123756,0.533687383067264
F124602,0.5633210358810291
F106319,0.5115508612687792
F110584,0.4650019839899219
F118770,0.4464308797956616
F101006,0.47138302451915387
F107568,0.5265877579155832
F124706,0.46938719227981296
F106804,0.4288634947592213
F117933,0.4481860247512439
F122431,0.4502079977968312
F123497,0.45673489325941985
F113675,0.4366180462742273
F119945,0.5076543134090389
F116032,0.4944808047741096
F121432,0.4455767217309309
F103034,0.5267865943450614
F102413,0.4321059754431892
F123265,0.5101836063739311
F115676,0.4933501117333103
F118594,0.5417597854315149
F124788,0.4838361706389568
F117485,0.43392851025212736
F102109,0.467320069940772
F105283,0.43035894048908624
F105569,0.4804728554369182
F123605,0.5190785380911995
F122857,0.42624608305372297
F118086,0.5516507150886456
F106134,0.48919819198677805
F103631,0.47720933476685967
F112675,0.5207941295391295
F116646,0.4497853479192283
F115298,0.4670493582296471
F115971,0.44043167821103485
F120695,0.4279622279604349
F101541,0.4749575023582325
F104516,0.5090679012962391
F124852,0.5551043702327779
F117490,0.5235514744842417
F123294,0.5216635552248137
F116042,0.4730390578695574
F115598,0.5061702365744981
F124606,0.48104711515556214
F123131,0.5075713926099527
F114418,0.4479364052130025
F102839,0.43519282565188017
F121594,0.4928115084532361
F112979,0.48622741270308184
F122535,0.42400907810688937
F122674,0.46187421150781943
F105220,0.4426265101786944
F105256,0.5035116148552754
F122730,0.4831953866696954
F108822,0.45098272183247723
F111793,0.45240921983503246
F123812,0.4664859147286994
F118476,0.4198327978021105
F120551,0.51668223688566
F121677,0.47382748081805603
F123876,0.4802024728663815
F121835,0.5162630068502589
F100352,0.44682655773958874
F107783,0.5054883157473895
F119602,0.5922169476856791
F111614,0.5168078419445207
F112908,0.5008804228184188
F121458,0.4467217598662375
F116574,0.4462055632056514
F122101,0.5415943067845608
F110102,0.4480515614355517
F113364,0.4457164362662313
F119090,0.5494291860153515
F117669,0.4447673020281174
F107548,0.5211882328023885
F111353,0.44244434312195935
F107793,0.4935408122177936
F109456,0.466219971011011
F119190,0.5419577736653629
F100871,0.426823394278912
F124789,0.4604015623117452
F122820,0.49258868494200286
F116446,0.5154636455076934
F101547,0.48632547366879614
F121456,0.46095492606115057
F108139,0.5039452046865345
F102688,0.48646632362640163
F100211,0.49470762246094324
F120738,0.45746743954994556
F109492,0.561000080713185
F105571,0.4968290909662382
F113667,0.4861471578398859
F109585,0.4670696305063671
F114159,0.47482935596803405
F115270,0.5443430779924935
F117514,0.47020537660700434
F114057,0.4342091641463674
F111332,0.47207624411236304
F114967,0.552185456268427
F122004,0.4132950606147972
F108552,0.40676035505348795
F101761,0.44884071396832126
F119131,0.4646608565617575
F102445,0.5688432084540922
F110385,0.5001775957087475
F123025,0.421774468300772
F103895,0.5365813572039725
F100394,0.45681418393930395
F123103,0.49453966787176495
F124655,0.502705121422438
F106034,0.5413392357679855
F109975,0.468027837429887
F100749,0.5185551875844863
F124485,0.4711480450668618
F121707,0.4676428367777582
F101121,0.5110837201003167
F105246,0.43321273767307733
F102499,0.5018646583889729
F102212,0.4735799434570945
F115575,0.4773240854874742
F113552,0.5154551872979084
F105535,0.5298014321843841
F113396,0.4542207750909767
F101324,0.5017848260894838
F120553,0.5566447150398379
F104704,0.5411498585108809
F121960,0.45177180734161315
F112070,0.5096490974364792
F121825,0.4677499254907676
F121673,0.40643796900293994
F103434,0.4505039108391478
F105296,0.43396576491074157
F122516,0.4624143758013732
F100670,0.46502988775955834
F104567,0.43957396704673724
F108055,0.48882959781544844
F106746,0.44172356383613065
F100150,0.5005130503096029
F116429,0.37837479667498125
F111914,0.40434683710857733
F101880,0.4807505133296611
F110294,0.47230060659711226
F106303,0.4540390255158202
F122586,0.49148158130752573
F102804,0.46782724687831245
F104494,0.4421342767999919
F117225,0.5007870623342575
F104177,0.5039177970564034
F107056,0.4878647521524572
F100299,0.43675260891937606
F112302,0.44650243441721943
F114859,0.4395010725707277
F121982,0.5526362517249634
F116403,0.47368320233081557
F119557,0.537399330496669
F104582,0.49766803253860237
F102354,0.41074004571801803
F122838,0.4857181939003293
F105431,0.47533295954996774
F123713,0.5290331277856443
F106613,0.4781886182364694
F105958,0.48950320410583525
F101181,0.5290915722641605
F104204,0.5287341658848838
F105710,0.4221826819770311
F107665,0.46853996128851527
F124567,0.4957925729141955
F123109,0.5135095780683857
F103918,0.4574632476069163
F124696,0.41517245398853453
F117096,0.4951412055891495
F105187,0.5110422377696888
F122220,0.4942965833144326
F114107,0.46307830855706367
F112136,0.5787222198018196
F118032,0.435827825892964
F109142,0.4736135119881083
F106222,0.4711688226134573
F106298,0.4325771071405078
F101655,0.5487146762591777
F108665,0.4815964081056187
F104263,0.5580986409246356
F123869,0.4986818179175446
F124312,0.4667776736958701
F120942,0.4472463084594447
F107799,0.5129695067020886
F105173,0.4986216508317764
F119324,0.42169263200390905
F120332,0.48743083140797816
F114902,0.5073541476308431
F105902,0.5174767424001798
F101001,0.4638463317760173
F111473,0.4030079737617776
F110267,0.4686358464463077
F102348,0.5078301075490664
F118913,0.4269608597253243
F116563,0.48177826373857047
F110458,0.5373812576635919
F110179,0.4762985533538896
F108014,0.5815086033697779
F102159,0.5462310586300205
F118487,0.47871448356252916
F114608,0.5270967336219609
F110313,0.4602603276100385
F124704,0.4268488656171485
F102057,0.47775489191498893
F100241,0.3958516217605359
F121196,0.4846192672405393
F107331,0.5373582802440341
F116932,0.5203268502953318
F113258,0.4972911682606279
F109453,0.48627011734257114
F110831,0.4754106899907012
F116694,0.5613591009424361
F100843,0.4715718467726156
F104817,0.47527007068561955
F103448,0.5034054690748722
F109161,0.4584721699150078
F112255,0.45767557422814953
F118347,0.5501129518602363
F108525,0.5511477202276276
F121777,0.5089466368428565
F110202,0.4204687119940861
F122209,0.39652452351918943
F119286,0.5169980029891561
F110827,0.421838884751084
F105330,0.44687362596937125
F106960,0.4615922408524471
F116733,0.4828203434571341
F114348,0.5109481637045898
F109408,0.4934097201415203
F109497,0.4573741224956578
F105552,0.4287009538111497
F109376,0.5458464002632119
F115208,0.4425619149504144
F103353,0.5080063260829246
F104806,0.4933956092441323
F103276,0.4934588406340902
F117153,0.4687677960088551
F109447,0.46621605586910747
F117572,0.45235046638574905
F120533,0.4652405942600897
F102829,0.4430209476111556
F123721,0.45638220314200745
F117607,0.5544765062779673
F121646,0.4815495298624535
F108865,0.4792005013604372
F118222,0.4874464442105018
F116585,0.5094905031385136
F100804,0.43262340150302536
F109867,0.49134684747357743
F104274,0.4642313660386371
F122752,0.4665052772413155
F108635,0.4624405015603913
F115699,0.4871219240817647
F109846,0.4158699277040816
F103151,0.481675234370347
F121216,0.4391450269272313
F100833,0.5394601707653197
F103664,0.4510911680929008
F114986,0.4551143667946693
F106330,0.446365479655782
F112616,0.43142136843780626
F117516,0.42519755046113317
F103206,0.39973983027933474
F102168,0.4278145415268798
F119550,0.4884958691962373
F117544,0.4991150001738879
F111964,0.4248842421671011
F108758,0.42415655170372324
F122380,0.41854226437893793
F108388,0.46763125988867627
F105221,0.437342748302637
F112011,0.4802730550909202
F122060,0.4805065391116252
F119625,0.4651553457328078
F116159,0.4546549600946167
F118197,0.4506891217379809
F122855,0.45714888784654245
F103280,0.4422706025324239
F123066,0.5067570270311496
F114489,0.45813854121251557
F113341,0.4910737413952929
F123104,0.5285250851479021
F121913,0.5060764475204279
F116967,0.4885428346550925
F117692,0.4556359483204163
F114449,0.5500756205908005
F114917,0.4334045793215784
F106626,0.4889105504764
F105752,0.49271630118322607
F110180,0.43013124391504176
F122579,0.45136306915649704
F104771,0.4513460938028977
F122049,0.5530691684665772
F121834,0.4779937744070364
F105643,0.44018134558661803
F103538,0.44497115701417966
F104641,0.45492962821712507
F105709,0.5156059904258898
F103610,0.4883533713456619
F120886,0.4418699700359653
F114229,0.5372860282552953
F124875,0.47305289718106497
F110680,0.552357744953248
F101671,0.4569000489636411
F112428,0.43658385583559844
F102048,0.48374235046211145
F121862,0.5015100637190985
F106191,0.5224865048871729
F104268,0.4971105013817368
F121265,0.44144770978074865
F110088,0.40835863749487256
F116110,0.49102641618722676
F124891,0.5313957357085483
F110683,0.5795135635666857
F100801,0.4224795522636743
F104725,0.44968452364780886
F105176,0.42835180704566883
F108128,0.4795212195946701
F120237,0.4527512192887999
F100023,0.4614545432897066
F110705,0.47941527590614835
F115600,0.4732813484446566
F124518,0.41659606957428197
F120303,0.4334196315167752
F123287,0.5078110904319774
F120924,0.5506732597989955
F109199,0.43328954279799725
F102014,0.5718863411897648
F105763,0.4049153765145643
F105638,0.43741462411946286
F112786,0.5092857120871953
F120516,0.4793134424314002
F107868,0.5308416720802613
F115045,0.4595692221138876
F103465,0.48168181166736324
F115988,0.5460565200549736
F100205,0.48014337076314945
F113413,0.4988688316928593
F113198,0.44813621249279517
F101460,0.4565046559354546
F106150,0.5306863001079066
F110552,0.5248139707860167
F114387,0.3875775278019616
F116026,0.4504579228924744
F100626,0.5538113080667121
F123500,0.4819752229983386
F103668,0.47848878163167696
F101415,0.5418455961756666
F118214,0.4931719821759829
F116914,0.42848486448356
F111586,0.44392766759738306
F101520,0.44505792118925885
F113776,0.5086924794289407
F100242,0.432865993958529
F121541,0.5786483703746701
F114306,0.5088376616388359
F104640,0.4902185058700723
F115144,0.4998138603063224
F117476,0.4666555727278724
F119201,0.4409670353321531
F119942,0.3928161871512388
F121040,0.4346824245451787
F106973,0.47397076198991445
F118779,0.5355521337429221
F122201,0.4713782823390856
F116886,0.4277704649018901
F102466,0.4826041573021106
F102121,0.4137140482329157
F108853,0.5026806390597216
F117553,0.5222283748073381
F104284,0.5742357087988578
F116616,0.41114853333552176
F117409,0.45421804975066393
F111888,0.4882577361087834
F106624,0.4395939760886381
F120501,0.4987916452835348
F101295,0.47998553556834356
F124986,0.424814112114894
F109667,0.4766691881036933
F124245,0.46051533344822604
F102754,0.4772149135063337
F118902,0.46525156907900034
F100537,0.4884993578582558
F114802,0.48746266217576717
F124943,0.5040385651195572
F107886,0.47619428665029745
F122870,0.41014918620212254
F112378,0.478524584936016
F100221,0.5057834976392634
F113208,0.46706486616549325
F104351,0.4293754194623408
F115314,0.45157958467269843
F117939,0.499815461314868
F109436,0.4518731017024866
F116634,0.4565601811225827
F115383,0.47657812775951575
F107327,0.4176814121028093
F108158,0.4910105442065732
F114614,0.4867390087927214
F123110,0.4472904072075297
F108691,0.5624742893160373
F107857,0.4612135706329603
F107919,0.45309886568859115
F115243,0.5136797571627951
F123530,0.5015845150795715
F103297,0.5188116466090789
F108000,0.5022779049936882
F100174,0.5341840600692247
F110677,0.5064766190179641
F123806,0.5123944350532782
F104614,0.5055695849236155
F106828,0.47948599621828986
F118335,0.5246368058405714
F116127,0.44490160999107675
F106574,0.4655728441550353
F114778,0.497440296581984
F122104,0.4849788142837413
F111475,0.46952428512457206
F104444,0.5181422565802618
F116934,0.5089640146019377
F122685,0.40779612973523893
F106771,0.5101933801292894
F114030,0.4736838656633452
F114040,0.5029101119293238
F123008,0.4694052222406473
F117483,0.44577821447142557
F123134,0.5104112536335533
F109641,0.47103855452066445
F100021,0.4255385599840636
F102331,0.44474184083344726
F110192,0.5393173902220967
F112160,0.48749569696001777
F114617,0.4394492016496597
F101262,0.4799088786829959
F102042,0.47446497295416723
F114016,0.5289005960255383
F105974,0.4392227749927065
F121644,0.5379918590794922
F115526,0.45810243454018473
F120734,0.49062927451801974
F119489,0.43123971481197804
F108299,0.47834103078489093
F124615,0.4441085519933307
F102652,0.4031315954360714
F117699,0.40477202023617587
F118761,0.4548884760206321
F123637,0.47829803857709724
F108355,0.4622621153709997
F100950,0.4589148164614637
F116741,0.5502847404776511
F112787,0.4283428414749397
F109995,0.4487769700193881
F113120,0.5081697371138802
F106926,0.5217708564179804
F119874,0.5219656390334193
F117045,0.4477868783680599
F107271,0.5006875098528454
F100737,0.4954575561818171
F115949,0.4387092295130226
F100611,0.5441766772563144
F111171,0.5448820881059973
F110406,0.4423860212067313
F117598,0.44515208347672885
F102524,0.4678750108818157
F114340,0.5139516632499814
F106448,0.4552754572475762
F115408,0.49531325857054886
F112179,0.44875007128129607
F121369,0.492248916782343
F110713,0.5075330029534943
F102955,0.434769589422559
F105074,0.4465452312225609
F117019,0.4446196391752998
F101572,0.45625123381412636
F117916,0.4206727872038859
F120541,0.5318811035855737
F116099,0.5015770171707006
F115933,0.4662506555295497
F104099,0.4586668909113182
F111550,0.5566317198555765
F116738,0.42049596323545235
F114550,0.43176773662194134
F120782,0.5486910002937501
F109113,0.4876886481262994
F123023,0.45393032382783693
F107213,0.5219843457762778
F123540,0.4984811023168116
F113169,0.4561950829002098
F105377,0.4545104938119826
F107084,0.4636427460197684
F103456,0.5567911102203528
F103227,0.4432277511847929
F120513,0.5117716249490217
F100015,0.5277964664682674
F122876,0.4422148962937059
F116229,0.4750703101485161
F119012,0.4456198544211445
F112286,0.5112964380141468
F107104,0.4355788435637986
F101822,0.5152427188181157
F109747,0.5199646415255413
F101029,0.4263456244639398
F115060,0.5246672238191027
F117560,0.40847380152253665
F119779,0.39641943805546853
F104595,0.49054673714907265
F114554,0.4626240109745886
F101801,0.4274301840409491
F117575,0.42846936687221554
F112592,0.5170727377527351
F118845,0.4849478477283007
F102220,0.4570436372227156
F124831,0.4961452506863937
F119264,0.40153121114326784
F122355,0.5092470174183358
F108102,0.4552136443918146
F120918,0.41822245665540325
F123443,0.5262550836705462
F106225,0.507845565906484
F104738,0.4817190392479318
F114417,0.49774605391751664
F121976,0.4487045028457483
F106774,0.5703932815078235
F104638,0.5191612448267515
F119039,0.5015044143018115
F111484,0.49715534611113044
F110971,0.46037651149269476
F117772,0.5584504233635107
F122712,0.49238967476086903
F108402,0.4540971004828979
F100396,0.487712552434825
F101740,0.47053013619286266
F103705,0.4663169163183746
F111554,0.41677102219220236
F106067,0.41961328489721983
F100543,0.3993837656834632
F113299,0.49533395510779255
F124487,0.5207232238138781
F103540,0.4452422126823297
F104227,0.4421206143091294
F124262,0.4707921959620379
F106168,0.40374154282116786
F121499,0.47242403636398356
F107348,0.4695252097573223
F115613,0.4873503074972077
F100972,0.48302646672968486
F114882,0.43219053924843776
F101137,0.4516088601498059
F106247,0.46703734982560546
F113304,0.46656811055932307
F123030,0.475408398596591
F105610,0.5270297564392392
F112978,0.47961352456173534
F116077,0.5378308288095727
F118456,0.42526912283771157
F103194,0.4605424616102385
F115574,0.43934737557186293
F112544,0.5070972228309135
F119809,0.45684159322372975
F114611,0.5235747966188066
F108134,0.4564205749824527
F100329,0.44604347550592627
F108247,0.4152593905766211
F123227,0.5549737576465796
F121253,0.4716972069101466
F104626,0.47322877847142647
F124350,0.46858142252082247
F113339,0.5560690537503481
F102915,0.500642473853872
F114654,0.4513154801413818
F105273,0.4103530889686142
F100033,0.40423026611127927
F102742,0.5172878950904386
F120354,0.4438978972981451
F124715,0.5289346016770391
F110031,0.48392135616078935
F107906,0.497864329626382
F120793,0.529014529336306
F111450,0.450820239540685
F118964,0.47767013401588726
F114254,0.44333716808462237
F106058,0.4312970170893944
F120668,0.47261699583607436
F120913,0.4509248950224538
F117160,0.5167129097249004
F106648,0.5177570367769555
F116726,0.49233520197285424
F124577,0.4413749426283877
F111525,0.4868114034434424
F112745,0.4762374230974295
F119702,0.3972221041577529
F102116,0.4191579705266768
F108772,0.5240050952302615
F107424,0.5347609518148211
F103479,0.4913783617445563
F123149,0.49037472381896524
F111072,0.4859439949704045
F122097,0.48591298679137407
F114087,0.477540768328629
F104809,0.5151209632871196
F114098,0.4526050434331814
F116880,0.57582497397141
F100450,0.46867997268320116
F119057,0.5251717410804886
F103666,0.4286049100009421
F120106,0.4504035004569463
F106571,0.4207272671596254
F103970,0.46448221438561244
F123969,0.5230075650902295
F111255,0.49528115604248757
F103344,0.4828978681512493
F119143,0.5258951664963999
F116577,0.4438688254134301
F114734,0.513709159958147
F111250,0.4620971480729994
F115135,0.4887112229086595
F117362,0.5077689153215912
F122260,0.4663227435705391
F121277,0.46626722367999274
F114783,0.48203226162459334
F118109,0.4979298580480882
F100387,0.4417707704289593
F116031,0.4578517525406488
F109014,0.48440388959159386
F117456,0.47693684603791536
F113480,0.4992348843297163
F110667,0.4683378499892883
F101209,0.4992529155207274
F117971,0.5091163859347226
F112292,0.489463733541827
F117732,0.48790908833105706
F120448,0.44633541238680363
F119957,0.4720262583717767
F102918,0.4980184500796258
F122528,0.48071320929426287
F106419,0.4819877836427169
F106697,0.41450266176860884
F109567,0.4587185782588716
F104619,0.5220049761994133
F102647,0.4421205178709813
F123916,0.5146776580905357
F109131,0.5083055231668828
F108962,0.5134570892977304
F104775,0.5590273059022174
F110756,0.4267616903077086
F113157,0.38674565388618787
F102997,0.4477151340769664
F110631,0.4936535676033844
F115863,0.5306538956521165
F118447,0.4214286458451715
F121168,0.4975868503806652
F111636,0.43045192833749313
F117868,0.5337318101207358
F111859,0.48060034491453685
F109735,0.43150305323500127
F105767,0.5071767086593076
F117143,0.5282783207009389
F116763,0.4742758074391449
F106437,0.5031134739278191
F102046,0.5500344357655167
F107609,0.43586207223417883
F110945,0.474503608361915
F105453,0.4668978991449931
F105821,0.5043899317604801
F116964,0.458384886808272
F119609,0.5086453788483802
F120583,0.39885350314690915
F106125,0.5146497699778985
F123144,0.5248414196053053
F119423,0.5521698294426991
F100607,0.4432711883229207
F116199,0.5140041478378615
F101866,0.45484322887013057
F104493,0.4704793936625328
F116889,0.4415931973162336
F109869,0.45312918985191464
F112334,0.4833493917204962
F119889,0.4290991555768938
F122065,0.5029922501641917
F100180,0.4613197735259167
F115350,0.4366518083262333
F109477,0.41702829185361806
F107499,0.4331686862123235
F105684,0.5158297781678703
F100048,0.4243989380678289
F113232,0.4951550887808706
F108315,0.5034880987321729
F118372,0.4821014550746113
F110926,0.5201990262595286
F118041,0.5224066485564811
F104956,0.5050896901969936
F122913,0.42045865128622273
F116989,0.5012045570938841
F111260,0.4447837387921474
F105667,0.38899700904579493
F100714,0.40428797388906756
F122146,0.4499430125982221
F119385,0.48145208797957634
F103670,0.4677743813172402
F111921,0.4050390155600362
F107414,0.42575357793721696
F110289,0.45280354559783076
F104935,0.5216014145339938
F115644,0.5035791739006962
F118561,0.4828747833099053
F100682,0.45269864260264714
F119620,0.4467662621705873
F102396,0.5726036947114926
F100888,0.42451830604281393
F124987,0.4447878316651388
F123840,0.46794180480090275
F120103,0.40428024053198763
F102143,0.4871600388138423
F112685,0.5167330660844431
F101695,0.4912925491804434
F111547,0.45326550052842773
F106878,0.42095316484148193
F105463,0.4498863481055544
F109522,0.4163476079608387
F111452,0.4458170534516672
F111170,0.4730032106842789
F114262,0.4611964648627113
F120833,0.4696821438644565
F102365,0.45025959744661437
F121002,0.42823290088946897
F109692,0.41540557963189917
F105334,0.4817089233015792
F106531,0.43155082219463026
F109518,0.5267490453470165
F120188,0.5257812273053704
F122584,0.47687985107559233
F115206,0.5183099784015472
F107333,0.38411867318247717
F116085,0.5019235622749321
F121053,0.5047941971938269
F120289,0.543757577569703
F102184,0.46475884605738826
F114959,0.46647448219114335
F110254,0.5449387167080788
F105043,0.5053108798488753
F119184,0.4882403939904021
F109940,0.42209631266426617
F108876,0.46390417587157007
F122769,0.5386082243046599
F123482,0.4713670900736058
F120725,0.4669517658252385
F106669,0.5153662996629096
F116794,0.5120789238024943
F104178,0.4420100398641529
F105928,0.46820271051299356
F115701,0.4300687862614858
F108235,0.4577938568269971
F116928,0.47882625592402844
F118749,0.48136247480405636
F121008,0.49480745693499295
F103694,0.49626490787502653
F114240,0.5173675540835206
F120027,0.5297240001525728
F124782,0.4720075672860557
F116378,0.4207433653408562
F105209,0.4285277754472554
F112018,0.5147599493884705
F106250,0.5591026418545367
F109953,0.45925186200395857
F101543,0.40062870946450024
F121509,0.5455739541730324
F105628,0.4028669114925358
F115546,0.5330478232800916
F100704,0.4797110281565703
F110368,0.5371299447813911
F121528,0.5153360983133958
F101100,0.5454712042858585
F112525,0.46611943731626465
F121356,0.5009247758950883
F115951,0.44687248016965664
F107795,0.513541053482042
F108817,0.5685664855692857
F111387,0.5312172210849873
F117804,0.4485993342469047
F110936,0.5198500690338556
F114004,0.4270676657679613
F107270,0.4303055459630659
F119956,0.5606033725749157
F111828,0.4452697059783315
F107203,0.45673920105144405
F116496,0.46236702907522087
F119361,0.47379353528834706
F115552,0.584772275278251
F113702,0.5424134586957036
F111225,0.4267797040045328
F116943,0.4759592712698806
F111429,0.5127796050543105
F113806,0.47474130230333045
F123307,0.45813540081874693
F119728,0.5167280465684951
F103180,0.4225708870577835
F108160,0.5327665295611115
F119338,0.4881163306509364
F105024,0.543420412046907
F100983,0.45485286854785123
F118064,0.41547353142849974
F108152,0.4593226920834565
F102301,0.45333301121836306
F107420,0.44580607767291924
F112453,0.4797325791715554
F121252,0.454057702676547
F103182,0.48991884142788766
F102746,0.40939837291880277
F110087,0.4936760422890808
F106141,0.46691268561345106
F107022,0.4491659679320698
F103397,0.4925538267982724
F118137,0.480748762926143
F122022,0.5207314572633
F116906,0.5902227933825765
F123841,0.4562280064455304
F100930,0.56845566305235
F119076,0.4590881477947031
F120302,0.5162688213185023
F105583,0.5707651249695365
F100630,0.46522452168787154
F108776,0.49226448216836016
F119459,0.43384568267185675
F112620,0.4924347272792793
F108675,0.4562331289813304
F115164,0.4371080249389639
F116255,0.4106502300386966
F108207,0.4895912497610858
F121915,0.5215957137065007
F122673,0.5422054149408413
F122512,0.5260741958959098
F105207,0.49500399787381055
F112600,0.4197742854548592
F109251,0.45826586821858195
F124775,0.48938449075232604
F107159,0.4316964376737993
F114438,0.43361676936689497
F116936,0.4253193926425478
F109971,0.4830484293362893
F107529,0.43395684020692776
F105347,0.5119429009578571
F119872,0.4778154540949721
F124963,0.4797105335930827
F101527,0.5114749680598395
F123725,0.4296021733516214
F109802,0.41816395539720114
F105605,0.46087656669996885
F114987,0.4692122436832451
F120330,0.44621035092023426
F112090,0.46493118324883703
F106455,0.5329257201325066
F111162,0.4707178020314963
F113014,0.4954450464377579
F103680,0.4853635991397129
F115260,0.4030459719975922
F118706,0.475218748688777
F108389,0.45055789796265816
F108743,0.4611390322463639
F120572,0.5533085117681179
F102141,0.4274067168539253
F102149,0.5389495691338121
F107157,0.4748577054652836
F106026,0.46643965828314926
F122189,0.5399992768688592
F102726,0.5364181235391378
F114612,0.5161085734080071
F104564,0.5234097796143828
F116599,0.4447647606985216
F120026,0.4891092960890353
F114143,0.43326375625286984
F114824,0.5318069851377941
F108145,0.41041544189426304
F118207,0.5192400366797686
F120984,0.4742705658988552
F107103,0.4468986298693754
F111360,0.4754582637282055
F109123,0.4984216759379453
F103665,0.47354150104724535
F114115,0.48397587932532404
F120105,0.4863039150146361
F102511,0.5707750779947307
F119174,0.4681701813711425
F123222,0.4719273066438609
F102727,0.4656586787109963
F106054,0.5583313360930551
F108133,0.5473985702794439
F102594,0.3818206743906185
F102784,0.48870106971067767
F102210,0.5152645952693127
F110644,0.41803971810545065
F108530,0.5088568993939373
F122155,0.5121479485524986
F122742,0.5232272984342868
F124974,0.5383817625255571
F115568,0.44263164886208994
F120682,0.43492048904469605
F116180,0.4680762036850987
F106255,0.4244832166264303
F121255,0.5079625883802719
F111424,0.4534135863816245
F114445,0.460037325191291
F117142,0.43401083946451835
F119968,0.46752540398004716
F110742,0.48771055877874103
F116012,0.5032386103318925
F109110,0.43215683706501806
F116905,0.5486567647021254
F103635,0.44341753887708285
F101384,0.5933704830855251
F120545,0.48531750046593836
F124205,0.39236618622412456
F116805,0.5068906323927801
F118784,0.481875865760835
F119155,0.5011560442937625
F118983,0.48506934164634724
F116295,0.4760353541057609
F118537,0.41059986294520895
F123906,0.5108716051834464
F121359,0.52675052218219
F123295,0.42770085387021506
F121403,0.45291534655442733
F105128,0.507207480450493
F111939,0.450492263440165
F107201,0.5329520341018285
F117098,0.43801136230834414
F124004,0.5095929151273075
F115084,0.6194637458159771
F104987,0.48522687971539014
F124186,0.42353007465369746
F124105,0.5204155870911554
F100614,0.4921057970248094
F115920,0.4390571860867053
F107100,0.5144481187222363
F104083,0.5259215537984895
F110329,0.42101336239966536
F113009,0.5323437915238574
F116174,0.4523948024184188
F103588,0.49723671334923686
F124689,0.47071836057046534
F104814,0.5038763868175461
F100589,0.5347360955491055
F104918,0.45039853064722013
F119414,0.49722920997409925
F113072,0.5254377437818122
F109966,0.43427037383166855
F102358,0.47345607185870126
F114326,0.4210138954393124
F102052,0.4944210298209965
F121229,0.475960348519039
F115500,0.42907821326707907
F117940,0.4775016241050134
F100940,0.4878333495947814
F105314,0.4451673857978762
F105479,0.5484222525744142
F115016,0.40648054193172656
F114400,0.5163077080946118
F118291,0.4571512409399347
F112755,0.47238214764094466
F113345,0.43984384887750716
F111589,0.47891095109605386
F112817,0.5147375157609467
F115899,0.3940514278259401
F122372,0.48106714410082646
F107231,0.46713013946780946
F121736,0.4229912409676494
F103552,0.5055414293796234
F102797,0.45776016383279355
F107172,0.558751482008197
F121740,0.49199758726621146
F113209,0.5491046353816924
F120175,0.4760933546225325
F114435,0.5614595026107396
F122370,0.4427416050823555
F116097,0.5001349647487738
F101462,0.546531437089497
F114465,0.45274220039999846
F107880,0.4881205899454967
F101812,0.467902062729466
F114561,0.4073358880344623
F107367,0.49433597640068555
F115881,0.4885267881885151
F118184,0.5620191680407539
F118435,0.5468997877300414
F102307,0.47731301059906994
F110456,0.534717202536269
F114310,0.4544443289221977
F104179,0.43050704689640906
F103967,0.4620314061212132
F104053,0.4253437700336069
F102255,0.4619242065468695
F108364,0.4549851150512358
F109601,0.4634911794501061
F121027,0.5097366150360659
F117743,0.4733196808113047
F112974,0.4661481654060921
F102817,0.48456886308918956
F110737,0.5638530818994648
F118258,0.43724779310918965
F116592,0.4827983921473612
F104465,0.4433999434969038
F104411,0.4674327431865254
F113596,0.43462160685183815
F105423,0.44948653126028904
F110800,0.516140230278885
F111584,0.47599050969981216
F110762,0.5189591310177405
F102313,0.3766668028864936
F102883,0.45027602638646536
F118260,0.5061934763057658
F105371,0.4454249167506629
F112383,0.46572735261482745
F111663,0.5046322535725787
F105549,0.47392357778814076
F102976,0.5090961596151455
F122624,0.49273228273979197
F108589,0.5362211545603854
F120051,0.46586632904927094
F121364,0.44733626655865044
F119616,0.45526319223760386
F110951,0.4468948288571086
F113261,0.5153384373779871
F111331,0.4640924924266667
F124854,0.5763013905400778
F101161,0.5182489103092607
F113519,0.4650591702192929
F119417,0.49340424454835863
F106192,0.44024835743902185
F124302,0.5926138637247634
F112169,0.5198883944574173
F118414,0.4383755753292474
F123504,0.487171953349886
F115492,0.5646839701980885
F110027,0.40566761630660336
F122387,0.555171752110942
F102191,0.39690354527735683
F111469,0.5313363596047733
F107154,0.4418965704267398
F113256,0.45453752648052637
F109932,0.4406669155261733
F113897,0.4527600042611838
F110652,0.4155793662528946
F100218,0.45346882839803715
F105126,0.5508885692202315
F124361,0.4896608539081999
F111427,0.47506097391619156
F109730,0.47896892521582435
F119762,0.5274203230664156
F106408,0.5146860614153538
F103626,0.46917251770765633
F119134,0.47355444339081465
F110594,0.5529655106995429
F116242,0.48452995003225063
F121193,0.46403180950633804
F118548,0.43471022569384854
F105835,0.5031888181947235
F105554,0.49762705929234063
F109858,0.46650985094097014
F116096,0.4600687167678862
F105882,0.43875355165924024
F110250,0.54953403918936
F103660,0.4575268553695774
F113137,0.4652691588056154
F116179,0.576437068448279
F123870,0.43800228549794
F102689,0.5122747140836025
F103467,0.5140014468194534
F110717,0.5180862715973918
F112042,0.46539354981501635
F123857,0.5199285895462639
F103893,0.5597293157352085
F116119,0.5451669327362805
F109816,0.4625751314889478
F108243,0.4617768570934381
F119586,0.42868526472115337
F108493,0.4530695764631262
F102503,0.48881414936573464
F101400,0.4960727127083243
F113180,0.493882517662129
F110497,0.4819669049961083
F121430,0.5310197027454348
F110788,0.4286146347160968
F107997,0.45628877321431116
F121538,0.4962277421364101
F103869,0.4386644272129681
F107074,0.4156563690928906
F111782,0.5530194960231601
F100715,0.38612884791844543
F118689,0.448804617074542
F116342,0.43030647916806997
F102560,0.5493968073892989
F112439,0.5405818900824603
F100383,0.4517050911533627
F109612,0.5753473883975211
F123239,0.4732579205147802
F103939,0.4370466377922928
F104109,0.4519522110228429
F121393,0.43427972953659055
F112802,0.49287876591722424
F109757,0.4010806857886259
F106243,0.41501781112165403
F114576,0.503769635315479
F120764,0.46529738986960234
F108968,0.41550615863771123
F122636,0.49644127977499686
F122776,0.513390165512793
F106149,0.5211384599787092
F102986,0.5030124981509968
F109255,0.4259544782800874
