record_id,flood_risk_score
F104559,0.4733270664493835
F100765,0.4436965025048406
F107573,0.4885963547179845
F110345,0.5474290486210296
F118850,0.503854437952604
F118228,0.49869046038095427
F107230,0.47085051529875055
F118529,0.42070004826885565
F100418,0.4797414707431542
F104883,0.5221943399041892
F111040,0.5206145605938501
F108454,0.48717152130090086
F110834,0.5753397725491537
F100969,0.4649158596944528
F109368,0.5035321369095955
F102545,0.40753635298073293
F122488,0.43835628730418646
F103894,0.48416267932990165
F105408,0.48823845682718325
F112579,0.49956192162419816
F103663,0.4943350776308617
F120363,0.4519564101603112
F124722,0.45429243521994883
F116480,0.5167231618097885
F114951,0.48221498217172953
F100738,0.4540797202781797
F110536,0.48596437285987876
F122026,0.5240608394775649
F105117,0.49796704104549394
F108958,0.5387259771234492
F116660,0.3961200833383398
F114422,0.41748856467513074
F120962,0.46106410152232474
F111174,0.4744967505973271
F113429,0.5566155929333145
F124188,0.5091803456791996
F117761,0.4606594287633575
F118236,0.4608263144678126
F107714,0.42304637590518746
F118833,0.5460943144340088
F100761,0.4224647065946149
F120268,0.5547552686247508
F109138,0.46356932705974613
F124412,0.4725493078409681
F120691,0.493662722886404
F124661,0.5065467820137527
F108890,0.4810361628350886
F121417,0.4582040448463822
F118138,0.4681991755050857
F121512,0.4842532835079185
F108954,0.5349583215713727
F113146,0.46168736357873064
F105087,0.542055043522058
F121469,0.5268292279078445
F102542,0.45273853376418577
F100209,0.5885395407846785
F124632,0.3998160936349747
F107038,0.47220600113815864
F100938,0.5352688228178415
F107925,0.4839470964493654
F105361,0.4705813329967336
F105697,0.5203851138396784
F115744,0.45728597466625887
F107426,0.44955835877058486
F124172,0.4653804632284602
F104946,0.4823199529901573
F102095,0.49289952411230187
F123356,0.439476348420631
F102650,0.460062630390878
F106539,0.4362721438863545
F112891,0.4702433821751335
F108289,0.48054111477070516
F115077,0.43910004599098307
F122323,0.45373639265108645
F107204,0.4957016065573587
F113309,0.47702228398378943
F105741,0.5243273436421931
F113925,0.5036910395806626
F103318,0.49344178371372693
F105950,0.4542511022194557
F119672,0.46201198805651206
F109242,0.5456548127305907
F122020,0.4334402932965562
F111466,0.44892939776130275
F119578,0.518877759692315
F104122,0.5427364441874416
F117075,0.5427966431191814
F119337,0.47727551268129464
F104315,0.47576029946284193
F115990,0.49745002686877393
F121530,0.4392268803820801
F107744,0.4651644276960821
F121368,0.5106964791076647
F104624,0.44529956484350464
F104063,0.5080560895100475
F104344,0.4920203728592457
F118253,0.5218420123188432
F103315,0.4497012380396578
F119431,0.5766615804568206
F112167,0.5161094825132302
F116395,0.5002950201568379
F107209,0.3969317926329198
F106831,0.4796029923939029
F110362,0.512238706553804
F123715,0.492999417830267
F114686,0.4810812230706593
F100236,0.4153010037590897
F105475,0.5024462585170328
F119724,0.49699148708367863
F121653,0.5009607320464063
F110182,0.4330741817492452
F124466,0.4940806291383033
F109994,0.524506058205556
F101098,0.4375579943105383
F110819,0.48589369542736416
F124937,0.40397683380414046
F105167,0.5335177927922358
F109738,0.5268601668132111
F117504,0.5187156747752355
F123201,0.537808658285836
F104276,0.5167170453186409
F106674,0.49873281244822076
F102033,0.5723236304931134
F114776,0.46148702793602536
F106675,0.5321706630575095
F107195,0.5316156140918755
F115966,0.4402426049677355
F110078,0.46775940307093317
F101644,0.5614057646880884
F100635,0.4371348664686338
F106895,0.4896686267728345
F115420,0.4956806874653934
F122657,0.5048893112102879
F121159,0.4258106943565827
F106498,0.5348946374902875
F123880,0.4327644952049548
F121738,0.4970225819200387
F103530,0.5451330176508249
F118037,0.42947136974642985
F121887,0.5466802630048295
F117474,0.4728630005205037
F108838,0.5577331742229626
F110850,0.4600073336571499
F108920,0.4598564282318897
F116417,0.49376598754515344
F123163,0.4477625477632354
F114455,0.4278033673030718
F101247,0.5295436621562704
F104992,0.4518438191751905
F118511,0.4122465306429415
F114644,0.4727897911214186
F102251,0.4835307829719478
F109818,0.4277315182517998
F111847,0.45190021570689165
F104955,0.4375837931700069
F119652,0.5261350653748921
F122133,0.42086601584765043
F104993,0.4459534518491596
F113510,0.4654293133760577
F123557,0.4828178144229266
F113962,0.40313529337679854
F105947,0.4788607847614988
F106911,0.5059679379233858
F100652,0.46222601362257604
F109685,0.4427419075814394
F116475,0.49492608130314153
F104565,0.4914360302343622
F124062,0.4456079260627428
F115932,0.4156407174598515
F109613,0.5270876009992084
F102386,0.5092235304978031
F113483,0.4202516477716688
F117088,0.48498321053756893
F101277,0.5051765683998772
F124674,0.45725930377206414
F118679,0.49191275689596503
F100697,0.4662835062423501
F107785,0.46913665813885475
F109642,0.47073895986309455
F119574,0.4449507113192918
F114841,0.5329543242338337
F112762,0.5483676957199373
F123792,0.4043233355687494
F107168,0.5345250467884038
F120641,0.5896838565685673
F108273,0.4503427862949644
F124407,0.5086997498974476
F114604,0.5144709111979464
F102970,0.4906211684264892
F122148,0.42010759116202967
F108010,0.5103023416413924
F117610,0.5047800616321272
F100140,0.45977069598115916
F113938,0.4263162656830818
F121084,0.4629874697182984
F101060,0.5123987461854502
F108562,0.49885286291774245
F110164,0.4687337823347184
F110472,0.48434462940770373
F114543,0.4365277696648159
F122852,0.4798277267905937
F123987,0.5221582829659154
F106836,0.453541218674757
F101754,0.39603217609930497
F113931,0.5081960501404492
F124553,0.4517889912729537
F102295,0.48272769810382865
F112168,0.43903171382165984
F119601,0.45688122346884835
F114744,0.48962878595124193
F102112,0.4278445103699303
F113311,0.5056538868408439
F101833,0.42056801759389945
F103038,0.41478194118665096
F120560,0.427771704622525
F112035,0.4289493660041026
F111041,0.428132621243976
F106820,0.40877176546243477
F122282,0.5445041976620016
F122812,0.4283494601069576
F121959,0.49054323960471935
F111241,0.4749095238019367
F115679,0.5625017602050286
F100487,0.43386314299723433
F110726,0.48612185243380196
F117027,0.43315206419813956
F111810,0.44730824780278966
F112058,0.4824473340085609
F112471,0.4781415259145142
F103296,0.5216538130335503
F115646,0.4767748378503645
F103349,0.44586274966480033
F122192,0.46640236379024286
F107979,0.4815461714215309
F124864,0.46559734533699004
F122862,0.46741836575473505
F118545,0.45073308440917614
F123305,0.47605134180211817
F110767,0.4635882077050842
F103752,0.42375311346347977
F121115,0.43427581399038157
F109639,0.5292253216389674
F101751,0.482575456024467
F114586,0.522850743323322
F112250,0.4405618962957793
F108536,0.4723838710472774
F116656,0.4659396981239009
F121706,0.43658415583443716
F118536,0.5215354847324747
F105191,0.5228711751877158
F104561,0.4703670376487783
F101998,0.5240926510258914
F115774,0.4179254618834177
F115983,0.5177958268551556
F123259,0.48634314368928405
F100753,0.5491570315995281
F123982,0.4509252194010954
F116710,0.5447629429877539
F102019,0.5192183803312727
F123612,0.5037508870605623
F115548,0.44558579124459047
F114793,0.5390774944240884
F101753,0.5721560701196184
F104066,0.5580047711891832
F107166,0.45939920063448764
F104321,0.4057912545989515
F105839,0.5288722662675561
F118851,0.5363662070077573
F109929,0.4172674693319488
F118079,0.5393008590864815
F106387,0.4512495874599526
F117429,0.4326436604528747
F112211,0.446676975414926
F101550,0.47840088655768487
F121466,0.46661608105887786
F107148,0.5412105905711548
F118450,0.39196104691996875
F111865,0.5353839549459003
F110969,0.45124116048510576
F109782,0.45555675889081115
F111408,0.399900809670775
F108063,0.48400287667416586
F120971,0.5345924411324168
F123231,0.4948375892061
F122302,0.5061223852676404
F121337,0.46504281925313795
F119311,0.41080930538052207
F124628,0.49333731954303517
F113156,0.5224349280056575
F122818,0.451932865431659
F116061,0.4533232114299465
F114676,0.46143007969295974
F105188,0.5026638597401898
F109111,0.46666316932175433
F108985,0.47738204178254856
F118123,0.4617142224119877
F116826,0.5067270646944119
F111800,0.537723528213895
F110853,0.45765580281239315
F110615,0.4982109313490838
F107116,0.45229184040511566
F121710,0.4236914903828408
F100340,0.47974355564415005
F101311,0.493379350709574
F106219,0.4363084810297293
F114711,0.5138537645033665
F102516,0.561876539900772
F124145,0.47735018288236297
F110628,0.5214534707687273
F104011,0.5674684744806974
F105525,0.47385424340129734
F120431,0.4108738610435952
F109437,0.5289127422579075
F120177,0.4327089288253265
F112433,0.5071128426144134
F100873,0.53639955833496
F123892,0.4344073610104509
F100488,0.45901508794697454
F123556,0.47589880188321254
F107354,0.5626788993618382
F123503,0.527225997858041
F119966,0.42976179717365504
F117678,0.4739104318821886
F121895,0.5778748423388871
F122053,0.458441718360049
F112917,0.4673115781030679
F106363,0.5234143256771832
F102370,0.41081414011753964
F117001,0.45818594593134365
F101693,0.4488317099506043
F105339,0.4602469933355942
F107942,0.39910096622701596
F101824,0.399522375844651
F106272,0.45905366184799656
F124074,0.4408620755370476
F106358,0.42592161613564494
F119832,0.4135507984812887
F110240,0.44872351526132814
F119296,0.5152723955474766
F109476,0.4183536857040592
F107789,0.554282707451072
F100736,0.4978330078387077
F116588,0.47329688055689234
F122290,0.49612927349569097
F101154,0.5021811235204605
F102389,0.5029559676140467
F117811,0.42575936978496987
F111868,0.5473455412743884
F101781,0.5398509714245764
F116332,0.449957915955387
F111610,0.503617139173842
F122095,0.5243927029207818
F109282,0.4881643159093076
F105010,0.499956608534474
F119399,0.5176129121125509
F101522,0.4772531143408788
F119679,0.4721729103369983
F122804,0.5746289204542651
F108115,0.4569668561636582
F119513,0.5570477279943604
F115012,0.49357801859985506
F106658,0.5266517386035423
F119250,0.4397240831588044
F118688,0.5456719370596756
F117432,0.4582435495902802
F114870,0.4473905708488066
F103602,0.4382429726831779
F101598,0.4706621104103862
F109441,0.4705225236332325
F124954,0.5201147903394227
F115780,0.4033041745992284
F122592,0.4975761981448374
F109049,0.41448959973530164
F114002,0.5102877418797327
F114251,0.42718497859388493
F117006,0.5279063024897265
F115034,0.5101225114773014
F104720,0.4539647474185292
F109984,0.5648014342369809
F119430,0.511465048450747
F105198,0.5063867782261653
F103837,0.4515770968645826
F114551,0.44395365059135633
F103104,0.43697382762856185
F120376,0.42699186244761483
F104851,0.5258030887646927
F120183,0.47433804449222583
F124885,0.49123251606640705
F102201,0.43726348686802263
F119491,0.5143584595725658
F104606,0.4563231758741571
F116372,0.47430019796266853
F119040,0.547065659199234
F101915,0.5233769228654218
F109175,0.5091113039946678
F115685,0.45244220717081907
F111428,0.43628389519818833
F103111,0.49118686583470006
F110873,0.4202453284947335
F107633,0.4648117609879804
F107787,0.5113999664136182
F117530,0.48656535901976034
F111396,0.5481834481208749
F100767,0.5514431981583136
F123768,0.5053632595130482
F119595,0.49055663435122615
F120457,0.5185997412424255
F100411,0.48295176660430256
F124692,0.5101515669246646
F121841,0.48221935613869826
F120055,0.4190189486367799
F109741,0.4781551767864777
F116870,0.48622425042833933
F105897,0.49729284836000853
F111705,0.498790066339098
F111019,0.48543453081604593
F112687,0.42909988690996825
F120794,0.4537830874469192
F108983,0.48313002838554614
F104288,0.4207563099824192
F104780,0.5437890761934845
F111451,0.5299935935444127
F101955,0.5235722916700604
F108150,0.5246536553008698
F116150,0.47504917036375854
F100183,0.5449295707335252
F117639,0.5252228760066354
F121714,0.49748549843409334
F120937,0.4965640783697817
F113890,0.3967897825076545
F108932,0.4989855525710174
F122822,0.5204261434724815
F109135,0.4959034036087716
F100552,0.5110747768564985
F101261,0.5191182895880138
F100114,0.5098100077265784
F117108,0.45311481870374504
F123679,0.4540213412672711
F111243,0.4548589100258744
F113133,0.5517604021961017
F104645,0.4588447911082495
F105874,0.5204656046173894
F119181,0.4620197904289313
F101394,0.4132473364292169
F124488,0.4284388069339351
F116999,0.5419324078089673
F116068,0.5336416122422413
F118719,0.4450113893166848
F120589,0.5514549612051722
F116146,0.5048565855110333
F119080,0.4861145350436167
F122698,0.5112903193065839
F121018,0.4638856981025232
F123107,0.5830268146632032
F122501,0.4292386278265906
F102275,0.5266889034380614
F108923,0.4163549298666685
F108770,0.5335007409112149
F118911,0.4933728440494179
F118847,0.46178086433419163
F107313,0.5000976565160024
F100472,0.45719634763120726
F101105,0.4836389004846639
F119002,0.4457075238440406
F122076,0.5493580750861299
F107518,0.565182325081374
F101013,0.45928082096745715
F114054,0.42913327204746027
F111988,0.5734901276784956
F105303,0.5514258461221855
F118549,0.45143345960993764
F115072,0.5197439446779182
F103483,0.5056327792168251
F108248,0.388055201614972
F107192,0.4783905357566997
F104489,0.4724821255269889
F115885,0.4465297563090117
F123246,0.5458405722384457
F124020,0.49954897000166315
F106433,0.4006255856801231
F108155,0.43414046152320795
F104023,0.48541537654780664
F105426,0.40033725536986764
F106140,0.5309961238734267
F120579,0.5257034932248892
F109403,0.5066320642005203
F103161,0.44151213773376674
F120903,0.4584216561930068
F114267,0.4364274719285438
F114603,0.4559049832163096
F101173,0.5486391827889914
F118312,0.44063508171355964
F112957,0.5230446339270829
F108174,0.4725174198732277
F107679,0.49203467530409273
F106552,0.478733484089112
F123409,0.5232591140694618
F124647,0.5179670815028992
F116742,0.41639325199655275
F117931,0.5331538829541407
F116665,0.45272091321341046
F115205,0.522941657435663
F100312,0.43888517046215747
F116986,0.49029147125563777
F111842,0.47486875455659616
F124289,0.4872832333740139
F123926,0.5475281687290116
F121069,0.43405709338378595
F122330,0.4329290064199309
F102060,0.5074983333563999
F120022,0.4607311500158384
F120754,0.5034620084867663
F100793,0.3942835379283911
F103998,0.4429965740437551
F118846,0.4780732923519873
F110851,0.452978236348167
F121612,0.4742125733363264
F118155,0.5058495143178833
F108002,0.4594135458308882
F122670,0.4974054671083906
F124458,0.44825571653511176
F103392,0.5158652400325181
F114535,0.4492915346147097
F116547,0.5411251607678199
F102145,0.4022616653119068
F105687,0.46064309902666
F109473,0.5430815821550897
F121006,0.46758605942145315
F112627,0.5769699552029135
F113522,0.4067413738918027
F118369,0.5132356719558694
F106945,0.519749840393283
F102604,0.4713466756568705
F100080,0.4690626993454212
F111323,0.40145180774548617
F117613,0.45805596551587785
F110569,0.4984545520442598
F104756,0.3981703699107611
F118393,0.5013626598791898
F114181,0.4592108813880628
F124170,0.5291895626946199
F101428,0.45062787590487824
F111588,0.40570347375508975
F117567,0.5379466740064367
F105661,0.4077267410492401
F124355,0.5225797141322677
F114965,0.467565638401626
F120057,0.47261295492396754
F122212,0.4265655369515874
F116977,0.5193394190076065
F112559,0.41150524877821915
F105212,0.4541982831946848
F100954,0.53121532404438
F121941,0.45486111334985513
F115462,0.5123246035372738
F116974,0.46384584140436047
F106977,0.4978061157597864
F113158,0.43567393754048495
F104864,0.4709610292120078
F105837,0.4365024607437891
F114309,0.499350498546971
F114564,0.43426290262247336
F106157,0.5387811529568536
F105206,0.5173531100472857
F107052,0.45869651162243563
F107894,0.5478590373210591
F120568,0.5165332751146607
F119555,0.46719505356843183
F110716,0.4352167304962943
F112055,0.44073652223818094
F120856,0.4907624231172619
F109446,0.5545479305310478
F105342,0.4532415052169718
F112668,0.4862643830045012
F107650,0.4137208512159065
F111844,0.41402382189025444
F115697,0.4382392946048421
F112253,0.446218495689953
F106643,0.4929663348724308
F116282,0.45766475646498306
F106165,0.4474561248431658
F120271,0.4623697005348726
F123729,0.48514316466175966
F100377,0.4427782707360836
F108642,0.39838034755598795
F112115,0.42629579775626514
F102438,0.42830614281550355
F116606,0.4458168726774974
F118051,0.4031043372925127
F101272,0.43117513147856723
F122322,0.4958539252535877
F108021,0.43625632506367906
F109367,0.5103287002740254
F122111,0.5296987661585965
F112812,0.443873400725492
F100908,0.4735173239320691
F113094,0.45033494888564435
F100501,0.45653947910804027
F118716,0.47560243659160983
F124793,0.5157828516733836
F107085,0.5047032323286884
F107738,0.4302584222150851
F110914,0.5061340256428641
F117788,0.4121640551889627
F118159,0.44739135307393263
F108667,0.5011610351834495
F108071,0.45489616548921663
F103657,0.48970304199997206
F119748,0.5641338993118079
F101308,0.44447700632401627
F116569,0.47297500347029536
F100038,0.471337399188094
F112205,0.5521359124306584
F103240,0.4708163931829954
F113950,0.4439646368912169
F100517,0.46724226281839987
F118227,0.41745872231512027
F106284,0.435552257848877
F107250,0.4878322745545126
F108987,0.47507234287842126
F115171,0.5422665158719794
F105144,0.47206635910133954
F106889,0.5208156971843123
F108820,0.534114896978614
F117312,0.49055640235921594
F106690,0.4703103511491714
F109425,0.513153424283953
F106041,0.5411208666470045
F112476,0.4680122415863256
F117231,0.4507266881019806
F105013,0.41744311230422504
F103834,0.38874943960803343
F122912,0.4439055874678997
F124120,0.48169038070083436
F116850,0.47386041144353364
F116021,0.48291956368033945
F102974,0.48820572267899315
F119415,0.426451811515398
F106844,0.4729346325864938
F112212,0.4656123391770557
F105832,0.3961690508550173
F121947,0.42090979731280653
F101841,0.43317527649699183
F115295,0.5566287260449291
F102786,0.4464782554721064
F108739,0.5092348867631142
F124052,0.49309947406068977
F112033,0.5012782198978865
F109200,0.5068487273458419
F101307,0.4867226740582061
F116142,0.5071398790462677
F116923,0.40281130749627414
F112328,0.5010870474203059
F109744,0.5028341761263171
F112901,0.48841806224211604
F100297,0.44835085925429574
F106331,0.5324497199253778
F108745,0.4893252524541227
F118987,0.4885965316979216
F109362,0.46876456997288796
F110804,0.4153283574028332
F107474,0.5164927564290632
F114558,0.4275138113685859
F116890,0.44481092672009137
F113360,0.5019350256635771
F115612,0.5032073014780546
F110049,0.4655932691779703
F108747,0.49469888801251943
F105182,0.4752190293694886
F104033,0.4815140734797749
F111015,0.5336066125315018
F115764,0.456391509589549
F111029,0.46512933534483925
F115056,0.44116086167315016
F109302,0.45705472636958216
F122737,0.4995547400011607
F100416,0.4734937251565602
F108765,0.4594761721271873
F100382,0.46068670630904607
F119964,0.4777872333176065
F118924,0.4238489027080013
F119687,0.44512168574701183
F121773,0.46587211980697396
F103119,0.4843906561675454
F124159,0.47320343353884897
F113540,0.4990930274965565
F119690,0.4623599778051928
F124124,0.39558544971057863
F106874,0.5416269409605403
F124254,0.42378617004568764
F117206,0.4322072327054108
F116103,0.4579156176558725
F122415,0.5123517028587603
F114830,0.4413667353562232
F100470,0.47088787891486567
F119810,0.5088481193888594
F107705,0.5041337471531816
F122443,0.5694113257049773
F101447,0.47728779998483994
F110636,0.4142405822571678
F118571,0.402051849451001
F124080,0.46805944438858277
F109930,0.4008952912345378
F108900,0.5213496445140364
F116182,0.48461452017790135
F107775,0.4297834241434332
F109914,0.42025338835276216
F107440,0.4811196561730231
F111821,0.4917085277375942
F116376,0.49113206180583024
F116093,0.40589272160371037
F114477,0.47901945010733477
F107480,0.46030288908036415
F111851,0.48756109690832583
F111086,0.47927109431497067
F123115,0.42058152956670714
F108151,0.5016401098103853
F105727,0.49249392902068895
F121308,0.5350709937611962
F111963,0.4742520701629546
F120189,0.4846701467268484
F124354,0.4472339486899697
F106821,0.4837240988637137
F104285,0.4691089356218465
F119069,0.4669476058264356
F105983,0.44316907708567044
F100970,0.46212960722343266
F112515,0.4592277179145091
F116847,0.44409570518715646
F102872,0.47873843152439055
F120378,0.5415712237015701
F116531,0.43776913403654405
F109448,0.546130637629566
F116394,0.44796219837218326
F104949,0.4873160275845413
F104022,0.4534422759124287
F109661,0.496238886818473
F101127,0.48240400668634104
F105458,0.5283453056531096
F111359,0.5028108096277216
F104832,0.46406359180128437
F124194,0.4401943786658226
F105827,0.4642304221165977
F107425,0.4936287853051058
F102306,0.491210202598912
F119913,0.4215713202706085
F101672,0.5199126450345881
F103056,0.5078025962419455
F104382,0.42913783578476977
F118968,0.590778818320295
F124767,0.47886957305482425
F109725,0.39898334583538697
F102929,0.46993789088853466
F106360,0.46103753119860547
F115541,0.5079068376102602
F123884,0.47789170683637333
F113152,0.5131263600068197
F107913,0.4187121311102725
F109226,0.5321614954236792
F105023,0.5043442289578941
F102322,0.4794677224175382
F103788,0.4834257018615322
F107396,0.5361729571546409
F115281,0.4732403944800774
F100273,0.4957637639139249
F107970,0.41446058859295243
F120773,0.47550073630216305
F112894,0.5429743630109697
F104441,0.40657032366528867
F111676,0.4896247517278307
F113899,0.44721160142597904
F124975,0.45152769605065524
F109944,0.5491834078636791
F118346,0.49465958637461604
F121350,0.48170500560115426
F107638,0.4277371320284007
F121517,0.5046131633274071
F116362,0.5535715681631507
F102513,0.5040414371833626
F119158,0.4541583136416587
F119159,0.4645204451697633
F104153,0.38405015668420495
F101120,0.52165851728405
F113681,0.4879265005080946
F121532,0.4255123471210206
F103335,0.5399864404974872
F101237,0.5671563168602266
F122458,0.44073938220441466
F120053,0.4060349919560954
F101349,0.4381220555906413
F108195,0.4877164068861547
F106115,0.4791998258546862
F101981,0.4952262740280807
F102653,0.45141661924991316
F111226,0.4342133365881244
F114911,0.5069855264856304
F104370,0.5062471083337998
F103728,0.46952568225192826
F109989,0.5463683187347338
F109136,0.4439912253928243
F109377,0.39922115937009717
F116367,0.47927853654968566
F121974,0.5124068137395721
F122473,0.46813234738243054
F106614,0.5013110583311796
F101124,0.4570965879301435
F115128,0.5355628345052174
F102816,0.516052981502067
F103041,0.4403213399957527
F116138,0.44287383184660306
F117373,0.4271595490175601
F115252,0.4892564660835068
F124056,0.5042899367775242
F119772,0.51007019285952
F104436,0.4744572736114716
F107423,0.48211204237543004
F100095,0.40979100111879013
F100364,0.5215511488189841
F112038,0.5250089730034683
F104522,0.4738177475205527
F113109,0.4617878640194596
F110974,0.4387089251628479
F101872,0.4971646870171752
F101068,0.4751348562869847
F104709,0.4613276317241067
F120644,0.47041389232733083
F110439,0.48242374550098677
F108131,0.5033632411489292
F109717,0.41425382960251034
F109622,0.5131027235885048
F123571,0.4679509808169756
F102686,0.4685746540521055
F119216,0.47331164314111157
F123527,0.5502045626613621
F112500,0.39969472271794815
F120660,0.46843714445853735
F121830,0.48007329132951826
F104237,0.44165080367766885
F115190,0.5276424209641909
F118920,0.5105582324663462
F116871,0.5197495109207455
F116973,0.41683561813354686
F123010,0.5514252155765476
F114876,0.43685131368625957
F110215,0.5162298931967805
F107723,0.45911814586674304
F108436,0.4843938336340532
F103074,0.5608693072572901
F114136,0.4281135654088798
F120082,0.45786381702313605
F115581,0.5388945907142317
F108293,0.49821168486080647
F115417,0.5124627491615426
F116833,0.46975073929131744
F100029,0.5264742234015264
F116985,0.44124231097498673
F111833,0.5734975498643213
F120260,0.4811457008867911
F109583,0.4655714225193527
F123693,0.483199036372699
F115645,0.5290446570034496
F122301,0.4715892140178791
F119206,0.44627780726103455
F100826,0.48831104172567286
F111926,0.49721335941552625
F112417,0.4896680430603009
F110403,0.4151978331592821
F119140,0.5439514492302826
F104695,0.49644144059468304
F123804,0.4238919611931052
F117199,0.42951772206651795
F114751,0.5116873758598581
F113662,0.5438746972131796
F119786,0.4645951719076424
F109722,0.48641136728226564
F117726,0.4209415216087413
F120605,0.4116701117781021
F104546,0.536447987494346
F119188,0.46643956589156177
F116439,0.44317567105386424
F111002,0.4391890806692914
F123070,0.4820696097547107
F106147,0.44578342576910013
F104932,0.4837162966231884
F109194,0.5148940375798066
F115531,0.5205899881567363
F105641,0.5098674226187766
F112111,0.49938872291287156
F102598,0.4093470121659159
F109342,0.41779722836191346
F118390,0.4492794504472358
F113576,0.45512588146745914
F106199,0.5212287792830055
F116290,0.517031765532254
F107611,0.5296383649121857
F113223,0.48135930293032014
F118464,0.5014916839895214
F123013,0.4890754878316972
F120006,0.48481983700348014
F116478,0.508862556757151
F101312,0.38976269289042503
F123042,0.4613524731974954
F100045,0.4675833631521412
F113407,0.45408136362890783
F113374,0.4628279463104701
F118256,0.42382533110501114
F104208,0.4095351451617451
F120343,0.4157916352896802
F101762,0.4619146749606287
F108658,0.4240613614903097
F116339,0.4611166547932268
F124368,0.44722149483062024
F103787,0.4626140397374158
F113870,0.4597430276831054
F111713,0.4977250659061344
F118677,0.5324801663812814
F104312,0.43691838850763
F106606,0.5267467996006691
F118122,0.4895413989867671
F106599,0.5552873539765208
F109570,0.5455659267411956
F113081,0.5113817378508865
F105129,0.4443155942840279
F109831,0.4382686147231325
F115161,0.45737102566788734
F122139,0.5117367820821583
F114634,0.44960332459916874
F105517,0.4627316184188903
F114407,0.49967755740488684
F109772,0.4230930714762563
F124495,0.44668054809259017
F103543,0.5737039793938494
F124747,0.4715943102595217
F119084,0.4262615828910785
F115815,0.5172201656201314
F118726,0.41100350378591727
F119478,0.4951065067890251
F122521,0.40739482831996393
F102328,0.5078960481990551
F100842,0.5167543752383833
F104040,0.4425124350572731
F123101,0.47187260237064976
F111886,0.4655700197037573
F101212,0.5293828903307661
F116420,0.4495246819493133
F118287,0.5164976265364412
F111054,0.5547049517953413
F100706,0.5811563929632221
F120788,0.44333022294980307
F106477,0.49702963947174705
F116902,0.5425006861621392
F124738,0.44917010069763824
F105208,0.4972533194101124
F117963,0.44972150729117283
F119238,0.47695687784433094
F106181,0.4658813566457438
F119735,0.4208623243667258
F122554,0.48273806008905173
F122008,0.4701609953635345
F111317,0.492677712083416
F123120,0.4263659896571435
F114225,0.44798627545418834
F121985,0.4729781338268861
F110484,0.5047213724039524
F108430,0.4754216762998662
F115305,0.4285701105203109
F124268,0.45639689012299056
F119847,0.46275303046968497
F102738,0.4286321897410292
F109464,0.46701650360417496
F124522,0.522198980852159
F103969,0.42328597059889406
F109225,0.4376405913349442
F115136,0.5964625391110253
F116931,0.45730952487578486
F122013,0.42922618215038744
F124436,0.4933402459134397
F104149,0.48693767628718887
F110606,0.4431415636516427
F124802,0.43271490220828085
F104345,0.5018680801803103
F114672,0.4144289395816523
F119848,0.5360903790800019
F103290,0.45299992700662967
F104888,0.42667236633631545
F113520,0.454488614286681
F119168,0.4451016217861762
F104655,0.43648284387063396
F100234,0.4937802355686176
F123659,0.49469071393588937
F121306,0.3966943435420594
F122919,0.47696275018258044
F119185,0.5105930219470276
F114557,0.4385664723198406
F120068,0.540751434322828
F110255,0.44777141974645907
F114668,0.5711569939449312
F101784,0.5306094403907318
F123733,0.42509984190545513
F111087,0.5680361308214571
F108592,0.4733994331823582
F110370,0.5336182107924533
F124017,0.5514731601363305
F102724,0.48839664785314874
F100722,0.48386150638385406
F119291,0.5135845587223641
F104360,0.5632852939181479
F120415,0.4830671363832298
F104816,0.5173298861620867
F111397,0.47715512653573133
F112336,0.5245302987557073
F110568,0.42644391279813165
F106576,0.46875586611095355
F100151,0.3927272965195795
F110197,0.5459789484104206
F109336,0.4719783807242796
F124798,0.4903011271122595
F100162,0.4831982547100694
F101699,0.46260714898385347
F112645,0.45530865335644866
F112829,0.5294546132386564
F103331,0.4586554956293797
F120328,0.44249674447046694
F104367,0.4853661276614356
F114200,0.5495651906121919
F104673,0.4784486061116995
F122029,0.4693877249292052
F101404,0.46493908265975536
F109571,0.4735215841925507
F117648,0.5407925089113139
F123171,0.4868299035914525
F106429,0.5205820047138686
F119641,0.3886906372956843
F100178,0.476031919141945
F117139,0.42197247577413166
F109205,0.40298722691668454
F123893,0.4381068206431834
F100733,0.480506063431691
F105491,0.4187029968314534
F110633,0.46843699254259313
F116553,0.456159399548011
F105633,0.495834148942968
F116134,0.4189609141235243
F121291,0.5121236147717659
F107773,0.4377322907222795
F108088,0.4621178432633135
F112707,0.4887701192431319
F109569,0.4826496053542903
F120566,0.44378756204136716
F123968,0.4934842332060785
F123283,0.47268825893249133
F121506,0.4711580119497808
F118573,0.5062615049112301
F124881,0.4390973373223636
F103023,0.4280842995661943
F121534,0.5319222239055943
F114154,0.5173779879142151
F122007,0.4167074863110083
F104670,0.4729944845469998
F109248,0.48906269185479445
F110905,0.4973944620954727
F117212,0.531651777668338
F121030,0.49049010428127393
F113457,0.43047295619858084
F109021,0.4410647621497846
F104306,0.46214052217017043
F107503,0.508510132056747
F119787,0.458218756346538
F109176,0.505647686099263
F119859,0.5452888869228153
F123185,0.435340387905309
F117230,0.4871375112582457
F116635,0.46790616612556923
F111519,0.5822137208510909
F104098,0.44193778080035023
F118801,0.46159256953805794
F116581,0.5182355183918995
F101213,0.4885913239808268
F124269,0.45235584487888786
F106830,0.4154666152229118
F104895,0.464757590552819
F114121,0.43484354048749907
F105776,0.4316995526634756
F119536,0.4027081584896239
F122474,0.5571505926528835
F111688,0.48764938934693314
F107540,0.5421481237380379
F112403,0.45669397147061447
F105677,0.5230963544281725
F124624,0.40329568213809497
F112912,0.3948478310056912
F108372,0.447137564037728
F120719,0.4143914321876999
F104378,0.5510180268905976
F104813,0.4879890538464109
F116535,0.5343077242351425
F111736,0.5379266739532201
F106479,0.5414220127368324
F103242,0.4169555741911145
F107847,0.5019110298283729
F103745,0.41684732109837097
F118429,0.43702798653857033
F113004,0.44440465063487994
F119726,0.4582287091367263
F123790,0.39866472350938253
F100034,0.544004897236141
F120440,0.47444590495247924
F120180,0.4198148631388924
F103656,0.46746373101337413
F112455,0.4553848096374511
F114722,0.45309579457099114
F112118,0.5131020910347022
F113876,0.5111907097348637
F118160,0.4932799711174756
F107376,0.5201011542870115
F116340,0.4481950443879794
F122412,0.575916587205277
F115761,0.45551910827349584
F115139,0.3994823547192078
F119614,0.42490762023169604
F103980,0.46709606474675913
F117948,0.4436536280750071
F114958,0.4713101293576868
F116637,0.4745939280814715
F104803,0.4846883428798258
F109432,0.476816784180941
F113672,0.46569933826002785
F109842,0.555259420575091
F108896,0.392610694523968
F107375,0.483150125031025
F123387,0.3940952986373982
F109033,0.42466580359932704
F124376,0.43880679188487925
F115318,0.5088043632930732
F119660,0.5023839599419656
F121151,0.49299252336143295
F120631,0.5162020734504967
F114549,0.47925257990873776
F101564,0.4563846034330855
F124619,0.5093255644279449
F116778,0.43198534272140027
F101453,0.5312758577009875
F120928,0.49625653764306865
F114264,0.411229341778008
F112329,0.4370940142785873
F101843,0.48595476898284307
F106051,0.48187584076037915
F115673,0.5168661259790237
F121338,0.5167588603782243
F102169,0.4553471726565992
F119965,0.5038280580094759
F112596,0.45075338374364793
F108499,0.43463732275715106
F115880,0.43359161599836077
F123734,0.4759997776974933
F107446,0.47460122149817535
F117816,0.4149662125116717
F105036,0.4650387767877521
F114356,0.4446609765478585
F104341,0.48875586833245144
F120665,0.4153298327180831
F117856,0.49476270700744246
F114709,0.5087589033876557
F114293,0.46449757830611477
F104545,0.5327668923438469
F120020,0.43174690752633926
F116643,0.4687583262866648
F112763,0.5069493091178088
F106407,0.47543476980156896
F104724,0.5055715055293611
F118714,0.4056316089641847
F124702,0.4977117205772649
F117532,0.48715032833630295
F111065,0.572129498372398
F101010,0.4623345617634469
F106494,0.46070569095737
F117477,0.47831843080844527
F100685,0.4155030937797584
F118386,0.4540080005728213
F119360,0.4554466815253527
F105237,0.48220094720447815
F110277,0.4829400985026354
F111872,0.52628958071581
F106074,0.4660105300893679
F117047,0.44058807959637636
F121491,0.4463114250871285
F121176,0.508425761444326
F111292,0.4499397801515967
F123267,0.5571798177932785
F109498,0.48194880497944315
F118709,0.4496701895456812
F103696,0.4203760477880154
F116806,0.4459813521412982
F120702,0.4213806902946688
F104260,0.4356247598774638
F109515,0.4506185492718381
F121169,0.4758008076161317
F113126,0.4277471592659867
F110555,0.42529014591972697
F111033,0.47746412352214995
F107429,0.4659793333198636
F109347,0.46132717464922157
F105088,0.5422357086829689
F101848,0.40332623111694055
F109353,0.4854276330732704
F119003,0.5041812313064089
F102969,0.471667499138383
F122274,0.5316341530907183
F104854,0.4559145240262529
F117822,0.6069304658859248
F107891,0.39825348639812386
F105037,0.5007550603527208
F112575,0.44495643849033345
F114509,0.4601395869424618
F106600,0.4604781806656279
F109291,0.4921875730082157
F100317,0.4232743925604634
F110155,0.5230037056883611
F106033,0.5318233705896153
F108058,0.4631926637226574
F100261,0.6026817281921849
F124396,0.44989304899384214
F118697,0.5335397391275556
F102451,0.4783483980303376
F102538,0.47962163981788003
F111894,0.47851784622440724
F121146,0.4546835839764528
F119246,0.46177495310586447
F106764,0.45918429288279394
F117322,0.507773703033468
F115755,0.48170297542807183
F113605,0.4293041879279346
F102710,0.41848343847436564
F119391,0.40738699537440515
F123996,0.5246095401753769
F111637,0.44614354984478644
F115162,0.5087038789089391
F107792,0.4952024442323753
F123145,0.4940849139441731
F114613,0.4482170163395873
F123044,0.4034991959535127
F106749,0.46594382959349934
F100836,0.417914097655626
F114598,0.45546154577300946
F107653,0.43182678911870315
F116849,0.4591696768585657
F108605,0.4492333515784308
F107383,0.4187431009973731
F123911,0.40373076420207477
F111184,0.5138933032954845
F110214,0.49305644057440745
F123822,0.4621162972924715
F112193,0.5110955817222173
F120841,0.49438911925594875
F117956,0.4542610402336452
F124877,0.4778054155311775
F100062,0.4631419034957296
F101837,0.46489949425959254
F123424,0.4888417446419115
F120509,0.47612228358074876
F120729,0.4515103113668176
F108163,0.4763197254704196
F110580,0.5229194357545663
F102803,0.4397997309983333
F122612,0.4877029881718764
F104600,0.4593765691587318
F113106,0.4796199839568014
F101545,0.44023135140807423
F121559,0.5078996135729654
F104337,0.5299435204234559
F122298,0.4176212223508319
F118818,0.45849491358024996
F121191,0.4225475300743938
F110094,0.4499534502266675
F117833,0.5575872987302223
F118565,0.4629152405894138
F105137,0.44263346046667235
F102304,0.46567768304903756
F101992,0.502034251698355
F105940,0.4253662344602429
F120312,0.4733259360747888
F122523,0.5210730750603649
F105644,0.41005583800112533
F114930,0.4595967996036542
F102055,0.48450232203488103
F101865,0.447847965112659
F113006,0.5295135180803634
F111517,0.42985118556150365
F107205,0.41408412379872317
F100281,0.4373111868123572
F106249,0.4161371120095285
F101795,0.5090769138061959
F123338,0.43717256993457654
F100417,0.46889354579002734
F107552,0.41473820172164344
F100421,0.4116182709290762
F122717,0.4411477318329926
F110029,0.47152594781609025
F116213,0.4712336541177224
F120203,0.49276289333331164
F121400,0.5166830780214818
F102410,0.46758816900716044
F113164,0.5952373904562267
F112430,0.5412462533886602
F110772,0.41344449187938925
F107726,0.49321458783187844
F115940,0.40174986424965087
F102875,0.49049996270523855
F119355,0.4195190245220445
F113306,0.4782286805852403
F105384,0.47433046242548293
F123072,0.43472668476176846
F109979,0.4459977161963732
F113891,0.4829165302062183
F109099,0.563395520070975
F108435,0.42176977564900353
F123416,0.5066139790109847
F101919,0.46911185445750236
F101766,0.5206182442168603
F115238,0.509454881451991
F119887,0.5447023517977013
F118656,0.49348658536615286
F111062,0.49701453309835547
F124530,0.45064956371744896
F107975,0.5941839866502117
F104548,0.5132172651797661
F110843,0.5417581428797955
F110256,0.4789585232337617
F109074,0.4268215382863122
F124484,0.42467784900417754
F120196,0.4681486324801828
F104294,0.5144189567710442
F107467,0.4438335205831442
F120244,0.4888356396043311
F123187,0.4403552988762966
F112771,0.5581493872822296
F117023,0.4091746855387872
F119213,0.4745333931662357
F113098,0.49675652865316755
F116855,0.5311625676363612
F101306,0.44981034239289885
F100909,0.5107657265305965
F114368,0.48492188941139897
F114371,0.4629508739740241
F120980,0.46918309193269797
F118550,0.4570285575589838
F104843,0.4600401605982535
F118498,0.5552618284845504
F104761,0.43819654616496106
F113347,0.53105028012212
F110363,0.4221818465719084
F102342,0.4759871839028462
F102609,0.5819500551055407
F114479,0.4533632549582661
F108351,0.4438850491066544
F112614,0.46958515549205704
F112204,0.6016675582527725
F119447,0.493561600420776
F109298,0.4792361826492585
F116652,0.5134958840714162
F119068,0.4836347564712381
F105089,0.43136505262196795
F101636,0.49770355423149465
F106619,0.49829991423362663
F118108,0.48624283983014804
F112851,0.43050884241993015
F115111,0.5115754921527059
F111622,0.4818812746268671
F108793,0.5057935454855995
F118800,0.5049369271605205
F115275,0.46104307344504747
F102362,0.5350518479388197
F107284,0.5037277745010592
F120471,0.502122660944861
F123050,0.5062540666993046
F119940,0.4395763236749243
F121582,0.4199583913729279
F114972,0.4421432787263927
F108065,0.5430171652466518
F120580,0.44080879764804554
F114945,0.5009240589623198
F102408,0.5236161035787934
F110431,0.458837027079234
F103669,0.49096744066374287
F123781,0.5685694344607762
F115715,0.4886606485996434
F108380,0.5265120654056651
F106089,0.40634572742513003
F113793,0.41466389728716607
F103269,0.4657078577733111
F110531,0.44770253830002055
F103529,0.5080395960822212
F109149,0.5149558031795138
F117568,0.5025884466702345
F122152,0.45497911173699496
F106396,0.502214936244094
F101797,0.4588985474140864
F112318,0.49252983103453885
F103122,0.5013313118013173
F124064,0.4841103223450992
F118639,0.5506575188548746
F115913,0.45439259442135194
F109873,0.5192022733903932
F120091,0.4607530660174053
F112609,0.41204148778431127
F114961,0.49921422781557445
F119734,0.4798730120912479
F114566,0.4767126805371569
F117003,0.4564739237579738
F105055,0.4649596752936985
F102011,0.5203142650858222
F100934,0.4715425766899857
F111696,0.47568633512901715
F108316,0.42926723100422115
F115710,0.49001646661962023
F108210,0.457931670232348
F101403,0.4490763215083865
F114763,0.4197202121219748
F103191,0.5189972028363817
F112148,0.5346146425158844
F112365,0.49418632220785563
F110678,0.5341844207876768
F108746,0.4540902736304703
F124293,0.4571071488657257
F109222,0.478594929295203
F103183,0.40935187658434385
F101183,0.4980487058336859
F107095,0.567045145309494
F110704,0.4817290862037077
F122267,0.5829083317082904
F101657,0.45795487040180394
F106951,0.5050627810374666
F124399,0.51603228059231
F112526,0.4966265640897956
F119013,0.49909958031534235
F117862,0.5197190925599467
F122016,0.48197621157453563
F119088,0.4104084128315131
F107519,0.4674591501928465
F122224,0.503342375219078
F114056,0.437766574807699
F106801,0.48036779486074643
F110016,0.4703763826872712
F111578,0.48632784022209874
F113671,0.5180646318039505
F100966,0.39343592202266686
F121428,0.4782699983934602
F123633,0.4873009771093215
F102981,0.4549696404191287
F108192,0.4893979556561912
F106415,0.4525123803093475
F105420,0.45991737091925244
F102891,0.3818000987353547
F112864,0.5450101863643722
F119796,0.4781166793707311
F122286,0.5175588516247902
F111968,0.4343628456896951
F119271,0.47133631214604454
F121319,0.5662018771008491
F122989,0.43076821990026615
F110587,0.543883759560256
F119835,0.5102045362284321
F113804,0.542639947369936
F120608,0.4851763492226179
F100063,0.43790329694860153
F111602,0.3923562637294332
F107242,0.4329646235531922
F111447,0.41947672605426467
F106101,0.45291482043567766
F120610,0.47419876607941985
F111823,0.48880267655799753
F110848,0.4671500439338223
F104147,0.5425508956484851
F120801,0.4818276700958743
F108269,0.5503469135522608
F122035,0.5065094490658469
F102387,0.44515146619618196
F124608,0.4463027837714517
F117790,0.5468998718586874
F104029,0.46638301186712056
F115235,0.5036740366803326
F110891,0.4335011607160465
F122291,0.44495533115282515
F114721,0.46562565749809925
F109328,0.43448942984902056
F107995,0.5136277136479286
F121056,0.46703862207274893
F111933,0.4856855681256222
F117608,0.3874800672617209
F107155,0.47268884824261437
F108926,0.5180846469602783
F106237,0.4378668189162521
F112467,0.4281273435332437
F117632,0.40338949147702563
F101380,0.47070094926390005
F101621,0.4328054020231279
F115108,0.46345481732488036
F122264,0.5031136503161217
F100303,0.4918074158097798
F105445,0.5301377666340819
F102267,0.4537610524583744
F119046,0.5429730282440557
F122308,0.4513838931352417
F107153,0.5282762900455267
F117843,0.4872863989706888
F101910,0.43367821422215486
F114196,0.5530354865957916
F105769,0.4956398218102458
F119541,0.4732234523933512
F114088,0.46414932017893196
F115915,0.477781623039137
F119736,0.49187251605353943
F111740,0.458295717953568
F114594,0.4844232304258981
F116558,0.4604875830294559
F113078,0.4952145094771321
F100369,0.5337634357772632
F110194,0.49091322240160185
F105193,0.43044150056684244
F124542,0.5089479962931037
F104589,0.41109320084858436
F104361,0.41126351299809416
F116568,0.47589163993611977
F117695,0.48815160718487527
F104183,0.45800973575874726
F103675,0.42443051468735826
F102368,0.4557010630351164
F113625,0.5521663819557658
F118503,0.47516491956190643
F122740,0.45500723116627634
F106321,0.5124309286770576
F110321,0.50053838721858
F103934,0.5021379339999913
F121797,0.4836113977498082
F102651,0.46166544554802436
F120766,0.5892546570067917
F118858,0.5040760958504148
F104815,0.4860240072009768
F115827,0.5113736381805963
F101686,0.45367138323863454
F114701,0.46190486022920696
F114078,0.5197362276276412
F117801,0.5160788870395797
F122684,0.4556341139309523
F123855,0.4323129118047327
F108565,0.5618598643066557
F114810,0.449449469760081
F105579,0.4289918082702646
F106859,0.481939208548963
F105364,0.502925888264073
F116307,0.39420588433250336
F121889,0.4648806633116826
F122442,0.4364466616998683
F123936,0.5267161980095005
F121631,0.5126068157806112
F117055,0.4857712430185986
F109654,0.4844647951239377
F124546,0.48449004366916787
F113811,0.4084358793876367
F118936,0.4819905572241004
F124526,0.3945383739628614
F116075,0.4311726825096717
F117880,0.424668880654587
F100117,0.5624535441025409
F101966,0.5317933910477272
F114404,0.5655251989564601
F115372,0.5175839609134382
F109898,0.49655358125988114
F113034,0.4766160301480674
F111045,0.4451872158092419
F109096,0.5045699187223016
F108596,0.41564527589721767
F119689,0.5206987253182562
F102311,0.4062201161453743
F108047,0.49026759607008635
F116621,0.5376840928773136
F101279,0.5321603005957803
F102314,0.461527961947381
F122908,0.45646196879510476
F109229,0.4451730758468388
F111778,0.44265111181151046
F124529,0.4446976319224602
F101674,0.4772783533205019
F110878,0.5294858340843908
F101942,0.4774924092978986
F100662,0.4744147128726109
F114234,0.4034798453741718
F119443,0.5056507827510783
F116400,0.5060163460462896
F106975,0.4273810868212219
F102758,0.4595830826253776
F109727,0.4537862284646711
F107258,0.4853959817653981
F102979,0.4040486527965268
F115578,0.4870863745088328
F107711,0.4414814832104675
F103091,0.5536763772709135
F117680,0.44963695975902856
F101508,0.4381376111801566
F115284,0.48597762871779626
F109277,0.44973631753619614
F107648,0.49010639243311105
F102072,0.49976157023530265
F110092,0.4586066177022136
F116611,0.5021715232485859
F103080,0.4560100958087286
F101913,0.48245212017798567
F122131,0.5104651094357604
F124057,0.492384877075059
F112930,0.5353451758655229
F105262,0.4406075967529227
F117660,0.5306981255606367
F102962,0.5057573478183768
F110450,0.5515834002193748
F117292,0.44859588926355354
F100124,0.45072193647855074
F107355,0.4228465270913113
F100676,0.500368615524056
F118568,0.46149479243361163
F121315,0.4046079864064877
F105243,0.5070953569363075
F115486,0.4946777711231092
F105536,0.409396694224085
F122476,0.4583174230800142
F114635,0.4941813128240739
F114860,0.4616020364171929
F120946,0.5008371246597059
F107566,0.5066188482008978
F113521,0.44806954308661817
F106032,0.4367874497093208
F100430,0.4960511636068645
F108705,0.4504857638949068
F114616,0.5130437369694101
F117673,0.531573487410991
F111701,0.45073676027748705
F120700,0.44893024763918987
F123090,0.43406990891188774
F115296,0.47161382673292096
F119856,0.4562215852361662
F105403,0.5300580543535631
F102948,0.5541238283278732
F119484,0.49605058813246905
F111890,0.44059372349801884
F120961,0.45059137375310243
F103322,0.5298942402704222
F101204,0.41843293041871743
F100381,0.5574802858161518
F111363,0.4464930523654682
F108761,0.46646550319830804
F106107,0.4552787790621774
F101048,0.542732419022527
F113832,0.49031291118085923
F103620,0.4971327659511527
F120874,0.4303202780746376
F108396,0.4740987519155928
F103921,0.5147440593333391
F114217,0.5183775737080495
F118553,0.4960032753101479
F102942,0.46502628947711594
F111745,0.4448526253179861
F124294,0.4963679763688854
F117821,0.5476839794421547
F102501,0.5099402185484274
F121007,0.48745759977598824
F109120,0.5068468094961933
F124906,0.5235436861410344
F110934,0.5030044843307782
F103892,0.48196158759611485
F101988,0.38233344786751977
F117297,0.45370260831613723
F103333,0.46102030057653487
F124532,0.5819513430654536
F110317,0.46473110684151353
F101326,0.5369563852270208
F123640,0.5465574567801589
F122450,0.5130232385684402
F121658,0.5274494244455344
F105792,0.48212502417975245
F104454,0.42424161536679694
F120705,0.4925403855435885
F111750,0.4782461131155459
F109324,0.4904467320849349
F106103,0.4107633136503358
F107508,0.49643423095024586
F116292,0.4325455796491263
F110812,0.5345794691388687
F118252,0.49103817950065154
F110876,0.481367634393441
F115199,0.5205022197274622
F111179,0.47980421478725255
F124475,0.4484077230830492
F103147,0.4177262889428145
F100344,0.4842355837877861
F116474,0.5256899563019148
F109615,0.43460303541048884
F108437,0.4732315761433573
F107824,0.4671441925223738
F122006,0.40491003755341143
F112927,0.48309591128206086
F112746,0.4418536728802187
F110474,0.5138019937082292
F124709,0.5001270306600533
F115106,0.47088647677609274
F123513,0.46983333557885953
F118216,0.5300084469816421
F112998,0.4971793715721137
F105529,0.47943063649968065
F108501,0.43603100263496547
F108282,0.4736319297319586
F113583,0.41752889061464704
F100574,0.45726208875507396
F118499,0.5432535893560568
F109104,0.491696008762945
F122637,0.5153518915268656
F122437,0.5401381023934175
F124901,0.4868596974251413
F106283,0.48953595861482674
F110003,0.4169180235119123
F124217,0.45155895083659026
F101199,0.4679654421712457
F102781,0.4679859704671972
F110469,0.5011580177401308
F109133,0.5239596536801643
F124950,0.5505865306827018
F120339,0.4703498761647972
F105887,0.520158232986937
F112225,0.4541496859417358
F107370,0.40521789920583656
F103559,0.4479852577406928
F107478,0.4289749775347757
F104308,0.4323074308431041
F104732,0.5107966147975562
F115187,0.4736793772139054
F118012,0.5083947068091663
F117228,0.5091693415635485
F116614,0.47087182009988965
F107910,0.4271611237954852
F116998,0.40866191048751976
F115046,0.4684694300082153
F110361,0.4357151396892629
F118665,0.43521935106437426
F109652,0.46132958875934726
F114497,0.443570086110918
F104957,0.5482172716368532
F101949,0.531278660009979
F123522,0.4092708990441577
F117038,0.47599372502819015
F102234,0.5164615929635622
F116997,0.5312497596956918
F107715,0.5531357423406748
F106209,0.44873809218263533
F114631,0.42445449654483725
F111047,0.4579462543375915
F107722,0.526927217406523
F123629,0.5066947418795615
F105307,0.5668539405573895
F100276,0.4269754781529065
F120474,0.5504407429440286
F114160,0.4132843802337619
F110975,0.46815326442800903
F118874,0.4425155495020892
F104088,0.5837242287921685
F100779,0.4495875667867414
F109610,0.4718987221554131
F102568,0.5115961928121529
F122318,0.47242293762302234
F107513,0.43995722774136997
F121989,0.48986451062988623
F105505,0.5196740956209807
F116533,0.43622983475061233
F106849,0.40414682935669566
F106802,0.4684166828928822
F124883,0.5183254704931376
F103571,0.5326109385305473
F112567,0.4644759418232537
F113994,0.4794620979843397
F122663,0.4599870980599704
F122659,0.4308993402847913
F108701,0.4148302188051567
F102880,0.37058550393401546
F108569,0.5255877170559577
F121717,0.41641005147881627
F109974,0.4957125849736418
F120370,0.44934950441058513
F117473,0.38292019553694295
F112693,0.47699059554587525
F105000,0.4539253628044186
F100285,0.513879350159397
F114122,0.4721268153807364
F105751,0.45835021562040096
F107788,0.4754915638706758
F115467,0.4363003218988477
F102622,0.4377301876071165
F107899,0.40922813597048957
F102079,0.5425997112749679
F109416,0.4575990912494052
F104238,0.4442138876622881
F100461,0.49561731231940226
F112622,0.4864220790341826
F110160,0.44473617134217125
F112915,0.5143769548855103
F114018,0.4214418084507271
F113896,0.4669054025016635
F120170,0.4692406703735639
F113854,0.4649095198349584
F103818,0.5168005391598478
F106810,0.4284497118177573
F113124,0.47294998310843295
F100838,0.5414063280056867
F102996,0.476636366635521
F115842,0.5216868893896177
F114888,0.4882863008072801
F101293,0.4596473167887039
F115443,0.5501420768353315
F107521,0.507053865366424
F115413,0.5096311860539784
F114250,0.4819583899058568
F118786,0.539989579700161
F122254,0.5042466191382776
F121689,0.4415723943368538
F117848,0.5036484744677456
F100852,0.4290809534576614
F122845,0.5100736564630146
F123435,0.4896703724643606
F111311,0.4851532440541508
F115693,0.4164993368215745
F114977,0.4615082916215728
F104897,0.5040098953824966
F104821,0.48938480039872334
F114993,0.5323657193792415
F100904,0.4178678518917473
F103244,0.5250751199471433
F107784,0.4435709655545453
F112491,0.48247247134585686
F116895,0.4576958766540935
F100545,0.49020122477616507
F104812,0.49006394928692426
F107098,0.43388564695078186
F124363,0.46777006242978114
F116584,0.4592079153705287
F107171,0.518000004769071
F122313,0.4769998717440186
F106383,0.4687443093331919
F104226,0.5092586512586544
F115928,0.37696653461913776
F121080,0.5204526079967153
F124138,0.47502695111167387
F112198,0.4315883088651461
F103361,0.4780990245379828
F114204,0.502634637281642
F117323,0.419764746468249
F108519,0.506129807188915
F116883,0.47651361702631356
F112759,0.4507101862889876
F111901,0.48412421041199416
F120650,0.4586737987415147
F103826,0.509868710356525
F112527,0.409159941015055
F122498,0.4254874850913966
F124072,0.5161286974084667
F103159,0.4964925053887391
F108242,0.484974644646002
F119219,0.47629124954679936
F120620,0.4651403269291018
F116601,0.48280992165897696
F112813,0.4625064687561755
F121489,0.4794335039665799
F112435,0.4486777967132772
F113841,0.45418828192483973
F106438,0.45703366402433865
F119840,0.48541394368054447
F114199,0.4255041265648018
F111612,0.5026928147242846
F117617,0.4417228268119875
F121901,0.43250158370169967
F108459,0.5531919588992555
F124668,0.5074864659050191
F118354,0.44984400104119443
F100578,0.42349305430801
F104874,0.4698427760756548
F108094,0.5036382207506964
F119640,0.4818101154755824
F121313,0.4172774741816977
F108467,0.5411462194513978
F121072,0.4731722848559509
F113024,0.49774898677050006
F118961,0.39830326724572834
F112331,0.4719304488846724
F111393,0.40663087530301667
F118824,0.43178567674417706
F104630,0.4385686608200218
F119694,0.44412130228280194
F115168,0.5978640364884699
F113160,0.47270037441486823
F112047,0.4924709956711246
F119427,0.4722722208954792
F101595,0.4725736762379208
F109179,0.5189151762328317
F100275,0.43117191506101216
F111079,0.4852593632635105
F109465,0.45384166271995424
F112919,0.4876008300348721
F124460,0.41352067270229564
F115813,0.5214241595513489
F121070,0.4275686451561826
F105662,0.4483686424898188
F109958,0.4721190497129022
F114149,0.43624150984440274
F114380,0.4276101957748903
F111485,0.47998146492507154
F101685,0.5059315796324335
F117721,0.42405633118401764
F107967,0.4750773156886492
F119972,0.4829462497613195
F122321,0.5361148922655301
F100012,0.4385829932388601
F119093,0.5134057328390761
F100667,0.46002268135602636
F110167,0.4223127910917984
F123985,0.5001029349416547
F123465,0.5239803640548113
F123655,0.40691413655611797
F124835,0.43751050600545127
F103445,0.44185465246119093
F115195,0.48317862749523877
F120478,0.44616973379240615
F101017,0.5166069129808908
F124732,0.49868645475592277
F110965,0.47175677785546605
F118844,0.5578345901365523
F107954,0.43753271222124024
F111156,0.45444367746257824
F100623,0.49596430108407374
F104855,0.5584953940855023
F119661,0.47838754174620957
F100599,0.4346193063734407
F103358,0.5512819089282093
F107994,0.5481749083750556
F117248,0.46696684289923585
F103476,0.48985108590159426
F102399,0.5179263854025473
F119623,0.48592582640558435
F111593,0.5151910940955767
F122377,0.5568357651105431
F120253,0.43087447459196004
F122347,0.517544695954677
F124561,0.5260911806120712
F108281,0.424483647061066
F106031,0.5243101906276575
F112641,0.45828779259847313
F114279,0.45374910487585246
F114552,0.47558621893272734
F113767,0.43453931266057916
F114432,0.5349160196839683
F106840,0.539661321640634
F107323,0.4755117548442863
F115626,0.430071235264438
F109540,0.4905827243061716
F114980,0.5064468043555961
F118205,0.48475617732294995
F124755,0.4086527564595309
F115152,0.5312744755214048
F101796,0.4209897381658685
F113981,0.4971710120682725
F112050,0.515894029295714
F119564,0.396379489549348
F116438,0.5837522158421374
F109893,0.49899219293286656
F106047,0.5387643684508279
F102657,0.455683367084709
F111568,0.4644812210526148
F121907,0.4851857014473441
F124040,0.4360289930396879
F109261,0.42453402821907454
F112642,0.47495943858437684
F105759,0.4924072408514464
F120095,0.43929082640676287
F118721,0.49816283611321344
F123330,0.4310723288353294
F123851,0.4382613004794154
F124150,0.5279220709382455
F114705,0.5373170301205271
F101299,0.42267197074666185
F124749,0.4028728610992152
F115566,0.572259106640159
F104414,0.47758927307154525
F103154,0.4352817950059507
F117644,0.452139218836522
F117213,0.4746646193409688
F103504,0.57464200536167
F109589,0.40923217855894944
F123196,0.4264108832857453
F119529,0.46119058603243274
F116689,0.5106501326811087
F106997,0.43947460473696165
F107128,0.4448414160410186
F116356,0.5353240690050076
F104563,0.503590674578859
F114657,0.4237236407832094
F115824,0.41622185169301695
F110572,0.4433751084852186
F115702,0.5250038756997294
F122399,0.438863074475048
F110201,0.45520019268691364
F102157,0.5206690619938935
F109472,0.47569487092350543
F103211,0.5558853621322702
F122265,0.4629063480825115
F102927,0.5114895279330852
F111582,0.4431084829812653
F121411,0.47862226658847024
F114336,0.4632142614194521
F107007,0.4183333405805473
F111569,0.5118515484670535
F105846,0.39065595547190507
F101168,0.48469438634341055
F115923,0.5073845091336473
F102593,0.42335953815461613
F113640,0.41087209465902996
F121066,0.42596077471265753
F124919,0.45553436957938404
F114084,0.47988597886567774
F106809,0.42265294959464383
F104024,0.46425495090895325
F105616,0.4461306778826468
F111082,0.4309160060774255
F105244,0.47246271101487414
F111099,0.47112759760313067
F109961,0.4548525925911297
F103033,0.4647671060622146
F102794,0.5177721112240782
F112356,0.4983132434309923
F113831,0.4676999591594997
F104280,0.45726336764415865
F109521,0.42587486234884186
F123888,0.5228046041280187
F112485,0.3977711604498877
F109273,0.48746699998026194
F118391,0.4391675083510569
F103822,0.4099570077046517
F100116,0.5600984122599701
F113084,0.4803313615453085
F107233,0.5030574502594849
F107585,0.4378761124333615
F117529,0.4826592870861232
F121589,0.5484360818293992
F103116,0.47970617208823707
F122459,0.4955097731858254
F107724,0.4436128369636919
F117749,0.520121315616392
F116278,0.45748990994808325
F101629,0.4568155898466727
F101577,0.4974139334877342
F120763,0.5091780193741157
F112218,0.46171697367519493
F108583,0.472019078894316
F103258,0.46214641682865976
F100848,0.4899111975138041
F122727,0.4889709972479671
F117009,0.4664985101892156
F118990,0.5216988695419513
F104102,0.4494973844900312
F115599,0.44291255767124915
F118788,0.45884910500738774
F112935,0.47384792278417953
F118331,0.4951309943564772
F114359,0.4935651298891543
F100246,0.4181032601582254
F116622,0.4524283248020875
F108938,0.48536221143264563
F104396,0.4840690976166572
F117056,0.4582866708833726
F123896,0.5311183918273268
F120726,0.4437848737951752
F121823,0.44700113710819633
F113548,0.4405208871591435
F120616,0.455004185937801
F116391,0.44819750551630855
F113049,0.5329734592711751
F113818,0.42512747590352756
F110072,0.42192646680559653
F109588,0.46273140207688446
F115906,0.45198964458406876
F120576,0.5333675708940371
F118413,0.5574366616795335
F113174,0.49663315412179354
F108700,0.5108596191900588
F120069,0.5298035728944618
F117480,0.5158448300176735
F117064,0.41935973018965006
F112404,0.4390415768843465
F112863,0.4584117993247103
F103935,0.5581339587024128
F124344,0.5176656734532212
F118087,0.4940738085672405
F107237,0.46621252908620836
F113866,0.48910330480122466
F120676,0.4375352363659336
F106787,0.512117382408124
F105649,0.4726541635061723
F124100,0.44856683053555463
F115945,0.4649260791219266
F100441,0.5140138532813804
F102525,0.48582837404473445
F122088,0.477662847077051
F118867,0.45576930827174755
F107232,0.38834369698395577
F102769,0.5330402815968329
F110807,0.4911740923653262
F100438,0.522767403955267
F121910,0.48509836333545403
F111480,0.5511424193864316
F123340,0.4817687309276308
F103042,0.5046977188236875
F107596,0.45372695161161414
F115776,0.4973580353723768
F102502,0.48337897298331844
F111318,0.559768523750105
F112062,0.5670342097501683
F124792,0.47633327117184804
F122966,0.45570374709198735
F110465,0.44762049745417676
F116038,0.5257412765492002
F102188,0.45397080062994843
F122326,0.41311805420909065
F114610,0.49328282563260134
F112674,0.45131936025320024
F113381,0.47199544250816006
F115351,0.4843339525322211
F100891,0.39832041133285334
F112199,0.46095109040336785
F119698,0.3908179555899902
F123440,0.44306621575814104
F101164,0.5062640289985336
F108790,0.3916824889717285
F109130,0.4908340342702829
F123152,0.5175739553103684
F101544,0.4279164327068743
F103474,0.5192748313703557
F109574,0.5237521146460467
F121431,0.4794082711572525
F114966,0.5280265445761512
F119928,0.45712958438940743
F113901,0.4416988835759226
F100133,0.5575864477397173
F114828,0.44878217555409633
F115554,0.48323677707581336
F105903,0.5604576875154248
F123392,0.46886392421625533
F109145,0.5106428583673521
F105656,0.5003171911085156
F111280,0.534198414357596
F107504,0.4263921408867417
F105564,0.44144329706732804
F106909,0.4719860665990194
F116486,0.5289396295100701
F124281,0.49276241654185904
F111436,0.4791639396128375
F123782,0.4533160221082153
F107371,0.516404509035702
F115651,0.440001450088027
F116494,0.48539723518985234
F108845,0.39039996546181593
F115890,0.4457791090511556
F119552,0.5700907826846566
F111516,0.5518463110296824
F112465,0.524708402905761
F100643,0.5194349059205018
F123291,0.4580693861821079
F108470,0.3940713827169145
F106417,0.4562387123473259
F103424,0.4654128510029347
F119908,0.45810006383281276
F105719,0.45629140511423916
F113530,0.4335353078174916
F120259,0.4231842923848389
F101281,0.4751226182306776
F111685,0.4367345813993056
F105203,0.392540906254581
F107678,0.4451588749344598
F119335,0.45495944205744576
F103601,0.46409188268560964
F118229,0.5175487064835631
F116112,0.49134312591480217
F111818,0.5426670528072597
F105707,0.46419386204291924
F112311,0.48303155617790433
F115246,0.44877836821858075
F103359,0.5030869300521498
F120089,0.5539620156777553
F120875,0.5350570156456456
F104362,0.45002774053710637
F114442,0.5362890428306072
F114182,0.48787304102978524
F110118,0.4799654418416196
F106175,0.43767315848185007
F108537,0.5531188102836851
F103204,0.4735767721414739
F124978,0.5016611728254967
F122021,0.5071864631269719
F118039,0.481099997812788
F101238,0.5363999382342006
F113274,0.5136422904375548
F104550,0.4766546310216962
F101330,0.4502467453892053
F116399,0.5294821462448738
F116644,0.4634418941368009
F116854,0.4704034152259925
F104164,0.4417917052220712
F116185,0.5155603149859533
F105730,0.43866392653838715
F114152,0.3902940770954211
F111128,0.4404429424344578
F108709,0.4865199121226912
F115912,0.5124463155076173
F119894,0.44021936781198007
F106493,0.5277070663426059
F101189,0.47933541458952655
F111139,0.49522789151547864
F111006,0.49401224192098003
F107577,0.5528571124820546
F117510,0.504132795434723
F120494,0.5247742708714326
F117719,0.42431460526972165
F122879,0.43265182131904545
F107625,0.5420533332047925
F105437,0.43798648930248985
F118010,0.49782019133607547
F116881,0.5075811995114023
F100187,0.4627960512456054
F121376,0.4985588844300888
F109587,0.5187020232689967
F103688,0.4339705109844979
F121488,0.46048781489723656
F117629,0.5334353776347412
F105425,0.5000458831302823
F121404,0.4739336379572753
F118337,0.4537277133027119
F104030,0.5346957156920314
F115256,0.4600418886846181
F123740,0.4577319895768681
F109670,0.509512553035125
F110823,0.537962426753647
F103197,0.4244438367910708
F115021,0.42470053428220955
F100459,0.45168541626299985
F122047,0.46653512997177027
F113025,0.4746058143320931
F120777,0.4705285646631
F102882,0.4581896368600895
F105070,0.5015272104458532
F114682,0.462559874401745
F116192,0.48685844155374314
F104397,0.5301083505354494
F120524,0.49145788102346255
F119934,0.472384144473037
F110929,0.4961565324769255
F102859,0.4812645441091763
F124754,0.43145257547805643
F101087,0.46334993515104317
F109233,0.5243915288306025
F112119,0.405816969594383
F122242,0.42306618945896635
F120785,0.5058994628035993
F124559,0.5321603361349353
F110824,0.48722522996247036
F118459,0.4590911106660424
F103051,0.4195903101227392
F105150,0.4644774365579979
F124944,0.4366987546588972
F103363,0.5078656505820202
F101489,0.5219929468690561
F109369,0.5027733826915673
F104904,0.40975079716698226
F111766,0.5328784299653361
F111931,0.46444842245905266
F103979,0.44586485869781073
F110559,0.47839062225404466
F122549,0.42135802894530583
F119047,0.4126399270548489
F106513,0.4826965756162379
F100803,0.4211087298360481
F110961,0.4109397535047047
F107236,0.47836922502439116
F109756,0.5117658246444371
F105762,0.4760711231163736
F110064,0.4597356602849202
F117417,0.41866886082870836
F100074,0.5235798391511567
F109326,0.4301548256708032
F114621,0.4390163830386437
F104151,0.45048460640720067
F118524,0.4807408824010244
F103836,0.41041184254526597
F113787,0.5216743010492485
F105820,0.4398756689234921
F103783,0.47082457953366064
F108993,0.48629706567453945
F100775,0.5689653702065756
F107481,0.4688017580001624
F111112,0.4270643217526118
F117751,0.49919316803219127
F112203,0.4789638313782317
F111119,0.5373583108716424
F117114,0.4506407812574292
F111458,0.48835205403729176
F115086,0.5378317169164402
F107349,0.40163770859352205
F103152,0.41006034110304534
F103723,0.48291315545501895
F110188,0.39335332438319326
F121282,0.5059337265720024
F111781,0.5265935441291263
F110537,0.4458541304649364
F114249,0.4190385147588446
F103527,0.5291914475996751
F115596,0.433466169798001
F121388,0.48260638361375846
F104942,0.4349981813774533
F116910,0.5392240667015272
F106905,0.5240415737747915
F112994,0.546281652592562
F120535,0.45056242181481837
F105123,0.4744349046588967
F114679,0.43000755468906765
F101779,0.5224672085174744
F118270,0.5012777337768854
F123714,0.4936221984000301
F112307,0.41372376483232326
F115870,0.5696872682438965
F113144,0.40894457089863817
F123133,0.468821418844773
F114349,0.4644753919898401
F121855,0.43987474690780026
F111044,0.4501260849978885
F108224,0.46194067729567095
F102671,0.4743152393777602
F113859,0.5195223618618722
F120245,0.5076795698684888
F106290,0.495706104696497
F105685,0.5420156808286872
F105097,0.47492816198213617
F110498,0.4675874788362848
F106123,0.45795536333664943
F122927,0.43814920785775374
F115219,0.42232199008866
F101377,0.46275027897040183
F117468,0.4512833835350898
F118829,0.4593650059539818
F112690,0.4598635080885943
F114255,0.4206474221050758
F111474,0.478686673345846
F121971,0.46890452547196626
F108844,0.5405834537585374
F113348,0.4419458311933501
F104569,0.4885067869981707
F120611,0.4960626363296583
F113173,0.5211336279019585
F118633,0.4929696633020032
F104251,0.5804626947927037
F104671,0.49405782568647083
F123798,0.5003665850680237
F116010,0.4881135672052733
F117979,0.5281407945785286
F122376,0.5991255611142238
F108669,0.38712377137736076
F115302,0.43333483100709186
F122815,0.5067057864656414
F119004,0.46588326458419627
F118644,0.4368356256215282
F124540,0.5659431971999267
F121332,0.47904780889614273
F109027,0.48554969637683876
F119425,0.4764033605346254
F107040,0.4538036091514862
F112722,0.49990192201926786
F100681,0.46229864699731055
F120514,0.44412963043647835
F101855,0.47495170686210875
F123344,0.46071315341250996
F101123,0.44456644011556884
F108986,0.43855798211476765
F122938,0.48456973719694174
F116817,0.46900686259415736
F109201,0.5017716304212437
F103697,0.5096367620736816
F115502,0.43279143178606333
F118720,0.5006212695316188
F102464,0.5297075183381148
F113800,0.4599054647588856
F119446,0.41434381349952853
F105054,0.4146416118676448
F124894,0.4393934460259129
F115433,0.4532717180528616
F119757,0.47584229372500164
F120112,0.565341890907217
F118927,0.4921578392035687
F120805,0.49858740340837565
F112273,0.5222231406188989
F116197,0.4736150865258263
F114863,0.45696114755469563
F118241,0.4558039110107628
F119729,0.5299332245068258
F122423,0.4724289348407891
F105359,0.5233682608998431
F123129,0.4320696290365067
F108755,0.4975687726165361
F109675,0.4497122473639138
F110349,0.43064146870467085
F120381,0.4934350751836126
F124501,0.4381063882550573
F104682,0.5163817844093576
F124009,0.4426872525667521
F108849,0.4548021713308428
F115855,0.41021100394846854
F111929,0.450456684194482
F116938,0.5109114874891644
F113587,0.48951015797406444
F102665,0.4968085577260814
F106210,0.5153082604695295
F121703,0.5822125502525074
F112925,0.4137391510694618
F116899,0.40224853384016745
F124171,0.5556420518663642
F124990,0.493278149046868
F120039,0.41669504964910553
F111382,0.48130499881377736
F108213,0.43321836920826584
F107820,0.5122898199164884
F115509,0.4645269219220466
F118349,0.4395709506161295
F104318,0.44823945666409526
F118304,0.5690702658791507
F111005,0.4692453516534122
F106972,0.46964416162091427
F109404,0.5096217620306062
F124981,0.5528917260366305
F122758,0.4145086006402715
F120098,0.4942194844621196
F111347,0.5687057815173957
F115655,0.4737565073598886
F121415,0.45094514559914955
F110492,0.46249537185362055
F106495,0.47952286839632263
F120074,0.4683894367977255
F102440,0.5130553116823008
F123489,0.4697381568411159
F108096,0.553549439709989
F108872,0.4430052441516784
F119904,0.5717820232356507
F112636,0.5391822432566594
F106662,0.4714902667451814
F115898,0.48577208878347566
F112108,0.5644397195716893
F121024,0.5242465891169951
F112774,0.4420317102094088
F111413,0.4747939319090202
F109759,0.45822599434086975
F100772,0.4584463279238811
F112389,0.43475649737565575
F122276,0.4477536856755914
F105336,0.4708389241806007
F101607,0.4982072260372064
F121295,0.4722689146245014
F124818,0.5051179909338444
F112531,0.5185008844894533
F121503,0.47377411369269695
F113282,0.5530020768177477
F106428,0.42380323671887876
F123390,0.40710911548831974
F100274,0.3909807916312328
F123460,0.4386917436609049
F105884,0.47935410909320464
F116602,0.47139677785603523
F101451,0.3832881256566172
F105282,0.49907771717206295
F110639,0.47892832086828524
F123126,0.4951578837463781
F122571,0.4844396158424561
F105726,0.47082399823385845
F121789,0.4919078384520654
F117998,0.44110459061529794
F101634,0.492765573207548
F122216,0.4850776900699306
F122406,0.478921677074202
F101560,0.49934007052671203
F116183,0.46284175680133505
F120127,0.44960717076908474
F118436,0.45513655351090787
F113853,0.4738655010152292
F119350,0.49273421157484165
F121868,0.4758089668111377
F118879,0.46916955513113695
F112708,0.43212821850925554
F109637,0.5382659224310914
F102757,0.45345705498368355
F124866,0.3860109136414487
F102873,0.48988470878214074
F109215,0.5314608863121741
F123681,0.5030527205940714
F117392,0.46066409575978984
F104750,0.4668180113861143
F117615,0.4554601416484429
F106295,0.46804025855719744
F104877,0.5271368185150798
F101582,0.4159618164283665
F119339,0.506465534871474
F121141,0.5059055952653461
F120774,0.47532280126266013
F114494,0.45906636546538515
F122672,0.49412564494439914
F120362,0.4266173324706378
F110151,0.39061106152950154
F108911,0.44347707472971865
F118926,0.4413974699533466
F117352,0.4825027998618245
F103991,0.41913502326288443
F107315,0.4828080740817723
F104856,0.5947219731755099
F123322,0.49151170766350355
F103486,0.518602119559907
F110563,0.4557751420945445
F111624,0.4273471649722551
F121013,0.4061478412372498
F114715,0.5179005201698681
F118999,0.45906272864439396
F107957,0.5060649709177234
F118045,0.4857969153478994
F122002,0.3980934276723741
F103326,0.4925384092044213
F110651,0.47746351039042334
F121518,0.41214139049121645
F104349,0.40637406541916027
F121134,0.4652311270932158
F114934,0.4955096391527769
F102900,0.5032490727546757
F113777,0.4996110824369128
F120023,0.48770929360241017
F101205,0.5191280777264549
F115040,0.5305104960179985
F123546,0.43751010872784507
F108218,0.4478956498594432
F108033,0.4929117149602129
F107014,0.4379625807255607
F121079,0.4400213620550306
F105514,0.46117071706253066
F104662,0.44759650881804147
F119205,0.4266340649177818
F123188,0.5366316032348211
F112304,0.4348841944040772
F122885,0.5066804650993116
F124825,0.44641941307581434
F104777,0.4535631907022204
F108969,0.4617067538873244
F116859,0.532732953278731
F117296,0.538986781882266
F110562,0.5648805023421926
F122435,0.535787411993673
F114589,0.48568847654291547
F117083,0.5203766861554763
F103683,0.5182225591191428
F120173,0.586322992071878
F107869,0.4740350974923682
F109736,0.5010638146000744
F115522,0.4733039086268932
F113163,0.47992137341352403
F110841,0.4535644349962911
F119566,0.46338511795640425
F113638,0.5280882161291887
F116398,0.4552463914396908
F109054,0.43678633509889536
F121206,0.4543669828153821
F114011,0.4433430604604129
F108561,0.5012702144964034
F112178,0.45156988788351005
F103775,0.4714706723844047
F117690,0.4914801420477105
F110297,0.5556745368335249
F109301,0.5663414127280529
F113691,0.40763061352866775
F108570,0.4674880451965874
F110817,0.5721052158291676
F102335,0.518927681458742
F107243,0.49140152744903054
F102543,0.5337244654142592
F112852,0.48330374873257637
F124523,0.4615143129987689
F117169,0.514649926913774
F122369,0.47548802766435927
F121303,0.4416476237880955
F113914,0.47889324943786094
F105755,0.45198328633905355
F107263,0.467798240102244
F118103,0.5287649783666099
F114588,0.4282655389933459
F118190,0.5304507250041525
F113620,0.4249737034355918
F112699,0.4275829993432144
F117741,0.5390865162415631
F112564,0.551977305730664
F108405,0.4765475453183484
F101225,0.5542091085453674
F114620,0.4578261984975551
F101537,0.48984000512723835
F112840,0.5080048790179035
F124469,0.576783788117125
F103839,0.5095442883093748
F102778,0.41876983258528466
F100456,0.5368928208996158
F102175,0.5522835964375739
F102961,0.44965529038892915
F110479,0.4224342215732526
F116285,0.5227597478916082
F105600,0.4869902741936487
F104202,0.4936231334026474
F107740,0.4991638880668865
F102813,0.4830701064592891
F109985,0.44097971167093275
F121652,0.4318325574214551
F117217,0.47246970790742027
F113204,0.5569541523784828
F123432,0.5322124680424068
F124423,0.5516290416537353
F104231,0.48356693794138667
F123691,0.4373593736461715
F102716,0.6016734540466102
F115196,0.43230832670840974
F121973,0.43034616528102143
F122877,0.5018577564652937
F113118,0.454868180906283
F121209,0.4753136683628524
F124144,0.42660682229838176
F121200,0.4769650161228207
F111646,0.5599529542852467
F116909,0.481829067631046
F102684,0.4399011140428445
F120306,0.3991937554773387
F117528,0.42199369339109716
F112964,0.47040577588088417
F119204,0.4747322214619908
F103012,0.4436996817478602
F116878,0.5096361836234393
F115026,0.43523600689525077
F104929,0.5005259685808252
F122917,0.39951482084014617
F118178,0.4810078279685908
F103158,0.48808887269880263
F120762,0.505885128240131
F118876,0.4612526510187537
F102203,0.467711942123256
F104143,0.4833778552733892
F110444,0.47436397116281526
F102595,0.4681451243859431
F106825,0.4497397558660289
F122839,0.5039529739380809
F117499,0.4657645272583676
F121366,0.45885790587281433
F124345,0.5556314922363291
F123666,0.5299820704462094
F124745,0.5274914071210474
F112321,0.4525540967218366
F114231,0.4804957284232627
F123891,0.5048242252975996
F100990,0.5160020817055097
F101219,0.49397050083323857
F109500,0.4985866289783106
F106709,0.5446753296647394
F119979,0.4288993907359333
F122162,0.4770665687879455
F108408,0.39278448065107846
F121187,0.4708943873764294
F108410,0.4065201271420129
F117014,0.4427405944773878
F105706,0.42665770358006516
F115869,0.4091320582602451
F119559,0.4249481652883096
F117107,0.43603626892455116
F101367,0.371651868587757
F108168,0.4945615253676769
F118918,0.4774962112705702
F124110,0.5615032272931301
F107400,0.5727739876561322
F122033,0.4926932925692905
F104052,0.461443424391335
F113350,0.45305295680276075
F111725,0.49698148123473496
F109860,0.5742996031850892
F115017,0.5139468199843737
F115259,0.4798705243256828
F110154,0.42866933931934864
F100926,0.4568331762048249
F102228,0.4178615435616754
F107046,0.5200997869128476
F108203,0.48768868003422483
F110248,0.5232578283797346
F117460,0.46734308674376157
F111352,0.5002128532440286
F116243,0.4842179514615542
F116045,0.4741707108393248
F115608,0.45923961115816014
F120168,0.4313145486044092
F105327,0.5115749536783029
F121735,0.4919978742176515
F102094,0.4990444765851846
F106989,0.5764009439885716
F122140,0.4914829122857457
F124227,0.5343334988994083
F113251,0.42776539244673806
F114648,0.46815098913234376
F104090,0.47754210025425275
F115262,0.41448488327425237
F121671,0.47762726457801474
F114856,0.414451346979765
F104690,0.4432932543476146
F115407,0.4197683549703258
F117034,0.5173283412891517
F100882,0.4492104314277361
F104773,0.39806752203635365
F118047,0.5499738235558613
F106758,0.5316523689914265
F119275,0.4260550940979739
F119227,0.5089012084618678
F100915,0.4455431401781066
F117889,0.43870619451813675
F110862,0.4636705016343769
F115950,0.4734650605063901
F110491,0.43571387842369746
F113388,0.47198472135542524
F105406,0.4978717851556963
F112585,0.4513754679929083
F113425,0.44222029454653045
F119657,0.4645149028241613
F114015,0.5209631431222957
F122278,0.44925053127967074
F117549,0.40937289775054136
F117269,0.46797757893851166
F102282,0.5176890907630893
F112632,0.5296391310979847
F106548,0.4533290471920254
F113371,0.46918208017994434
F100565,0.5198878233700199
F105824,0.40513440813459445
F112686,0.47900853147247135
F100313,0.4614834554249153
F102864,0.4718986061160267
F102561,0.5713135607963595
F117260,0.5297656744580137
F106273,0.47636038688994153
F111251,0.479523024076717
F100923,0.4626640439517144
F113779,0.4620477014980715
F111997,0.49106538707308467
F113741,0.4612277557483685
F110888,0.4519230123669834
F111977,0.41231490200892473
F123528,0.4237841193939663
F106677,0.4674089062230138
F100661,0.53122183818019
F100583,0.44183022004521433
F123555,0.4653489542516893
F102949,0.5274005862760223
F110984,0.410948339834483
F120760,0.4646565969416636
F114992,0.46131483847048016
F105399,0.46448494482870717
F101361,0.44525486920803664
F115286,0.40814806052308195
F123603,0.47246654939419686
F112157,0.5084955096053256
F103395,0.4121059967716967
F122546,0.5183417776586113
F115818,0.4691770455444402
F101579,0.48752365966018985
F102826,0.5435613042775175
F112030,0.4383163854911982
F118090,0.5503247512527323
F104717,0.5369172330161235
F107042,0.445386936367985
F100914,0.456627739662975
F121925,0.4775402099764843
F124403,0.47741084535625866
F122063,0.4769670481060933
F111873,0.437632952693465
F106543,0.43657950288629244
F120447,0.45035730576485855
F105278,0.534966330437979
F103430,0.491873818380903
F121005,0.5075278761180025
F102069,0.42484387713001726
F119160,0.4147249883752273
F113088,0.4372151537810563
F105670,0.48955349783833
F117836,0.4239857362753695
F121697,0.4508797166457082
F116829,0.45423547866306935
F117196,0.4870580301126036
F120476,0.4214876615068902
F107450,0.44103711099462223
F101113,0.5359042105010701
F119438,0.47939753424752074
F107608,0.46541592712304525
F104380,0.47337201259451955
F113557,0.4680866119948451
F119095,0.47717305645505503
F117873,0.43143222089627015
F116469,0.4685779293616393
F109576,0.5206392757574912
F117267,0.4598051194986325
F108617,0.5068744449483835
F113710,0.5022392018086749
F106581,0.5330781760495726
F123084,0.4648002685944168
F122281,0.5085158438745714
F121761,0.43872783748949384
F100696,0.3917734519907351
F114106,0.48300915750137385
F106806,0.5137391451296645
F111904,0.45037251652090393
F104250,0.4675502612717796
F106718,0.4814412122305083
F113600,0.5387765486291639
F105276,0.44706939250803435
F113977,0.4441464421361434
F117702,0.4682953105846273
F122564,0.44261516004851953
F110176,0.5548389313676088
F108426,0.5169449270419336
F105515,0.44094401366918407
F103742,0.5280861930548003
F113197,0.44918195226900703
F111826,0.4648840067275064
F105450,0.5050982477290267
F119543,0.46023841610516214
F112551,0.46396670083065744
F110488,0.4500995917163616
F115910,0.4618845486999397
F100084,0.504200293988027
F114669,0.4233123000298374
F113029,0.41962041917496723
F115540,0.5157826470162632
F101528,0.42139759569531426
F100092,0.5185878815646999
F121075,0.41462057533070074
F116053,0.4334205442987398
F105195,0.5256405102593803
F115779,0.43511730881253935
F118320,0.43330407902333135
F113937,0.4696758589505342
F107999,0.551421577632991
F109671,0.4859001742383538
F119267,0.46206962523803763
F115338,0.4657206757989011
F101746,0.4427157032225999
F123963,0.4751564058812714
F124023,0.4143433436988261
F120213,0.5223093899673064
F122848,0.4974199963326
F103793,0.44013282133704607
F122575,0.4590099284761036
F101210,0.4661222445597422
F111055,0.5166570828306848
F103271,0.40004298406900757
F118329,0.4214184921556245
F115167,0.4736202848284494
F121921,0.533759536950855
F118460,0.5145506920033034
F123992,0.45019724502261516
F119948,0.4595011362685074
F113756,0.4367240429293306
F121581,0.46132199907328897
F104847,0.508801764158784
F100079,0.5002694410183207
F118513,0.43564868622172903
F105053,0.5297580128442014
F107072,0.45648917577446413
F109164,0.4410808378117388
F115544,0.5099661520192822
F115440,0.4629013591521953
F109406,0.5004715437434624
F123244,0.471782380867039
F102173,0.4490016763283766
F109606,0.4417779530899873
F103450,0.4233221017412465
F117442,0.42862835334926014
F124027,0.5314761195301333
F107438,0.4619566206574732
F108206,0.5174362473949476
F110530,0.4905295370236771
F105180,0.42921031046428587
F101475,0.46204205729508263
F120643,0.4155413594696307
F101971,0.4355092270506308
F110419,0.47012036411670016
F108208,0.5131802732788652
F103955,0.430499200157077
F102199,0.42118141230770073
F102866,0.518167104665711
F101469,0.452347399650356
F120884,0.443660164385245
F120979,0.4460522004623948
F113138,0.46041616604292707
F108392,0.5262847244981096
F112571,0.4566971531933798
F116366,0.5221640630665562
F115051,0.5385755496279597
F114071,0.4907801466464453
F123677,0.5268240532751522
F100632,0.47727764667644124
F111189,0.5294024822855347
F111096,0.5583234046862345
F102899,0.5286190992188795
F103525,0.5721888166182023
F114179,0.46694966837928414
F116692,0.4918567799057928
F122962,0.5289324413140666
F122941,0.5356729332072735
F116922,0.5407505830120086
F113151,0.4878862186978892
F117317,0.4663653820111997
F108468,0.4728238994317225
F109959,0.454428737490034
F116262,0.5397524789834529
F124497,0.43220996286771485
F123433,0.5169763134258976
F114656,0.4837919298040484
F104118,0.40928549962360095
F101713,0.4752868865102092
F116143,0.4217553627774219
F103943,0.4804103764011437
F109080,0.478915759335946
F113195,0.43618901107133623
F100613,0.4781265753181708
F102489,0.4905187121947272
F108495,0.47426627533319216
F119986,0.486336014856416
F103849,0.44216253950085305
F123067,0.40087201456292154
F100929,0.5187886887746086
F110998,0.4373913563100499
F120261,0.45566831067669306
F118143,0.4273775606480663
F114265,0.40614870385000135
F122816,0.4542050041225212
F123170,0.44605558344354546
F116737,0.4484866309224831
F101474,0.4002233761098737
F100949,0.5352090699957238
F105609,0.4143511317688813
F109628,0.4154830571452378
F100974,0.5710105757579956
F117677,0.5189417523093299
F123325,0.4441231473778047
F111536,0.5457413036859806
F100026,0.5298956889450435
F100237,0.4798373820531598
F102154,0.4810750458145393
F107227,0.5222605678273344
F113643,0.4319942545122094
F119359,0.5220164081443706
F108239,0.49079390223605934
F101853,0.4729488894530356
F111985,0.4606468249695078
F106842,0.4865019064309183
F102316,0.44198370209080107
F109925,0.49193426520884487
F119589,0.45922023565739384
F121088,0.4156076087408208
F107139,0.5167912404177212
F105227,0.5291121252075968
F113754,0.5094400408982279
F108352,0.41537067418292595
F111743,0.41465431505974865
F104193,0.44558208441950253
F122728,0.4392180436182474
F116575,0.41311802707724027
F104657,0.5277405263241196
F104363,0.5631031272880904
F114139,0.4462361373972903
F108645,0.42428902814872316
F115289,0.49069416488421586
F111505,0.4973679648479757
F119668,0.5033178084294956
F109619,0.4659817284962062
F104399,0.45977813549988
F116968,0.5083905078486689
F112287,0.5019688090295903
F119242,0.4827343469071569
F123830,0.5205552385485777
F122770,0.5459082816178134
F107403,0.5322085549367803
F107791,0.4499237809852664
F123172,0.41031359248991095
F103170,0.5051013403831056
F123835,0.48442970185330425
F107829,0.46512416386962163
F106679,0.4912967883237559
F100267,0.4925898547956866
F117435,0.46705041636697486
F121772,0.47101734575420057
F105883,0.5048287025602891
F102508,0.44334265371914594
F124870,0.5441962243398208
F122787,0.5232842979850127
F116775,0.43833655923126913
F102960,0.4341697548428872
F108697,0.4486168660244351
F105934,0.4974681496675532
F102818,0.5228237365176447
F106076,0.4960128450225744
F104222,0.5172645183257374
F123272,0.5520921652571714
F112958,0.5295080961479517
F114957,0.5341202469948148
F119503,0.5391176606528642
F111915,0.5237616330665439
F124101,0.5320472057872547
F108702,0.49774787842759544
F110112,0.5068280654669339
F117032,0.39130820698230295
F114132,0.5402010952917236
F119528,0.5305118384382872
F103129,0.537239709039541
F123730,0.48408673476600617
F112748,0.50577288044879
F107833,0.4277056986555221
F111917,0.500969952956385
F109988,0.43903975873749934
F114960,0.44296282467447734
F105397,0.43597965021314566
F117747,0.4275499146228413
F108199,0.5341213481717512
F107145,0.46265497699867
F115759,0.4494167492995311
F100468,0.48110584015801916
F119121,0.4040532156350609
F108262,0.5148542467384933
F103408,0.48593065967953614
F101847,0.5698699975990432
F121670,0.4587784301064268
F112737,0.527992600181818
F114503,0.47498873057535423
F109783,0.46192339444035857
F103803,0.5046840976147692
F124502,0.4476722896418083
F107060,0.5609084537080298
F113618,0.4641055966607411
F110554,0.45819120277699793
F124142,0.46114266444791996
F111529,0.5648272115505641
F120527,0.4890885201948855
F105910,0.4386309553707608
F123274,0.47982121881876894
F111962,0.5069629328886827
F117302,0.46683977836187057
F101737,0.49616362663725183
F101042,0.4555172001643125
F107198,0.5139603945255287
F103209,0.47662709495237915
F103520,0.5399698471714269
F106450,0.49961853428064507
F101965,0.4081187838433625
F101960,0.449822503278676
F103817,0.506014222653659
F121375,0.44315510869204944
F120557,0.5465423481564284
F112409,0.4423036970107028
F113466,0.5630818310685081
F124133,0.49676620636233604
F119075,0.4719873261665054
F117661,0.4498492342423601
F110507,0.49776917176593066
F119758,0.5042643179316871
F101457,0.5072656452490127
F123685,0.4480411648639422
F110241,0.5194402390566107
F114878,0.4888522710816836
F117812,0.5604280634803818
F108721,0.4334513728888454
F103700,0.4869666059452983
F110476,0.5162070249081403
F109487,0.4014028272907719
F115127,0.46407769851493813
F110759,0.5274035894706708
F103714,0.4564983100791475
F104323,0.43204506269110127
F115758,0.3918390607701878
F120952,0.5175607448012627
F101923,0.44300588139856467
F115011,0.4728403493597577
F112113,0.47704950057112927
F122248,0.5344526517322052
F122490,0.5063635874921287
F123819,0.5097614189544388
F114743,0.516566882085745
F124820,0.462272898404539
F107639,0.4374990257348902
F117117,0.44258600451713453
F104612,0.44418380460206486
F116397,0.4786530029169176
F103469,0.4332895180241397
F105969,0.45306176337226484
F116203,0.40189897152194226
F118077,0.4934930787300067
F117563,0.522781170937809
F116407,0.5552381740760624
F122795,0.5093962326328573
F102453,0.5105708009562726
F114999,0.45343704804813806
F109520,0.47809378962192817
F101513,0.4404469959513562
F113423,0.5442479367905269
F104413,0.4215025850545978
F101891,0.4292034150902403
F106597,0.5279919511850041
F109864,0.4261279774209501
F115201,0.48663275428656744
F121122,0.48443497447318185
F118055,0.4460453337404061
F118135,0.46283946548504595
F108868,0.5178897973059653
F117319,0.5180377383130532
F116707,0.5066821679229507
F108555,0.431853915128036
F120365,0.4598002450726357
F118616,0.46544836677533974
F101170,0.4747895850194571
F104868,0.4105377858503496
F103136,0.47084646549300746
F112200,0.47182852414984106
F104466,0.4546734740517164
F100659,0.4850896990429827
F120018,0.5454521108891041
F101718,0.4871034389362859
F102476,0.4116439341488979
F123173,0.4697517279469231
F100338,0.48562931497835476
F111262,0.3929759331455611
F110898,0.5284962567109268
F101767,0.4163814583494904
F120823,0.45130966512607607
F108292,0.5310989014392485
F107528,0.4683602848156262
F112036,0.5097523199965482
F123031,0.4199944842788328
F123116,0.506507584071184
F119994,0.4420919167480648
F105513,0.5024818041209591
F115625,0.5022636751541196
F102366,0.43628374722979213
F123791,0.4881145862637044
F117502,0.5158757436653345
F105738,0.43942920435722954
F100399,0.44016006152003695
F113562,0.5580363657190419
F124235,0.5224520170675954
F122241,0.49718209065565777
F109285,0.43143684835152935
F124489,0.5116399330151598
F118501,0.512904755241371
F104964,0.51528402191139
F110120,0.5435293491229479
F110175,0.48185623715437664
F112288,0.49830428118859454
F122352,0.4304819709337404
F119842,0.4474706507835694
F124660,0.45001541997211336
F116457,0.48561172460602164
F106012,0.4508501613653114
F107035,0.41466734870924266
F117519,0.42845396221653387
F105345,0.5079709201448733
F113659,0.4877176060135155
F100507,0.49385714765448613
F104165,0.46312742663334
F105789,0.48996910234379026
F104705,0.4458795634039584
F107966,0.5517575421880498
F121867,0.46560773408473183
F123175,0.5127300858562982
F102857,0.47585193594745423
F105255,0.504384448424865
F118790,0.45059721482854787
F119545,0.42944353106414757
F106294,0.48695835608219407
F112249,0.5639919654068394
F119245,0.4606025524892289
F123237,0.4145585107420398
F106545,0.5948374843922691
F113494,0.5506087750474731
F122854,0.4802735007240201
F115410,0.48130206410298215
F106678,0.4274533190091286
F124022,0.4775441970021119
F122045,0.5268986881075535
F115878,0.5135060109141518
F111462,0.45312362184684524
F106121,0.4804191867303022
F114443,0.5552269526769404
F116687,0.5114682479583887
F107590,0.43866821722285154
F103603,0.4571122660406609
F105834,0.5873564548644198
F118871,0.4626644006465934
F121666,0.4865769407088657
F103565,0.5727701771462959
F114849,0.45490380770260896
F124988,0.48346383099498613
F115649,0.5306865485973807
F105801,0.471013847337771
F109034,0.486110565896287
F120938,0.4611894351050323
F104769,0.5416959181527469
F101860,0.4457109244241563
F100455,0.41256409881194445
F110707,0.46237883115317213
F114263,0.45921116263176887
F103345,0.506826038839468
F124426,0.5561569069410616
F109118,0.423218765790531
F101844,0.5791622700241859
F100306,0.4265204077178471
F101166,0.5289508522427149
F117542,0.5669427392541776
F102326,0.44876329338589793
F122480,0.46468333092876946
F103442,0.5095813356859825
F122230,0.548379509088771
F103327,0.5420742488765833
F111141,0.4812657349319069
F105312,0.5408386223348083
F106891,0.44883004704892526
F120222,0.44739745103392803
F107630,0.48178614484264737
F110123,0.5471470563588119
F104846,0.4426867542113103
F104093,0.5553503673953476
F108154,0.4865391332813094
F115947,0.5025384567598912
F124909,0.43633143726791057
F116388,0.44725553017378555
F124153,0.5377277394468734
F113554,0.5099461406722997
F122504,0.5234098727193965
F122056,0.5345518295657263
F123752,0.5582601436495135
F122945,0.501548826069023
F107968,0.510990085076703
F122066,0.4227000378535509
F120998,0.462515981032683
F111080,0.48869337165964516
F109249,0.559122507701678
F101171,0.47180640435868704
F121221,0.4399660306725511
F119924,0.500422332042517
F108453,0.4819625556080171
F117250,0.47657725898204284
F107656,0.4721553472974215
F105847,0.5402505028057657
F121429,0.4707252505653616
F112384,0.4750309442867107
F113551,0.52953504747024
F100586,0.48280676656461263
F115434,0.4548454291794095
F114352,0.44702161931772544
F113218,0.5095553379200917
F109863,0.523131389529073
F112751,0.5176320105004115
F115669,0.5088247165025597
F119230,0.4848991212600031
F120634,0.4942140225779214
F116680,0.48319666423944585
F124700,0.477183042099116
F119492,0.44308614085075215
F103881,0.45664019528758504
F118149,0.5132931523460971
F123376,0.47191451708427723
F113575,0.4727876300490184
F124869,0.4902864755153841
F110865,0.47425238849638107
F114491,0.44732339617409356
F118014,0.44969174668887796
F106623,0.49171949026386474
F114203,0.5409741674173294
F105485,0.46074876233148665
F124876,0.4786167867883281
F115428,0.5067002626776972
F107330,0.540361740195168
F105082,0.5255756992685159
F101920,0.42936255878023066
F115153,0.5145545290627127
F120704,0.4459543840830795
F115409,0.42584895075509377
F113827,0.49168604164211704
F122559,0.5206466828096588
F110323,0.5173009007607574
F101292,0.5313269525713638
F102798,0.4965828974343599
F110262,0.4698350545646873
F120737,0.5578851695468295
F108412,0.4418178916186222
F100467,0.5326644333932053
F121988,0.4461483064446249
F110964,0.5005159299201897
F107733,0.5185888747991529
F114591,0.47474765583701595
F111805,0.47148595079481426
F124251,0.5530211280583679
F104572,0.45533662497002275
F120283,0.459646564742705
F120083,0.49175454616411485
F113123,0.45064038717836097
F103125,0.5462550634094943
F102432,0.45910094362015286
F100413,0.5334847266051402
F116279,0.4368386602153227
F111647,0.4431080059611553
F113260,0.48801379948029655
F121527,0.49069726530389796
F106833,0.45258086257649555
F116173,0.4298075252681688
F106920,0.43876339499053885
F118448,0.43329950468825723
F106072,0.5268157469169759
F118428,0.44825461327555816
F109286,0.43958471781428643
F112379,0.473615379360403
F107259,0.5201926469306036
F102615,0.4734123751728684
F104515,0.5245900588157208
F115088,0.47737582305268816
F100617,0.4881747526113317
F123845,0.4376730818384075
F119233,0.5378912867179979
F111906,0.4809544522023892
F101694,0.5057725134628825
F106459,0.4722420997369119
F102887,0.48464385847863967
F118363,0.4915288621820799
F120728,0.4314385999848418
F107896,0.49489535067176393
F120640,0.45487030889840874
F110909,0.45390637308441695
F113498,0.43067930095149864
F106596,0.464344084315058
F124318,0.5215632274661742
F110727,0.4406763153764768
F124476,0.41358064210933143
F108549,0.48052475610892326
F102172,0.48947743068897104
F111235,0.5058602348211682
F106899,0.5268990394155455
F117025,0.4325553360816575
F108461,0.44917793240743475
F105581,0.45348529262066417
F123577,0.49701642342336194
F124032,0.46675027908335465
F119287,0.4820304401109811
F119765,0.5482425802446099
F108576,0.48217120143381087
F116957,0.4454656370021034
F106267,0.5322094793067454
F118728,0.5197929756113716
F115729,0.4359995924761407
F108338,0.45629888218252884
F106730,0.4642879106917027
F100686,0.39431945723709405
F119228,0.5767752422958261
F114238,0.49314191900728566
F115521,0.4447348589423539
F113826,0.47042988037996436
F119402,0.45560280536367137
F100572,0.42306495432269087
F101927,0.4216399256686948
F119949,0.44798629836995807
F105291,0.4905522901919142
F116437,0.4536827012056329
F112560,0.5111279973926752
F120251,0.5150456531788377
F116802,0.5004485736199177
F119389,0.4248076299787788
F123820,0.49775549071501934
F115258,0.48112833495384616
F108717,0.4717862220350026
F124873,0.5154356087955042
F114476,0.5382708901885553
F120990,0.45547716876611355
F110280,0.5263974281591832
F118657,0.5302654285266337
F113653,0.4224519454006517
F111032,0.45991196730984896
F113290,0.5076036278599716
F107206,0.43271789309266
F124491,0.5085530303737458
F119960,0.4909594043258295
F121826,0.4715533760165401
F123661,0.4870667648466998
F108671,0.5153604485286852
F115223,0.4616908026807909
F121220,0.5412064646847188
F114086,0.453556674393998
F117521,0.4538219260000349
F118466,0.4498866186412907
F116683,0.42322065277041293
F118171,0.42409415643515574
F110166,0.41635208067396123
F112793,0.5077828379316327
F113420,0.5372573508555927
F102694,0.43503399549470717
F102964,0.5359065452585484
F123215,0.47159518678048606
F118699,0.5220781386429604
F102270,0.5466055093308906
F104899,0.478938597744213
F108538,0.5487433128828574
F104794,0.4587009719541357
F122203,0.4902419042396647
F112607,0.5036813530287944
F111541,0.466820587072146
F113437,0.4830065623607751
F123049,0.5085090341174063
F119923,0.4830423800491088
F120368,0.568538939459573
F118895,0.45673558235781425
F105660,0.5125176280470112
F124404,0.48648488288413344
F109421,0.5121349966499427
F104861,0.4436233661003497
F106728,0.5291208520152898
F111376,0.4836016923750379
F111401,0.48169344038229145
F100055,0.4817416538736211
F111959,0.3938099282458558
F106361,0.4742963939577657
F120508,0.4951233077347168
F113449,0.4226598259087875
F118005,0.4858364541696202
F122601,0.497495887468808
F108612,0.4642936639058175
F103755,0.4469322604296035
F121622,0.4145894103219109
F111010,0.5210449675455865
F119381,0.401011587837962
F122703,0.4995652384992889
F122400,0.5174190947732407
F110796,0.5600748664055185
F113331,0.39652984607797037
F101594,0.49559470969234576
F107465,0.5286119972885042
F115404,0.41293640198649056
F119621,0.4841488362634522
F106096,0.4466069054470809
F104825,0.46936618677431113
F109950,0.49619122195921295
F103011,0.5096848941207226
F124445,0.44047670861603955
F113394,0.5265581167060281
F116310,0.442176036984405
F109653,0.43290317001433043
F101906,0.4175746733957273
F124258,0.5016206880768739
F124771,0.5632329902882823
F104353,0.41036074567718483
F111615,0.4440361772374427
F122025,0.40291853267670796
F105961,0.462174931942274
F109044,0.411967789253295
F111966,0.448398787113805
F113616,0.4557317179087014
F119714,0.48824622611593155
F123900,0.44458697239950146
F119073,0.511322141802566
F117729,0.4761986680041567
F124451,0.5475454798313824
F107197,0.4148441525006743
F120751,0.46399229913353945
F122533,0.5385239668711056
F102762,0.5112172378149621
F112275,0.44749884760153535
F122233,0.5055020520489851
F117584,0.4491096082696563
F104269,0.5415144742179278
F105982,0.41475715449194045
F103443,0.5005184881972901
F103575,0.4515431057552403
F119326,0.5387683934250976
F112593,0.43884500384101777
F122920,0.47070154798092734
F113150,0.48042025290317514
F119218,0.4646950286017107
F123532,0.5022036796623841
F108517,0.5276940832239502
F103185,0.55001051686614
F120372,0.4667094935522892
F120711,0.4765920771580082
F122751,0.44653116319061964
F117148,0.5028032027002168
F101382,0.4336988990991777
F101336,0.5173108719240919
F114429,0.5336901620083867
F124005,0.5327750227441749
F121138,0.4935352760030356
F109305,0.3857900319297218
F119626,0.5365779577316346
F117122,0.4693521011046312
F111279,0.5237249858649387
F118491,0.44471877769861273
F102456,0.4150040336757559
F110852,0.5621678802521696
F100668,0.5121395688960796
F112299,0.48437473844342327
F102114,0.47519180306179104
F106204,0.4510062162907904
F118897,0.4643114355585708
F116517,0.5186217712963519
F113990,0.4866923952927066
F114506,0.47674853257662403
F111654,0.4601178814988412
F106633,0.5027677192249146
F122762,0.46697059636266763
F100699,0.5511547846493622
F109879,0.4432818076078498
F120356,0.48519505624099296
F118778,0.4875103651365694
F116747,0.46644932654215526
F110375,0.4484692761932877
F123738,0.40760260204194276
F105665,0.4499321182000661
F105816,0.3990297308682596
F110774,0.4490008577218003
F116115,0.48157321239790607
F109791,0.5424448778210438
F107067,0.4237065985376279
F100460,0.5058035297568206
F102418,0.462180816226341
F124231,0.49189372731936076
F114886,0.5379131153073132
F106252,0.4777404121238185
F100257,0.4810508877658586
F104943,0.4245970738255211
F121152,0.4411848660303185
F104356,0.4775682190152681
F109046,0.5481723843605775
F107920,0.40984939924544667
F117808,0.5517232212148856
F103777,0.5183903255137965
F111618,0.48086892849816165
F115354,0.4438776618758833
F123315,0.43729253850751637
F115553,0.5354487343547433
F116526,0.4374129336950317
F105329,0.4525580800128233
F108922,0.5025965646730761
F100893,0.4050222135313189
F108787,0.4611839095854056
F108348,0.508638017919528
F110392,0.4824481510563487
F110074,0.4378660033843008
F111830,0.463928817616035
F120265,0.4682922732308015
F115731,0.4876803782002188
F102463,0.5538705592917171
F105099,0.4736762721653324
F107372,0.44648601314792524
F120004,0.5044633011881174
F123034,0.45252675879370136
F103792,0.4260523437744279
F107862,0.41797356437608546
F101764,0.5508397569220754
F123095,0.4083524628614003
F115157,0.48698282954448796
F105695,0.45347657434933947
F108869,0.4294494897878897
F100805,0.49957326792050044
F106507,0.4863113527472076
F103990,0.42038905562088996
F100408,0.4249076132211572
F123377,0.4519528246649612
F113528,0.4781330101861536
F121163,0.484000197399133
F123739,0.511047289816008
F108321,0.5761522206033968
F124918,0.5526022248398661
F104700,0.5207254603562074
F101840,0.5221439446107741
F123321,0.44347726081329736
F102877,0.45309512036421234
F107592,0.462328423340692
F114582,0.45855896681196395
F106039,0.4975413759197294
F112757,0.5346146344475662
F107563,0.44325604214992353
F117984,0.5089045966759627
F105387,0.47704906399439556
F112488,0.4212342285380698
F106570,0.48083511110430854
F110540,0.46430199290486396
F109644,0.5301869014522821
F100400,0.46068820424022117
F106529,0.43558207216298905
F108678,0.425861864700404
F104019,0.42120039460884096
F115149,0.41808848153243106
F114767,0.4852039850372776
F103317,0.49574188449821577
F120789,0.44179688882645873
F113443,0.4709411130872785
F115974,0.48817863972488174
F114782,0.5322436212831172
F119745,0.5021873733796883
F116956,0.4880994888964207
F115065,0.44577423892715695
F110714,0.4507605850188432
F117141,0.4706963413777587
F118792,0.5922296311044908
F122720,0.4900220964406335
F113797,0.45159544489533304
F104571,0.5312604104303583
F110673,0.48591835401528666
F123743,0.5211506000466526
F109381,0.4414759145028744
F108237,0.43602346205801257
F118188,0.4469450424220686
F115807,0.49027871319219857
F102869,0.5379928484035496
F110114,0.5094452292009924
F113857,0.5381721166386634
F124597,0.5560219536723896
F114156,0.4927321784439662
F113250,0.543236739941326
F111792,0.46792560139267037
F120739,0.5272383175099484
F124167,0.4540138493000597
F100259,0.49528716314182736
F113089,0.42125101622094974
F108918,0.47209887542906154
F110007,0.46755538065324886
F106111,0.5645595888563791
F110720,0.5315593350089517
F110040,0.5282674968201154
F118599,0.429303775877747
F102617,0.4360196558031167
F103444,0.512679628273655
F120318,0.48053349352753055
F108864,0.5536754037619429
F110043,0.5320642250416712
F106282,0.4965765285295861
F112276,0.4109380573364393
F100776,0.5828698895151218
F104307,0.4125649543096673
F122548,0.4304359264848604
F118663,0.4740511933598869
F114708,0.46583478816497026
F124741,0.48608560875721346
F104456,0.4174433739354933
F122574,0.4315633529047902
F101496,0.5686640692694678
F108394,0.4122007536038652
F116509,0.5140885653172798
F106097,0.436236912331025
F113324,0.48524012550905754
F118593,0.5237700964358388
F113086,0.47078337119001457
F110808,0.544125343044427
F100136,0.3920343636741064
F101989,0.5126407179314303
F109684,0.5154861326103152
F103649,0.3862331221956142
F100141,0.44304033299703593
F109178,0.5154434112997192
F109905,0.443181413639152
F101922,0.5121006825339423
F101696,0.4492991298581555
F115422,0.4882078041046882
F124874,0.46881333349719323
F116487,0.4653467983020507
F119951,0.472981082325707
F124326,0.434699280920134
F120829,0.45501324729485526
F119119,0.5060319626608393
F114796,0.5504703156976425
F118840,0.4651123159984566
F124248,0.41617333603582896
F109580,0.48875794540875145
F107136,0.4898863344655487
F104787,0.5053257646356948
F115471,0.45142814825840016
F123749,0.49726674871368026
F114393,0.4550576103042424
F107114,0.5185950763397997
F117290,0.456733357469554
F113147,0.48623655514450603
F109220,0.5321167860908178
F113488,0.4754743872902266
F105614,0.4251262773545451
F117192,0.4653656924775408
F104578,0.4776337959941086
F106195,0.4958345425080999
F122859,0.5040596251521652
F114905,0.47052268911630596
F109680,0.5019858039215092
F109739,0.4433969701786451
F108604,0.43012415552722166
F119926,0.38163525470735254
F110659,0.45882892024883937
F101133,0.46291003715931256
F102359,0.494329482311085
F115119,0.5418465408177938
F100481,0.43211128948622385
F117859,0.3899866404934472
F111367,0.5142318467833196
F120758,0.5281377912195191
F124992,0.4107588652938263
F114467,0.5267568447639509
F120538,0.5243368229943407
F110162,0.44971342212366305
F119008,0.44062020569342303
F122180,0.4701381586280798
F106379,0.4758246024504662
F110006,0.46480275456414255
F110663,0.4384136042336758
F100436,0.4487757155489607
F112795,0.4993867641338692
F101091,0.5366900552208507
F118900,0.46188505616316017
F101816,0.47685890352205185
F112398,0.4971753150693146
F106224,0.4717267106961712
F123501,0.48261857310506495
F103475,0.4683304162052523
F102363,0.45645468942674877
F105358,0.5113660261980842
F104829,0.5195419442730568
F100457,0.4400468301918629
F107272,0.5194458631362725
F102041,0.5370893071925649
F111053,0.5556352204605551
F100347,0.5195300044772267
F123204,0.45515961445570663
F108279,0.5174869310276575
F100616,0.45426301196613084
F108313,0.44763907222869453
F123197,0.4353893715465678
F118854,0.514088491824107
F100132,0.5515220314888463
F112656,0.42024934208532533
F103975,0.4917251450881706
F119818,0.4834683309810184
F121143,0.43792220265667003
F107244,0.42926214480352876
F108060,0.4794780386091849
F122894,0.48550574092165955
F111741,0.4941733027242563
F100069,0.5671786345968347
F106307,0.47625808889000953
F115312,0.48887920091414083
F105512,0.42140278417814236
F106320,0.553313984035581
F113802,0.47978442555728695
F121722,0.4924814994245841
F118239,0.47285407135377067
F111846,0.4614366992422997
F102514,0.5624745518013687
F121294,0.44499274596109284
F111037,0.48789856780905977
F115006,0.5017085697008935
F107019,0.42730265089351466
F113761,0.47098307925849847
F111747,0.5007270893197032
F105680,0.5074027441068668
F111048,0.46331942990297403
F124061,0.4820503002930311
F115904,0.43793239973111114
F118516,0.3900088202374736
F123588,0.41534390659138065
F120515,0.5855881459716732
F111559,0.49116675787449826
F106530,0.4893007671730729
F103372,0.5399257965764286
F111819,0.4977965015405548
F121033,0.49674979174055
F108710,0.4755871776122579
F107884,0.518356518910185
F100319,0.46854730237986564
F105786,0.5517677073753179
F102699,0.4799060270888322
F113881,0.4572573399663975
F117405,0.45303930903222034
F114220,0.4427662321594121
F113586,0.38862198316275054
F106525,0.5070446870024363
F110030,0.46131819919421146
F115547,0.5303662161448752
F118093,0.4358365082865604
F118288,0.48498033751554726
F117867,0.4319298186869056
F110432,0.463817558230501
F106511,0.4605488938461663
F103281,0.499974737453341
F104923,0.464244399286299
F111180,0.4719605315180697
F105481,0.44577351955042943
F108121,0.5647760844815766
F114918,0.46349239562255246
F109409,0.45618846989474104
F116426,0.5047866064098814
F117672,0.5858924041944206
F101721,0.48908671703984136
F109833,0.5936805613576098
F111326,0.4582199155046017
F123753,0.5229844032638912
F113958,0.5327552771558554
F100596,0.5078124838217833
F113235,0.4922353731054645
F114019,0.4363322479249819
F115717,0.508558770198057
F100113,0.4939491025778626
F103440,0.49862564320277647
F121111,0.4715634325845285
F124067,0.46037126392597616
F113172,0.3969551213210639
F123524,0.5263212624678395
F114516,0.48456140160190275
F101435,0.4762720587827387
F120671,0.46475778309532473
F115009,0.4475606446484296
F106993,0.4896424061029565
F117466,0.44896015770707987
F115617,0.49530804192834615
F105878,0.4348634540826485
F123053,0.43603752557111053
F123785,0.45357566124907384
F114574,0.42974613660715455
F107437,0.38709850704247817
F119096,0.4302197258720604
F104087,0.46378573564502806
F117074,0.39957650982424686
F122044,0.46354555932778974
F100786,0.4775013450952429
F120152,0.4456516730243813
F112490,0.4574575262396763
F119390,0.5029195095634731
F111026,0.48200017266548906
F122510,0.4309794972471562
F109558,0.4047135059622432
F111445,0.4453579417130916
F117942,0.47990979867683203
F104579,0.5282503503613897
F103727,0.43129763248945874
F106317,0.42960069494911224
F103178,0.5605765548779783
F117328,0.45295971303488514
F107768,0.459074467202086
F106182,0.43301524278071174
F121044,0.5382006783816434
F102099,0.4622212703298053
F100232,0.5122699310361748
F112679,0.45226857660153397
F102509,0.5045322032462343
F113624,0.5020130178328625
F114772,0.48035648094652805
F110692,0.5258505253688567
F104192,0.5312540066308034
F113629,0.5288427428023775
F102074,0.5000345485441235
F121676,0.44548985133176705
F111755,0.492789326479073
F114514,0.5044801593330305
F120982,0.45528191522400135
F112752,0.5617416068215269
F120043,0.5035342573705558
F108265,0.47464027654908264
F124681,0.4108116607308274
F108606,0.48171376358693846
F112858,0.5312436031518013
F121092,0.4922534163950659
F101178,0.4863527625517206
F107149,0.44178266653740067
F104620,0.4959785171642576
F108318,0.49193594119677747
F107654,0.4336939815586214
F124896,0.4335469216966223
F116837,0.44036733276156337
F117222,0.4853798556053921
F120007,0.5346031448201005
F102435,0.4695389759403831
F123038,0.5251770434798536
F116970,0.4852562330012983
F113000,0.48643946620912226
F108487,0.507415507451857
F120673,0.45017886260992157
F120239,0.521917994742862
F117180,0.49919555517201913
F122650,0.5168644529655956
F106958,0.528258100527145
F114174,0.38893157321956073
F121865,0.4016919151857886
F117237,0.4982949313997946
F106635,0.5319140290230949
F124182,0.47120524507392697
F120917,0.4712704190051835
F110858,0.44622718997608235
F119426,0.44423335754564625
F110089,0.45093227486540644
F122620,0.45530839058825956
F101935,0.5018955125503568
F104613,0.48243842106551443
F102298,0.46264939812823797
F120586,0.48979143606147874
F100046,0.44369089436960263
F100068,0.44464553446804567
F102329,0.4799848756401511
F105785,0.4789485630974294
F112586,0.4621487105728308
F105272,0.3927559984562791
F121977,0.48164778112082457
F120410,0.4461354101749805
F115283,0.5625963539911486
F108848,0.4185284312097446
F115528,0.44454507864959336
F108267,0.45443564840813255
F112105,0.4911322314938106
F101488,0.48502755668180375
F114547,0.5002365032824052
F102462,0.5050096215177001
F102570,0.4996024151154227
F101198,0.4767694324232865
F121192,0.406453511076699
F117306,0.5053602565309445
F117285,0.4204275736328463
F107695,0.41154828114440256
F124003,0.4524968754878436
F123512,0.5196063924419928
F118443,0.48085214441091717
F124277,0.5552181679896038
F112461,0.5395540061342828
F110384,0.43815734041257387
F114740,0.4061301356418897
F113960,0.473517825272699
F103179,0.45961980467234564
F117723,0.4962816111863048
F120387,0.4501130190276029
F100111,0.5178659505481751
F112568,0.455653113140831
F107646,0.49636427446780357
F106897,0.48055265769366884
F100238,0.5032369297993516
F103622,0.4269974572653812
F111812,0.45332286135519706
F103416,0.5534890981209193
F123299,0.45585734134971795
F107544,0.45853179847650377
F110978,0.46799057391856813
F106090,0.49089349350755224
F108764,0.5067684490335131
F100397,0.4892983943894444
F116463,0.5066797422633581
F116126,0.46875803918217074
F120209,0.4322984926786304
F123346,0.4750799855318206
F101739,0.5226982047631812
F108434,0.46670697179337334
F115005,0.49887095173484475
F123862,0.40851015358839043
F124180,0.5394624042290964
F124448,0.44337239225130554
F114337,0.47032525799658376
F103674,0.47687122702601603
F108345,0.47702949298620745
F115688,0.5876267352948414
F110266,0.4909872269976669
F100735,0.4727251321181144
F116776,0.4993244279089286
F117603,0.4822348768542837
F109916,0.40745943833070575
F105859,0.437438422625882
F120267,0.532841146900799
F100041,0.43987948893213213
F114112,0.5395389473605013
F122517,0.4746034607221462
F109629,0.45167261783837076
F112903,0.4287579750972166
F108998,0.458740995863615
F108069,0.3823584538108094
F116501,0.5371648214966764
F105122,0.475268781009195
F112860,0.4581368729805907
F118610,0.531122966978641
F105353,0.408243138604914
F123045,0.42910315912413843
F107278,0.49724083780865264
F100318,0.46528385065682687
F109681,0.5198694841291376
F101889,0.5281962342509924
F100483,0.43565963325903256
F118673,0.470456843629683
F116600,0.4285050090703724
F116252,0.48152429530708984
F112777,0.458620400070555
F115402,0.46152225900837773
F113566,0.5271338110280895
F119293,0.5123774531543681
F110165,0.44160778505577286
F103713,0.5612722405606136
F105509,0.4705804394506073
F120449,0.4179977472338917
F120972,0.5362580114626241
F104940,0.4452784998240501
F124352,0.5376177898612146
F119526,0.5411265737072002
F106770,0.4477454277471943
F104770,0.41270211835771875
F109952,0.49524787054632846
F116873,0.5367997892104317
F101875,0.47250746783432485
F111046,0.4657046928321026
F117438,0.43893511632626303
F106212,0.5506958749515226
F109351,0.4439515478676774
F110387,0.5247258675740034
F108809,0.4840417480324678
F119580,0.4294305451625701
F114125,0.45906518606567537
F112232,0.5626519191286561
F113903,0.5471870291624901
F120591,0.5329283554891248
F114403,0.4640003028180254
F105295,0.49704928076325855
F112464,0.5822721712121608
F117381,0.4947987124420803
F110755,0.51004454333608
F118218,0.5319080885581946
F113302,0.4960165904257058
F106722,0.41032454461827156
F124082,0.45859439862050744
F113021,0.5442310815173599
F102532,0.49929410673713315
F121063,0.48871402397762026
F101080,0.4940353681721731
F104395,0.5462614450747804
F103376,0.4468481496145272
F110041,0.5298945276597362
F111916,0.434083568505495
F116200,0.49536712480978473
F103431,0.4043095061753664
F118538,0.42669091307677826
F123514,0.5379235408596933
F104533,0.388085506347202
F103570,0.4515051617092525
F109084,0.45770210280049956
F114609,0.5209024508143498
F108504,0.44430684375314666
F116434,0.4421331844455747
F108227,0.4751556620092573
F100127,0.5537798343788936
F101259,0.44939596066717236
F107802,0.4940617190379203
F123662,0.509625706948148
F123505,0.4012656882282886
F103341,0.4805085384012373
F101878,0.47168294685417644
F122335,0.5316161432815684
F114926,0.5199176875553552
F112749,0.46936093523800815
F120743,0.5642217274273824
F102372,0.43112001070042916
F120013,0.5164359490846162
F102001,0.4531066018856189
F100244,0.4763837304062801
F113693,0.44706769712419003
F115722,0.3844756641244434
F101725,0.5029458812039281
F114785,0.4767553368086177
F124588,0.4401645973123558
F118819,0.508299605906068
F103671,0.46855676869268903
F111594,0.4792523536708473
F124455,0.48633863136082844
F121918,0.511120837790818
F122591,0.46531184033965867
F113369,0.4483526825819643
F118722,0.5119404355405928
F116016,0.4521104703728711
F113935,0.4677706950615834
F109356,0.472003469795797
F111987,0.4591702710360812
F110258,0.48840202958523704
F107097,0.46834154589134835
F112730,0.5085012139191117
F103556,0.42130511357733347
F123019,0.4705409466007714
F110793,0.5400356326235665
F103710,0.4612739007553792
F118667,0.4484105128639344
F108881,0.49647098069302353
F100493,0.3989291578613745
F103069,0.43913155524089786
F121785,0.4387855141172326
F113336,0.5166342706302062
F114546,0.5227499184121038
F105586,0.3933210508047369
F104295,0.46230982524921166
F102582,0.485304833135688
F109445,0.44312906195747326
F103267,0.45468262062898107
F107720,0.46856898719238127
F120164,0.5100349159224132
F113248,0.5496187426140696
F122136,0.5479556872932759
F107342,0.5054217818535712
F124093,0.4810653612270082
F113243,0.5310372643072789
F120506,0.43137580380893586
F102954,0.4769086999810528
F112163,0.5114157022008419
F115510,0.48398335980954504
F118183,0.4399708490220188
F121201,0.45234158109042155
F101329,0.4698871265845777
F100788,0.4257188950712504
F119650,0.4770442736447832
F102550,0.5183917787281815
F107739,0.48779349886005186
F114153,0.4140702658095654
F109546,0.5378081553648848
F117778,0.5295723523537076
F103118,0.5243572714690278
F111196,0.433073934533027
F122656,0.4105593082887715
F115843,0.5151319523649638
F124569,0.497631385425238
F108409,0.4383915785145577
F124571,0.4433922637324631
F114093,0.4350033764491184
F103005,0.43916090484159265
F110783,0.40880799970340986
F110012,0.4873150392370801
F113210,0.4481564492944975
F105146,0.48100202993081476
F105652,0.5485936663377692
F111864,0.5203649028683314
F121625,0.42788651533185246
F108092,0.4784834204286478
F119396,0.46932547314549455
F107290,0.47603538703845427
F109707,0.4373719925327838
F103049,0.4777411422064983
F118042,0.5396086928820393
F121709,0.4694486483516007
F122875,0.4583560172591386
F115222,0.3909233053919779
F124603,0.48368675493773206
F115790,0.4119059710724544
F115559,0.4396100358834219
F122931,0.4690386107782302
F123003,0.4819739114962747
F120315,0.47148302560675825
F106856,0.48525588943986164
F105944,0.4406865425593347
F119016,0.46858545457845585
F120432,0.40384458094704645
F103390,0.510138303767558
F123832,0.4367399975167936
F104267,0.45398736971129916
F124155,0.473352720494394
F122499,0.48942660563068685
F112590,0.4683210733891703
F108794,0.515083851172005
F117884,0.45025192139835235
F101414,0.43089998411072306
F124838,0.46345199611912974
F120618,0.48382630621088896
F114940,0.45192723887267894
F116288,0.44854977087018616
F104706,0.47167251322770054
F119711,0.51523358734568
F121160,0.4155396761905829
F119881,0.532710113184886
F110371,0.5535741510862181
F110281,0.5075992177477927
F121284,0.5011108408346379
F114100,0.4566847373771971
F120596,0.40807456725293895
F109962,0.4981540050560316
F102036,0.5093640496832343
F113259,0.4756476106863474
F112953,0.43668807694301626
F118878,0.5237042521059077
F108423,0.4662496826826916
F106936,0.5133323523903571
F100189,0.46989061544609523
F123756,0.524915790521709
F124602,0.5695062020924475
F106319,0.51514280762317
F110584,0.4663981905494571
F118770,0.4475643952980609
F101006,0.47159428911330364
F107568,0.5347000490358791
F124706,0.46530452523139665
F106804,0.42461334857489796
F117933,0.44545769938716695
F122431,0.4424152112240002
F123497,0.44995993851636445
F113675,0.43136518842411087
F119945,0.4933299126686985
F116032,0.4949675657180219
F121432,0.4400771849839954
F103034,0.5230044904370796
F102413,0.4296461963603568
F123265,0.5056052307690727
F115676,0.4955730198001987
F118594,0.5511663129645219
F124788,0.48616330376005684
F117485,0.4158388507041403
F102109,0.46379289905467536
F105283,0.4345720469197568
F105569,0.4767586104497059
F123605,0.5223588723690682
F122857,0.4267108253775833
F118086,0.5650895378267227
F106134,0.48459796810229805
F103631,0.47554503434057527
F112675,0.5280704958854714
F116646,0.45645619162432244
F115298,0.47411306621015625
F115971,0.43510414069152814
F120695,0.4220635222704341
F101541,0.4626763567082781
F104516,0.506556232539166
F124852,0.5608012326810455
F117490,0.5371894295267039
F123294,0.518125868156031
F116042,0.4773973965195241
F115598,0.5068688829628247
F124606,0.48618478158577033
F123131,0.5108986534316606
F114418,0.4337125245990716
F102839,0.4315207836172313
F121594,0.4937287202813031
F112979,0.4875973677202631
F122535,0.4264573514622665
F122674,0.4563590131598534
F105220,0.4408158219595779
F105256,0.5068912698458139
F122730,0.4866694696061299
F108822,0.4430740073462401
F111793,0.44413409555796574
F123812,0.4661462957041044
F118476,0.42160800705729573
F120551,0.5027945332401915
F121677,0.46299366353247295
F123876,0.4796892657660288
F121835,0.5139552163539141
F100352,0.44592394964633897
F107783,0.5114006427695138
F119602,0.5866980005099104
F111614,0.4989009163831212
F112908,0.500154941166821
F121458,0.44167603081465434
F116574,0.44208984633640286
F122101,0.5394532945607328
F110102,0.4422397554720331
F113364,0.4444576256041889
F119090,0.5507843044853232
F117669,0.43586523584234793
F107548,0.522208693351701
F111353,0.44326543904878607
F107793,0.4893015854664592
F109456,0.4758182764592686
F119190,0.5297504457566082
F100871,0.4270546029910923
F124789,0.4568418645886303
F122820,0.4847671914269651
F116446,0.5117285429263309
F101547,0.4894560885760594
F121456,0.46139828736980926
F108139,0.4975589855627841
F102688,0.4888252939748191
F100211,0.4921592291053217
F120738,0.45436712149377156
F109492,0.5623712312810074
F105571,0.494748782701415
F113667,0.479251116058007
F109585,0.46371900601100946
F114159,0.4718584536373727
F115270,0.5536959816904392
F117514,0.4755968727302208
F114057,0.4347772797235468
F111332,0.47537649121588815
F114967,0.5380937326910482
F122004,0.41476687284401237
F108552,0.4011541473253583
F101761,0.4523826757907235
F119131,0.44620348634718454
F102445,0.5647312990449548
F110385,0.49969628593387166
F123025,0.4070272216644041
F103895,0.5295482841263193
F100394,0.4502519290332326
F123103,0.4980511369042136
F124655,0.5028309157758
F106034,0.5359046515103253
F109975,0.46704317323805156
F100749,0.5259006238970863
F124485,0.4758586603339802
F121707,0.4667477881896215
F101121,0.518251010231014
F105246,0.42878580997398197
F102499,0.5079311195274475
F102212,0.47233207691418644
F115575,0.4695726489397344
F113552,0.5123494239208322
F105535,0.5382562873379864
F113396,0.459286963338828
F101324,0.4991074407820567
F120553,0.5639141341601742
F104704,0.5266023040002321
F121960,0.4519575969267863
F112070,0.5086280383169625
F121825,0.46652540053731584
F121673,0.38704557562306163
F103434,0.4490155380640337
F105296,0.42978555908748806
F122516,0.4668195510457155
F100670,0.46226247287381717
F104567,0.4629239785402182
F108055,0.4852089368284055
F106746,0.45229828040007186
F100150,0.5039909731417576
F116429,0.3806765676502081
F111914,0.40417586889417295
F101880,0.4867062553619742
F110294,0.4713869717021546
F106303,0.4497544564836361
F122586,0.4918868828433331
F102804,0.4727620769122387
F104494,0.45111480958942163
F117225,0.49994650760905657
F104177,0.5061090247142781
F107056,0.48649384082855107
F100299,0.43745125675179997
F112302,0.43922428432762695
F114859,0.4425403890910128
F121982,0.5533573730148984
F116403,0.4754768894363654
F119557,0.5281828819298411
F104582,0.4965909218614015
F102354,0.4040523697891019
F122838,0.4956766786175041
F105431,0.47043976966066536
F123713,0.5258884491650246
F106613,0.48133515580269215
F105958,0.4942676067990308
F101181,0.5233045729767901
F104204,0.5242908191136173
F105710,0.423560222259026
F107665,0.47986484084486447
F124567,0.48865479547870877
F123109,0.5172897633514354
F103918,0.45840660050080306
F124696,0.415827374021054
F117096,0.4993732444884043
F105187,0.49798056433978183
F122220,0.496231633951918
F114107,0.4672733111685226
F112136,0.5690336553652429
F118032,0.43564026368535663
F109142,0.46978228811608164
F106222,0.46790982853859664
F106298,0.4304409441010735
F101655,0.5587681535929189
F108665,0.48156336052551696
F104263,0.5603151537090366
F123869,0.4983379666498512
F124312,0.4671281973293045
F120942,0.42852973941737005
F107799,0.5110576876158489
F105173,0.49580287342099477
F119324,0.41195713365916653
F120332,0.4810567582765792
F114902,0.49739924106741107
F105902,0.5146570271058334
F101001,0.4674512178711953
F111473,0.39782238539231063
F110267,0.48043934911118813
F102348,0.5120078222443285
F118913,0.4334185848163368
F116563,0.4833317578268981
F110458,0.5429776689940133
F110179,0.47386171909993086
F108014,0.570827789116411
F102159,0.5375940806620347
F118487,0.4676045000301187
F114608,0.5258948861595896
F110313,0.4606468273035377
F124704,0.4315223082128569
F102057,0.49000855661540615
F100241,0.3988118415438622
F121196,0.4768428298075452
F107331,0.5420013072120173
F116932,0.5236619414855613
F113258,0.5022031153868136
F109453,0.4955505219792663
F110831,0.47574396286656795
F116694,0.5556616042366428
F100843,0.4837045123515961
F104817,0.477208320918764
F103448,0.5024319503441184
F109161,0.46641337968489666
F112255,0.4577117229879368
F118347,0.5608653403582712
F108525,0.5525539104454253
F121777,0.5139153795694402
F110202,0.41400534474171025
F122209,0.39855934258502673
F119286,0.5160627925480699
F110827,0.4186660894435066
F105330,0.45507401872122083
F106960,0.46674976135460433
F116733,0.4827530369196886
F114348,0.5088241742951924
F109408,0.49804507672907444
F109497,0.4587963195461717
F105552,0.4223825828493124
F109376,0.5445246971308767
F115208,0.4324671529453925
F103353,0.5059832424664285
F104806,0.49088091920496746
F103276,0.49751235535616883
F117153,0.474866673185624
F109447,0.45973233210543096
F117572,0.45649705157197673
F120533,0.4756749659406905
F102829,0.4486856672131236
F123721,0.45633384662208815
F117607,0.5716099003729371
F121646,0.4750842927047969
F108865,0.48435288311990665
F118222,0.4838547418869385
F116585,0.522170768315158
F100804,0.4404386215119838
F109867,0.47796340122987097
F104274,0.4652469799599906
F122752,0.46932225802261995
F108635,0.4714500556592604
F115699,0.4808868097168719
F109846,0.4168639656638484
F103151,0.46761352690481367
F121216,0.4414966763818938
F100833,0.5369356688201053
F103664,0.4462848056230563
F114986,0.4502210294755501
F106330,0.44383629493649435
F112616,0.42575421780245226
F117516,0.4193276952143109
F103206,0.3938852552866027
F102168,0.409641093686652
F119550,0.48418207939907787
F117544,0.49396894972103667
F111964,0.4196711085107334
F108758,0.42801960305885106
F122380,0.4085001430378218
F108388,0.46576823220254726
F105221,0.43897073259675035
F112011,0.4808886806091336
F122060,0.4581186129608398
F119625,0.473412681024393
F116159,0.45462086861150475
F118197,0.4507498136278623
F122855,0.4501687016094923
F103280,0.44273410083012155
F123066,0.5145901010082529
F114489,0.4576089976774743
F113341,0.4965685501388215
F123104,0.5263256020897733
F121913,0.5051735006455118
F116967,0.48761362337542824
F117692,0.46217698231053583
F114449,0.5434831526137038
F114917,0.43202176514306045
F106626,0.4936009364231753
F105752,0.48611378863433274
F110180,0.43035342881266314
F122579,0.4500658389491884
F104771,0.44720124443337206
F122049,0.5696946460430798
F121834,0.4802795799299627
F105643,0.4453112631428446
F103538,0.43734901965390227
F104641,0.458819548601034
F105709,0.5199892501507418
F103610,0.4888972440701907
F120886,0.43893244311749213
F114229,0.5427944998513237
F124875,0.4691864212887903
F110680,0.5590338416902177
F101671,0.45893115498157333
F112428,0.43786486112213907
F102048,0.4840220743343682
F121862,0.5053803608826516
F106191,0.5266302980430637
F104268,0.49607322474444226
F121265,0.43904252823402046
F110088,0.41266300317480875
F116110,0.4835826441676886
F124891,0.5422007408321795
F110683,0.5804960049694605
F100801,0.4208885327786029
F104725,0.45090938177923245
F105176,0.42850235727400043
F108128,0.48839130262100044
F120237,0.44730714891940915
F100023,0.45830272475243317
F110705,0.4819719447834431
F115600,0.48408036519529274
F124518,0.40586722797191555
F120303,0.42808832035884803
F123287,0.5096893963940706
F120924,0.5382649987190891
F109199,0.43042377027664785
F102014,0.570337718884778
F105763,0.4125391148963065
F105638,0.4352097746899247
F112786,0.499973255139182
F120516,0.48449367638476415
F107868,0.5212369760034254
F115045,0.4453052436438407
F103465,0.4906647284482305
F115988,0.5370328433608771
F100205,0.48415115084701876
F113413,0.5010941891795292
F113198,0.44950572652316567
F101460,0.44824972597480967
F106150,0.5257353034763256
F110552,0.5266651851875312
F114387,0.4026209166295776
F116026,0.4601942967518732
F100626,0.5531740000467747
F123500,0.48477197870989264
F103668,0.4652229022570219
F101415,0.5363123834023658
F118214,0.4966689375241438
F116914,0.4336065376159053
F111586,0.4354029293812542
F101520,0.43905746252122463
F113776,0.5111650063854632
F100242,0.4314228568486409
F121541,0.5808098348485384
F114306,0.5049321368461671
F104640,0.4840599030788605
F115144,0.5048443389464017
F117476,0.4579419555382049
F119201,0.44148385862982265
F119942,0.3941914232034268
F121040,0.4322541389444059
F106973,0.47638053963503957
F118779,0.529915230167753
F122201,0.4795316519699815
F116886,0.4302115422155693
F102466,0.48691516835316145
F102121,0.4114320004802552
F108853,0.500229311553133
F117553,0.5236354479392632
F104284,0.5834164030803668
F116616,0.40959747509069405
F117409,0.45685077590174816
F111888,0.4820408145396992
F106624,0.43085083304594063
F120501,0.49531491948390266
F101295,0.47943267103700504
F124986,0.4197014325613926
F109667,0.46934812952323385
F124245,0.4556362393052432
F102754,0.46697288806155074
F118902,0.4559556665771449
F100537,0.48508933028353113
F114802,0.48221655608779956
F124943,0.49848091763908564
F107886,0.4767939145215039
F122870,0.4132546108826059
F112378,0.45835309890741716
F100221,0.5093961279747959
F113208,0.4673691512087966
F104351,0.43179169227824343
F115314,0.43713445012599506
F117939,0.5034941573721824
F109436,0.45735057274258617
F116634,0.4574316934224415
F115383,0.47538827409572876
F107327,0.41887913899703155
F108158,0.4900120363302678
F114614,0.48533995510410227
F123110,0.42615005200509964
F108691,0.5528066049699352
F107857,0.47030421964986613
F107919,0.46186710138010834
F115243,0.5138255838020294
F123530,0.512371550225303
F103297,0.5145228174892478
F108000,0.5000526341919913
F100174,0.5317360772676221
F110677,0.49964463669764125
F123806,0.5154135891211846
F104614,0.4960121312187042
F106828,0.481193970965929
F118335,0.5304661890692113
F116127,0.4384241461674156
F106574,0.46639416226925334
F114778,0.5004960969754851
F122104,0.4822917390504311
F111475,0.46910406755302614
F104444,0.5231340903733043
F116934,0.5120173453161012
F122685,0.4005943873837585
F106771,0.5187630088490597
F114030,0.47129801891584455
F114040,0.5047721291787083
F123008,0.47529387042610544
F117483,0.44870424896506567
F123134,0.5111004243274012
F109641,0.45614838676623676
F100021,0.4046667544027144
F102331,0.44959353123649537
F110192,0.5325617357576795
F112160,0.47553352809996996
F114617,0.4355217524675868
F101262,0.4774984079475113
F102042,0.48179251948635526
F114016,0.5325780198858058
F105974,0.4362605670963219
F121644,0.5344944600687334
F115526,0.4691198287413172
F120734,0.49878381586800224
F119489,0.43179962029815067
F108299,0.4718037032195376
F124615,0.4426431766174899
F102652,0.3969243027542878
F117699,0.4068618270324587
F118761,0.4495952562996953
F123637,0.4780175636358531
F108355,0.4760861615824611
F100950,0.46545545577107317
F116741,0.5398435823143514
F112787,0.43411330205464665
F109995,0.4389234615164879
F113120,0.504485585910565
F106926,0.5312970391299181
F119874,0.5200397442206666
F117045,0.4504154628406748
F107271,0.5060260600273302
F100737,0.4862523462367961
F115949,0.44661408899638533
F100611,0.5349504185332833
F111171,0.5407873833906712
F110406,0.4471081458952902
F117598,0.42883875474094035
F102524,0.47053024533451254
F114340,0.5015828707254564
F106448,0.44922477902640234
F115408,0.49302756631334765
F112179,0.44521790475072315
F121369,0.4956701747522555
F110713,0.508133085983738
F102955,0.4315275846162401
F105074,0.45113379834644807
F117019,0.4366185653576179
F101572,0.4413735431784347
F117916,0.41312264231061335
F120541,0.536913184707664
F116099,0.5091651477004931
F115933,0.4760299717272306
F104099,0.4637077097628224
F111550,0.571086473948421
F116738,0.4224484562726253
F114550,0.4367143079963552
F120782,0.5497856930749074
F109113,0.4857317679027371
F123023,0.4536884366207622
F107213,0.5231746019048933
F123540,0.4938041463666288
F113169,0.4447254853294378
F105377,0.44613244742193503
F107084,0.47206608681174944
F103456,0.5589595279557333
F103227,0.4519729517836695
F120513,0.5232582377875722
F100015,0.5269355759233348
F122876,0.4476962955576643
F116229,0.46668225818686254
F119012,0.46011111674299654
F112286,0.5138815061794971
F107104,0.4428079890205352
F101822,0.5084910939349027
F109747,0.518305690004585
F101029,0.42244193392165097
F115060,0.5239405577850986
F117560,0.40359277310006847
F119779,0.394349562370503
F104595,0.48800100763289644
F114554,0.45567719905495374
F101801,0.4216863211428806
F117575,0.432083716473113
F112592,0.5150813895892288
F118845,0.4804466409760201
F102220,0.4483046137442647
F124831,0.5039990684249721
F119264,0.39438631637258037
F122355,0.5125446804004834
F108102,0.47066691825419127
F120918,0.4198023946915821
F123443,0.5251913741463461
F106225,0.5145534605964017
F104738,0.4741894923967189
F114417,0.4773171519247731
F121976,0.44817350912685505
F106774,0.5859675136468715
F104638,0.5253877895094347
F119039,0.4919252694937687
F111484,0.4952072828197237
F110971,0.46069248050827366
F117772,0.5498467801288801
F122712,0.49895388355278314
F108402,0.4540674314633196
F100396,0.4976180701083376
F101740,0.4726289547059529
F103705,0.467348670277152
F111554,0.4176623988458973
F106067,0.42273078270772
F100543,0.3892008912506508
F113299,0.4986995735881887
F124487,0.518564433228002
F103540,0.44338189990134647
F104227,0.4273061261470627
F124262,0.45379582308684563
F106168,0.40402151109674445
F121499,0.47781736650742057
F107348,0.4740993550834235
F115613,0.4909894314799894
F100972,0.4793431151627595
F114882,0.4429498685845997
F101137,0.4572154557425313
F106247,0.4741783518772337
F113304,0.4743544941168132
F123030,0.4762492395427436
F105610,0.5334089623383543
F112978,0.4781851433191634
F116077,0.543476018610555
F118456,0.4235619880427815
F103194,0.47125886208112944
F115574,0.4529502426952221
F112544,0.5077647090709306
F119809,0.4447238772464704
F114611,0.5205500720258522
F108134,0.45492206311698624
F100329,0.43842497627975224
F108247,0.4045478442904798
F123227,0.5563828502939677
F121253,0.4811736878567039
F104626,0.4654112075677638
F124350,0.47678731660220863
F113339,0.5461711290516911
F102915,0.495499394036931
F114654,0.4519938171329111
F105273,0.4095443784506394
F100033,0.3963639237314325
F102742,0.5078582215645024
F120354,0.43897121942691236
F124715,0.5264040482730922
F110031,0.4924482325727887
F107906,0.4958171018852833
F120793,0.5311051498460118
F111450,0.43786664658571983
F118964,0.4876235212783754
F114254,0.44034666542470957
F106058,0.42811603881778515
F120668,0.4774505965737585
F120913,0.45720178706330494
F117160,0.49992607056472305
F106648,0.5245130543061349
F116726,0.49569720876737067
F124577,0.4253428016712577
F111525,0.4917813918465927
F112745,0.47508546174036204
F119702,0.3938850925424129
F102116,0.41211188923953795
F108772,0.5196716028991321
F107424,0.5446801391515304
F103479,0.4927731295538758
F123149,0.4955681078512608
F111072,0.4810448107820534
F122097,0.49399985755450304
F114087,0.4760821214964681
F104809,0.5141007735077527
F114098,0.4408887349135995
F116880,0.5741552612521109
F100450,0.4734533000679523
F119057,0.5324696115115845
F103666,0.4063849757899239
F120106,0.44450095792526023
F106571,0.4217323442765114
F103970,0.46709369492969727
F123969,0.5146529970164704
F111255,0.49587899667834556
F103344,0.4905790689710276
F119143,0.5309846370203728
F116577,0.4383097357834512
F114734,0.5058746511300118
F111250,0.46014929712413866
F115135,0.47487926099463196
F117362,0.5095207214608063
F122260,0.4638028279721317
F121277,0.4688029591963758
F114783,0.49119579441243116
F118109,0.4927732752681757
F100387,0.4458438543378651
F116031,0.4599549302153796
F109014,0.4778569350277277
F117456,0.4845792861935933
F113480,0.4883702060277368
F110667,0.4647177370397957
F101209,0.49662621993779366
F117971,0.5015526228928621
F112292,0.4892385951386343
F117732,0.4841391301405129
F120448,0.4355649956407682
F119957,0.4741796854634177
F102918,0.49645921756084016
F122528,0.4726220042499425
F106419,0.48493822226417327
F106697,0.41027910488677244
F109567,0.45386303543363343
F104619,0.5208858990040809
F102647,0.44022204367483414
F123916,0.5121764706458192
F109131,0.5100669348583675
F108962,0.5093954622238283
F104775,0.549777872670223
F110756,0.4223563786552153
F113157,0.3862054515867708
F102997,0.4508242466092176
F110631,0.5034402953238003
F115863,0.5158227576308915
F118447,0.4277167222969004
F121168,0.49949581803893933
F111636,0.433445409088909
F117868,0.5208551380783015
F111859,0.4785674606311991
F109735,0.4398259552995002
F105767,0.5221988185590419
F117143,0.5270654389119191
F116763,0.4779509002923974
F106437,0.4941093845496721
F102046,0.5413878845987882
F107609,0.4408529130734768
F110945,0.4703520280006856
F105453,0.47535126047586607
F105821,0.5115463340391483
F116964,0.4642720730959028
F119609,0.5080799359408975
F120583,0.39503109597311625
F106125,0.5109795252534982
F123144,0.5272158450625682
F119423,0.5585774115183214
F100607,0.4442007742628974
F116199,0.5095323594799033
F101866,0.46294192895279807
F104493,0.47556952099299166
F116889,0.4404680711476334
F109869,0.44263653505761835
F112334,0.47753015189147563
F119889,0.4289996674953021
F122065,0.49203438945968236
F100180,0.4571349293406759
F115350,0.4349378357559652
F109477,0.4170021563585582
F107499,0.42165144471529215
F105684,0.5168134001350395
F100048,0.43396587040638746
F113232,0.49248995507087046
F108315,0.5064400847850613
F118372,0.4791427569172174
F110926,0.5102915320981671
F118041,0.523399211755112
F104956,0.5047115280955699
F122913,0.42618176398909635
F116989,0.4997172213949072
F111260,0.4525845597806779
F105667,0.3980642122467245
F100714,0.4122447291082501
F122146,0.45509401861490717
F119385,0.4776521994978995
F103670,0.48173918132447713
F111921,0.40324626481847886
F107414,0.4156408597357565
F110289,0.462190840266389
F104935,0.5234023163403583
F115644,0.5034074807872211
F118561,0.4758287138462222
F100682,0.44860804911154595
F119620,0.4464283682828925
F102396,0.5738653033013131
F100888,0.4205902817691973
F124987,0.4378615752830529
F123840,0.46764851588545353
F120103,0.40701297432877825
F102143,0.4931039216506464
F112685,0.5265677723858313
F101695,0.492544670475333
F111547,0.4459385267918185
F106878,0.4127812905720478
F105463,0.44199984696273587
F109522,0.4150028176361676
F111452,0.44204071123096994
F111170,0.4662645333302139
F114262,0.4614250219736365
F120833,0.46857793240451395
F102365,0.4509978685349731
F121002,0.4133876302418735
F109692,0.416681503354833
F105334,0.4794213558835244
F106531,0.4356827046468761
F109518,0.5263020539591351
F120188,0.5222952045823607
F122584,0.47999120960186115
F115206,0.5165981789375256
F107333,0.3795938740598277
F116085,0.5064357460620768
F121053,0.5101736945146913
F120289,0.5332648362178858
F102184,0.44659065087933797
F114959,0.4702070375472883
F110254,0.5439197876299525
F105043,0.49282945725306704
F119184,0.4984178232201691
F109940,0.42070465525736067
F108876,0.45435485133670933
F122769,0.5449987790504603
F123482,0.47167949319515867
F120725,0.46932945874678433
F106669,0.5185737360328306
F116794,0.5112320997113649
F104178,0.4425834460700455
F105928,0.46253836597938974
F115701,0.430403355674909
F108235,0.4550760975042936
F116928,0.4756418012432773
F118749,0.4876553280809155
F121008,0.47739277147512665
F103694,0.4858882535978483
F114240,0.5261363445288555
F120027,0.5235071970494471
F124782,0.47467081371971037
F116378,0.4237979871169475
F105209,0.42460038721575655
F112018,0.5200971105739793
F106250,0.5656849220974611
F109953,0.4581300023432888
F101543,0.38678546465640956
F121509,0.5496258232535605
F105628,0.3978347143961748
F115546,0.5284980913909693
F100704,0.4831245827318188
F110368,0.526834308028316
F121528,0.5074604631814359
F101100,0.5440092780699235
F112525,0.44920650982425686
F121356,0.5100362444281624
F115951,0.4423331525055263
F107795,0.5136614432537296
F108817,0.5799952152186664
F111387,0.5203645158403115
F117804,0.4619749899493882
F110936,0.5141505679050898
F114004,0.4312468459478338
F107270,0.43404840594773103
F119956,0.564031610859838
F111828,0.4425106624831475
F107203,0.4477113620620079
F116496,0.45032424942020016
F119361,0.4674107056292762
F115552,0.5732705596312186
F113702,0.5290014969438631
F111225,0.4343855783483841
F116943,0.4735984698565341
F111429,0.5118271812442465
F113806,0.4682108536705569
F123307,0.46168673629664314
F119728,0.5187892940563961
F103180,0.42361658250820416
F108160,0.5387244029689097
F119338,0.47916229407353683
F105024,0.5569849772355856
F100983,0.45465661603926766
F118064,0.41125490464105796
F108152,0.4600943008239833
F102301,0.44821092009237384
F107420,0.43800758284213415
F112453,0.47947793192747096
F121252,0.45442463014841483
F103182,0.48646979894430575
F102746,0.41095996350091657
F110087,0.4889190407782212
F106141,0.45878676719867534
F107022,0.4526210818343654
F103397,0.49456299102815315
F118137,0.48088154861891647
F122022,0.5114552036870852
F116906,0.6023377115142194
F123841,0.454008187077471
F100930,0.5707918059266227
F119076,0.4475493274509825
F120302,0.5079541983633686
F105583,0.5685064573472025
F100630,0.4615377474971607
F108776,0.5020873655752661
F119459,0.435831755951445
F112620,0.4897464199543639
F108675,0.45346435015694936
F115164,0.43673768713670136
F116255,0.40915324935023106
F108207,0.4841150855803531
F121915,0.5150396445362531
F122673,0.5306555433604875
F122512,0.5190128875496168
F105207,0.49417460767871774
F112600,0.40718048108759947
F109251,0.4628017987645888
F124775,0.48486236668027943
F107159,0.4313314887199006
F114438,0.43409621770615886
F116936,0.4193163182671703
F109971,0.4796419937740901
F107529,0.4277240076587277
F105347,0.5129306561225326
F119872,0.4723985739673169
F124963,0.4715628032361553
F101527,0.5003503449434407
F123725,0.42991724346601423
F109802,0.4160893475137183
F105605,0.4681890235840137
F114987,0.4602383215105052
F120330,0.44993984698465994
F112090,0.45262060969217205
F106455,0.5374615369743985
F111162,0.46875454032472785
F113014,0.49458953272897055
F103680,0.48598912588301807
F115260,0.4009866987050328
F118706,0.47292085114680127
F108389,0.43824348270052693
F108743,0.46625441385359023
F120572,0.5521079800413051
F102141,0.4277005328658877
F102149,0.5331750278744608
F107157,0.4735284818063772
F106026,0.4656753500293796
F122189,0.5377598757280778
F102726,0.532405979227149
F114612,0.5180049255575288
F104564,0.5120485254350859
F116599,0.4369481439223624
F120026,0.48290652830655095
F114143,0.4348605551247897
F114824,0.5322062959542921
F108145,0.4140095194081619
F118207,0.5100378100125162
F120984,0.4842874416559305
F107103,0.4416457709969014
F111360,0.4712592527818078
F109123,0.5050674739323264
F103665,0.47413641553941505
F114115,0.4681010460827839
F120105,0.49901076252928167
F102511,0.5688821772737946
F119174,0.4680108869126882
F123222,0.48154560521077533
F102727,0.471800734101029
F106054,0.5595563157156083
F108133,0.5443485179507332
F102594,0.38542795638016153
F102784,0.4766769584693775
F102210,0.5126806188895082
F110644,0.41282816231844
F108530,0.5118114412957449
F122155,0.5197835169816701
F122742,0.5296681061419939
F124974,0.5351867832955135
F115568,0.43096184854203723
F120682,0.4412006303133511
F116180,0.4613092591592925
F106255,0.4281305479648533
F121255,0.5051465633618041
F111424,0.45069759196635195
F114445,0.45734443743363734
F117142,0.4333653652085493
F119968,0.4710917038209741
F110742,0.48478753249013695
F116012,0.49696995475707956
F109110,0.4266548071788996
F116905,0.5407744434131133
F103635,0.4434654571148958
F101384,0.5932741860119628
F120545,0.4869586653390858
F124205,0.39296931295490717
F116805,0.5151174310256065
F118784,0.4702647622281161
F119155,0.4909472133083108
F118983,0.4877690592268633
F116295,0.48042620978482775
F118537,0.40571926535789976
F123906,0.5080780972277
F121359,0.5242370254879058
F123295,0.424625513921149
F121403,0.4592990803893726
F105128,0.5114664532646368
F111939,0.43824927570955685
F107201,0.529299297523984
F117098,0.445772623099537
F124004,0.5072259515223961
F115084,0.6241741485433789
F104987,0.4940239747385516
F124186,0.43597501606206523
F124105,0.5104118411831666
F100614,0.49027365616395646
F115920,0.43574404682194423
F107100,0.4987003706598066
F104083,0.5223885637119621
F110329,0.4171718274948141
F113009,0.5085231215075283
F116174,0.45164307639460943
F103588,0.509886524164368
F124689,0.4817578759541059
F104814,0.5010276382253909
F100589,0.5312593635146515
F104918,0.4478075454307513
F119414,0.5119620409264084
F113072,0.522088277937565
F109966,0.42914135845088536
F102358,0.4668372618234474
F114326,0.41205646330994694
F102052,0.49256327543009115
F121229,0.47034499528644647
F115500,0.40359418515222023
F117940,0.4717984337765251
F100940,0.49552890717789455
F105314,0.4403146889023339
F105479,0.5568511538911237
F115016,0.39977069534983883
F114400,0.5186350033977098
F118291,0.4637066395718572
F112755,0.4585574120736079
F113345,0.4366954720002084
F111589,0.4741482639506054
F112817,0.5117307590753077
F115899,0.39561706341609737
F122372,0.48061405784568934
F107231,0.4618259971405012
F121736,0.42810121360828024
F103552,0.5026234316919206
F102797,0.46196224872516295
F107172,0.5491751629315695
F121740,0.48529975445304363
F113209,0.5628231490880703
F120175,0.4840427324597541
F114435,0.5474855309208411
F122370,0.4343940362139135
F116097,0.48743656779757133
F101462,0.5565689633164693
F114465,0.45299881076811754
F107880,0.4918494048977671
F101812,0.4661424262321539
F114561,0.4019785383410499
F107367,0.4930729645433698
F115881,0.4962776053102559
F118184,0.5627425130477571
F118435,0.5458699559869092
F102307,0.4711477785003676
F110456,0.5325784314987192
F114310,0.441786689041265
F104179,0.42585155708958855
F103967,0.4693117479407884
F104053,0.4317802174138319
F102255,0.45256482177502916
F108364,0.4559998207711575
F109601,0.46627243006550506
F121027,0.5250197405644123
F117743,0.4720991373951171
F112974,0.47010697128081763
F102817,0.4648386111901404
F110737,0.5571220721398024
F118258,0.4296746974119734
F116592,0.4660688606563856
F104465,0.4508986018654293
F104411,0.4635720448009173
F113596,0.42485439937651426
F105423,0.4399296502249115
F110800,0.5175007129096786
F111584,0.4808115541709706
F110762,0.5196439218158511
F102313,0.35899341173190963
F102883,0.44812875572459476
F118260,0.5106786953567611
F105371,0.43065295113288005
F112383,0.46609511463024095
F111663,0.49499993968619704
F105549,0.474562784619987
F102976,0.5079090473712199
F122624,0.5014939781334081
F108589,0.5406322321425002
F120051,0.45205556703345373
F121364,0.4430094164877685
F119616,0.4442245810591006
F110951,0.4493757870046366
F113261,0.5078211257374102
F111331,0.4546408996577491
F124854,0.5802608434674178
F101161,0.5145821947714215
F113519,0.4564076325125174
F119417,0.49650930774859364
F106192,0.4292297482874309
F124302,0.6032370510011175
F112169,0.5223340713538102
F118414,0.43693676505849305
F123504,0.4798015095095469
F115492,0.5753077276168929
F110027,0.40156412821150983
F122387,0.5563110018211774
F102191,0.39695779000517517
F111469,0.5343826361721092
F107154,0.4399976002313827
F113256,0.45103803675603393
F109932,0.43855286002606275
F113897,0.45623408299891965
F110652,0.41858840296776256
F100218,0.4617558001522424
F105126,0.5448805716988641
F124361,0.49548315175248336
F111427,0.4762909600069217
F109730,0.4836470223421657
F119762,0.5235319998974193
F106408,0.5224104268165531
F103626,0.4613883568630047
F119134,0.47839399444369934
F110594,0.5597504471445589
F116242,0.48154871283163847
F121193,0.46654743880788346
F118548,0.4265323971952619
F105835,0.5050373584668452
F105554,0.5116945015550924
F109858,0.4615858821866935
F116096,0.45759590324925464
F105882,0.4480853053067233
F110250,0.5519447182637898
F103660,0.46226495672068857
F113137,0.4697182870130918
F116179,0.5739507198663891
F123870,0.4348245390568398
F102689,0.5104091892004711
F103467,0.5116876000050032
F110717,0.5111949444136106
F112042,0.4681319822707226
F123857,0.5239380604350496
F103893,0.5642076779934961
F116119,0.5278217274674477
F109816,0.4527196405249221
F108243,0.4508879827341673
F119586,0.4253097619710763
F108493,0.44666437371985745
F102503,0.4885934198863298
F101400,0.49992400937538833
F113180,0.48560023546298947
F110497,0.4808737953832296
F121430,0.5296000276229216
F110788,0.4336235441111732
F107997,0.4594778162990594
F121538,0.5008413643260946
F103869,0.4366880455584198
F107074,0.42546192702108593
F111782,0.5421249320989363
F100715,0.39396786192196476
F118689,0.4636143930928823
F116342,0.4330122765370648
F102560,0.5473590936356371
F112439,0.542635189234711
F100383,0.44836489051122574
F109612,0.5797466372208682
F123239,0.4762748357357846
F103939,0.4178416029196641
F104109,0.45719318039630635
F121393,0.4359341837402398
F112802,0.4859205652035463
F109757,0.4065573679524353
F106243,0.40908115897788244
F114576,0.5044861617187395
F120764,0.4644566246340831
F108968,0.41170067559639495
F122636,0.4845355819167918
F122776,0.5172083548550241
F106149,0.5208001029129649
F102986,0.5045140557245277
F109255,0.4357749583750936
