record_id,flood_risk_score
F104559,0.4704520495025283
F100765,0.4429970588864806
F107573,0.4675724751046463
F110345,0.5626595040978372
F118850,0.5174675309147299
F118228,0.5097240014500237
F107230,0.45901749829177174
F118529,0.41808801831213505
F100418,0.4755373094608628
F104883,0.5192447218528117
F111040,0.5219663947510946
F108454,0.49654842874835226
F110834,0.5695013454512396
F100969,0.4700136131503423
F109368,0.5019888778522775
F102545,0.3987369832396912
F122488,0.43267345351087316
F103894,0.4828134054535303
F105408,0.4954295727409327
F112579,0.5131678866997262
F103663,0.5008545902802604
F120363,0.44901920571615167
F124722,0.4563754360474659
F116480,0.5272086827414545
F114951,0.4715629757620651
F100738,0.4355749462830601
F110536,0.4865757992002607
F122026,0.5266883941925525
F105117,0.5039874691248447
F108958,0.537261744117406
F116660,0.3964632828238078
F114422,0.4215762428225833
F120962,0.4569552523875101
F111174,0.4721162180205104
F113429,0.5669943889407603
F124188,0.516313452648296
F117761,0.4646837663677273
F118236,0.4634855097110726
F107714,0.4208979523541584
F118833,0.5326109904984377
F100761,0.42338530360609045
F120268,0.5682288179959962
F109138,0.46341459464240375
F124412,0.47220128971717257
F120691,0.4995789392572374
F124661,0.5110372970825113
F108890,0.47872719896847127
F121417,0.44679563191733446
F118138,0.46601870563759673
F121512,0.4987965130953331
F108954,0.5507617928620478
F113146,0.46395086788739426
F105087,0.5435838808087586
F121469,0.5219413709155244
F102542,0.4523211799546517
F100209,0.5999597781062951
F124632,0.406640498421949
F107038,0.4729727927431162
F100938,0.5370202186525723
F107925,0.47344003157504977
F105361,0.4637713759373905
F105697,0.5333376062062384
F115744,0.45205690625662076
F107426,0.45320108195592707
F124172,0.4749134153208413
F104946,0.48849797370919384
F102095,0.49271161399124874
F123356,0.44362697535647566
F102650,0.47051955300335013
F106539,0.4321029267228932
F112891,0.4728720379432715
F108289,0.4919135442304949
F115077,0.44213350479654345
F122323,0.455925702905665
F107204,0.5023512574050764
F113309,0.47161204879428753
F105741,0.5285844005929861
F113925,0.5197574690343779
F103318,0.49962289604370413
F105950,0.4584576660562327
F119672,0.4627928618118345
F109242,0.5508340108588283
F122020,0.43163391285285435
F111466,0.44854912126418006
F119578,0.5267374298157785
F104122,0.5641751478073608
F117075,0.5474661695403904
F119337,0.4853663887338131
F104315,0.4796109248472598
F115990,0.5025569760055134
F121530,0.4397560411844023
F107744,0.45741887827965966
F121368,0.5272029225005239
F104624,0.4465693349074082
F104063,0.5111242744596347
F104344,0.4948916565977096
F118253,0.5237067390645062
F103315,0.46456321465575917
F119431,0.5737147287934453
F112167,0.5158662078356175
F116395,0.5085723845391656
F107209,0.3953415883575807
F106831,0.4886220515636033
F110362,0.5039266004752969
F123715,0.495249890259184
F114686,0.4823740147805317
F100236,0.4106669024253882
F105475,0.5106200335190281
F119724,0.5045432354757077
F121653,0.5106353252138033
F110182,0.43039356160707554
F124466,0.49986373256575306
F109994,0.5417174148783135
F101098,0.4459016821164108
F110819,0.5006578271103374
F124937,0.39260609865705176
F105167,0.5344074254344049
F109738,0.522466148547489
F117504,0.5152093833303621
F123201,0.5379379546028479
F104276,0.5203288179074124
F106674,0.48569761432228337
F102033,0.5809323294077521
F114776,0.44844978938079005
F106675,0.5351927244552974
F107195,0.5391311282162249
F115966,0.437732469242519
F110078,0.47160909010468627
F101644,0.5665081740708634
F100635,0.4362205639485568
F106895,0.48914432923983986
F115420,0.492548652859948
F122657,0.512635584310733
F121159,0.4280258469500404
F106498,0.5510056930504661
F123880,0.42540615579494967
F121738,0.5026430134255309
F103530,0.561878600596577
F118037,0.43283379959376417
F121887,0.5575791560879971
F117474,0.4722516539994627
F108838,0.5772465194226324
F110850,0.45102084666043685
F108920,0.44401854459829976
F116417,0.5028545261244022
F123163,0.43857044262525546
F114455,0.42145873427837843
F101247,0.5330850029666403
F104992,0.44754515408830847
F118511,0.41225407020698146
F114644,0.4811155107695478
F102251,0.48926071332822596
F109818,0.42966649353209047
F111847,0.4468258078061843
F104955,0.43465055091010735
F119652,0.5181101943971279
F122133,0.420596365743927
F104993,0.44535439791456083
F113510,0.46557838474487906
F123557,0.47310149707806953
F113962,0.39368989128832865
F105947,0.48034235640542655
F106911,0.5016370715454779
F100652,0.4645605978147813
F109685,0.4538501491314919
F116475,0.48966579077340955
F104565,0.490491435448443
F124062,0.4483003684017239
F115932,0.419490099144379
F109613,0.5332232200281948
F102386,0.5098233575108837
F113483,0.4172923767676062
F117088,0.4902560967019528
F101277,0.5108682067837385
F124674,0.4641917884007678
F118679,0.49495415859405856
F100697,0.4676211604505975
F107785,0.4597091023869301
F109642,0.4643595616467717
F119574,0.4452709505192435
F114841,0.5272106694408452
F112762,0.5550392865419782
F123792,0.38580377934255494
F107168,0.537772533959082
F120641,0.5890177903747099
F108273,0.4466397770353804
F124407,0.521050749450725
F114604,0.5112773073848108
F102970,0.48424267823064554
F122148,0.4177275478225098
F108010,0.5163482375820624
F117610,0.5098260356183107
F100140,0.4662805081324748
F113938,0.42676751707908417
F121084,0.453951589479589
F101060,0.5187921114703206
F108562,0.5109261953298269
F110164,0.47245352172872956
F110472,0.4805179429462795
F114543,0.4290019071251242
F122852,0.4884518128222075
F123987,0.5272194094772562
F106836,0.4400917458733827
F101754,0.39106311229981444
F113931,0.5174518773497917
F124553,0.4474876189568404
F102295,0.496172772756526
F112168,0.4385056178343986
F119601,0.4707341860347653
F114744,0.4891816954248084
F102112,0.42540890387689445
F113311,0.5006349599611021
F101833,0.42106836034019735
F103038,0.4110475759252552
F120560,0.4346696805248741
F112035,0.43698981734412445
F111041,0.4335715416315719
F106820,0.41673434759839617
F122282,0.5558332563562951
F122812,0.4203985719730291
F121959,0.49360585694601966
F111241,0.4829679655007918
F115679,0.565959849409123
F100487,0.43103271850891905
F110726,0.49682909396067265
F117027,0.4197333786562335
F111810,0.4496161278148342
F112058,0.47921668335537226
F112471,0.48610300164738013
F103296,0.5309471101297187
F115646,0.46881162122752623
F103349,0.4506033231802865
F122192,0.4724009714938545
F107979,0.47807600660411853
F124864,0.47476849902882656
F122862,0.4706180851065086
F118545,0.4535790959526183
F123305,0.47934151539193004
F110767,0.4585212382827734
F103752,0.4299496914601628
F121115,0.43454749759530775
F109639,0.5269352287509715
F101751,0.4780542976463556
F114586,0.5266813763407553
F112250,0.4370658525771156
F108536,0.474517541266939
F116656,0.4708544525345828
F121706,0.4313746833212109
F118536,0.5242562369873089
F105191,0.5210923746973654
F104561,0.4680448894958394
F101998,0.5247783650401829
F115774,0.4152480239354876
F115983,0.5196488209082943
F123259,0.4952854320854538
F100753,0.5451659039601421
F123982,0.44248186310657645
F116710,0.5545165760635771
F102019,0.5071228302710233
F123612,0.5062037035606637
F115548,0.4426599793873204
F114793,0.5440226083011718
F101753,0.5803286448810251
F104066,0.5572800858332667
F107166,0.460897877967708
F104321,0.40306682232077695
F105839,0.5369346872697646
F118851,0.5286022998710304
F109929,0.4193475812442809
F118079,0.5387065218545224
F106387,0.4591259685961706
F117429,0.42439081840926957
F112211,0.44769269057339134
F101550,0.49290134658819856
F121466,0.47602218033848753
F107148,0.5525319274383085
F118450,0.39709729765179147
F111865,0.5382198756148064
F110969,0.45341906059820575
F109782,0.45964718776068964
F111408,0.4025365984459725
F108063,0.4881944360925334
F120971,0.5380632167536393
F123231,0.48970755988344783
F122302,0.5058691726168864
F121337,0.4659953273160557
F119311,0.4072134691419387
F124628,0.4953682749770747
F113156,0.5370637267626112
F122818,0.45352621820023753
F116061,0.4579700135075554
F114676,0.46202873969961467
F105188,0.5005653294426005
F109111,0.454344400355579
F108985,0.47622523504941533
F118123,0.46435234751264404
F116826,0.5015918849501108
F111800,0.54092878255434
F110853,0.4623799716290832
F110615,0.4845168600573632
F107116,0.4522532669131488
F121710,0.42396720366806506
F100340,0.47526871642419755
F101311,0.5078907982344497
F106219,0.4371647865151111
F114711,0.5196268234350354
F102516,0.5624239271300765
F124145,0.4839762539205473
F110628,0.5344878222001557
F104011,0.5575217656350413
F105525,0.4730369753280731
F120431,0.4126336718999851
F109437,0.5352989523874384
F120177,0.4382840136718049
F112433,0.508101683916261
F100873,0.5445869296734789
F123892,0.43398250530423527
F100488,0.4646104070319501
F123556,0.46458723824285164
F107354,0.5838414795796337
F123503,0.5323379040569141
F119966,0.4396282925272099
F117678,0.4619640834197025
F121895,0.5895143537974342
F122053,0.46196522775205406
F112917,0.4730848984566916
F106363,0.5271568569770095
F102370,0.41169937190274425
F117001,0.46525511931375796
F101693,0.4399851754493745
F105339,0.4564619149251098
F107942,0.3981894657474856
F101824,0.39830572427060384
F106272,0.459480710986339
F124074,0.43650077681313726
F106358,0.42685640976793543
F119832,0.4150214440616253
F110240,0.45273828765922364
F119296,0.5179101861843293
F109476,0.42280293755889253
F107789,0.5558492375119055
F100736,0.49886040028778883
F116588,0.47747665413984886
F122290,0.47360567004880794
F101154,0.5103005529334882
F102389,0.5094891929827896
F117811,0.42119247191975256
F111868,0.5492781886672364
F101781,0.5355677217734353
F116332,0.44267701233960854
F111610,0.5104926334818229
F122095,0.526761853777139
F109282,0.46919040478414775
F105010,0.4929513549025759
F119399,0.5104352791674256
F101522,0.4733956463815186
F119679,0.46867186784144044
F122804,0.5832682961638376
F108115,0.449099543027232
F119513,0.5540087258035997
F115012,0.4890031947924808
F106658,0.5357179627743202
F119250,0.43538384360551236
F118688,0.5514743400888377
F117432,0.46830623536264104
F114870,0.4388693097813736
F103602,0.4384690287927992
F101598,0.4764393889780648
F109441,0.48284392001154747
F124954,0.5235712805621986
F115780,0.40772600260876113
F122592,0.5086950910848538
F109049,0.4154853293316368
F114002,0.5198354874137232
F114251,0.4263888533620191
F117006,0.5150021476508048
F115034,0.5062294273473295
F104720,0.4508050212390663
F109984,0.559796460306755
F119430,0.5008031179174183
F105198,0.5252011524608068
F103837,0.46087701455021174
F114551,0.45302088240117244
F103104,0.43086535880980864
F120376,0.4381582772286977
F104851,0.5295557101860484
F120183,0.4738408172614183
F124885,0.49678687391179566
F102201,0.45303105943635025
F119491,0.5239454801244493
F104606,0.4491728646078451
F116372,0.473529183555379
F119040,0.5526115953360505
F101915,0.5316700079362171
F109175,0.4941053043586979
F115685,0.4415522559642725
F111428,0.4345149306108918
F103111,0.48431582614570806
F110873,0.4210995153943691
F107633,0.46969378245614535
F107787,0.5197550616431965
F117530,0.481347665669419
F111396,0.5491292176523827
F100767,0.5584049982072655
F123768,0.5016631655909409
F119595,0.49652732047391873
F120457,0.5305728148813297
F100411,0.481228561549415
F124692,0.5154295954421029
F121841,0.48845388212768354
F120055,0.4264354142227779
F109741,0.4869341565404538
F116870,0.481142934754513
F105897,0.5052106446996156
F111705,0.5026926516259176
F111019,0.4767286705692099
F112687,0.41830863477717284
F120794,0.4487090978741906
F108983,0.4894125332040689
F104288,0.4148191633094763
F104780,0.5456070941031437
F111451,0.5399097232597622
F101955,0.5191217858306375
F108150,0.5219190771499724
F116150,0.4857102704745969
F100183,0.552183115755479
F117639,0.5289093262943051
F121714,0.4868302458664954
F120937,0.49981190416516125
F113890,0.39837306132504097
F108932,0.5027880926259676
F122822,0.5256670082062679
F109135,0.48905456983771617
F100552,0.5239465127985213
F101261,0.5308916125069296
F100114,0.5103858359348504
F117108,0.45131360300303175
F123679,0.4598849838841753
F111243,0.4530847412567636
F113133,0.5621257929512167
F104645,0.47327017969466173
F105874,0.5337441081644124
F119181,0.467434516059218
F101394,0.41171924937073756
F124488,0.43150705846163406
F116999,0.5425614614990029
F116068,0.5366468857029041
F118719,0.4439688082256087
F120589,0.5568268432641803
F116146,0.5091070301484704
F119080,0.4908156083629929
F122698,0.5049724085573524
F121018,0.46621510167274827
F123107,0.5931581469057472
F122501,0.43878669884546173
F102275,0.5178948570601032
F108923,0.4356975177975099
F108770,0.5471294208033239
F118911,0.5066270253378906
F118847,0.4643682838042793
F107313,0.5047354565264335
F100472,0.4623776633832921
F101105,0.4822753056467657
F119002,0.43659955360444025
F122076,0.5494030352986697
F107518,0.5738708430646667
F101013,0.4689031549536675
F114054,0.4361930638475243
F111988,0.5857493657695563
F105303,0.5618104805158811
F118549,0.45505184309773017
F115072,0.5178499344248461
F103483,0.4969294945252258
F108248,0.3962619106405851
F107192,0.4831297024673602
F104489,0.4696507001779603
F115885,0.4545358934876479
F123246,0.5573080118949996
F124020,0.4894311619248912
F106433,0.4003377366063211
F108155,0.42501511804803993
F104023,0.47606659442881794
F105426,0.3947997287451857
F106140,0.523515042441594
F120579,0.5316515481361378
F109403,0.5052311156818505
F103161,0.4321838577279049
F120903,0.4649421232357548
F114267,0.42419497937786066
F114603,0.4508956775835404
F101173,0.5456175206910181
F118312,0.4376430242685439
F112957,0.5261065608973805
F108174,0.48629434530158266
F107679,0.48540317024982726
F106552,0.48593064573631717
F123409,0.5272379472803386
F124647,0.507301932370438
F116742,0.4207725636544989
F117931,0.5342105803849168
F116665,0.45597680439052113
F115205,0.5265287458429442
F100312,0.42981171235815024
F116986,0.4815061806450329
F111842,0.4719913416035869
F124289,0.49020430318754443
F123926,0.5409464375844043
F121069,0.42485736080852754
F122330,0.43554310297690163
F102060,0.5150626994134389
F120022,0.4630103383352174
F120754,0.49352513848079016
F100793,0.3967282952301341
F103998,0.45010842239314564
F118846,0.4700517350197725
F110851,0.45089379919508243
F121612,0.47332354746594485
F118155,0.5039984074320656
F108002,0.4671078984750041
F122670,0.49501703917670326
F124458,0.4475800559941995
F103392,0.5199803535658938
F114535,0.4499589757603185
F116547,0.5367232589226074
F102145,0.39595838806758454
F105687,0.4703817214843235
F109473,0.555352897213107
F121006,0.4747719552954702
F112627,0.5814921458486225
F113522,0.4014097413435458
F118369,0.525612310909524
F106945,0.537010755589504
F102604,0.47243930552632424
F100080,0.4799934345508431
F111323,0.4011231332575023
F117613,0.4627911740250804
F110569,0.5054613969896559
F104756,0.3985456399454077
F118393,0.514279727789372
F114181,0.47557552469819364
F124170,0.5344219848101361
F101428,0.44400940304634856
F111588,0.4154710563820172
F117567,0.5337981264965548
F105661,0.4093427564625016
F124355,0.5308099300853996
F114965,0.4627873400435545
F120057,0.49413824218249425
F122212,0.4334460236775194
F116977,0.5362486594629704
F112559,0.4142480951465085
F105212,0.44616309551024314
F100954,0.5393849061487007
F121941,0.4517042337520979
F115462,0.5027691769262649
F116974,0.4663161338953246
F106977,0.5009911562327388
F113158,0.4333257039334229
F104864,0.47031151576156904
F105837,0.43315812764724665
F114309,0.498713405007545
F114564,0.43153239040904806
F106157,0.5490740231137976
F105206,0.5192139295698903
F107052,0.46924027177383915
F107894,0.5410824080247949
F120568,0.5279486861750784
F119555,0.4604222169694166
F110716,0.43880337782716644
F112055,0.4482906104520557
F120856,0.4938386638460186
F109446,0.5538908853394605
F105342,0.4596805533770017
F112668,0.49294451864711275
F107650,0.41602390499915465
F111844,0.413360265045414
F115697,0.4403668883886526
F112253,0.4583115670514737
F106643,0.492736990383051
F116282,0.4484626670656833
F106165,0.4497768449444802
F120271,0.45697447899503296
F123729,0.4936028490889969
F100377,0.4483998913344186
F108642,0.3888281413736977
F112115,0.4241206986387348
F102438,0.4260274194536178
F116606,0.4378755195226658
F118051,0.397208145181139
F101272,0.43481725663409126
F122322,0.48832463918074087
F108021,0.43856760483943136
F109367,0.5173907116422661
F122111,0.5373073427835916
F112812,0.44147154794338783
F100908,0.48337497026482884
F113094,0.4534828739091764
F100501,0.4684772345883356
F118716,0.4857311246397609
F124793,0.5175182058899315
F107085,0.5101426155617811
F107738,0.4241603688403718
F110914,0.5108754832620368
F117788,0.4226839294715619
F118159,0.45672563813927003
F108667,0.5036322909129322
F108071,0.46101345580006037
F103657,0.49818021037368126
F119748,0.5710110081551836
F101308,0.4349305111226946
F116569,0.46855487063020784
F100038,0.48124061359952475
F112205,0.5461559879250439
F103240,0.46928316320830715
F113950,0.44384417781255053
F100517,0.46250094304067935
F118227,0.41670951623233254
F106284,0.4442570753842492
F107250,0.4862642622709634
F108987,0.48155561701346794
F115171,0.5485298983878125
F105144,0.46640931919612283
F106889,0.5178116682405428
F108820,0.526896362679892
F117312,0.49358955570231344
F106690,0.47351420470647876
F109425,0.5246660838611842
F106041,0.5423372967063601
F112476,0.4765409263010234
F117231,0.45216383295972923
F105013,0.41684046296802946
F103834,0.40093258710035296
F122912,0.44769118456186674
F124120,0.4838292696515747
F116850,0.4781388880095825
F116021,0.484308168440612
F102974,0.4884179967373216
F119415,0.430764834016565
F106844,0.48312021811233674
F112212,0.47032170241395826
F105832,0.40124633412112515
F121947,0.419493411963501
F101841,0.4223376453558777
F115295,0.5604854548088495
F102786,0.44986341204083224
F108739,0.5204046803607681
F124052,0.4926526075337999
F112033,0.49150953337303815
F109200,0.5066992454854296
F101307,0.4781552976721162
F116142,0.4972935085322073
F116923,0.4060123504351337
F112328,0.5021872719406824
F109744,0.5129499757505075
F112901,0.49226147061721404
F100297,0.447232725418498
F106331,0.5356658647124377
F108745,0.49813680864373844
F118987,0.49145799415592173
F109362,0.4661716773054816
F110804,0.41496426649693585
F107474,0.5260922340439297
F114558,0.4151209664354306
F116890,0.4488967419266736
F113360,0.5143067672488266
F115612,0.4965759172038514
F110049,0.454490406289888
F108747,0.4944665042682187
F105182,0.47020355448979956
F104033,0.48828367601556805
F111015,0.540510477003536
F115764,0.4522546002320147
F111029,0.4689481678537565
F115056,0.44004512145786157
F109302,0.4493750913629706
F122737,0.5105232609485659
F100416,0.4753198327274461
F108765,0.46151378371728147
F100382,0.4673389216550081
F119964,0.47149363106163344
F118924,0.4283564336035395
F119687,0.4409241166870529
F121773,0.451774546778688
F103119,0.4905196434955164
F124159,0.4749575998586526
F113540,0.5025407454939412
F119690,0.45542837064068553
F124124,0.39801753781791815
F106874,0.5394151115403839
F124254,0.4224970722081676
F117206,0.42933401146820516
F116103,0.45869300348765374
F122415,0.518668409631505
F114830,0.4475316677223067
F100470,0.4724407560053786
F119810,0.5017803071616912
F107705,0.4958019588661642
F122443,0.575214780599964
F101447,0.4771312058076946
F110636,0.416361729881753
F118571,0.40526521352195966
F124080,0.4642964893365692
F109930,0.3908754252443488
F108900,0.5304720741356302
F116182,0.49805155160414627
F107775,0.4174365033239601
F109914,0.4193177519723134
F107440,0.47286947716823713
F111821,0.4996093179387633
F116376,0.49766438281638986
F116093,0.39922819011195354
F114477,0.4876583654294462
F107480,0.4597881396366516
F111851,0.49961884377459265
F111086,0.4535027626349742
F123115,0.41637422416243836
F108151,0.4893089325079245
F105727,0.5037874380990104
F121308,0.537211983924049
F111963,0.47531929874823525
F120189,0.495671965059722
F124354,0.4471511463663515
F106821,0.48047900346793077
F104285,0.4713442354522858
F119069,0.4604609499514588
F105983,0.4421139056727345
F100970,0.47760692552385003
F112515,0.4504807468365164
F116847,0.43557292092742683
F102872,0.4726695262811718
F120378,0.5386658903804564
F116531,0.4378613589946188
F109448,0.5447022945259595
F116394,0.4513446296462447
F104949,0.48873049637821286
F104022,0.45239068536570837
F109661,0.49326920602542157
F101127,0.48924164509933876
F105458,0.5308148689628823
F111359,0.5104509767143266
F104832,0.46900853187221964
F124194,0.43292106933291735
F105827,0.45899772117513116
F107425,0.49691870357483203
F102306,0.4844495001426622
F119913,0.43042816721230437
F101672,0.5180850023308474
F103056,0.5075417952096891
F104382,0.41629138562613766
F118968,0.5990469501686919
F124767,0.4765643670004257
F109725,0.39846782172363693
F102929,0.46089331116034493
F106360,0.46263932589073276
F115541,0.5168459622656018
F123884,0.4775955985571051
F113152,0.5118750040531745
F107913,0.41243249892651535
F109226,0.540081501122501
F105023,0.5094570231296136
F102322,0.46078845511616473
F103788,0.489135748350902
F107396,0.5555861425164114
F115281,0.4785968859431499
F100273,0.4923348126743135
F107970,0.4192339722249233
F120773,0.4727281196911787
F112894,0.5433533722386672
F104441,0.41725740537315703
F111676,0.49435649771325285
F113899,0.43160419413363976
F124975,0.4490349342139446
F109944,0.5653835413960611
F118346,0.4964043051748414
F121350,0.47848748597552115
F107638,0.4253295812443718
F121517,0.49519683716903257
F116362,0.5546081174084746
F102513,0.5022135238241762
F119158,0.4573766411492257
F119159,0.45825570667383075
F104153,0.37295947902904397
F101120,0.5222500918817335
F113681,0.47581375851305907
F121532,0.41924512473647696
F103335,0.5659145233272775
F101237,0.5593279349685459
F122458,0.4423284446377759
F120053,0.40413296301434065
F101349,0.43576147504862883
F108195,0.48762741067415777
F106115,0.47330828810946435
F101981,0.4804618973982204
F102653,0.44850815107271014
F111226,0.4446847827131349
F114911,0.5074085464545091
F104370,0.5118205337629187
F103728,0.47649889126648687
F109989,0.5514766993463889
F109136,0.4385075368964109
F109377,0.3865551056512353
F116367,0.4762562558036646
F121974,0.5001976568032227
F122473,0.4668322948904669
F106614,0.4986644606391376
F101124,0.4643720849739539
F115128,0.5478822942209356
F102816,0.5130597560447446
F103041,0.446620866961675
F116138,0.448467206122997
F117373,0.4336921751617495
F115252,0.48209243947961977
F124056,0.5106845235711036
F119772,0.5152837091572966
F104436,0.48658903258196085
F107423,0.48524062628313913
F100095,0.4144694481556762
F100364,0.5226422926991064
F112038,0.538171079282057
F104522,0.4759317922036559
F113109,0.45862779567438106
F110974,0.43139423015058165
F101872,0.49192024762375963
F101068,0.48573619942325647
F104709,0.46201381533947755
F120644,0.4739466121979395
F110439,0.47948528308235333
F108131,0.5167224830337186
F109717,0.41278511947028435
F109622,0.5187323992350927
F123571,0.46030830311922877
F102686,0.47133465860227036
F119216,0.4708730663202653
F123527,0.5663739962958991
F112500,0.38101051975728417
F120660,0.46158037874851265
F121830,0.48593745671336996
F104237,0.4324197250313923
F115190,0.5343486540568134
F118920,0.5080876691923459
F116871,0.523359832258658
F116973,0.4105298153894261
F123010,0.5494295656528774
F114876,0.4248462139798319
F110215,0.5056937145314702
F107723,0.46163424637733297
F108436,0.4838287559240495
F103074,0.5837126920521961
F114136,0.4215510243557292
F120082,0.45963187792697147
F115581,0.5495734979145692
F108293,0.5039963029135507
F115417,0.5147124523818875
F116833,0.47005746410547955
F100029,0.5247856420829677
F116985,0.43432040118830845
F111833,0.5792465073162326
F120260,0.48231867192771505
F109583,0.47243524310826895
F123693,0.48025637920454045
F115645,0.5350967329135325
F122301,0.47677675325334856
F119206,0.4526372907989249
F100826,0.48605829737741446
F111926,0.4951528751068469
F112417,0.4989678361409066
F110403,0.4092191319690097
F119140,0.5386566857578435
F104695,0.5128127597797828
F123804,0.42349571638303174
F117199,0.42492631647393264
F114751,0.5068357855129672
F113662,0.553383090771923
F119786,0.46587880955354377
F109722,0.48798911127147704
F117726,0.427863489118376
F120605,0.4109893237518202
F104546,0.5426366912074146
F119188,0.4639983832959467
F116439,0.4342664096038473
F111002,0.4347424987773628
F123070,0.4735348554424934
F106147,0.4379231820414614
F104932,0.4914544726427821
F109194,0.5206761759862557
F115531,0.5271416300747391
F105641,0.5256168966782379
F112111,0.5086123513905793
F102598,0.40821509982996396
F109342,0.4202843138274791
F118390,0.45458437318248446
F113576,0.453427812400094
F106199,0.5366748810385847
F116290,0.5284901995394404
F107611,0.5383781603306219
F113223,0.4847725786511492
F118464,0.4944606781558124
F123013,0.49314617793138504
F120006,0.4976442787792864
F116478,0.5037454820222493
F101312,0.3904417252298268
F123042,0.4637944129332099
F100045,0.47231922211838395
F113407,0.4581426556628656
F113374,0.46595932819519204
F118256,0.42914764188696247
F104208,0.41120952741570455
F120343,0.41387173878981287
F101762,0.45641026313050875
F108658,0.41948466738760626
F116339,0.45233952269573674
F124368,0.45226161705772006
F103787,0.4488188146820569
F113870,0.44992991243909697
F111713,0.49958791708671546
F118677,0.552985772922434
F104312,0.43778258576473866
F106606,0.5335223002828525
F118122,0.5009527144770629
F106599,0.5569119971571234
F109570,0.543862403201013
F113081,0.5142527517326041
F105129,0.4405611871787111
F109831,0.43881552264845214
F115161,0.47008038522613993
F122139,0.5106937190203076
F114634,0.45085506216634447
F105517,0.4664343471680501
F114407,0.511729655702723
F109772,0.44208215302217263
F124495,0.44795417251268554
F103543,0.5653478831580023
F124747,0.46819435134421494
F119084,0.43197955427258716
F115815,0.52590327409312
F118726,0.418253121470905
F119478,0.5046876428938147
F122521,0.4055288207592684
F102328,0.5148920698920347
F100842,0.521377735426186
F104040,0.4301910251118604
F123101,0.46744353410321454
F111886,0.4664693251479628
F101212,0.5233432069428328
F116420,0.4341416622690424
F118287,0.5429060414142177
F111054,0.5663991340341066
F100706,0.5835999877688086
F120788,0.44221247706610795
F106477,0.492500620905167
F116902,0.554723277620051
F124738,0.44152529101262916
F105208,0.49980933727408383
F117963,0.44877087032231733
F119238,0.47644760601621666
F106181,0.46034580853147467
F119735,0.4284406489156545
F122554,0.4944363813076591
F122008,0.46011965185666326
F111317,0.510545801254327
F123120,0.41658133668432296
F114225,0.45239824627010533
F121985,0.4693813216191559
F110484,0.5018019549856727
F108430,0.4676371787267089
F115305,0.43719285333874514
F124268,0.45288304593364437
F119847,0.45505862056587065
F102738,0.42983446414998566
F109464,0.45876805855462843
F124522,0.5200825894982932
F103969,0.4306359926364127
F109225,0.4286484790492889
F115136,0.6088396801299141
F116931,0.45089515435200256
F122013,0.4365540262722275
F124436,0.5008011123942945
F104149,0.48107604443894164
F110606,0.44722313236184724
F124802,0.44233018427922877
F104345,0.5012006108475413
F114672,0.4132990153566437
F119848,0.5478472706879057
F103290,0.4467767576768551
F104888,0.42277817532008655
F113520,0.4624979058782436
F119168,0.45371506637738873
F104655,0.44285465970833676
F100234,0.4850644284614423
F123659,0.4853159082616218
F121306,0.37643419787913385
F122919,0.4709334885202108
F119185,0.5153670388707208
F114557,0.45476918977191283
F120068,0.5363213657173604
F110255,0.4426179691732105
F114668,0.5700722293103055
F101784,0.5365265763145979
F123733,0.43019876286961234
F111087,0.5746972239421896
F108592,0.4720056664271207
F110370,0.5452401105557628
F124017,0.5610341905829612
F102724,0.4786168728780801
F100722,0.4880217500402283
F119291,0.5147714912072142
F104360,0.5677860729559997
F120415,0.48067032359255957
F104816,0.5269446781175178
F111397,0.47429201853867414
F112336,0.5326471358602343
F110568,0.4314076156448172
F106576,0.459001434676237
F100151,0.39315510216563165
F110197,0.5468634917014128
F109336,0.47437650093340117
F124798,0.48937814319412754
F100162,0.48047883611047004
F101699,0.4638924968616501
F112645,0.4619667213805598
F112829,0.5421791767634726
F103331,0.44969975290925146
F120328,0.44123203927730603
F104367,0.47738879398233636
F114200,0.5450020171182544
F104673,0.4737881355849318
F122029,0.47351507740286614
F101404,0.46855167137767295
F109571,0.46934253114684665
F117648,0.5395826852802644
F123171,0.5015575676435587
F106429,0.5253616216469403
F119641,0.4003626590217898
F100178,0.4843918657338254
F117139,0.4231007086911146
F109205,0.40264246871601217
F123893,0.43724719247537913
F100733,0.4725213627122797
F105491,0.4245274172873812
F110633,0.4582275820807931
F116553,0.4601552798132723
F105633,0.5034572317062904
F116134,0.4145990864631106
F121291,0.5256669954844774
F107773,0.4368154564795064
F108088,0.4625429489701226
F112707,0.49084975058565394
F109569,0.48379393609954247
F120566,0.44020744885962726
F123968,0.5168759098187485
F123283,0.46410426547323724
F121506,0.4726047344314477
F118573,0.49774566656315955
F124881,0.43877228610500474
F103023,0.41935853534357515
F121534,0.529253335865748
F114154,0.5199403888753981
F122007,0.418409285136094
F104670,0.47093494343096487
F109248,0.4831259858554378
F110905,0.5002332564452686
F117212,0.5315607979337295
F121030,0.49902136980156886
F113457,0.426914800082096
F109021,0.4376869271543816
F104306,0.4609928935352282
F107503,0.5298971005960498
F119787,0.47108822842109266
F109176,0.5159410522296617
F119859,0.5519887040503294
F123185,0.4275066947174261
F117230,0.4829759104711828
F116635,0.4671639871468459
F111519,0.6017721300931275
F104098,0.4361628708185016
F118801,0.4572724058576961
F116581,0.5269463141405563
F101213,0.49029899318462417
F124269,0.44897114245573244
F106830,0.39853540634038553
F104895,0.4718104011033339
F114121,0.4352125155310966
F105776,0.4177447455188797
F119536,0.4056616573623176
F122474,0.5603043159574838
F111688,0.47761297513164197
F107540,0.5503085507450791
F112403,0.4513942961210229
F105677,0.5263617181646241
F124624,0.4050357192813101
F112912,0.3996251297010178
F108372,0.45199093991989187
F120719,0.41788840567733476
F104378,0.5496525225283566
F104813,0.48513719817262724
F116535,0.5393785649385849
F111736,0.5589273248058416
F106479,0.5404019313671921
F103242,0.4204176217160621
F107847,0.5065684166675252
F103745,0.40394896116946927
F118429,0.43693748411413674
F113004,0.4424401396327737
F119726,0.46402088206607267
F123790,0.3977600002155683
F100034,0.544038716442592
F120440,0.4811185436928377
F120180,0.4256856618358434
F103656,0.4800403272979308
F112455,0.4530823446537735
F114722,0.4589594059274917
F112118,0.5185412802162906
F113876,0.5185383418081018
F118160,0.5019018209883829
F107376,0.510602076124165
F116340,0.44471476527478737
F122412,0.563300971864466
F115761,0.4484628320109168
F115139,0.399111774039293
F119614,0.4128180564467627
F103980,0.46865441495899707
F117948,0.44422945125977414
F114958,0.47855574488645325
F116637,0.4789689580273452
F104803,0.48926410386883834
F109432,0.47909669771688435
F113672,0.46937795601824617
F109842,0.5779488046455816
F108896,0.3775250645478679
F107375,0.486725349237826
F123387,0.39246201824498533
F109033,0.42144835140344794
F124376,0.41772123167505565
F115318,0.5161711061710987
F119660,0.5176875564859704
F121151,0.48923275698518287
F120631,0.5131288829984345
F114549,0.4916492551940419
F101564,0.44289181616021656
F124619,0.5151530861632031
F116778,0.43167267178496
F101453,0.5242097369089972
F120928,0.49842082871986504
F114264,0.4054603488605687
F112329,0.43321600758256734
F101843,0.49389353798479496
F106051,0.48448469333559396
F115673,0.5222479775345632
F121338,0.5194433144902862
F102169,0.45265774431439515
F119965,0.5122232129543556
F112596,0.44320783105206885
F108499,0.4356941118624462
F115880,0.4339935052186289
F123734,0.47852223463201643
F107446,0.47591837879418697
F117816,0.41064944801237113
F105036,0.4685393213868543
F114356,0.443248717925533
F104341,0.48893878211293246
F120665,0.422457132971768
F117856,0.49935197014882576
F114709,0.5116997549054296
F114293,0.4677083824926457
F104545,0.5444305225072253
F120020,0.44519827537197504
F116643,0.4638403380686159
F112763,0.5044971986078988
F106407,0.4748099117907705
F104724,0.5114837874278603
F118714,0.40386067587096514
F124702,0.4987002704168577
F117532,0.4846939640205502
F111065,0.5929665152822665
F101010,0.450307698171772
F106494,0.4717695712015947
F117477,0.4813642511011499
F100685,0.42032410430441786
F118386,0.4638725738334791
F119360,0.44738957095806553
F105237,0.4717623324249156
F110277,0.47522088360270265
F111872,0.522729018337501
F106074,0.46969552392698377
F117047,0.4376018095703278
F121491,0.4462477759615076
F121176,0.5156413031788678
F111292,0.46112155194889476
F123267,0.560122993282776
F109498,0.4919204974614472
F118709,0.4548198007878147
F103696,0.4200937481026902
F116806,0.4496455957910809
F120702,0.4177020276779155
F104260,0.43996154866046333
F109515,0.4472112747684487
F121169,0.4766184641665021
F113126,0.4396037580720502
F110555,0.41581838473716476
F111033,0.48023175497115783
F107429,0.472181388853023
F109347,0.4667050402021825
F105088,0.5561840105661566
F101848,0.4017837332428474
F109353,0.49587680893941294
F119003,0.5082656202593583
F102969,0.48636110417989104
F122274,0.5424799262109704
F104854,0.45345745262245485
F117822,0.6054958503587841
F107891,0.405774883220544
F105037,0.5034556003480233
F112575,0.43563347343672165
F114509,0.4570036841721451
F106600,0.46392542462885045
F109291,0.5018473744430245
F100317,0.42669506866672013
F110155,0.5258099175436898
F106033,0.531006170977706
F108058,0.4486377532533757
F100261,0.6020598687510001
F124396,0.4550105528436673
F118697,0.5380896498859998
F102451,0.47914716011878344
F102538,0.4775301395077425
F111894,0.47406135637919844
F121146,0.4629720946898958
F119246,0.4576446761519601
F106764,0.45908946456534433
F117322,0.5212358109843929
F115755,0.48101478673443643
F113605,0.42504727218053184
F102710,0.42780493639277156
F119391,0.41936926869851043
F123996,0.5315665941641506
F111637,0.44496803460569145
F115162,0.5173609804276958
F107792,0.5034424178884112
F123145,0.4969731312045073
F114613,0.44310517087519485
F123044,0.3997544654163072
F106749,0.45678493731686176
F100836,0.41873112538602086
F114598,0.45746733771802983
F107653,0.4283567397073048
F116849,0.46313975630020043
F108605,0.4507230246460947
F107383,0.42636144277588417
F123911,0.40756664962504113
F111184,0.5157637122911072
F110214,0.5018077757804354
F123822,0.45930852643517495
F112193,0.516506349946489
F120841,0.4960661202853079
F117956,0.45563775660228334
F124877,0.48157722692148874
F100062,0.45869921635354105
F101837,0.47460269824398826
F123424,0.4932278974603647
F120509,0.47578121087322134
F120729,0.4494433293542016
F108163,0.4692558192668961
F110580,0.529313999514676
F102803,0.4431174625519049
F122612,0.49148079569745434
F104600,0.45495850070912414
F113106,0.4796138755489014
F101545,0.44331544563254915
F121559,0.5054371681638178
F104337,0.5380875318019646
F122298,0.41977738514737095
F118818,0.46192856230689516
F121191,0.4129648796102288
F110094,0.4478392254738664
F117833,0.5472466876625713
F118565,0.45139416739581567
F105137,0.4380446001207913
F102304,0.46446682701508213
F101992,0.5048191695398994
F105940,0.42293597283751105
F120312,0.4731927531590332
F122523,0.5149816975749386
F105644,0.405476453785959
F114930,0.4588938723163405
F102055,0.49081823846481765
F101865,0.4389054830273813
F113006,0.5331019985483992
F111517,0.4297589471437948
F107205,0.40526498419204204
F100281,0.4342456618703622
F106249,0.41485894566651027
F101795,0.5187197667032695
F123338,0.43973945147414595
F100417,0.46834249861440985
F107552,0.4190375459926822
F100421,0.41222239750016854
F122717,0.4330324450464979
F110029,0.4641869385620764
F116213,0.4723604232505326
F120203,0.4959588378812849
F121400,0.5206801674913238
F102410,0.46979779290754187
F113164,0.602832306100658
F112430,0.5468886396187539
F110772,0.4098509827340481
F107726,0.5047499862105772
F115940,0.39036021755071226
F102875,0.4877229267329633
F119355,0.4245772872489569
F113306,0.4842765142911667
F105384,0.47118897775692214
F123072,0.4335209623024061
F109979,0.4437010887401109
F113891,0.490459415161395
F109099,0.5675009834457857
F108435,0.42035333768811506
F123416,0.5035039428040182
F101919,0.46561831911950136
F101766,0.5057715478540628
F115238,0.508041212890009
F119887,0.5524477283700476
F118656,0.5266444427086217
F111062,0.5017393593043922
F124530,0.44442980279416555
F107975,0.6050380004492452
F104548,0.5138893489899887
F110843,0.5397586042948099
F110256,0.48401628614174685
F109074,0.43275753002406525
F124484,0.42031490398945803
F120196,0.4675367233987084
F104294,0.5178654171618381
F107467,0.4467249824632278
F120244,0.4913268572766581
F123187,0.44089651359599036
F112771,0.5606793454562919
F117023,0.40112821117389236
F119213,0.47569205741892406
F113098,0.5025244477527975
F116855,0.5449694505337784
F101306,0.4456438676420954
F100909,0.5175599004676896
F114368,0.47739904328537464
F114371,0.46046152219913994
F120980,0.4703064453939455
F118550,0.4510494652294864
F104843,0.46533669187755433
F118498,0.5697106403186993
F104761,0.4363785970200263
F113347,0.5356013851119245
F110363,0.415293890073668
F102342,0.47423780575629954
F102609,0.5925735628798525
F114479,0.45122088966957663
F108351,0.4390638476461908
F112614,0.4653505612445448
F112204,0.6063329864789322
F119447,0.4921758624538677
F109298,0.47590727972426183
F116652,0.5118609778957384
F119068,0.485857494217414
F105089,0.4279027434071775
F101636,0.5059206390979711
F106619,0.5015760203937644
F118108,0.4784410701873846
F112851,0.4222570756774275
F115111,0.5038715501495443
F111622,0.4757961844540153
F108793,0.5035593912328264
F118800,0.49470586647616127
F115275,0.47839568031447594
F102362,0.5348502019337027
F107284,0.4875782485885592
F120471,0.5223391109875148
F123050,0.4965498845191416
F119940,0.41618521673619574
F121582,0.4152195006696383
F114972,0.43517426839776996
F108065,0.5478326167824304
F120580,0.4369829118239529
F114945,0.4977832701785716
F102408,0.5303057492435651
F110431,0.4545504883266474
F103669,0.4925087366666872
F123781,0.5820567381842616
F115715,0.4928312559501073
F108380,0.5292054462063588
F106089,0.4073391558951813
F113793,0.41740078263145286
F103269,0.4560012958183607
F110531,0.4492705635044171
F103529,0.5052039845513951
F109149,0.5128052947002977
F117568,0.5020481680238587
F122152,0.4493332904497399
F106396,0.5193674325322775
F101797,0.4548554367868718
F112318,0.49614973652289107
F103122,0.5089887585021734
F124064,0.4899859651364342
F118639,0.5469032697499892
F115913,0.44671563302578093
F109873,0.5208504877162617
F120091,0.46298641779204336
F112609,0.40873917228059503
F114961,0.5058496496843543
F119734,0.4925444737012533
F114566,0.49118766231869654
F117003,0.4668136961622403
F105055,0.4674342613488457
F102011,0.5347732447807588
F100934,0.4645688402391511
F111696,0.4713977270647241
F108316,0.41753400670025764
F115710,0.48403855657867756
F108210,0.46138925165647404
F101403,0.44634850725095393
F114763,0.4292736382936894
F103191,0.5132036492898937
F112148,0.5429130202186978
F112365,0.5030511956430544
F110678,0.5339092645974066
F108746,0.44480110074841556
F124293,0.4523637743377672
F109222,0.48637474621423105
F103183,0.41006000401561216
F101183,0.4989027061419625
F107095,0.5787183859099099
F110704,0.4707300179103824
F122267,0.5677952175477143
F101657,0.45412712417184264
F106951,0.5102793357119791
F124399,0.5109784357918096
F112526,0.5003238541292613
F119013,0.5192225340638955
F117862,0.520907598536533
F122016,0.47612772959446575
F119088,0.40682700238333475
F107519,0.4750741435598682
F122224,0.5077899760079582
F114056,0.4308570500284824
F106801,0.48188361018985804
F110016,0.474880410579174
F111578,0.48564104049531964
F113671,0.5171459273973179
F100966,0.4054844862611319
F121428,0.48670114097898054
F123633,0.49026795888309965
F102981,0.4492799754852151
F108192,0.4946594008472929
F106415,0.4548242016441344
F105420,0.4486999782009148
F102891,0.37769847897714376
F112864,0.5616263657264021
F119796,0.48502026821547684
F122286,0.5318487956457388
F111968,0.4254380198000876
F119271,0.4702802406571187
F121319,0.5663128080540368
F122989,0.435249641605435
F110587,0.5631144231293225
F119835,0.5087729506129473
F113804,0.5472156316145468
F120608,0.4901625429270809
F100063,0.42756959010346834
F111602,0.3831236204413165
F107242,0.4240066529729336
F111447,0.41864098421780005
F106101,0.4631070609897041
F120610,0.48294314652156145
F111823,0.4955656324443261
F110848,0.46460049059864644
F104147,0.5469959101263825
F120801,0.48158125392331047
F108269,0.5474579599162528
F122035,0.5154597030964062
F102387,0.44428556847659606
F124608,0.44279774920666415
F117790,0.5458672599609966
F104029,0.4661463049939605
F115235,0.5103971677270781
F110891,0.4353933139237867
F122291,0.43196500990037573
F114721,0.4751980397413687
F109328,0.43004346554835804
F107995,0.5168304778460252
F121056,0.464480587234808
F111933,0.49073104327533684
F117608,0.38175614376272937
F107155,0.47015073804436974
F108926,0.5291630249063839
F106237,0.43496065909172377
F112467,0.4135655297167876
F117632,0.4033410822179354
F101380,0.46410924054954295
F101621,0.4317623658523247
F115108,0.46608914619052455
F122264,0.501422387313739
F100303,0.5041318777564213
F105445,0.5171735013014307
F102267,0.4354786765995434
F119046,0.5325599964994902
F122308,0.4511076466324337
F107153,0.5315181210857147
F117843,0.4913576743516235
F101910,0.42815276905973676
F114196,0.5530248645299325
F105769,0.4921940036958642
F119541,0.467465139740269
F114088,0.45438625510772634
F115915,0.48055466976838523
F119736,0.5006692548438402
F111740,0.465821433024139
F114594,0.4956077456055772
F116558,0.4620129199527294
F113078,0.49956495251911104
F100369,0.5556543042295427
F110194,0.5004107097925695
F105193,0.4181321018958897
F124542,0.5075810346764473
F104589,0.40252249026492426
F104361,0.42008287508141706
F116568,0.4729279426286088
F117695,0.49357869325760273
F104183,0.4498576377186748
F103675,0.4222211587034403
F102368,0.4519455564543415
F113625,0.5540646083908557
F118503,0.4732893158482933
F122740,0.46953489682799526
F106321,0.5239222740862892
F110321,0.5068056049702131
F103934,0.4984524277968271
F121797,0.48194613516546886
F102651,0.461177515792773
F120766,0.5817914366913404
F118858,0.5139168890726064
F104815,0.4838752376212049
F115827,0.5115048202204207
F101686,0.4522218394362203
F114701,0.46709540802383087
F114078,0.5266225441425569
F117801,0.5229688092588356
F122684,0.45378140552491636
F123855,0.4262149508402364
F108565,0.5749643603838
F114810,0.444895413598807
F105579,0.42605372716793943
F106859,0.4818382448609456
F105364,0.5067588088333216
F116307,0.3847955907041186
F121889,0.45968601870822784
F122442,0.44802552946730284
F123936,0.5342804799383665
F121631,0.5183596065338019
F117055,0.48902452189505374
F109654,0.4904832029993053
F124546,0.47358914809262087
F113811,0.40224347380592623
F118936,0.4694584726421078
F124526,0.3879595314096899
F116075,0.4236550616149767
F117880,0.4213106241171709
F100117,0.5617639821100507
F101966,0.5424426126593787
F114404,0.5734533153662864
F115372,0.516919388587006
F109898,0.4963523796249063
F113034,0.47722548987075863
F111045,0.44060449992590095
F109096,0.5024643301060003
F108596,0.41716362964101145
F119689,0.5357245101461124
F102311,0.4034930944846329
F108047,0.49794251786143306
F116621,0.5290991316933412
F101279,0.5357328215382468
F102314,0.4555957221090071
F122908,0.45510814487071716
F109229,0.44511272142607367
F111778,0.44134419718550527
F124529,0.4445402252916203
F101674,0.4661990641843914
F110878,0.5405904916434237
F101942,0.48212735749658064
F100662,0.47533039236555463
F114234,0.4086530887071765
F119443,0.5103773407026005
F116400,0.511244613801008
F106975,0.4240636324342819
F102758,0.47235378135453865
F109727,0.44908601374235635
F107258,0.48763280092792227
F102979,0.40654001971223175
F115578,0.49740257591927733
F107711,0.4420149854436842
F103091,0.5657193974415946
F117680,0.4576939108931782
F101508,0.43071824830010197
F115284,0.49312718537498984
F109277,0.44212225502043956
F107648,0.49932918679442667
F102072,0.5050131581289383
F110092,0.4672271084287073
F116611,0.5074981274202475
F103080,0.44781923106838084
F101913,0.48581499213284507
F122131,0.5121231282772215
F124057,0.49316560159683526
F112930,0.5427367135856862
F105262,0.4459789468212898
F117660,0.5272572764906601
F102962,0.5108723723088465
F110450,0.5629165060531214
F117292,0.46064174950947123
F100124,0.4361163514802129
F107355,0.42340208384655176
F100676,0.4964847337329914
F118568,0.4656004411633624
F121315,0.4062364367293236
F105243,0.5103484257860759
F115486,0.49954242659967385
F105536,0.4130777220532603
F122476,0.453442553715244
F114635,0.4976178986129357
F114860,0.46097097663670294
F120946,0.5144178878792641
F107566,0.51543355839072
F113521,0.4537960380237732
F106032,0.4438698596723146
F100430,0.5013451407026878
F108705,0.46167372653622407
F114616,0.5172286506341811
F117673,0.534187386561375
F111701,0.46015770241604365
F120700,0.4463375997289004
F123090,0.4400911392998289
F115296,0.4685002639641923
F119856,0.4583822147035458
F105403,0.5282389725255999
F102948,0.5598279304419734
F119484,0.49477649031912896
F111890,0.44087181941790904
F120961,0.44279571014534547
F103322,0.5281820033402966
F101204,0.41340425850047424
F100381,0.569717591677615
F111363,0.44454036201379343
F108761,0.4653543931793961
F106107,0.4667370548937334
F101048,0.544669420226204
F113832,0.4951712926914654
F103620,0.4975628961970908
F120874,0.42035636192724557
F108396,0.4840369901887588
F103921,0.5184077063443806
F114217,0.5172440308392962
F118553,0.49949617592415774
F102942,0.457156887740904
F111745,0.43984256848560266
F124294,0.5030161080928732
F117821,0.5489928806866607
F102501,0.5142831371588692
F121007,0.48631163541467504
F109120,0.5015260035650956
F124906,0.5297405187417051
F110934,0.49905214226054156
F103892,0.494494918614928
F101988,0.37395075499981056
F117297,0.46683133930184206
F103333,0.4559682352094058
F124532,0.584480789997311
F110317,0.4568268864908829
F101326,0.5333002796765579
F123640,0.5436391724851947
F122450,0.5136981494353394
F121658,0.5199307948941085
F105792,0.48853397327357795
F104454,0.4194399169665217
F120705,0.49364933410565665
F111750,0.48018061798862155
F109324,0.5036917438386982
F106103,0.4073193436217777
F107508,0.49159667334545853
F116292,0.4357682599935917
F110812,0.5403297337534839
F118252,0.4980859229154899
F110876,0.475927154368465
F115199,0.5263428989210818
F111179,0.47782632365501043
F124475,0.45096543153769386
F103147,0.4263003323178984
F100344,0.49104283551996925
F116474,0.5297419231100189
F109615,0.42747676276586777
F108437,0.4725739986836178
F107824,0.46844917462072444
F122006,0.41610694754300337
F112927,0.4887451091727153
F112746,0.4458983389583707
F110474,0.5285362883476427
F124709,0.4944783278918173
F115106,0.47865737961050303
F123513,0.45500051281557885
F118216,0.5434444764948577
F112998,0.4921853284447806
F105529,0.4676036827909491
F108501,0.42133943433309434
F108282,0.4725072354186838
F113583,0.4194478922485778
F100574,0.4499144555723016
F118499,0.5297455896165251
F109104,0.49062448455555796
F122637,0.5172831761688833
F122437,0.5678760448369615
F124901,0.49230983759016506
F106283,0.4868615561236718
F110003,0.41758724344176645
F124217,0.4626771355844448
F101199,0.46649018086528005
F102781,0.46948001525382965
F110469,0.5013008471035978
F109133,0.5202025480775595
F124950,0.5548510428811714
F120339,0.46818886834413886
F105887,0.5329988646646511
F112225,0.4542245646065731
F107370,0.40239050518572894
F103559,0.44951584665760025
F107478,0.43682800111699455
F104308,0.4351908405611453
F104732,0.522075466069004
F115187,0.46863390820151846
F118012,0.5102250714665709
F117228,0.5046265747027147
F116614,0.47936117391233574
F107910,0.4325569078790472
F116998,0.40454808781587914
F115046,0.47301048280521535
F110361,0.42614832523560714
F118665,0.4324956646475113
F109652,0.4690610360668422
F114497,0.4483225763048629
F104957,0.5526879876539195
F101949,0.5388584730118559
F123522,0.40908168902685027
F117038,0.47644117380735784
F102234,0.5114483285184245
F116997,0.5527074536049373
F107715,0.5572893340207731
F106209,0.4513707089934131
F114631,0.4276117452169144
F111047,0.46334461072131417
F107722,0.5401058246217947
F123629,0.5022914128759921
F105307,0.5645418646840948
F100276,0.4228901417367348
F120474,0.5511106909568487
F114160,0.39679008152931416
F110975,0.4718614771706741
F118874,0.43819359647499223
F104088,0.600395512924399
F100779,0.4370577160125285
F109610,0.4701566914345311
F102568,0.523094900742404
F122318,0.4712615998369488
F107513,0.43196108264115674
F121989,0.49882941814925263
F105505,0.5214332912908299
F116533,0.4340268014047679
F106849,0.40544922219463014
F106802,0.47347586939699926
F124883,0.5209622516755021
F103571,0.5415958352899367
F112567,0.47304824575342297
F113994,0.4800052232001689
F122663,0.4598933926973786
F122659,0.4282098963488863
F108701,0.4139299516608015
F102880,0.37653509524713735
F108569,0.5355987155045142
F121717,0.41142805640386365
F109974,0.49541782213515784
F120370,0.44216435995914416
F117473,0.38758955430454145
F112693,0.4837357764439789
F105000,0.4584613291576537
F100285,0.5277967639482287
F114122,0.4697471848227651
F105751,0.45467301675844995
F107788,0.4714725940092853
F115467,0.4369328786002426
F102622,0.42837559784534296
F107899,0.4176481389863228
F102079,0.5407239985134692
F109416,0.4508546428821196
F104238,0.44049666202934346
F100461,0.49710387417169155
F112622,0.4806960318439324
F110160,0.44339935259337343
F112915,0.5180463943782821
F114018,0.4158820972150796
F113896,0.477086573340666
F120170,0.46853280553605425
F113854,0.4592093939886959
F103818,0.5189539509390682
F106810,0.42258794286471735
F113124,0.473116707823137
F100838,0.5439323479153617
F102996,0.4790168577408725
F115842,0.5289420944478801
F114888,0.4881443310657696
F101293,0.46186150290883
F115443,0.5560298138019305
F107521,0.5144359253470088
F115413,0.5150556743992412
F114250,0.48068321700355954
F118786,0.5331688227579983
F122254,0.4997416288372943
F121689,0.44661016030360734
F117848,0.5199903143323893
F100852,0.4314027575728416
F122845,0.5185624972693776
F123435,0.48992860568900515
F111311,0.49268115170204535
F115693,0.4103029002914151
F114977,0.45850134192671405
F104897,0.511398750860143
F104821,0.4964129165721911
F114993,0.5440203203329638
F100904,0.4191162104143661
F103244,0.517108337250872
F107784,0.44253658611044294
F112491,0.48356423805324966
F116895,0.45770186454677353
F100545,0.49713132379180736
F104812,0.48622272526108706
F107098,0.4315745923343097
F124363,0.4653715433488256
F116584,0.4669496074080371
F107171,0.5170468138154458
F122313,0.4832280861985398
F106383,0.47791067217572386
F104226,0.5045807214020948
F115928,0.3858173748767876
F121080,0.5218206579282114
F124138,0.48295600576009295
F112198,0.43496039529332703
F103361,0.4831793219867264
F114204,0.5088764821907484
F117323,0.41500130455047624
F108519,0.51120535674647
F116883,0.463350409231318
F112759,0.45269388148013806
F111901,0.4776739774364976
F120650,0.45479618663514404
F103826,0.4980905496503354
F112527,0.40585592724017067
F122498,0.4313998579122307
F124072,0.5243766180690308
F103159,0.5002424069566506
F108242,0.47640667199641706
F119219,0.48819327548138636
F120620,0.4676942811460276
F116601,0.482707471930928
F112813,0.44908844739141374
F121489,0.48144966575963966
F112435,0.45002386803724775
F113841,0.44742814981221674
F106438,0.4400493471114081
F119840,0.4833189271529827
F114199,0.43761673920367555
F111612,0.5067266707573217
F117617,0.43248793248334716
F121901,0.42740693878144626
F108459,0.56989770554047
F124668,0.5118889185880795
F118354,0.44692132232906634
F100578,0.41921910508879756
F104874,0.47217704138959815
F108094,0.5114229282510884
F119640,0.47946147857938926
F121313,0.4201373233327221
F108467,0.5443418301222658
F121072,0.47037425661751087
F113024,0.5005267538811896
F118961,0.39346309915922983
F112331,0.47565063127578133
F111393,0.4056999396616657
F118824,0.41916941249915507
F104630,0.44431755815366614
F119694,0.44188005511967254
F115168,0.5954965144778444
F113160,0.47773743007062447
F112047,0.4924586910765172
F119427,0.48552695271559787
F101595,0.47561997126385036
F109179,0.5414721535065079
F100275,0.42414549101879423
F111079,0.48075765959425104
F109465,0.4432315646161802
F112919,0.4874389649202517
F124460,0.412252831314663
F115813,0.5364096020691206
F121070,0.42365312149015755
F105662,0.459522278395079
F109958,0.4678280265674399
F114149,0.4337235399366278
F114380,0.4247690777012842
F111485,0.4762755566276816
F101685,0.5006428652026441
F117721,0.42305043230911604
F107967,0.48966981430322415
F119972,0.47526362557987123
F122321,0.5352260908990577
F100012,0.43942608316723375
F119093,0.5069862158280661
F100667,0.4523670153138545
F110167,0.4147952685161953
F123985,0.5101956848655456
F123465,0.5188304246798765
F123655,0.4072263609786841
F124835,0.4430741571718404
F103445,0.4412504055842174
F115195,0.4869301005211363
F120478,0.4417290643948947
F101017,0.5231845107289493
F124732,0.5054306014640647
F110965,0.48501829410132385
F118844,0.5617458592512934
F107954,0.4392840255197182
F111156,0.44781592015390903
F100623,0.49917779937756107
F104855,0.5740617391997862
F119661,0.4806334022266326
F100599,0.43530687505541654
F103358,0.57044598997369
F107994,0.5462394021359231
F117248,0.4683394666384954
F103476,0.49752155356193317
F102399,0.5244782432957314
F119623,0.48490112117624457
F111593,0.5111299766373668
F122377,0.5682503223723268
F120253,0.42472418543237067
F122347,0.5193836419722996
F124561,0.530672113941346
F108281,0.41935081052745476
F106031,0.5252262537736445
F112641,0.45900842802587505
F114279,0.45616323222993016
F114552,0.46807823281387406
F113767,0.43837934934232875
F114432,0.5240098577408158
F106840,0.534837657213739
F107323,0.4823656165217234
F115626,0.4300833210004923
F109540,0.5019540196614539
F114980,0.49718728106689175
F118205,0.47968074317615494
F124755,0.4098163951008671
F115152,0.520194910296157
F101796,0.419679304694733
F113981,0.4934225992461989
F112050,0.5050562704637668
F119564,0.3966565242661033
F116438,0.5895531078438907
F109893,0.5037737054805853
F106047,0.5462662238298628
F102657,0.45931604396170506
F111568,0.4556236493072518
F121907,0.4998996706320855
F124040,0.4317161170003676
F109261,0.4251397254278371
F112642,0.47399998196295345
F105759,0.5003634160279747
F120095,0.43557989822248894
F118721,0.4989847205973272
F123330,0.4396547924171558
F123851,0.43408421170433537
F124150,0.5364668641687392
F114705,0.5456083204138042
F101299,0.4277667718633207
F124749,0.4005564661174178
F115566,0.5759940201726291
F104414,0.4696716236317937
F103154,0.42869954383508957
F117644,0.45335971856402624
F117213,0.4733703502468894
F103504,0.5874053153257072
F109589,0.4176390096509994
F123196,0.4251290681348626
F119529,0.45465150785133385
F116689,0.5291977094378504
F106997,0.43807967139362647
F107128,0.44013659342350864
F116356,0.5528329187534688
F104563,0.5167373226681847
F114657,0.4150114653025032
F115824,0.4221842427844397
F110572,0.44255551298654094
F115702,0.5398488589385473
F122399,0.434509263697218
F110201,0.470709165810873
F102157,0.5292163690246828
F109472,0.4713752094613255
F103211,0.5517943664567587
F122265,0.4711121712810219
F102927,0.5133288235142179
F111582,0.4457478542185011
F121411,0.46575057310253887
F114336,0.46484045295965837
F107007,0.4219029507537216
F111569,0.5207566586074546
F105846,0.3915566917511593
F101168,0.4764017305169136
F115923,0.5035065111805993
F102593,0.40870539957067265
F113640,0.415341387766782
F121066,0.4171279821712342
F124919,0.4600164788445706
F114084,0.4788828273507453
F106809,0.41722832254801767
F104024,0.476805436021682
F105616,0.45090887236044
F111082,0.44059631166599666
F105244,0.48559753888480456
F111099,0.4742450362680656
F109961,0.4532729200775151
F103033,0.4663532394942383
F102794,0.5229797824321487
F112356,0.5166215555290977
F113831,0.4656071057770819
F104280,0.4501795164363679
F109521,0.4233675799349594
F123888,0.5324991585649238
F112485,0.38933141232301083
F109273,0.49416653284086254
F118391,0.4335708690198961
F103822,0.4039945950980143
F100116,0.5555780930730734
F113084,0.47387120846206804
F107233,0.494565002464027
F107585,0.4242423944353769
F117529,0.49021833596023123
F121589,0.5636244904573098
F103116,0.48273645527108733
F122459,0.5093975281758479
F107724,0.4386362325253299
F117749,0.5232657430090231
F116278,0.458349759546395
F101629,0.45426404231200845
F101577,0.49500422707114305
F120763,0.5109946846010551
F112218,0.45348816284126614
F108583,0.4780856172500648
F103258,0.4731587954643621
F100848,0.5138256119964213
F122727,0.49960793683166377
F117009,0.4798616994475752
F118990,0.5326655814667407
F104102,0.4446890028982568
F115599,0.44188396129099766
F118788,0.45879897703828776
F112935,0.4724392960632417
F118331,0.4964668349661714
F114359,0.4928246684714658
F100246,0.4053056460721792
F116622,0.45304090575306044
F108938,0.4914786993107316
F104396,0.4918793309619981
F117056,0.4532217495803833
F123896,0.549767119088213
F120726,0.44500303613113623
F121823,0.4445032577714135
F113548,0.44238880237205813
F120616,0.461248639474614
F116391,0.45098933555890425
F113049,0.5414996318214705
F113818,0.42307131504195306
F110072,0.4176330110252841
F109588,0.47458494673499296
F115906,0.4519543443744969
F120576,0.5307908608925168
F118413,0.5572830209858457
F113174,0.5083305362046817
F108700,0.5142117933314823
F120069,0.5369392889758055
F117480,0.5204517223212938
F117064,0.4196204027786814
F112404,0.44073507414555585
F112863,0.4454763440914782
F103935,0.5751402899465625
F124344,0.5178277270458277
F118087,0.4957857188508308
F107237,0.444804325544242
F113866,0.4801096059715362
F120676,0.43615931406465974
F106787,0.5166443824129539
F105649,0.48763330568767754
F124100,0.4376646004364307
F115945,0.4673401279191135
F100441,0.5143581671412715
F102525,0.49185598996933094
F122088,0.47755933934836603
F118867,0.46261316041489553
F107232,0.38053678575010164
F102769,0.5400077825330991
F110807,0.48935659554032507
F100438,0.5263143205043546
F121910,0.497355444937593
F111480,0.5598983616900749
F123340,0.48585860286457294
F103042,0.511637748320022
F107596,0.4491231553736587
F115776,0.5038158720659645
F102502,0.4777174353476123
F111318,0.5708419327211901
F112062,0.5770871590942646
F124792,0.47502066480360694
F122966,0.4586388248547125
F110465,0.4478650468818085
F116038,0.5291474693347799
F102188,0.45392635712544027
F122326,0.41662969978892994
F114610,0.5113998995397528
F112674,0.4470809290804995
F113381,0.46601530012716996
F115351,0.4758772698946612
F100891,0.39922822727511065
F112199,0.45538206481115834
F119698,0.39163513958034524
F123440,0.43634008337722674
F101164,0.5139194336826166
F108790,0.39648908338808
F109130,0.505821573742689
F123152,0.5169336884240985
F101544,0.4313855995124501
F103474,0.5284199812262637
F109574,0.5272530742797782
F121431,0.4924339836145645
F114966,0.5299741754791684
F119928,0.4526579704902708
F113901,0.44048773433640404
F100133,0.5533108155184916
F114828,0.43774687285106995
F115554,0.4948278002179463
F105903,0.5666562903270456
F123392,0.4626329921421133
F109145,0.49866746745474844
F105656,0.4903277612404588
F111280,0.5489173612736966
F107504,0.4297193651018613
F105564,0.4476754995429786
F106909,0.46594206708703373
F116486,0.5386989386843372
F124281,0.5018227428457213
F111436,0.4722105116877154
F123782,0.4592962388502777
F107371,0.5187595729735365
F115651,0.44960021142238454
F116494,0.48829570065703265
F108845,0.38646739114648976
F115890,0.44296342165139285
F119552,0.5591539514097232
F111516,0.5513049186221322
F112465,0.521253012136301
F100643,0.5280652511268318
F123291,0.4428686158648721
F108470,0.3927788818995171
F106417,0.4526785456341301
F103424,0.4568447781731249
F119908,0.4578139905629304
F105719,0.45994308023132396
F113530,0.4249656494032269
F120259,0.39975778399151796
F101281,0.4713312026518256
F111685,0.4269005824222539
F105203,0.3873778118373085
F107678,0.45226204480144794
F119335,0.4488147192157522
F103601,0.46262257845768484
F118229,0.5269937516205647
F116112,0.49439788651301697
F111818,0.5374295206736983
F105707,0.4669226822269011
F112311,0.4824628045298025
F115246,0.449032369143774
F103359,0.5075682802169353
F120089,0.5605518643737042
F120875,0.5252767207252937
F104362,0.448384933247863
F114442,0.5224186387913687
F114182,0.491930303614598
F110118,0.49340923285613614
F106175,0.4279440707596486
F108537,0.5647532159440191
F103204,0.4650153493670559
F124978,0.5063793929162647
F122021,0.5004329188464791
F118039,0.4911241397220446
F101238,0.5336227232092664
F113274,0.5169080943238741
F104550,0.4830682740069431
F101330,0.4551482627015364
F116399,0.5440484714445024
F116644,0.4474568318908294
F116854,0.4717217736809326
F104164,0.43556588407185326
F116185,0.5174108484219901
F105730,0.43784519134739885
F114152,0.3832668350685067
F111128,0.43915125804109423
F108709,0.4831442909196088
F115912,0.526881387751139
F119894,0.44025440969079477
F106493,0.5286105342528837
F101189,0.47657352934478736
F111139,0.4900253893297665
F111006,0.49843131805281415
F107577,0.5552046166906647
F117510,0.4918970689416487
F120494,0.5412309846731796
F117719,0.4190009964625153
F122879,0.44169732222990843
F107625,0.5467553446951023
F105437,0.44623430730221303
F118010,0.49024690382322705
F116881,0.507539502353606
F100187,0.4609245588217985
F121376,0.4963074183519759
F109587,0.5241746894851446
F103688,0.4433723694629509
F121488,0.469118153518568
F117629,0.5276610798826955
F105425,0.49738474413465866
F121404,0.4837174410902962
F118337,0.4500381583420093
F104030,0.5466039864083282
F115256,0.46116286752009106
F123740,0.4577471598040815
F109670,0.5180981578896785
F110823,0.553568988887142
F103197,0.4120242778881032
F115021,0.4067231346025632
F100459,0.445960822097764
F122047,0.47608955505822065
F113025,0.46996979910048264
F120777,0.4746655768767525
F102882,0.46160571131930755
F105070,0.4989016375678083
F114682,0.46656683466571613
F116192,0.4874491904341446
F104397,0.5355331076676825
F120524,0.5001514629876399
F119934,0.4674992727645292
F110929,0.4938529613851488
F102859,0.47744404568454796
F124754,0.4328570472966966
F101087,0.4606835870776249
F109233,0.5409976176532141
F112119,0.4058549161509709
F122242,0.42414249863357634
F120785,0.5085029529205812
F124559,0.5401114651520877
F110824,0.4870290410922922
F118459,0.4521087020923732
F103051,0.4176946913209213
F105150,0.45389721679839823
F124944,0.43622771522118303
F103363,0.517586795009704
F101489,0.520324066684021
F109369,0.52077164231247
F104904,0.3964437287485977
F111766,0.5391351920138949
F111931,0.467122346208379
F103979,0.43657875266317603
F110559,0.47037884415891545
F122549,0.4198319099353041
F119047,0.4166218747933914
F106513,0.47035108064923165
F100803,0.4268907742553617
F110961,0.41992350216803886
F107236,0.47295081584034204
F109756,0.5210804788708918
F105762,0.4726532709489598
F110064,0.45850290505600333
F117417,0.42278011214238403
F100074,0.5348796173283117
F109326,0.43081116475222225
F114621,0.44155217664660473
F104151,0.44576691289220466
F118524,0.4850141203022805
F103836,0.4170599995086011
F113787,0.5285757229084582
F105820,0.44319120768505116
F103783,0.462939985054471
F108993,0.4870058358484349
F100775,0.5642963898827343
F107481,0.47097257950649535
F111112,0.42064958133898256
F117751,0.502537797760281
F112203,0.47784116194063997
F111119,0.5341958712371878
F117114,0.45681079116128737
F111458,0.47107841862216204
F115086,0.5410486319084968
F107349,0.400006991740053
F103152,0.41019709043240404
F103723,0.4816252017688071
F110188,0.39237921503817874
F121282,0.5268794641256009
F111781,0.5345105004858413
F110537,0.44836862649494413
F114249,0.41974525474131374
F103527,0.5199344394878872
F115596,0.4148695534192673
F121388,0.48359278114476323
F104942,0.4304360065914754
F116910,0.5426572201154506
F106905,0.5298756436110543
F112994,0.5432899796184776
F120535,0.45050265314902216
F105123,0.47098416700308443
F114679,0.4234785557903715
F101779,0.5269104618319033
F118270,0.4883486347090775
F123714,0.49850396740794567
F112307,0.4093972849486823
F115870,0.5875573645853746
F113144,0.40931002598876065
F123133,0.4710535103442476
F114349,0.46481517715552423
F121855,0.4377716717233674
F111044,0.45402030130744575
F108224,0.4772554699866033
F102671,0.477120066849849
F113859,0.5245069815445063
F120245,0.5110029361264725
F106290,0.49374174391340875
F105685,0.5473210346219213
F105097,0.466728178070704
F110498,0.46032522842976603
F106123,0.45207410985525825
F122927,0.4451235531376869
F115219,0.4293284857932348
F101377,0.466567315668621
F117468,0.44032076780091345
F118829,0.4570057109170175
F112690,0.46565915030303645
F114255,0.41830290847164614
F111474,0.4858021813168449
F121971,0.46249724158613614
F108844,0.543275632981417
F113348,0.43449296659270054
F104569,0.5040389192053185
F120611,0.4902258272548569
F113173,0.5232597576780527
F118633,0.4979387323141675
F104251,0.5879278446629816
F104671,0.4861196566062936
F123798,0.5126081486271182
F116010,0.49868971433329873
F117979,0.5266290582404982
F122376,0.621265469523983
F108669,0.38654057252995067
F115302,0.42339041277823014
F122815,0.5116746534853368
F119004,0.4646238364544888
F118644,0.42223892796018186
F124540,0.5863173349111878
F121332,0.47483926345551297
F109027,0.4808688573026609
F119425,0.46948695597167833
F107040,0.4508051019869341
F112722,0.5030214759728885
F100681,0.4677094979387544
F120514,0.4419370941332538
F101855,0.47495183321232526
F123344,0.46906828523657074
F101123,0.45055162223153356
F108986,0.4339974404694624
F122938,0.4815230108488264
F116817,0.4667054842960153
F109201,0.4983479331876428
F103697,0.5144891769694481
F115502,0.42022253409079346
F118720,0.5086213368341093
F102464,0.5455198881831893
F113800,0.4344744641682293
F119446,0.4188941507419236
F105054,0.41775301123677633
F124894,0.4381932577500717
F115433,0.45437542199926023
F119757,0.46582825144081597
F120112,0.5610197634553201
F118927,0.4819846489811227
F120805,0.5050260461522812
F112273,0.5347025827042271
F116197,0.46357261075328726
F114863,0.4620236402697415
F118241,0.45008544083366564
F119729,0.529886662952042
F122423,0.48711246966727173
F105359,0.5385072167402445
F123129,0.43215863420139944
F108755,0.5000471283672885
F109675,0.4644670237848253
F110349,0.4155385762068764
F120381,0.49840278522259157
F124501,0.44301560806629176
F104682,0.5148169054155636
F124009,0.4371315530258212
F108849,0.4570625865443837
F115855,0.39682207137978687
F111929,0.45549535281817055
F116938,0.5155531165795143
F113587,0.4950221667670107
F102665,0.5048182433221777
F106210,0.5170033127492552
F121703,0.5885649908323337
F112925,0.4174113482269034
F116899,0.4047189749735677
F124171,0.5528336801484971
F124990,0.4951519157636364
F120039,0.41855841706398983
F111382,0.48195856465354503
F108213,0.42951564044411233
F107820,0.5111858388543884
F115509,0.4680223461827163
F118349,0.432078989393453
F104318,0.4380260300016647
F118304,0.570749281538222
F111005,0.47393682083109095
F106972,0.46256856115401684
F109404,0.5085548697542507
F124981,0.5533854190391442
F122758,0.4170343231603175
F120098,0.5038559029197109
F111347,0.5779634680177331
F115655,0.4808888537449404
F121415,0.4456094931929391
F110492,0.47417585413698937
F106495,0.4797840016696483
F120074,0.4566698275868213
F102440,0.5174178723264365
F123489,0.4606758693835521
F108096,0.5583607253059082
F108872,0.4423010416436868
F119904,0.5788920846099067
F112636,0.546321130016683
F106662,0.4716896777511957
F115898,0.48258614654719617
F112108,0.5683277447451089
F121024,0.5338052042272718
F112774,0.44332820699236813
F111413,0.4676094463990945
F109759,0.4617153942204254
F100772,0.45103431798000776
F112389,0.43491792219402126
F122276,0.4454634459175301
F105336,0.48211929075630044
F101607,0.5025626274400921
F121295,0.46493425496980045
F124818,0.501662928955742
F112531,0.5182288999514942
F121503,0.4637945388918716
F113282,0.5657988060604849
F106428,0.42726736870074944
F123390,0.40599142241141395
F100274,0.3888702299233894
F123460,0.43870802499551764
F105884,0.47899667332421836
F116602,0.4665721459411344
F101451,0.3890119110140758
F105282,0.49757649502439316
F110639,0.4707432957662854
F123126,0.49974960225637766
F122571,0.4736699596050715
F105726,0.46678142833799285
F121789,0.49723680401141046
F117998,0.4387874762338153
F101634,0.48913298018665663
F122216,0.4974596309905944
F122406,0.47559850045710517
F101560,0.494290196165533
F116183,0.46677026724800474
F120127,0.4477726070476236
F118436,0.4617377199344743
F113853,0.47655328250079754
F119350,0.49076459023604074
F121868,0.4792566181518325
F118879,0.4762680029344706
F112708,0.4348690918759911
F109637,0.5483034692320834
F102757,0.4502010610924868
F124866,0.3810917849817277
F102873,0.49036626508939174
F109215,0.5396423776448313
F123681,0.51120656120701
F117392,0.4590368911372969
F104750,0.46437743843970897
F117615,0.4438331090037386
F106295,0.46706898612656794
F104877,0.5408773354882701
F101582,0.41650223731876024
F119339,0.5037400572308358
F121141,0.5071193473086021
F120774,0.4746563817089473
F114494,0.4605593555241203
F122672,0.4956998684209405
F120362,0.4255923276011778
F110151,0.3882767047746446
F108911,0.42955247315030903
F118926,0.44996191096640514
F117352,0.47774498000063614
F103991,0.4189489813976692
F107315,0.47185524864684825
F104856,0.6015596254326845
F123322,0.4895587580004609
F103486,0.5263488198712617
F110563,0.44968185947752326
F111624,0.4352467220488592
F121013,0.39660472818961723
F114715,0.5302519594554292
F118999,0.4583504990347232
F107957,0.516548461256445
F118045,0.4853454380609829
F122002,0.3941034447098096
F103326,0.49649033639699774
F110651,0.4778533565243565
F121518,0.41748059903643764
F104349,0.4091135288199171
F121134,0.4590161925014998
F114934,0.48128999449654686
F102900,0.49720108136334595
F113777,0.49621794520629225
F120023,0.4979490134910368
F101205,0.5208045987650934
F115040,0.5449927955508111
F123546,0.44546637572918374
F108218,0.43892838461244943
F108033,0.48226383762327174
F107014,0.45482692760625315
F121079,0.4394746379933052
F105514,0.46470910076487404
F104662,0.4384188037735682
F119205,0.42287785205751893
F123188,0.5507760366835128
F112304,0.43488060581817106
F122885,0.49813353633071433
F124825,0.44543421563295543
F104777,0.4431204538957915
F108969,0.45533813600912126
F116859,0.5332945290124255
F117296,0.5489228774892486
F110562,0.5607262511448702
F122435,0.5434251080176081
F114589,0.49758953963554897
F117083,0.5288106492264728
F103683,0.5272403571940166
F120173,0.5982373256807756
F107869,0.47532594245759174
F109736,0.49446912361019957
F115522,0.4796453924516736
F113163,0.4788434653686888
F110841,0.44738840665350077
F119566,0.45762261310476626
F113638,0.5383960170122156
F116398,0.45430230722921194
F109054,0.43892010708807894
F121206,0.4540710533578119
F114011,0.44868078058203964
F108561,0.5080700288288246
F112178,0.45868677384310824
F103775,0.4710151138999183
F117690,0.4880354258792433
F110297,0.5551766172214873
F109301,0.589878773716312
F113691,0.39382774769119067
F108570,0.4725491323649066
F110817,0.5849297891078672
F102335,0.5219907650193786
F107243,0.4932983330605659
F102543,0.5275835011337666
F112852,0.474834596088006
F124523,0.4593263127209931
F117169,0.5109959833864762
F122369,0.4809665375814517
F121303,0.44644499621187955
F113914,0.47236461557539156
F105755,0.4462124729987672
F107263,0.47591792908131103
F118103,0.5399119147323104
F114588,0.42991579641852073
F118190,0.5257570035437786
F113620,0.42305973758966264
F112699,0.43128570148053286
F117741,0.5518068427850317
F112564,0.5654679961572946
F108405,0.47691585880092235
F101225,0.5676015981921496
F114620,0.45144657551149775
F101537,0.4878474753554217
F112840,0.5139708218479359
F124469,0.5860021823694993
F103839,0.5066997090710521
F102778,0.41156950454561025
F100456,0.5405330788470397
F102175,0.5698106205663427
F102961,0.4460857782868887
F110479,0.4281765879014352
F116285,0.5210904770300232
F105600,0.4893051207527696
F104202,0.48530025718580344
F107740,0.499617322646977
F102813,0.4809838393423105
F109985,0.4340867549902513
F121652,0.4382456218253922
F117217,0.46046504580269293
F113204,0.5692597855391226
F123432,0.5266675109827154
F124423,0.5626460093778201
F104231,0.4814109174725938
F123691,0.44122981551995105
F102716,0.608623951903915
F115196,0.4346107868263793
F121973,0.42817180646549624
F122877,0.5011168786615728
F113118,0.4615907814827396
F121209,0.47399015169736036
F124144,0.42489574200640995
F121200,0.4733711386048238
F111646,0.5683608452733157
F116909,0.49371039424476604
F102684,0.4383866817271589
F120306,0.3891554707208265
F117528,0.42070072518342067
F112964,0.4704296829739304
F119204,0.479083745535374
F103012,0.45159441873412715
F116878,0.5005662613227
F115026,0.43306915850350025
F104929,0.5010982116822303
F122917,0.40474386947621965
F118178,0.48930278214337025
F103158,0.48668427198387887
F120762,0.5026105070841161
F118876,0.46536828425094756
F102203,0.4754576113741837
F104143,0.483224123911964
F110444,0.47454802143820896
F102595,0.45251388009041227
F106825,0.4500844904011385
F122839,0.5077662788129125
F117499,0.47557581668056054
F121366,0.4571159410796233
F124345,0.5596916381865971
F123666,0.5369781614932017
F124745,0.5212737330579396
F112321,0.45911518015587405
F114231,0.4886338761257324
F123891,0.5151830303259209
F100990,0.5183710913179044
F101219,0.5020510191356109
F109500,0.49448537972997114
F106709,0.5524396364967439
F119979,0.4290660617960613
F122162,0.4696247785383678
F108408,0.3987146742546418
F121187,0.4793729281273567
F108410,0.4074805675966272
F117014,0.4321088264826824
F105706,0.427917969243126
F115869,0.3990832217047734
F119559,0.41504416323949445
F117107,0.4330341688541298
F101367,0.3841500441470079
F108168,0.5092615492709037
F118918,0.47270046911044145
F124110,0.5526526132861337
F107400,0.5691013546492123
F122033,0.47684783190674335
F104052,0.4635565669946856
F113350,0.44850026701637535
F111725,0.49365110119024697
F109860,0.5739824977694585
F115017,0.4989221178588408
F115259,0.4741843043475994
F110154,0.4250064085105515
F100926,0.46337913324056274
F102228,0.4245332188919986
F107046,0.5294698424137605
F108203,0.4948521091114322
F110248,0.5393543676006467
F117460,0.45596689081629205
F111352,0.5135716295794538
F116243,0.4937863451131178
F116045,0.48490869378299684
F115608,0.45095103803374736
F120168,0.43359633534168507
F105327,0.5145233317906721
F121735,0.5000502907616211
F102094,0.5034495840502174
F106989,0.5944506307156765
F122140,0.49436873932570125
F124227,0.5476563277003671
F113251,0.44262764321622067
F114648,0.4689691393353615
F104090,0.47935969056142447
F115262,0.41873819432302817
F121671,0.4731799836501175
F114856,0.42020656025752984
F104690,0.4432218813543095
F115407,0.4203696192962504
F117034,0.5273217075062018
F100882,0.4553877351953556
F104773,0.3897609188693067
F118047,0.5479368061993789
F106758,0.5366120753044246
F119275,0.4192510218726386
F119227,0.5172243139178525
F100915,0.4455205298747432
F117889,0.43905909623645817
F110862,0.47897008873096325
F115950,0.4627698034332612
F110491,0.43118445094885505
F113388,0.4617165360322332
F105406,0.4989791611930622
F112585,0.44550454498564895
F113425,0.4412740163000326
F119657,0.46830349220696615
F114015,0.5356265953686916
F122278,0.44301418169936124
F117549,0.4090627141732249
F117269,0.46735091593713174
F102282,0.5102005626544931
F112632,0.5343754452020881
F106548,0.4508773943314637
F113371,0.47138939902501975
F100565,0.5160513412203728
F105824,0.405594356868893
F112686,0.4799255990948115
F100313,0.4690093108031133
F102864,0.4697189263291012
F102561,0.5866587886950541
F117260,0.5263500625159891
F106273,0.4738973540053082
F111251,0.47812345206180124
F100923,0.46966443147863446
F113779,0.46028137261717056
F111997,0.504303804259804
F113741,0.45045935172959517
F110888,0.4491363566073492
F111977,0.40926565407846627
F123528,0.4176048574711643
F106677,0.46642152962471406
F100661,0.52491129919942
F100583,0.4340289139157505
F123555,0.47102394022296495
F102949,0.5395444658320414
F110984,0.4081909745611927
F120760,0.4464612437465959
F114992,0.45884201699472227
F105399,0.46379334888179546
F101361,0.4405616152709468
F115286,0.4146220178203739
F123603,0.4762045848742254
F112157,0.5101715554588901
F103395,0.4115577045644989
F122546,0.5104418055183428
F115818,0.46782119209303696
F101579,0.48301685482145373
F102826,0.5459686022867533
F112030,0.4337135058162567
F118090,0.555868330222042
F104717,0.5432363021506651
F107042,0.44853907480853966
F100914,0.4578556410678054
F121925,0.4758750257236055
F124403,0.48397928063514584
F122063,0.47863800060831263
F111873,0.43684437668831855
F106543,0.4381718892638047
F120447,0.4521362335369025
F105278,0.5389729755399073
F103430,0.4858740898491469
F121005,0.5024908559553694
F102069,0.42392761676379037
F119160,0.4161463412937496
F113088,0.4369652636730815
F105670,0.4800452676559038
F117836,0.42958387094722156
F121697,0.4423995200831316
F116829,0.45367226490612816
F117196,0.49174492539390485
F120476,0.42080624764646246
F107450,0.433659917313137
F101113,0.5358419014489878
F119438,0.48277159136346603
F107608,0.47095239506048225
F104380,0.47115186602048
F113557,0.4730004801199707
F119095,0.4924581366887632
F117873,0.4308345996655423
F116469,0.4713861672746492
F109576,0.524464359585753
F117267,0.45657096111007056
F108617,0.5166897217720594
F113710,0.4970123610912125
F106581,0.5396227418058691
F123084,0.4646353605943083
F122281,0.5039554557478954
F121761,0.4341293546541055
F100696,0.3893307347230467
F114106,0.47718312099542803
F106806,0.5104705420030962
F111904,0.4554383040118912
F104250,0.46500931460179745
F106718,0.4877723321329995
F113600,0.5713247115059352
F105276,0.43888839353209297
F113977,0.44375928163607614
F117702,0.4770561111940542
F122564,0.44953223341727166
F110176,0.5535544672971294
F108426,0.516167767407995
F105515,0.44693604601587866
F103742,0.5403729124795597
F113197,0.45163295712953033
F111826,0.4664147287493918
F105450,0.5146384164376464
F119543,0.4554397384659961
F112551,0.46575446199907267
F110488,0.45209082517364063
F115910,0.4559797768286967
F100084,0.5052373551707606
F114669,0.41572149771996536
F113029,0.4053315334625237
F115540,0.5305279010949595
F101528,0.41958878151239093
F100092,0.5213910229844892
F121075,0.4146376216104048
F116053,0.43548637051600597
F105195,0.5326867724222197
F115779,0.43021064196502784
F118320,0.4343906023345405
F113937,0.469508110496726
F107999,0.5600254422485346
F109671,0.491048630964991
F119267,0.4461056218918567
F115338,0.4651090088066923
F101746,0.44697221168756474
F123963,0.4760500656403889
F124023,0.42345600166273456
F120213,0.5196118592557708
F122848,0.49287519993698004
F103793,0.4273998687692941
F122575,0.4590535811041404
F101210,0.462174484610035
F111055,0.5362589228177225
F103271,0.3825068463350737
F118329,0.4272767501290414
F115167,0.48012536567170894
F121921,0.5460459297018432
F118460,0.526673276979439
F123992,0.45887836798192183
F119948,0.4760651502600546
F113756,0.43973739242577625
F121581,0.47171275389561096
F104847,0.5068429403374712
F100079,0.5152110121887087
F118513,0.43543047092481013
F105053,0.5426843311651955
F107072,0.4497996403450452
F109164,0.43347637519375704
F115544,0.5262527602091187
F115440,0.46516459021549716
F109406,0.5044139571183064
F123244,0.4704273356624295
F102173,0.4495417476682684
F109606,0.4414220120366427
F103450,0.4178497177833685
F117442,0.4315352513916111
F124027,0.5353063858423012
F107438,0.4620259258725453
F108206,0.5200103960354083
F110530,0.4888556207675857
F105180,0.42967804218059624
F101475,0.4584425940964859
F120643,0.4127284291406888
F101971,0.43965925269181133
F110419,0.4641103291255653
F108208,0.5152766312973123
F103955,0.432633157781904
F102199,0.42432613226469074
F102866,0.5190059765172467
F101469,0.4450942710559376
F120884,0.4478432160056658
F120979,0.4446096751745788
F113138,0.46158890737756114
F108392,0.5310872786299996
F112571,0.45201138783379885
F116366,0.5273493171452119
F115051,0.54415301777997
F114071,0.5049101978473911
F123677,0.5407934982834033
F100632,0.47159765674534226
F111189,0.528041938249922
F111096,0.5692681816664934
F102899,0.5491640055500605
F103525,0.5829312079299707
F114179,0.46736065482689165
F116692,0.4998508811726865
F122962,0.536567756177186
F122941,0.5562152194741249
F116922,0.5339065295312463
F113151,0.4839824863490606
F117317,0.47104901715032677
F108468,0.4665843281325997
F109959,0.44937266560963124
F116262,0.5382839986016982
F124497,0.4402781566364624
F123433,0.5183108744268624
F114656,0.4882654304849955
F104118,0.40619046606111087
F101713,0.4739652802384933
F116143,0.41807131754768534
F103943,0.4786211771514017
F109080,0.47353811211502966
F113195,0.4410181581376791
F100613,0.4812667856728817
F102489,0.49009744970444125
F108495,0.4801642014476879
F119986,0.47367525053741794
F103849,0.42254500056506195
F123067,0.40484486761537974
F100929,0.5250989907412283
F110998,0.44551170401660245
F120261,0.4570311959861364
F118143,0.4199509779962913
F114265,0.39810483555476905
F122816,0.4514199010380806
F123170,0.4509701588968882
F116737,0.45113194205848506
F101474,0.397545326508287
F100949,0.5303824138108642
F105609,0.4096413155411407
F109628,0.42075637382530207
F100974,0.5716379206509635
F117677,0.5305937233195138
F123325,0.44209208902688313
F111536,0.5519216524699826
F100026,0.5424855839275851
F100237,0.479396309291649
F102154,0.4809453166326753
F107227,0.5292319384072188
F113643,0.4353850726695435
F119359,0.5221400956612153
F108239,0.4895017841483952
F101853,0.46873191608409
F111985,0.4564471151270253
F106842,0.48802635641940995
F102316,0.4445842520004455
F109925,0.49032951169065697
F119589,0.4584579957110877
F121088,0.4223328234578331
F107139,0.5174999566565344
F105227,0.5341220025220461
F113754,0.5055972441945957
F108352,0.42072502240594417
F111743,0.4051583076982653
F104193,0.45305256227904095
F122728,0.43599923998360496
F116575,0.4116351694739394
F104657,0.5277055220752213
F104363,0.5656104436325101
F114139,0.4544265629366524
F108645,0.424426400676501
F115289,0.47953868653086207
F111505,0.49796908690483166
F119668,0.5114243788485908
F109619,0.4570857673966021
F104399,0.4521522505293166
F116968,0.5002470179541082
F112287,0.5075811329482224
F119242,0.4791741400012337
F123830,0.5230175829746582
F122770,0.5645669031502912
F107403,0.5449985997096084
F107791,0.4553075768181456
F123172,0.4184058729583103
F103170,0.5021223774406989
F123835,0.4877554224884887
F107829,0.45693602203553446
F106679,0.489456375614762
F100267,0.4878559869148486
F117435,0.4684390356704581
F121772,0.47302015217334353
F105883,0.5040749183144247
F102508,0.44941307096360295
F124870,0.5335976908626621
F122787,0.5386844945883199
F116775,0.43276167897583606
F102960,0.42504784970865583
F108697,0.4400073780030162
F105934,0.5013616620770136
F102818,0.5287672527779624
F106076,0.48896910033581636
F104222,0.5111345792627819
F123272,0.561503921208358
F112958,0.5354798207418874
F114957,0.5478393083336149
F119503,0.5512756285836203
F111915,0.5568166311153158
F124101,0.5268011745381374
F108702,0.49252555607281534
F110112,0.503135314553644
F117032,0.39401841591090536
F114132,0.5484128487926799
F119528,0.539334547223221
F103129,0.5352114431649428
F123730,0.48715165262064986
F112748,0.522151862841648
F107833,0.41633501272588525
F111917,0.5041832751319757
F109988,0.4444122187479388
F114960,0.44898166159447317
F105397,0.4394557611804884
F117747,0.42436060064616954
F108199,0.5335807789954017
F107145,0.4685167768664237
F115759,0.4449803083971216
F100468,0.4744096101800187
F119121,0.40054040836612426
F108262,0.513623102629213
F103408,0.48675214343890016
F101847,0.5731792064890799
F121670,0.4507716899682527
F112737,0.5334792558298379
F114503,0.47085356989428373
F109783,0.4625717699397589
F103803,0.5042273823073374
F124502,0.4430052776426837
F107060,0.5723645835259926
F113618,0.45783529543034224
F110554,0.45284932811227463
F124142,0.4568669266915776
F111529,0.5629747994416603
F120527,0.49069177727372604
F105910,0.43938389382642584
F123274,0.48890865416349316
F111962,0.5024889755182156
F117302,0.46718696989403563
F101737,0.5083594690761614
F101042,0.46151147259704006
F107198,0.5064884460418202
F103209,0.48123327069984784
F103520,0.5401135505868977
F106450,0.5047995489310804
F101965,0.41234267150283876
F101960,0.4535296957352123
F103817,0.5094614861833884
F121375,0.45177357641221416
F120557,0.552131059141264
F112409,0.4417124363610234
F113466,0.568075512204613
F124133,0.4900912862494478
F119075,0.48260273497424977
F117661,0.44346676529913276
F110507,0.4914956422682118
F119758,0.4976915502233106
F101457,0.513089610059227
F123685,0.4558556076474817
F110241,0.5174232058971688
F114878,0.5002586628526262
F117812,0.5663228697458803
F108721,0.43520046681541935
F103700,0.50197229134565
F110476,0.5382868777590512
F109487,0.39451063263387254
F115127,0.46717790643914914
F110759,0.5310177687528113
F103714,0.4475932115016624
F104323,0.40993255514460447
F115758,0.39341875391778225
F120952,0.5291017298724303
F101923,0.43107758190863976
F115011,0.4688793120903452
F112113,0.4649543687112613
F122248,0.5264224279661022
F122490,0.5045697384408439
F123819,0.511069817594189
F114743,0.5144442728478896
F124820,0.47200204163194476
F107639,0.43221800771616015
F117117,0.42249023738366576
F104612,0.43423012963540414
F116397,0.47529093430784786
F103469,0.42620144458322023
F105969,0.4540047640830454
F116203,0.40208028930495776
F118077,0.4997175068717936
F117563,0.51013365194033
F116407,0.5533041718946837
F122795,0.5024106814885934
F102453,0.5137203486340657
F114999,0.454896718468766
F109520,0.47869147388799915
F101513,0.44407674757444304
F113423,0.5456002801235132
F104413,0.4121610633736261
F101891,0.4143531364539671
F106597,0.5335471234343768
F109864,0.42247109006376676
F115201,0.48397802066523515
F121122,0.49312618076009307
F118055,0.4414042583748363
F118135,0.45707541334600527
F108868,0.529231067462528
F117319,0.5238751680640478
F116707,0.5088679947429642
F108555,0.43325203153427083
F120365,0.4658913413130098
F118616,0.4547920560675427
F101170,0.4724959092965422
F104868,0.4140443507264042
F103136,0.46868005796553847
F112200,0.48065413724558426
F104466,0.44727380064298966
F100659,0.4819704016802233
F120018,0.5458858633779113
F101718,0.4807575879638545
F102476,0.40005749351155356
F123173,0.4661511738535564
F100338,0.4794560738631985
F111262,0.38584138825193215
F110898,0.5276132460394807
F101767,0.40738779229930444
F120823,0.44955316461139555
F108292,0.5383623204788268
F107528,0.47919187920233774
F112036,0.5109588954220712
F123031,0.4294618636221384
F123116,0.5056193132030271
F119994,0.4308232856807208
F105513,0.5056513575018231
F115625,0.5055598152375205
F102366,0.43335508106789977
F123791,0.49420245472527535
F117502,0.518007946332406
F105738,0.44381860265931483
F100399,0.44310267751151944
F113562,0.5610090939740938
F124235,0.5301961266179441
F122241,0.5048484050665596
F109285,0.4286090050897978
F124489,0.5192717464784712
F118501,0.5248577250059072
F104964,0.5163426299458308
F110120,0.553520917139754
F110175,0.47176250576738404
F112288,0.4996352873556707
F122352,0.43501576928234026
F119842,0.4429635500431465
F124660,0.44431109223408677
F116457,0.4775654957148184
F106012,0.44727231820444596
F107035,0.41458490088022826
F117519,0.419428114283536
F105345,0.5046479042588317
F113659,0.4911594605864847
F100507,0.5077668351040223
F104165,0.44570770647098346
F105789,0.4847532056597966
F104705,0.4645206484376634
F107966,0.5557583132024159
F121867,0.46470241311621185
F123175,0.5115483980177978
F102857,0.46465589880493097
F105255,0.5036314342934961
F118790,0.4502027799914285
F119545,0.4230124098602861
F106294,0.49094912281918646
F112249,0.5902331258000411
F119245,0.46358318332879567
F123237,0.4125018683839672
F106545,0.6012571736293574
F113494,0.5480451220999177
F122854,0.47726742667605065
F115410,0.47465077285904655
F106678,0.4331115718122801
F124022,0.4677631776150892
F122045,0.5216850497886821
F115878,0.5118046733002773
F111462,0.44655863879765434
F106121,0.4736315552207999
F114443,0.5599558871069629
F116687,0.5182682650602429
F107590,0.4367890108422331
F103603,0.4487088688064773
F105834,0.5924272754269587
F118871,0.460299878249676
F121666,0.491181114367224
F103565,0.5727572504193217
F114849,0.45908580685842865
F124988,0.4810391758775576
F115649,0.5307654154737286
F105801,0.47102211320139364
F109034,0.49485943073223
F120938,0.4635706356560321
F104769,0.5509474588787703
F101860,0.44665181770073453
F100455,0.4137834408641995
F110707,0.4819515634235542
F114263,0.45821075981746023
F103345,0.5141647422921024
F124426,0.5569314303340883
F109118,0.42087178537028413
F101844,0.5975006795174168
F100306,0.43203252580929485
F101166,0.5247511662070574
F117542,0.5721527333524771
F102326,0.44383377929536405
F122480,0.46358339436690854
F103442,0.5142184320421153
F122230,0.5520766194124551
F103327,0.5471936640692695
F111141,0.4887435628655835
F105312,0.5421442010502922
F106891,0.44398807903195325
F120222,0.44322469737623515
F107630,0.4801501915237162
F110123,0.5615501891085903
F104846,0.44482677912264335
F104093,0.5586867005423187
F108154,0.4931994596848779
F115947,0.4946042848333132
F124909,0.4307993818443887
F116388,0.4423912987134272
F124153,0.5531934583180753
F113554,0.5136434599369241
F122504,0.5304027900443601
F122056,0.5502975832137638
F123752,0.5607224292888098
F122945,0.5022983627459219
F107968,0.5101298493712331
F122066,0.4174259858771885
F120998,0.45508528659518566
F111080,0.48303253773778787
F109249,0.5651585537340892
F101171,0.46902840738116824
F121221,0.4470147201227437
F119924,0.49906857947343464
F108453,0.484887818325417
F117250,0.48088164034714187
F107656,0.4813844114002282
F105847,0.5533790870820193
F121429,0.452894090044888
F112384,0.46938439916389696
F113551,0.5329253913581823
F100586,0.4855068342667266
F115434,0.45431696714538233
F114352,0.44815570968095725
F113218,0.49878981371861947
F109863,0.5187564247541309
F112751,0.5188734074604481
F115669,0.5196317643595343
F119230,0.4932380927892753
F120634,0.498429858321673
F116680,0.48340726524219146
F124700,0.47761194170730326
F119492,0.43308307114870176
F103881,0.4604957025210358
F118149,0.5168392858361501
F123376,0.47052911485168797
F113575,0.47567549845930857
F124869,0.517398871194799
F110865,0.4709025109128776
F114491,0.4398502731595316
F118014,0.44331798282539797
F106623,0.5018874501203702
F114203,0.552149193910303
F105485,0.4617049537781853
F124876,0.4750674332876915
F115428,0.5075121745734332
F107330,0.5494745687687681
F105082,0.5207040215550272
F101920,0.4384041658854028
F115153,0.5219562553043953
F120704,0.44817791904382254
F115409,0.43076693568679963
F113827,0.4790590293862699
F122559,0.5154390049649347
F110323,0.523239626502791
F101292,0.526325588017798
F102798,0.5047221822740041
F110262,0.4707473556002373
F120737,0.5668439004383725
F108412,0.4236097955975333
F100467,0.5558151769637469
F121988,0.44379837368317454
F110964,0.5069821421855948
F107733,0.52923921953512
F114591,0.46311616545828255
F111805,0.47116514978510793
F124251,0.5654856023750386
F104572,0.46092771382505054
F120283,0.4549713384117039
F120083,0.4881926097305305
F113123,0.44219816760367475
F103125,0.5436105925519219
F102432,0.45888642790382206
F100413,0.5467253995268676
F116279,0.44503860256981104
F111647,0.44370050097552216
F113260,0.4966762793870162
F121527,0.48822335267654704
F106833,0.4571846202815981
F116173,0.431382915308178
F106920,0.4451814394494281
F118448,0.4334328148964387
F106072,0.5214768026017221
F118428,0.4549797128513793
F109286,0.4492326032960917
F112379,0.46703459713241047
F107259,0.5238396733549692
F102615,0.4808130685799055
F104515,0.5290996171344063
F115088,0.47836047302654944
F100617,0.4962653893737122
F123845,0.43174661347878024
F119233,0.5361887559264493
F111906,0.4825872711867716
F101694,0.4976457799519174
F106459,0.46828258305678133
F102887,0.49341893939890474
F118363,0.4910917095279602
F120728,0.431710205103192
F107896,0.4988720749593988
F120640,0.44865488875828924
F110909,0.4448290465479097
F113498,0.4334319482044555
F106596,0.4637195416245906
F124318,0.5303766011576769
F110727,0.4387376909851485
F124476,0.4219360966903159
F108549,0.47374224833431355
F102172,0.5067767685942608
F111235,0.5089366936505348
F106899,0.531690813251084
F117025,0.43586826655539834
F108461,0.4487624962860074
F105581,0.4463592896935718
F123577,0.4969832508967208
F124032,0.47425724883211107
F119287,0.4804265374623645
F119765,0.5514366816544187
F108576,0.4807892359774434
F116957,0.4491214531697333
F106267,0.543533984538675
F118728,0.5183476158882081
F115729,0.4399966948104926
F108338,0.45500803993568084
F106730,0.45415938473688733
F100686,0.3952024780747174
F119228,0.5931372704389029
F114238,0.5052253416627247
F115521,0.44101029861762125
F113826,0.46625771324292226
F119402,0.4571677476075382
F100572,0.41759894809750564
F101927,0.428559199179089
F119949,0.4488497072895662
F105291,0.5026772549657014
F116437,0.453819906194844
F112560,0.49701998066011843
F120251,0.5195023519797759
F116802,0.5167325321956101
F119389,0.4253673893101293
F123820,0.49538387944187173
F115258,0.47423010058983994
F108717,0.46806932733025997
F124873,0.513061034892738
F114476,0.5495451591960887
F120990,0.4421894735234885
F110280,0.5174108129750115
F118657,0.5609191179155176
F113653,0.42188948325771347
F111032,0.46830501479450615
F113290,0.5065241434501647
F107206,0.4323056833658433
F124491,0.501837078584724
F119960,0.4881840732250241
F121826,0.4735712499000785
F123661,0.49434910927256576
F108671,0.5106568063400146
F115223,0.4634554335901575
F121220,0.5361391493962417
F114086,0.44988081596543633
F117521,0.44468196789711656
F118466,0.45460970666811523
F116683,0.42323299023741545
F118171,0.4146021688904372
F110166,0.42558336057871315
F112793,0.515910197926374
F113420,0.5479821365562201
F102694,0.4231297650419586
F102964,0.5535486612842695
F123215,0.4715039297641299
F118699,0.5229563878766361
F102270,0.5406027035333869
F104899,0.47996426014247107
F108538,0.5662137085544626
F104794,0.46433371623630126
F122203,0.4983239870506527
F112607,0.49649114058376
F111541,0.4712900099665808
F113437,0.48195401715312175
F123049,0.5015242748734807
F119923,0.4864136890004281
F120368,0.5754481162013093
F118895,0.4588890149138396
F105660,0.5181819657813862
F124404,0.48556534708164534
F109421,0.5088209825392175
F104861,0.44721434359649537
F106728,0.536934401686114
F111376,0.4897210531117909
F111401,0.48955477275485276
F100055,0.47589985830537285
F111959,0.3781277355455515
F106361,0.4926735736840569
F120508,0.4989767908287722
F113449,0.42154412363087324
F118005,0.4982805753240014
F122601,0.5061955355133125
F108612,0.4640618061537094
F103755,0.43387162137378377
F121622,0.41587962195780337
F111010,0.5168913559945599
F119381,0.4094022915607172
F122703,0.49847740646709426
F122400,0.5219898903001318
F110796,0.5627059407901948
F113331,0.3926477405536029
F101594,0.49154066790669254
F107465,0.5381748729604444
F115404,0.4111163930635326
F119621,0.4797757313338524
F106096,0.4481295121755633
F104825,0.47628338820110727
F109950,0.5051084610094959
F103011,0.520606668085457
F124445,0.44546565612828526
F113394,0.5232087895155109
F116310,0.43449582087223176
F109653,0.44386395938532247
F101906,0.41045487732395564
F124258,0.5138224168000614
F124771,0.5761897289631988
F104353,0.3998515951665341
F111615,0.43038207238120973
F122025,0.40092679648039264
F105961,0.45669952265805935
F109044,0.4076353153820271
F111966,0.44612337192042406
F113616,0.43753664368765705
F119714,0.49301871154304855
F123900,0.4552376688771815
F119073,0.5259979222261186
F117729,0.48344279038391663
F124451,0.5717878504860119
F107197,0.4090174729797153
F120751,0.47355185595983146
F122533,0.532398598482334
F102762,0.5257060626940704
F112275,0.45492628431287163
F122233,0.5061157902890162
F117584,0.452332968681777
F104269,0.5565357097971477
F105982,0.4106217079282656
F103443,0.5005693341538391
F103575,0.4623272434383223
F119326,0.5366569896028899
F112593,0.4322890853850036
F122920,0.47434212996117264
F113150,0.47763170734446436
F119218,0.46846282896623437
F123532,0.5088690811290346
F108517,0.5202023225479774
F103185,0.5393598692042397
F120372,0.46458482793696054
F120711,0.47956936949363227
F122751,0.4464434565902104
F117148,0.5122047364784821
F101382,0.4341850904274797
F101336,0.5239336465705866
F114429,0.5335269918780366
F124005,0.5377160179567662
F121138,0.4907217748693052
F109305,0.3794482839317216
F119626,0.5402048219937904
F117122,0.4614646970579506
F111279,0.5246462096336754
F118491,0.44368742258002736
F102456,0.4137948584297961
F110852,0.5699291171308287
F100668,0.5120274717321313
F112299,0.4791871757472802
F102114,0.47421087058800465
F106204,0.4446593911957119
F118897,0.47334639349442353
F116517,0.5195627727735717
F113990,0.4908797121963048
F114506,0.47900226080814867
F111654,0.45984863277518473
F106633,0.4969836798650926
F122762,0.4680350255677591
F100699,0.5576539883702222
F109879,0.42617085541562105
F120356,0.4767155515419744
F118778,0.49513249772144335
F116747,0.4618562635146682
F110375,0.44475906149889527
F123738,0.41031321661265074
F105665,0.4541196827094658
F105816,0.3883089461742394
F110774,0.44562225668309935
F116115,0.4665343207929836
F109791,0.5538205249691677
F107067,0.4181009259408193
F100460,0.5032661099428924
F102418,0.46610207727594244
F124231,0.4928293402161942
F114886,0.5395433452787051
F106252,0.4834202575038308
F100257,0.47975520057232235
F104943,0.4282213785568939
F121152,0.4403722774357838
F104356,0.49367534342347025
F109046,0.5484490359209847
F107920,0.41484746672480965
F117808,0.5697899384275876
F103777,0.5234405768922687
F111618,0.48010471041231106
F115354,0.45307264978726663
F123315,0.43011189004974526
F115553,0.5375952663232259
F116526,0.43030807923277503
F105329,0.46109926632818077
F108922,0.5174582109900884
F100893,0.41653418426049515
F108787,0.46242550906702273
F108348,0.5148955922650511
F110392,0.476282258056978
F110074,0.43587091301479586
F111830,0.4629706581236733
F120265,0.4713119283595681
F115731,0.4769091265056883
F102463,0.5547652508457643
F105099,0.4724716099746418
F107372,0.452118625803048
F120004,0.5192271514121372
F123034,0.44701376620172295
F103792,0.4225221562539419
F107862,0.4239159878065758
F101764,0.5513086573267795
F123095,0.41104574387543846
F115157,0.4888466733242778
F105695,0.4506309221048628
F108869,0.432779935361563
F100805,0.4958641190867674
F106507,0.48920055388744454
F103990,0.41826823957345494
F100408,0.4213546662226811
F123377,0.45197571351032584
F113528,0.47717959520253134
F121163,0.4772829914399842
F123739,0.5207780660666631
F108321,0.5881291668614338
F124918,0.5524701748910971
F104700,0.5151059513555765
F101840,0.5308832255909484
F123321,0.4389194008508338
F102877,0.450690586620484
F107592,0.4687371145817531
F114582,0.4711411984159247
F106039,0.4948196569751004
F112757,0.5414413109092506
F107563,0.4358972841103305
F117984,0.5205426179970838
F105387,0.47154394785358666
F112488,0.42197090849255026
F106570,0.4887931981263417
F110540,0.4650001951046985
F109644,0.5296070812644363
F100400,0.4617422632215681
F106529,0.4317200915943814
F108678,0.4185204595557633
F104019,0.4267047717555063
F115149,0.41087389835984156
F114767,0.4893908205294577
F103317,0.5056160973202061
F120789,0.4412641949773173
F113443,0.4742446224465455
F115974,0.48446541071433324
F114782,0.5362628377662718
F119745,0.5073679204147256
F116956,0.4947709301875262
F115065,0.4414580647818445
F110714,0.45013546152583805
F117141,0.46867119844114413
F118792,0.598515346703425
F122720,0.4952846653737036
F113797,0.4586397473217031
F104571,0.5442729645148541
F110673,0.49660979181409265
F123743,0.5240971706142522
F109381,0.44480077399304174
F108237,0.43390854374450993
F118188,0.4467803841145768
F115807,0.48890724729317153
F102869,0.5384718436064829
F110114,0.5050073077977998
F113857,0.5405636969886669
F124597,0.5702023271530144
F114156,0.5040294605245119
F113250,0.5419721387606629
F111792,0.47617373814165354
F120739,0.5428142529427997
F124167,0.4620688217360368
F100259,0.5073830013045602
F113089,0.423402239195107
F108918,0.47094571435383864
F110007,0.4758932644682877
F106111,0.5798249056235933
F110720,0.5375800318309587
F110040,0.5119176550488289
F118599,0.43336747729934777
F102617,0.4398144670790134
F103444,0.5193283269268825
F120318,0.48108934155472505
F108864,0.5510403481057278
F110043,0.5387234514055791
F106282,0.49705455808465093
F112276,0.41254336740667097
F100776,0.5940175615073208
F104307,0.4067205194684458
F122548,0.4237069465171804
F118663,0.47920887847864385
F114708,0.471328995693294
F124741,0.49040770698247055
F104456,0.4138525686824311
F122574,0.4383730997327649
F101496,0.5801102412624214
F108394,0.41118272842840353
F116509,0.5202072259443806
F106097,0.4344431178292332
F113324,0.4853052012037269
F118593,0.5230262046462599
F113086,0.470660424741701
F110808,0.5554812899239352
F100136,0.38188792688062356
F101989,0.5127564298950049
F109684,0.5167959890477077
F103649,0.3815163314061153
F100141,0.43841680359103086
F109178,0.5056630295195227
F109905,0.4396104180335528
F101922,0.5125472127893098
F101696,0.4418287894445263
F115422,0.49790781211436713
F124874,0.46875827201351716
F116487,0.4673101161313116
F119951,0.48311668378846817
F124326,0.4337898803960847
F120829,0.4613096930461872
F119119,0.5152261332949843
F114796,0.5487162697320814
F118840,0.4560131061833453
F124248,0.41638343060313476
F109580,0.483056320477399
F107136,0.5006611511533517
F104787,0.5043422962394366
F115471,0.44763079275839324
F123749,0.5011599925539324
F114393,0.4434692798166959
F107114,0.5283993782969015
F117290,0.45788687119509885
F113147,0.48441260912778794
F109220,0.5437831741759617
F113488,0.48339583841473693
F105614,0.427447604796607
F117192,0.4620258903689136
F104578,0.4761057008182962
F106195,0.5103388328177444
F122859,0.5007023202213773
F114905,0.4595087919308847
F109680,0.49695903602866043
F109739,0.4464650362995024
F108604,0.4278685634018691
F119926,0.3763550274859834
F110659,0.4528702625792719
F101133,0.45736448965234777
F102359,0.4948442082718399
F115119,0.5520494940335207
F100481,0.42725630966468964
F117859,0.37834993671929146
F111367,0.5122601495533269
F120758,0.5307695624517887
F124992,0.40573757573450886
F114467,0.5267789294206184
F120538,0.5322286271603269
F110162,0.4574241140214615
F119008,0.4439488615757433
F122180,0.47082391279743885
F106379,0.48496809876402847
F110006,0.47112137701000134
F110663,0.43917003218139905
F100436,0.4345698892202553
F112795,0.48792654493268944
F101091,0.5185296269929405
F118900,0.4604502369777394
F101816,0.46474629855357613
F112398,0.5195823337218873
F106224,0.46734226494074504
F123501,0.4780150608706549
F103475,0.46997358371965575
F102363,0.45075193329278657
F105358,0.509899435455366
F104829,0.521881197551773
F100457,0.44031327163185996
F107272,0.5158066184552644
F102041,0.537891275463733
F111053,0.5557964619652077
F100347,0.521587193185981
F123204,0.4418321085643441
F108279,0.5241000944804522
F100616,0.4522086552263913
F108313,0.44780266038779626
F123197,0.42198309122752214
F118854,0.5325339413788432
F100132,0.5489004901256215
F112656,0.4103648799544739
F103975,0.5111221719660338
F119818,0.4965736521873867
F121143,0.43994004953990884
F107244,0.43300382643700586
F108060,0.47592921600955995
F122894,0.4958722469333171
F111741,0.5105258026233639
F100069,0.5754296909584027
F106307,0.4773467251876011
F115312,0.48794738795821047
F105512,0.4272876446063685
F106320,0.5676146468585844
F113802,0.4817420770675154
F121722,0.5073880838532148
F118239,0.4634519178495728
F111846,0.4697517817066972
F102514,0.5680237349624012
F121294,0.4529758505100565
F111037,0.48890931775938484
F115006,0.5077852433493663
F107019,0.4226318743853299
F113761,0.47095190459660174
F111747,0.5024864819206053
F105680,0.5021459754458442
F111048,0.46025303802591794
F124061,0.49202736913047473
F115904,0.43568017982830765
F118516,0.396516133537173
F123588,0.42219742203075117
F120515,0.5881444515404584
F111559,0.5020898314505441
F106530,0.48373948637449943
F103372,0.5353048076086051
F111819,0.49138952379348966
F121033,0.494950515369294
F108710,0.47097777401697966
F107884,0.5297346805686699
F100319,0.47181205544858706
F105786,0.5606064919545742
F102699,0.4824863223757591
F113881,0.44857246641925136
F117405,0.45374094324105163
F114220,0.43896698322868377
F113586,0.38320184406699254
F106525,0.515182142292083
F110030,0.458859213531263
F115547,0.5429311883770882
F118093,0.42777193113163353
F118288,0.4934094330937881
F117867,0.42525826562565283
F110432,0.46386798542538593
F106511,0.46498974613461086
F103281,0.5007027344463728
F104923,0.4716569827970539
F111180,0.47479849265543633
F105481,0.44061291874051095
F108121,0.566547613191205
F114918,0.4642135502594701
F109409,0.44639129737832417
F116426,0.5028833555428193
F117672,0.5963006716280066
F101721,0.4966124347820346
F109833,0.6117236295458932
F111326,0.4622245374151395
F123753,0.5260942872730234
F113958,0.5486492122444102
F100596,0.5159771618653987
F113235,0.5004213035244133
F114019,0.4310591822191045
F115717,0.5177270710168904
F100113,0.49445854400939326
F103440,0.49831609168270513
F121111,0.4693136857932846
F124067,0.4717746349908809
F113172,0.397529761291171
F123524,0.5259879079495311
F114516,0.48531933669857386
F101435,0.4737921764465467
F120671,0.46467158662211616
F115009,0.45355923427693323
F106993,0.501823562393167
F117466,0.45319443565645384
F115617,0.5005638513454482
F105878,0.44402184291619295
F123053,0.4392959163098415
F123785,0.45139812561439774
F114574,0.4294245286667772
F107437,0.3934218593301496
F119096,0.42136749189566514
F104087,0.4591740498823699
F117074,0.39203282932319133
F122044,0.4591866571360804
F100786,0.47439461201831323
F120152,0.44822893123570723
F112490,0.44594434659876203
F119390,0.5029458389516083
F111026,0.47794284987751023
F122510,0.4236729874593762
F109558,0.40465030072846686
F111445,0.4425612965229462
F117942,0.4839057321529196
F104579,0.5376651278789495
F103727,0.42762062310621357
F106317,0.4293387071767173
F103178,0.562657857429657
F117328,0.44845560698609777
F107768,0.46499902428248097
F106182,0.4275725290807494
F121044,0.5461601696209457
F102099,0.45824686310003193
F100232,0.5202657450986834
F112679,0.4617628916818198
F102509,0.5099044850656187
F113624,0.5053163448436312
F114772,0.48070088912182957
F110692,0.5315868045778596
F104192,0.5420517545485569
F113629,0.538394386274861
F102074,0.5028870114810724
F121676,0.45222880660990505
F111755,0.48692065297117376
F114514,0.5098609097544997
F120982,0.4430310262580983
F112752,0.5694796232431009
F120043,0.50697515703558
F108265,0.47836377076074854
F124681,0.3985525477585631
F108606,0.4809924487588851
F112858,0.5285117660184001
F121092,0.48862926937732937
F101178,0.48661365882328544
F107149,0.4461413739957173
F104620,0.4880522111630035
F108318,0.5041332392076074
F107654,0.4364518213406197
F124896,0.423417880732563
F116837,0.4294935094043245
F117222,0.480685827285457
F120007,0.5358959184027673
F102435,0.4670304206237776
F123038,0.5236291054834972
F116970,0.47037943319654574
F113000,0.4938898525042959
F108487,0.5089979181647987
F120673,0.442718045602888
F120239,0.5213142943503539
F117180,0.503407439712681
F122650,0.5199616591737882
F106958,0.5191106989428986
F114174,0.3958455252369103
F121865,0.4014176317519543
F117237,0.4906926791483692
F106635,0.5312190213980028
F124182,0.4739300552643239
F120917,0.47225183092308015
F110858,0.45300114434272054
F119426,0.45361109394234417
F110089,0.4627482567512865
F122620,0.4644955427719193
F101935,0.5038646927061969
F104613,0.4818027781300035
F102298,0.45089170355989566
F120586,0.488837509014746
F100046,0.44357901323161897
F100068,0.44823173115194537
F102329,0.4926928395755389
F105785,0.47438020889024507
F112586,0.46447777572815135
F105272,0.3902457688846942
F121977,0.4702133914547863
F120410,0.44865842169280745
F115283,0.5785653168164916
F108848,0.3999098544446038
F115528,0.44053209753580747
F108267,0.4550288214944286
F112105,0.4982062963440105
F101488,0.49163560973358117
F114547,0.5017015981583131
F102462,0.5025480566721351
F102570,0.5040623558806273
F101198,0.47444389007068455
F121192,0.4139768273670843
F117306,0.4971240096356837
F117285,0.4155665206730351
F107695,0.41682099375438536
F124003,0.45365755242787525
F123512,0.5083120175190715
F118443,0.47816322487241636
F124277,0.5670238260625732
F112461,0.5378334532267883
F110384,0.4324710658281092
F114740,0.39901277517321326
F113960,0.4767839388465246
F103179,0.454610572223482
F117723,0.49157986796692443
F120387,0.4456092705885923
F100111,0.5217810063901499
F112568,0.4498679634637961
F107646,0.4851160905450676
F106897,0.4758371522669692
F100238,0.5050559499331903
F103622,0.43778990549066354
F111812,0.45638006732194314
F103416,0.5599159477080674
F123299,0.4618934216257984
F107544,0.46597260347899755
F110978,0.4530465485358517
F106090,0.48334436818711407
F108764,0.5061943815635089
F100397,0.47231137677155327
F116463,0.5000889489808084
F116126,0.4656674156554519
F120209,0.42786073588294604
F123346,0.4753573317122559
F101739,0.5320456797800743
F108434,0.45991983179730067
F115005,0.4949051779670273
F123862,0.4110981092971404
F124180,0.5456094067194879
F124448,0.446414400753804
F114337,0.47238533941724686
F103674,0.4810221517769313
F108345,0.46115917995977623
F115688,0.6062143945457912
F110266,0.48468581226090335
F100735,0.4826429312149684
F116776,0.5081689809723148
F117603,0.48407968902604254
F109916,0.4069905470059453
F105859,0.4321670784135223
F120267,0.5393635015262339
F100041,0.44908918071153525
F114112,0.549606732114226
F122517,0.47036893669183627
F109629,0.45356491872616067
F112903,0.42899182911941125
F108998,0.45824979029788926
F108069,0.37779155992487573
F116501,0.5427274022533614
F105122,0.47756272219089335
F112860,0.45677099304787383
F118610,0.5350080177400636
F105353,0.4102824302733366
F123045,0.4279879407319024
F107278,0.5044782773271829
F100318,0.462459345844393
F109681,0.5040527802306753
F101889,0.5396281691170732
F100483,0.4391094084092295
F118673,0.47315729032052317
F116600,0.4308266034860599
F116252,0.49326574997435824
F112777,0.47189743818675023
F115402,0.46199054994846844
F113566,0.5371542612874785
F119293,0.5109988949040796
F110165,0.4306007515021123
F103713,0.5759294774207211
F105509,0.47878450134174466
F120449,0.4253383973453692
F120972,0.5469504145077716
F104940,0.4402873534992322
F124352,0.5446947955302089
F119526,0.5552728651766575
F106770,0.4409588244512659
F104770,0.4149412868799472
F109952,0.4867991829507684
F116873,0.5469828483207473
F101875,0.4780507287181336
F111046,0.4677948503058208
F117438,0.4496530856997177
F106212,0.5535347543056103
F109351,0.44651075653724753
F110387,0.5409810127710238
F108809,0.4776588691217757
F119580,0.4310012781827064
F114125,0.46684562172391025
F112232,0.5580107504724221
F113903,0.547267407019564
F120591,0.538638514636788
F114403,0.4590948119586314
F105295,0.4900030486217652
F112464,0.5822677520180131
F117381,0.49236520821221286
F110755,0.5119040062325154
F118218,0.538621770805892
F113302,0.5037094905159433
F106722,0.3962788597347573
F124082,0.4545452685877081
F113021,0.5540048167265909
F102532,0.505823100204287
F121063,0.478981821760264
F101080,0.502186841092392
F104395,0.5593925529955436
F103376,0.44061906757755787
F110041,0.5416987642225423
F111916,0.441280256907925
F116200,0.48312405095761735
F103431,0.39393325332330914
F118538,0.4339123281771884
F123514,0.5369984592188781
F104533,0.39259470298925647
F103570,0.45919784704953254
F109084,0.471082607296857
F114609,0.5133378238692364
F108504,0.4514116118359729
F116434,0.44549304030620174
F108227,0.46394912844860253
F100127,0.5583230544815452
F101259,0.44225806461177064
F107802,0.49319505105323347
F123662,0.5004389970219307
F123505,0.4022060060410715
F103341,0.49434161810297783
F101878,0.4696524032490355
F122335,0.540335089827359
F114926,0.5251649193529776
F112749,0.46334600750886296
F120743,0.5557403507326355
F102372,0.4399574426866253
F120013,0.5227188111914433
F102001,0.4453576277386585
F100244,0.4731523873318618
F113693,0.4447662346853626
F115722,0.37705006435046284
F101725,0.4912689480934343
F114785,0.4762333880752173
F124588,0.45436033488853117
F118819,0.5174443189075703
F103671,0.46196151289653276
F111594,0.4795394068761438
F124455,0.4930456553640392
F121918,0.505438737914639
F122591,0.46117014704530207
F113369,0.4477090609402991
F118722,0.5197687869176644
F116016,0.4667928849316843
F113935,0.46047517808193056
F109356,0.472795155467151
F111987,0.44833721763183465
F110258,0.4880509502738293
F107097,0.45677760779712695
F112730,0.5172879446261017
F103556,0.41891331492781125
F123019,0.47117783941188585
F110793,0.5429160985488252
F103710,0.46282955490556255
F118667,0.44259147264932086
F108881,0.49092293637925166
F100493,0.398396644330076
F103069,0.4343025486745131
F121785,0.42575296830342707
F113336,0.5244713885318162
F114546,0.5326767957230504
F105586,0.39136667318407625
F104295,0.47320989437299343
F102582,0.48665943362841024
F109445,0.44839903340542475
F103267,0.4669005196889586
F107720,0.4584777340308083
F120164,0.5133426071628765
F113248,0.5509905768119191
F122136,0.5593114567181525
F107342,0.5345017881655288
F124093,0.47762871685301284
F113243,0.5388381177114493
F120506,0.4337433617039036
F102954,0.4761218427718213
F112163,0.5245801776932801
F115510,0.48330746193379825
F118183,0.4344899803328387
F121201,0.44331249153769037
F101329,0.46891063118875254
F100788,0.41507379611288153
F119650,0.4770328292402681
F102550,0.5088028802058358
F107739,0.4919213126217245
F114153,0.3965197657277062
F109546,0.5421355450494563
F117778,0.5301709036484052
F103118,0.5118468812438827
F111196,0.4233594114953917
F122656,0.4071760799114753
F115843,0.5080167864045773
F124569,0.4911800468486366
F108409,0.42742418518191216
F124571,0.4477771905842618
F114093,0.4343644697702277
F103005,0.43414224770889753
F110783,0.41475468469657617
F110012,0.49784793569937513
F113210,0.45451330924029276
F105146,0.4822095870536385
F105652,0.5412660886942796
F111864,0.5225025723972564
F121625,0.4191575849660556
F108092,0.47801200523625814
F119396,0.47660264573558087
F107290,0.4890072741178535
F109707,0.4223700882843658
F103049,0.47653173206906896
F118042,0.5501513330552719
F121709,0.4699428638563199
F122875,0.4450406877279045
F115222,0.39550116129857876
F124603,0.4932668117126694
F115790,0.40826411709832944
F115559,0.43606605104141716
F122931,0.47465637026962404
F123003,0.48748954756346274
F120315,0.462292589496901
F106856,0.4933152021841355
F105944,0.4460945028144012
F119016,0.46940205837658544
F120432,0.402574008377366
F103390,0.5073396867116748
F123832,0.43517139119270976
F104267,0.4407930206416405
F124155,0.47034054699814887
F122499,0.4926901054282151
F112590,0.46830659639113026
F108794,0.5233343214570004
F117884,0.4536655254419831
F101414,0.4331602094896298
F124838,0.47212237618405317
F120618,0.4953454935537901
F114940,0.4518926354047733
F116288,0.4518103290233226
F104706,0.4725394435744095
F119711,0.5230486362564599
F121160,0.4222390372502638
F119881,0.531102911963134
F110371,0.5612535436734007
F110281,0.5285992185478838
F121284,0.506750818295711
F114100,0.4611763515108983
F120596,0.41414988641299433
F109962,0.5001681843542717
F102036,0.4995678129859053
F113259,0.46988714218656663
F112953,0.43715230676509736
F118878,0.5170972547532666
F108423,0.4666854287957638
F106936,0.5199034787516321
F100189,0.47978119415446957
F123756,0.5412092802592009
F124602,0.5695084225867161
F106319,0.5159249302009942
F110584,0.472328519749308
F118770,0.4446921396067418
F101006,0.4661420015131119
F107568,0.5197890379971906
F124706,0.4639095459573547
F106804,0.41796685444017556
F117933,0.4401483269124664
F122431,0.4413499065431296
F123497,0.45193330130388176
F113675,0.4278488447988317
F119945,0.5055439356183656
F116032,0.4923598349084121
F121432,0.44647152079945684
F103034,0.5335446046097069
F102413,0.4352484547912935
F123265,0.5127507046107839
F115676,0.49159575579234854
F118594,0.546349531530037
F124788,0.4845346643160834
F117485,0.4250194647822856
F102109,0.46671042254135486
F105283,0.43442010083888294
F105569,0.4819516251852115
F123605,0.5271309188351028
F122857,0.4264167652234676
F118086,0.5705032015158904
F106134,0.49716933033250454
F103631,0.47964425139973443
F112675,0.5222298842701951
F116646,0.4569504859704201
F115298,0.4668256707136315
F115971,0.43527292908251614
F120695,0.4213833061666845
F101541,0.4730187332523968
F104516,0.509457035581958
F124852,0.5638850200880193
F117490,0.5239000119145567
F123294,0.5271594981780939
F116042,0.47693020804681563
F115598,0.5068790574354343
F124606,0.4783471576785558
F123131,0.5139184782664232
F114418,0.4343384021236897
F102839,0.43741738778078937
F121594,0.4901162750315192
F112979,0.4901744983896914
F122535,0.418694709800988
F122674,0.45277607489985927
F105220,0.434993665539206
F105256,0.5038720560793678
F122730,0.48895981630010454
F108822,0.4467132544375888
F111793,0.44898372560738053
F123812,0.46270412216620893
F118476,0.4242338336000251
F120551,0.5142054962603579
F121677,0.47554546525641783
F123876,0.4821306639675721
F121835,0.5312771006624015
F100352,0.4424432272715683
F107783,0.5135842450186344
F119602,0.5880148850699561
F111614,0.5145193829116359
F112908,0.4971249000246493
F121458,0.4462954735554099
F116574,0.4479647295195448
F122101,0.5431597250235717
F110102,0.44534792111932175
F113364,0.43712525447574885
F119090,0.5638022042921986
F117669,0.4357031642890193
F107548,0.5309973569747533
F111353,0.4338416790630606
F107793,0.48781763525496363
F109456,0.47761738953238536
F119190,0.5469448337503049
F100871,0.4182988754350843
F124789,0.4527855573177799
F122820,0.4929922178894921
F116446,0.5254481849078683
F101547,0.4837616499371034
F121456,0.466042769105861
F108139,0.5031284428817948
F102688,0.4868408438333079
F100211,0.4945035012144455
F120738,0.4654357660341434
F109492,0.5671869789509825
F105571,0.4960519375364714
F113667,0.4813614314986732
F109585,0.46798327115705896
F114159,0.4762941875471871
F115270,0.5478281905634768
F117514,0.46881246047975256
F114057,0.4353861618800214
F111332,0.4773270421677113
F114967,0.5586259699050795
F122004,0.4076628283395466
F108552,0.40647273913524495
F101761,0.4453129619695888
F119131,0.46783192881462765
F102445,0.5802246562135015
F110385,0.5030024304220736
F123025,0.41513083862463673
F103895,0.549575447502527
F100394,0.4525010253554267
F123103,0.4958461946906533
F124655,0.5084907597145265
F106034,0.5431515822973078
F109975,0.4602378782511284
F100749,0.5212169902763376
F124485,0.4784185698778092
F121707,0.46417660660715876
F101121,0.508205665013843
F105246,0.42785895348294223
F102499,0.5109240212796128
F102212,0.4649955231736601
F115575,0.491006603060392
F113552,0.5247492254045745
F105535,0.534152167786569
F113396,0.4575035549396701
F101324,0.5006607189174931
F120553,0.5650645550452679
F104704,0.5464586291409601
F121960,0.4523430911154526
F112070,0.5089230373821422
F121825,0.46793825876644274
F121673,0.3979651547018959
F103434,0.44675331189660417
F105296,0.4309100850078033
F122516,0.4575830467224006
F100670,0.4664185686464488
F104567,0.4421999638686187
F108055,0.499595377010736
F106746,0.4446113638439161
F100150,0.5147123482017104
F116429,0.3788330998960313
F111914,0.3964695037491427
F101880,0.49309295965547584
F110294,0.4778388657617844
F106303,0.4472681760206668
F122586,0.48215407045731823
F102804,0.4701230091855415
F104494,0.44400096071450734
F117225,0.5017051506172505
F104177,0.5041531855242439
F107056,0.4873394218300737
F100299,0.43202375070218374
F112302,0.43613637007409567
F114859,0.44122853914019444
F121982,0.5568150626678325
F116403,0.4721618563568749
F119557,0.5339029570327336
F104582,0.5017480656578882
F102354,0.4072407340739157
F122838,0.495846639771434
F105431,0.47326207309374413
F123713,0.5335815088914255
F106613,0.4758251968033157
F105958,0.49608914914861446
F101181,0.5311782157379736
F104204,0.5329405530206749
F105710,0.4244324515805519
F107665,0.4744341390214257
F124567,0.49841658712657344
F123109,0.5250479642726238
F103918,0.4629432755473437
F124696,0.41344572725025963
F117096,0.4976167882884234
F105187,0.505451069212519
F122220,0.4895977825307829
F114107,0.4672085920467039
F112136,0.5825384821687977
F118032,0.44076065684279575
F109142,0.45785331366704063
F106222,0.46684968806817395
F106298,0.4253802137975349
F101655,0.5639082074636802
F108665,0.4828680313355762
F104263,0.5622300087305913
F123869,0.5060501736397028
F124312,0.47174579834657987
F120942,0.439186086528752
F107799,0.5234751572887373
F105173,0.4958913513272236
F119324,0.4008504885256867
F120332,0.48514939960736897
F114902,0.5105392904238928
F105902,0.5223219657140782
F101001,0.46253504117366856
F111473,0.39252820428104557
F110267,0.46394006515762665
F102348,0.5101918253122387
F118913,0.431902575484583
F116563,0.4783552014093456
F110458,0.5496127343418453
F110179,0.48223043566638674
F108014,0.5904392766896271
F102159,0.5612164445788096
F118487,0.4736366722140013
F114608,0.537681028673557
F110313,0.4573347313917747
F124704,0.4234107111206359
F102057,0.48128629770036313
F100241,0.3898642988671523
F121196,0.4880584006086904
F107331,0.5397004778764426
F116932,0.5270045951465724
F113258,0.4952588228770786
F109453,0.4948597629246355
F110831,0.4772970185214651
F116694,0.574735578105629
F100843,0.46818815580310763
F104817,0.47530965558287497
F103448,0.5074465292411302
F109161,0.45183096892236196
F112255,0.454743608904395
F118347,0.5551893999878555
F108525,0.563251006763753
F121777,0.515071555944464
F110202,0.4209876358482845
F122209,0.39915230951056
F119286,0.5229772243319201
F110827,0.42023972442264856
F105330,0.444472698389174
F106960,0.455732625367913
F116733,0.4894579080732562
F114348,0.5067857147352012
F109408,0.49585984361863045
F109497,0.4558502171184819
F105552,0.4235023383291433
F109376,0.5494409322011384
F115208,0.43258874680176984
F103353,0.5060966939855719
F104806,0.49336764003351463
F103276,0.4929464530245297
F117153,0.47224266889562383
F109447,0.4567711848095259
F117572,0.45031816848497447
F120533,0.4670824221297757
F102829,0.43418260420060517
F123721,0.45195831939761294
F117607,0.5691291645416332
F121646,0.48667936797237077
F108865,0.46927245789375893
F118222,0.4822593595077609
F116585,0.5115300267805377
F100804,0.43638756848477456
F109867,0.4894047684834305
F104274,0.46192945150241616
F122752,0.4665508407134844
F108635,0.45781307129299
F115699,0.4794065185210635
F109846,0.40953749162779574
F103151,0.4694519008383813
F121216,0.4462096514102355
F100833,0.5389953299814167
F103664,0.45020087125174957
F114986,0.452680034988226
F106330,0.43568682804685616
F112616,0.4317463188737848
F117516,0.4298328668783475
F103206,0.39571715455119494
F102168,0.426840692368144
F119550,0.48873253906800807
F117544,0.4967462964902893
F111964,0.4189510056539025
F108758,0.4266036102289118
F122380,0.41109886295488385
F108388,0.4689029362098418
F105221,0.43711696964586066
F112011,0.47895406240426375
F122060,0.4656950101474069
F119625,0.4640935622991174
F116159,0.43978584262850695
F118197,0.4470847349576428
F122855,0.4616169155605542
F103280,0.44206813769176223
F123066,0.5170981645578503
F114489,0.453461580118557
F113341,0.49272871518347944
F123104,0.5287703004567945
F121913,0.5125257524411633
F116967,0.4839844285035952
F117692,0.45570719035969864
F114449,0.5533971653314551
F114917,0.430686580197948
F106626,0.4922811545441482
F105752,0.4895138697929555
F110180,0.43213408235349576
F122579,0.4460896509877432
F104771,0.44533154905054395
F122049,0.5626019817206409
F121834,0.48631465781727534
F105643,0.43692343744931117
F103538,0.4391317451279245
F104641,0.46691264232029206
F105709,0.5226537695709618
F103610,0.4907720058313712
F120886,0.43744967078703856
F114229,0.5483421107036286
F124875,0.47241144013066383
F110680,0.5606312688154017
F101671,0.4589063197620003
F112428,0.44016766615910374
F102048,0.47854414520175204
F121862,0.4999474601914776
F106191,0.5264484222942184
F104268,0.4968912528744184
F121265,0.4450160100523427
F110088,0.411475746425079
F116110,0.48902461916642675
F124891,0.5327137903630028
F110683,0.5842477082797565
F100801,0.41779155288786674
F104725,0.4550363861722331
F105176,0.42491469648316765
F108128,0.4790800470579109
F120237,0.4513145224647915
F100023,0.45735575276242507
F110705,0.47684808438541115
F115600,0.47494971213077347
F124518,0.4109378281209189
F120303,0.42488621134465276
F123287,0.5097955854890951
F120924,0.5589363063729963
F109199,0.43639431171944676
F102014,0.569990420710425
F105763,0.4134711771537075
F105638,0.4317632184731536
F112786,0.515681014830173
F120516,0.47734553244706923
F107868,0.5354026786691207
F115045,0.45895802946555186
F103465,0.484061173647497
F115988,0.5551715641800687
F100205,0.48077920989110956
F113413,0.49051737778550897
F113198,0.44782746617395613
F101460,0.44057162155859025
F106150,0.552516017861672
F110552,0.5338381077377277
F114387,0.39341324160685315
F116026,0.446968373022989
F100626,0.5654900163222911
F123500,0.49182375671448897
F103668,0.4817443058567345
F101415,0.5429001540980676
F118214,0.4933682738578577
F116914,0.4296216127368903
F111586,0.4436799764367431
F101520,0.44390275428294124
F113776,0.5102575532024092
F100242,0.420895215978879
F121541,0.5960076456407355
F114306,0.5120281849702333
F104640,0.48323999137759255
F115144,0.504866463048875
F117476,0.4728397880535388
F119201,0.44527793280602374
F119942,0.38734693276806426
F121040,0.4276923804439562
F106973,0.4779010090802397
F118779,0.533650064079713
F122201,0.47421699549092045
F116886,0.4186528907527545
F102466,0.4861104527767033
F102121,0.41382460775302954
F108853,0.5058472671352319
F117553,0.5283984124784141
F104284,0.5876634167462222
F116616,0.41216637342751017
F117409,0.4515203852281804
F111888,0.4815699944543418
F106624,0.44084429893419175
F120501,0.49186121474799527
F101295,0.4813074031703828
F124986,0.4201479236560256
F109667,0.48679820209345526
F124245,0.462151027168088
F102754,0.4731402684622386
F118902,0.4582162953909454
F100537,0.48403716506025957
F114802,0.4947823961064287
F124943,0.5044226860703638
F107886,0.4767390116519741
F122870,0.41448622807809055
F112378,0.4786331926360968
F100221,0.5150664983131089
F113208,0.46118055744314834
F104351,0.432663322579617
F115314,0.44694279190257225
F117939,0.4959414320426364
F109436,0.45562917160582983
F116634,0.451316051947416
F115383,0.4753076972368282
F107327,0.4195231150347559
F108158,0.48611763226448107
F114614,0.4861910715385589
F123110,0.43504552521786355
F108691,0.5455293443113509
F107857,0.45693647000705195
F107919,0.4594628358552084
F115243,0.519273947445685
F123530,0.5073762615039219
F103297,0.5191058951250785
F108000,0.49790995974088464
F100174,0.5371907562301874
F110677,0.5143604993868369
F123806,0.5157556413415801
F104614,0.49776703991167126
F106828,0.4883833156393488
F118335,0.5324569207373492
F116127,0.4326887341133801
F106574,0.4655174259314573
F114778,0.5002504136960506
F122104,0.48188021140258486
F111475,0.46966571610978686
F104444,0.5253028968633132
F116934,0.5083522717803356
F122685,0.3999716982726859
F106771,0.5151344369049349
F114030,0.4743893065015313
F114040,0.501123327916992
F123008,0.46595550963026944
F117483,0.44374681787732617
F123134,0.5086880954699717
F109641,0.4611659105600938
F100021,0.41840614703942625
F102331,0.44309702482186575
F110192,0.5416537986311803
F112160,0.48368146826836134
F114617,0.44434952164824726
F101262,0.4892933481908686
F102042,0.4718580353143009
F114016,0.5277568845774306
F105974,0.4506613388227251
F121644,0.5348773747919782
F115526,0.45717989870418063
F120734,0.4882687468843345
F119489,0.42514204117142196
F108299,0.4841526520575869
F124615,0.4405285172508132
F102652,0.40044201120610035
F117699,0.40563453260679405
F118761,0.4420090808595843
F123637,0.4756177267276614
F108355,0.45949970211193836
F100950,0.46093049406174813
F116741,0.554546421867062
F112787,0.42789578757395974
F109995,0.44578593081948265
F113120,0.5092753064776993
F106926,0.5266528011623285
F119874,0.5313197228803431
F117045,0.4529031566443335
F107271,0.48606600816412193
F100737,0.4976268725195816
F115949,0.4413178627638644
F100611,0.5425306914420669
F111171,0.5569439754972643
F110406,0.4427407641680159
F117598,0.43444450409639784
F102524,0.4544235079649206
F114340,0.5197007414773497
F106448,0.45045729962649883
F115408,0.4981975796991228
F112179,0.443227600395415
F121369,0.4960880201924349
F110713,0.5030028689512036
F102955,0.43161823848309233
F105074,0.45611576611869475
F117019,0.4401729307454719
F101572,0.44880252367861473
F117916,0.40840080738222484
F120541,0.5335022646730423
F116099,0.5093303725536361
F115933,0.46908376153636433
F104099,0.45880461069011325
F111550,0.5780904794980934
F116738,0.4243249797638624
F114550,0.4238092756335556
F120782,0.550745771145559
F109113,0.48748308252437195
F123023,0.45260873141696967
F107213,0.5231270211100887
F123540,0.4910261148488587
F113169,0.4493178028622302
F105377,0.4502688696687409
F107084,0.46564400583913657
F103456,0.5757992424611186
F103227,0.4454514442320223
F120513,0.5178715596000244
F100015,0.5287969584847806
F122876,0.4527982210516672
F116229,0.4654802763559358
F119012,0.4516749212156045
F112286,0.5140947332296746
F107104,0.4397284227654082
F101822,0.5096077172548243
F109747,0.5236202117108257
F101029,0.43027614644879525
F115060,0.5314198800039955
F117560,0.40648010287464886
F119779,0.39066600472389834
F104595,0.4877410991996241
F114554,0.45467902062778365
F101801,0.43155116080186207
F117575,0.4267647587208597
F112592,0.5197386701708265
F118845,0.4790142946606709
F102220,0.4501131245474037
F124831,0.49604519276312276
F119264,0.39557885479841165
F122355,0.5190929044914633
F108102,0.4612628450646875
F120918,0.4195633469407206
F123443,0.5296427833705862
F106225,0.5117165687165004
F104738,0.4722270372858114
F114417,0.4970086310028944
F121976,0.4516417118187898
F106774,0.5850042944268397
F104638,0.5229967457054602
F119039,0.5024047892041736
F111484,0.4955923350609142
F110971,0.45531973872378156
F117772,0.5622381671191674
F122712,0.49298461261469984
F108402,0.4536592987905016
F100396,0.49249603465971004
F101740,0.46948685267892737
F103705,0.46255400635840327
F111554,0.4112671940334507
F106067,0.41829545208864005
F100543,0.40069887773782203
F113299,0.4986708334691083
F124487,0.5190843969751885
F103540,0.44844187219607795
F104227,0.43823064965828157
F124262,0.4698893652106216
F106168,0.4036866989496341
F121499,0.47110518424718967
F107348,0.4753621414911682
F115613,0.48285831030220827
F100972,0.4874654941688449
F114882,0.4378757214226216
F101137,0.45187484554922736
F106247,0.48123835316541025
F113304,0.47541441955293307
F123030,0.476249234446219
F105610,0.5369967856406012
F112978,0.4766769057039241
F116077,0.5341127718449835
F118456,0.42188151216630937
F103194,0.4666162960350223
F115574,0.44599142176114287
F112544,0.5089752963436784
F119809,0.45943399485209563
F114611,0.5257974811369428
F108134,0.449371080971139
F100329,0.44001347203580055
F108247,0.4024224638956383
F123227,0.55768887234966
F121253,0.47626536046021795
F104626,0.4671565969961852
F124350,0.48142854057348194
F113339,0.5568835464809175
F102915,0.5096203322620135
F114654,0.4593430095368478
F105273,0.4077428477337402
F100033,0.40923994308601624
F102742,0.5203724197246197
F120354,0.4432081347753951
F124715,0.5259824149506215
F110031,0.48394283647739156
F107906,0.49648011498945543
F120793,0.5346392800474157
F111450,0.4475459514860071
F118964,0.47827795652652944
F114254,0.4446514906352846
F106058,0.42992928930677143
F120668,0.47770705339090813
F120913,0.4606919041319113
F117160,0.5162017162837353
F106648,0.5261121815578532
F116726,0.49777086808468834
F124577,0.43710736642595627
F111525,0.48314280679103383
F112745,0.48113643983283244
F119702,0.40208153565786753
F102116,0.41643842991949165
F108772,0.5197182800817457
F107424,0.5407534160436053
F103479,0.49956912222580213
F123149,0.49509877494204285
F111072,0.4820541700271915
F122097,0.48668834407567607
F114087,0.4711824496161368
F104809,0.5133603986471073
F114098,0.45032457293294004
F116880,0.59426712399567
F100450,0.47350625062246315
F119057,0.533436673654238
F103666,0.42012302946592894
F120106,0.45008737367316665
F106571,0.4152245150558212
F103970,0.464530020433827
F123969,0.5267593248571889
F111255,0.49583561355898625
F103344,0.488016898460816
F119143,0.5202782918845987
F116577,0.4463704779687294
F114734,0.5158254047725563
F111250,0.466847723939273
F115135,0.47762931493702054
F117362,0.5065240076453474
F122260,0.46300504209857196
F121277,0.47376094589343354
F114783,0.48542214742415046
F118109,0.4919273677887608
F100387,0.4476227371344045
F116031,0.4624419138530086
F109014,0.4847325328779474
F117456,0.47907581949783923
F113480,0.49464797607075706
F110667,0.4594573415281256
F101209,0.49110579463449444
F117971,0.5127176608488863
F112292,0.49369530011976925
F117732,0.49271498974080863
F120448,0.44657026084210505
F119957,0.4679987276606712
F102918,0.500697299722755
F122528,0.48338777641456243
F106419,0.4874207595855033
F106697,0.41192881370713375
F109567,0.4602981253549424
F104619,0.5281321735134692
F102647,0.4450100406373625
F123916,0.5248634108697914
F109131,0.5181426124425418
F108962,0.5174280128313725
F104775,0.5560239183633141
F110756,0.41505784542083696
F113157,0.3802132701887894
F102997,0.44338490946515186
F110631,0.49241543472233423
F115863,0.5303024009654803
F118447,0.4172105588622905
F121168,0.4989846389536038
F111636,0.4358455538448546
F117868,0.5312446546409935
F111859,0.4830688886829048
F109735,0.42422585039626204
F105767,0.5228436897056562
F117143,0.5377391579645924
F116763,0.47149474253111967
F106437,0.4986323277501673
F102046,0.553736509528197
F107609,0.4384204645116704
F110945,0.46993237637348606
F105453,0.4632238192055944
F105821,0.5030903705485805
F116964,0.4573280645145906
F119609,0.5044565546918592
F120583,0.4062881693000202
F106125,0.5193842184057011
F123144,0.5263443547177002
F119423,0.5638002071107626
F100607,0.448471516076691
F116199,0.5129413272986507
F101866,0.4588507339987129
F104493,0.4796645663716621
F116889,0.44144302275693587
F109869,0.45164205504694255
F112334,0.48183852173525377
F119889,0.4249260071739307
F122065,0.49855325161954867
F100180,0.4637359145901414
F115350,0.42846023022874363
F109477,0.41141440536373153
F107499,0.41849737784470686
F105684,0.527707607713669
F100048,0.4263621539846456
F113232,0.48962397756362197
F108315,0.5039139696793019
F118372,0.48321087970987986
F110926,0.5155275459348841
F118041,0.5202288016301021
F104956,0.5163779444220937
F122913,0.4140227856210607
F116989,0.49743937921037007
F111260,0.4439915900652438
F105667,0.40096435219673027
F100714,0.39991815782257556
F122146,0.4533379114253918
F119385,0.48692866211057084
F103670,0.4727336081591798
F111921,0.4017372389098396
F107414,0.41497454815643725
F110289,0.45925730647047236
F104935,0.5191537867103774
F115644,0.5059594560127005
F118561,0.48144048873062606
F100682,0.44955689097153645
F119620,0.4448885456380002
F102396,0.5893607802617283
F100888,0.4220875969319463
F124987,0.44673159220277325
F123840,0.47349119841209053
F120103,0.4054459399933278
F102143,0.4934969948942284
F112685,0.5177943866071884
F101695,0.4877349153855664
F111547,0.47035908359223433
F106878,0.4172887073275275
F105463,0.4452629138092189
F109522,0.417960549291753
F111452,0.4393590345577752
F111170,0.4705569747831221
F114262,0.460027910508341
F120833,0.4724823642702388
F102365,0.4487490562343374
F121002,0.4220483119282938
F109692,0.41119793961850665
F105334,0.48093103781398633
F106531,0.43170210693831795
F109518,0.5374056548468754
F120188,0.5330455916993991
F122584,0.47430180906585984
F115206,0.5235317313010327
F107333,0.37976397896027414
F116085,0.5126790948490467
F121053,0.5137671592122446
F120289,0.5434801453982983
F102184,0.43946830375206314
F114959,0.4606427359398362
F110254,0.5469066238348295
F105043,0.5154204735033434
F119184,0.4836405766349624
F109940,0.4226680683116121
F108876,0.46169739042785496
F122769,0.5480062134881015
F123482,0.4745794983114868
F120725,0.46307327425441736
F106669,0.5169420186968127
F116794,0.5168344809163758
F104178,0.43809993448334633
F105928,0.46163594475818687
F115701,0.42516897542112964
F108235,0.45325806196593144
F116928,0.48238990300500545
F118749,0.48682482678484873
F121008,0.48491328776482034
F103694,0.4979231096871834
F114240,0.5304770323960495
F120027,0.5355617041878618
F124782,0.4723147387983946
F116378,0.42081065973066545
F105209,0.4273162181234876
F112018,0.51002999328124
F106250,0.5653406152719516
F109953,0.4531572663989345
F101543,0.3991890909252512
F121509,0.5575633927947344
F105628,0.3945411887561202
F115546,0.5280437128360362
F100704,0.48718814356478124
F110368,0.5405793266767077
F121528,0.5171358608741086
F101100,0.5599743216245092
F112525,0.4601616247412193
F121356,0.507002597130864
F115951,0.44845596661561415
F107795,0.5084618965573346
F108817,0.5756766584492379
F111387,0.5263715012066047
F117804,0.46026027250089874
F110936,0.5018219182114779
F114004,0.425543061190045
F107270,0.4340162245393091
F119956,0.5719176722986566
F111828,0.44450801021889186
F107203,0.45526207505671046
F116496,0.449110272821199
F119361,0.4726500792844123
F115552,0.5778600920031328
F113702,0.539563635227931
F111225,0.43305449153921793
F116943,0.48224128619211476
F111429,0.5187272434739795
F113806,0.4730486694421485
F123307,0.4595879137637876
F119728,0.5180683686077638
F103180,0.4209666148764214
F108160,0.539715577483959
F119338,0.4925797563195476
F105024,0.5490822577777597
F100983,0.45755272958441856
F118064,0.40807068059860974
F108152,0.45602414642552
F102301,0.4510225416784488
F107420,0.44296513045063696
F112453,0.4883638409522496
F121252,0.4533326031067385
F103182,0.4950187537437336
F102746,0.41433749477486503
F110087,0.49291128581318044
F106141,0.45833270680048094
F107022,0.4442552988609297
F103397,0.49190464344231855
F118137,0.48329695236517867
F122022,0.5232677444526591
F116906,0.6058132300543536
F123841,0.4527085846707882
F100930,0.5864902907998338
F119076,0.4604034426117787
F120302,0.5122688209006494
F105583,0.5803357322066963
F100630,0.46712559368057077
F108776,0.4978266768811981
F119459,0.44226597959517017
F112620,0.4930694260225553
F108675,0.4491961061780422
F115164,0.43283908881199507
F116255,0.4093994037119151
F108207,0.4852219665417613
F121915,0.5253729937087098
F122673,0.551752021333065
F122512,0.52547814463608
F105207,0.5040105403906121
F112600,0.414883752713226
F109251,0.4546588683811571
F124775,0.4822869877778094
F107159,0.4384016796969448
F114438,0.4339160169647195
F116936,0.41878468378067757
F109971,0.4851149171415644
F107529,0.43049103300378677
F105347,0.5135026450689791
F119872,0.47633733896949515
F124963,0.4788026266889117
F101527,0.5143416088003784
F123725,0.42757472956195847
F109802,0.4197876947595539
F105605,0.46616413166917364
F114987,0.4700610817153749
F120330,0.44801729860393397
F112090,0.45786521604593294
F106455,0.5301259705607745
F111162,0.4682049627315194
F113014,0.498338078291079
F103680,0.4845634643640773
F115260,0.3981781056489992
F118706,0.4787955475832545
F108389,0.44285089833010816
F108743,0.4572124292332262
F120572,0.558854988165342
F102141,0.419095682318542
F102149,0.54013613523759
F107157,0.4662004612655112
F106026,0.46157648031194565
F122189,0.5520849640260892
F102726,0.5428014377429567
F114612,0.5187074448790222
F104564,0.5305968233304064
F116599,0.44226501821304887
F120026,0.48957686073671186
F114143,0.43033675671520893
F114824,0.5415656349153465
F108145,0.4072057097368913
F118207,0.5163859114066571
F120984,0.47730091577156386
F107103,0.44441307618065806
F111360,0.4719441864705055
F109123,0.5106312274917936
F103665,0.4800136512393005
F114115,0.48083087232103217
F120105,0.4887250103023658
F102511,0.5691239331220193
F119174,0.46213165828267977
F123222,0.4635307874507615
F102727,0.47050483950774263
F106054,0.575913079015996
F108133,0.55353575890502
F102594,0.37864586153774327
F102784,0.4860482081119988
F102210,0.5148469761302975
F110644,0.41389539098275646
F108530,0.5183124648766445
F122155,0.5117510504207139
F122742,0.5260885631280602
F124974,0.5431059405879075
F115568,0.44302265848884514
F120682,0.4346795651730321
F116180,0.4726596668040973
F106255,0.4232113036861864
F121255,0.510499863953952
F111424,0.45227017952889137
F114445,0.45344347238132204
F117142,0.4311681083945176
F119968,0.4659797858860593
F110742,0.48464541796333704
F116012,0.4961143610929598
F109110,0.429450371060296
F116905,0.5418789012973335
F103635,0.4398950098593811
F101384,0.5935521570630764
F120545,0.48116539070701786
F124205,0.39528198930865077
F116805,0.5116082430025862
F118784,0.4885148253492305
F119155,0.5053037382027942
F118983,0.483190593704491
F116295,0.4751910827816504
F118537,0.4064304036866971
F123906,0.5125104343060982
F121359,0.5283177721713658
F123295,0.4336933969774024
F121403,0.4646770438019345
F105128,0.51011360825921
F111939,0.4351357650647449
F107201,0.5442979727598851
F117098,0.44694802988890703
F124004,0.5164921950244971
F115084,0.6323633148781503
F104987,0.4848060137559165
F124186,0.420636728827852
F124105,0.5277027271269219
F100614,0.49326038176381864
F115920,0.4403568872282497
F107100,0.5078046518278636
F104083,0.5270427729950682
F110329,0.4163311322273189
F113009,0.5267196150941525
F116174,0.448881932026602
F103588,0.5014386036144873
F124689,0.4812046338548857
F104814,0.5053856944968799
F100589,0.5365397922898374
F104918,0.4462777886361139
F119414,0.5034370603396592
F113072,0.5272958485621903
F109966,0.428016457807743
F102358,0.47156715648913383
F114326,0.41513595987613316
F102052,0.4931734593658301
F121229,0.4714717357965551
F115500,0.4098783868327473
F117940,0.4707638203119536
F100940,0.48800082968276515
F105314,0.44362424667350786
F105479,0.557010786610069
F115016,0.39695016771206215
F114400,0.5112561079606275
F118291,0.458261016641456
F112755,0.47870871304496776
F113345,0.44163691442543485
F111589,0.47779836139518783
F112817,0.5130299064379734
F115899,0.3824713969178565
F122372,0.47378477818810955
F107231,0.4685913843978695
F121736,0.4219487775456343
F103552,0.5105398826268212
F102797,0.4615103443585854
F107172,0.5586069394020061
F121740,0.49010485518045366
F113209,0.5492272241760151
F120175,0.4745794134726016
F114435,0.5686047487810826
F122370,0.4388596450652396
F116097,0.5042066212887082
F101462,0.5508965960939184
F114465,0.4561476731774885
F107880,0.4943036646356058
F101812,0.4664109846642457
F114561,0.4076956480722925
F107367,0.5058941738370729
F115881,0.4911461743658374
F118184,0.5625535207001553
F118435,0.5507013511916138
F102307,0.480597826331439
F110456,0.5290004418790212
F114310,0.4544686791855458
F104179,0.4263279696447477
F103967,0.4720036257136012
F104053,0.42048845269109314
F102255,0.4572123438105909
F108364,0.44826798424336367
F109601,0.46882247632902774
F121027,0.511135177143976
F117743,0.4759189217424791
F112974,0.46268307810015286
F102817,0.4873408149927532
F110737,0.5669207505506907
F118258,0.43529152958271505
F116592,0.48298609468417947
F104465,0.44444027608777503
F104411,0.47017978619619855
F113596,0.43656597098786576
F105423,0.43649250986812027
F110800,0.518989370896447
F111584,0.4761657274605912
F110762,0.5251504898307919
F102313,0.3678271653498627
F102883,0.4567676433799026
F118260,0.5106018290977666
F105371,0.43779022454248856
F112383,0.4726310067660062
F111663,0.5021518887262462
F105549,0.4723383209223308
F102976,0.5134973065191527
F122624,0.5012586167537572
F108589,0.541724017102285
F120051,0.45990294911364304
F121364,0.43942015080898256
F119616,0.45160478699889084
F110951,0.44533149779921277
F113261,0.5139348110478437
F111331,0.4610595748599678
F124854,0.5872259594906493
F101161,0.5207491421042503
F113519,0.4680721444503885
F119417,0.4911917921018976
F106192,0.4295478375693618
F124302,0.5962306632077298
F112169,0.5191770065225312
F118414,0.43960572104348583
F123504,0.4857056339100726
F115492,0.5702486489812912
F110027,0.39938083709612565
F122387,0.5563321119827727
F102191,0.3934951376178035
F111469,0.5282991869685167
F107154,0.4357663261461346
F113256,0.45827268831465734
F109932,0.43118085905932135
F113897,0.44595343807430954
F110652,0.4111586183854621
F100218,0.4677010694584028
F105126,0.5466972731812212
F124361,0.49599141135872593
F111427,0.47920625861530225
F109730,0.4902350821952851
F119762,0.5250485063204376
F106408,0.5083240427920395
F103626,0.4641368883163205
F119134,0.4760542582304484
F110594,0.5559080010493566
F116242,0.49007042643180654
F121193,0.4680514501016698
F118548,0.4189712716252112
F105835,0.5071974248537185
F105554,0.5080514377297245
F109858,0.4609292424261021
F116096,0.4519486783949936
F105882,0.4399789735055699
F110250,0.5521867099995812
F103660,0.4639217974762847
F113137,0.4656730945702862
F116179,0.5770170928193237
F123870,0.4355090623942739
F102689,0.5084116416155958
F103467,0.5134597964282797
F110717,0.5166223024943317
F112042,0.4646768675969219
F123857,0.5284753800757922
F103893,0.5660424225879063
F116119,0.5403420106507348
F109816,0.4533688453953792
F108243,0.4587744059708374
F119586,0.4188260359804245
F108493,0.4484963402358365
F102503,0.49573698569447966
F101400,0.49578767667289364
F113180,0.489754135359051
F110497,0.4851909177692394
F121430,0.5376986494326922
F110788,0.42959140083466085
F107997,0.4537165310977396
F121538,0.4962024345887806
F103869,0.43842667793468315
F107074,0.42220645530604484
F111782,0.5582458476420266
F100715,0.3812851259571605
F118689,0.46177206312313007
F116342,0.4211946067793996
F102560,0.5544145707191042
F112439,0.5456233591012805
F100383,0.44897293482349676
F109612,0.5806886102939659
F123239,0.4704033387045116
F103939,0.42261736571696473
F104109,0.4580893806177152
F121393,0.4239234299676804
F112802,0.4857425555237457
F109757,0.3981974136975162
F106243,0.4130735610994264
F114576,0.5067072089134167
F120764,0.4659242840205339
F108968,0.4138332553718577
F122636,0.49583432679918266
F122776,0.5161554208943274
F106149,0.5302645852596433
F102986,0.5071287903858378
F109255,0.43186515825938515
