record_id,flood_risk_score
F104559,0.46326847686821804
F100765,0.46034600827836253
F107573,0.491392316406031
F110345,0.5330015223457815
F118850,0.49719878591478806
F118228,0.4933021014091848
F107230,0.46548520002831756
F118529,0.42046963028193385
F100418,0.4968109274877105
F104883,0.5320935709816444
F111040,0.5264428181234966
F108454,0.4933803059953735
F110834,0.5636355355925348
F100969,0.47944163530170175
F109368,0.4986299969603598
F102545,0.40545036977821963
F122488,0.44372216361457584
F103894,0.48275458374966795
F105408,0.48881703857804737
F112579,0.5013131239925841
F103663,0.5045099395114873
F120363,0.45344204164733815
F124722,0.4568210588778582
F116480,0.5137872648742392
F114951,0.4845209246173957
F100738,0.46633614771500437
F110536,0.4869390466461288
F122026,0.5232361994007783
F105117,0.4986037026750828
F108958,0.534901693973452
F116660,0.40777616616657253
F114422,0.43812730212216777
F120962,0.4647042391144636
F111174,0.48480166465939434
F113429,0.5384454244699597
F124188,0.5053716622720861
F117761,0.46767387455944426
F118236,0.45976173195093684
F107714,0.4249610330539633
F118833,0.5431536416737617
F100761,0.42361354828001596
F120268,0.5429807780252025
F109138,0.45755031314241146
F124412,0.480088802431812
F120691,0.4963050847130906
F124661,0.5078022590673266
F108890,0.47151979488164497
F121417,0.45231401640266083
F118138,0.4689029029945628
F121512,0.4908168881048738
F108954,0.5218990296481283
F113146,0.46844758508696693
F105087,0.5498531503200808
F121469,0.5195102890951124
F102542,0.4614048822597273
F100209,0.5859157832775945
F124632,0.3959368651600052
F107038,0.4734881738595743
F100938,0.5341277237052168
F107925,0.4757203909988815
F105361,0.47248802519912236
F105697,0.5090372153488684
F115744,0.4584913438762529
F107426,0.4530969919698881
F124172,0.4616186855114268
F104946,0.474933581799301
F102095,0.4910829909538641
F123356,0.44043243708512003
F102650,0.4651651618266748
F106539,0.4343974937639945
F112891,0.46669170005688737
F108289,0.4899920118982509
F115077,0.4383054210823734
F122323,0.45674161532311525
F107204,0.5069522031663152
F113309,0.4833929745127465
F105741,0.528574028322057
F113925,0.515253045318989
F103318,0.5045259581859953
F105950,0.4526327718391001
F119672,0.45408938967081447
F109242,0.5433761259785573
F122020,0.4384928432452687
F111466,0.4521413820684078
F119578,0.5224943804985839
F104122,0.5424718841967375
F117075,0.5416564397528273
F119337,0.46713253021087603
F104315,0.46387262285308817
F115990,0.4835242629586894
F121530,0.4388248297871343
F107744,0.47167027354505253
F121368,0.5192746418832972
F104624,0.433684432401816
F104063,0.5119280569734478
F104344,0.49549112280703633
F118253,0.5138271662691017
F103315,0.4540270720613318
F119431,0.5513427534699101
F112167,0.5140950317378257
F116395,0.4967611273001232
F107209,0.4003530833680061
F106831,0.4909930757865029
F110362,0.5148332094574972
F123715,0.4980985668767143
F114686,0.47514773766326346
F100236,0.4156865646901704
F105475,0.5068844605447191
F119724,0.49126387905582014
F121653,0.4932409265840223
F110182,0.42411807201366947
F124466,0.49738638053028383
F109994,0.5286884669393072
F101098,0.4311693209081597
F110819,0.4769734748220049
F124937,0.4026725052919721
F105167,0.5372484680805416
F109738,0.5241362037626467
F117504,0.5056004981105401
F123201,0.5321859103022137
F104276,0.5155614365960952
F106674,0.49572436496279915
F102033,0.5891373672388656
F114776,0.47165328539934437
F106675,0.5261025561555026
F107195,0.5228766642379372
F115966,0.45275016024444326
F110078,0.4600711589584854
F101644,0.5474654160510303
F100635,0.43486289519800836
F106895,0.49165819887304385
F115420,0.49478692089704635
F122657,0.4936108683819805
F121159,0.4292913032350787
F106498,0.5277723334227872
F123880,0.4432480367775663
F121738,0.5001661637543292
F103530,0.5294379313041763
F118037,0.4324598905335334
F121887,0.5578334802913816
F117474,0.4614785559380254
F108838,0.547994379104676
F110850,0.45636433741585725
F108920,0.4368314377141398
F116417,0.48788070451386034
F123163,0.45028649593866865
F114455,0.4140600311101741
F101247,0.5323599656473909
F104992,0.46427389422188
F118511,0.40029833081891786
F114644,0.4919916214871215
F102251,0.4908786372398859
F109818,0.44034070215837706
F111847,0.45890955091118313
F104955,0.42897627844778347
F119652,0.5307101932409181
F122133,0.4042534467577258
F104993,0.4453460645800555
F113510,0.4635631565050071
F123557,0.48065100482461487
F113962,0.40231800203917834
F105947,0.4778578874039942
F106911,0.5092064497345716
F100652,0.46927774667423394
F109685,0.4472534386983948
F116475,0.5026892289275763
F104565,0.4885453254910424
F124062,0.43030504560939636
F115932,0.40589234932997426
F109613,0.5273701383413614
F102386,0.5086178438056551
F113483,0.429109970169254
F117088,0.4858745217261791
F101277,0.5002932908077464
F124674,0.45086134888486656
F118679,0.4816211768441727
F100697,0.4656517174566831
F107785,0.4703105404262753
F109642,0.462375836982519
F119574,0.45046750611779085
F114841,0.5151231146074146
F112762,0.5390023868349708
F123792,0.39175396508338534
F107168,0.534980307624617
F120641,0.5736135680199744
F108273,0.44465536811545203
F124407,0.5151918620095502
F114604,0.5215948427915904
F102970,0.4901638920954266
F122148,0.4263257519221927
F108010,0.5202907979245284
F117610,0.5077013191382579
F100140,0.47216620191543435
F113938,0.41916865263855063
F121084,0.4773451558115185
F101060,0.5034023853958637
F108562,0.5038567178776253
F110164,0.4660063850116083
F110472,0.4867050621113942
F114543,0.43347593892646874
F122852,0.5001878441316661
F123987,0.5254033451230741
F106836,0.4543133348680953
F101754,0.39908630814956425
F113931,0.5014947843212728
F124553,0.45216488595557736
F102295,0.48904379421217603
F112168,0.4446994150738995
F119601,0.4745716693152662
F114744,0.5067436532306919
F102112,0.4322718606987414
F113311,0.4931372786434008
F101833,0.41703849760698397
F103038,0.4137311456600266
F120560,0.4174141696940491
F112035,0.4235148960069197
F111041,0.432017366294472
F106820,0.41335684876406453
F122282,0.5429107692375044
F122812,0.42107868676419047
F121959,0.4806649410641208
F111241,0.47811024890407333
F115679,0.5568078128046527
F100487,0.44111763336749854
F110726,0.4940673538255915
F117027,0.4351817168425748
F111810,0.45053972725811275
F112058,0.47781441200997965
F112471,0.47262950678539334
F103296,0.5017653717799667
F115646,0.47830637894419936
F103349,0.45786960009359334
F122192,0.46053083416941853
F107979,0.4861711074871115
F124864,0.4715394540914304
F122862,0.46465918209764095
F118545,0.4658799402502353
F123305,0.4770327913731085
F110767,0.46654331986970765
F103752,0.4269896410908291
F121115,0.43533209390085903
F109639,0.5454620002655336
F101751,0.4813795941063117
F114586,0.5222502661658567
F112250,0.43032872271783384
F108536,0.4613997944727131
F116656,0.46445252981220975
F121706,0.4389237765873101
F118536,0.5160916097656061
F105191,0.5349784620921237
F104561,0.47086140993028885
F101998,0.5334868414511573
F115774,0.41367044164507527
F115983,0.5104892992852755
F123259,0.49280675239456995
F100753,0.5547054593147412
F123982,0.4448727853946154
F116710,0.5370133017454759
F102019,0.5202975349136328
F123612,0.5019969885296117
F115548,0.45964004774118083
F114793,0.5377429751994889
F101753,0.5753086852192829
F104066,0.5426852291278886
F107166,0.47206056194622154
F104321,0.40523972398138675
F105839,0.5337680796636382
F118851,0.5274354974096531
F109929,0.4083632436254806
F118079,0.5298181671770518
F106387,0.4589402053405531
F117429,0.4264743046475556
F112211,0.43987788153469454
F101550,0.4909119620099015
F121466,0.4691351684059502
F107148,0.5250594825027353
F118450,0.4141710271583715
F111865,0.5305482099489865
F110969,0.463492126820416
F109782,0.454434005494631
F111408,0.4057477149812335
F108063,0.48615491509448266
F120971,0.5443620595419778
F123231,0.4900291901484747
F122302,0.5131291638853366
F121337,0.4656635156935877
F119311,0.40288695464444246
F124628,0.49419249037816604
F113156,0.53121435445593
F122818,0.4640903341467729
F116061,0.4463628274514946
F114676,0.4585456488176925
F105188,0.5034962844762487
F109111,0.4720378851229572
F108985,0.47339552835886417
F118123,0.4634863575031399
F116826,0.5201869881310857
F111800,0.5469693405112442
F110853,0.4615129450414655
F110615,0.5056389929017882
F107116,0.4627716082160287
F121710,0.4333413044126673
F100340,0.4734775293151553
F101311,0.48778259494648274
F106219,0.43884489383373904
F114711,0.5225778768794554
F102516,0.555420153057867
F124145,0.47444961089474946
F110628,0.5157845464696222
F104011,0.5615712965670647
F105525,0.4848584943400982
F120431,0.41791390770016135
F109437,0.5280908323139307
F120177,0.43033586631550036
F112433,0.5056015528769031
F100873,0.5355249880820173
F123892,0.43438970047850933
F100488,0.4470835155501794
F123556,0.48264203753455676
F107354,0.5596294315068177
F123503,0.5081373316706441
F119966,0.4365472193522775
F117678,0.47474379478783696
F121895,0.5745958073642876
F122053,0.4744331006403003
F112917,0.4693220280404873
F106363,0.527955752169671
F102370,0.42100074841356855
F117001,0.449026486451654
F101693,0.45319360934163677
F105339,0.45964819519410904
F107942,0.4086389072500607
F101824,0.4022140126278819
F106272,0.4660091325381348
F124074,0.43627361704655054
F106358,0.43173680652215474
F119832,0.4248615895897361
F110240,0.4535201164043997
F119296,0.5165198044272609
F109476,0.4189559747434485
F107789,0.5651155630362946
F100736,0.4984164822622727
F116588,0.47137865811518975
F122290,0.4849975823738844
F101154,0.5134530527501812
F102389,0.49871479457754503
F117811,0.42513133537172476
F111868,0.5438703617913568
F101781,0.5457352676999337
F116332,0.45375288379361
F111610,0.5095952030108973
F122095,0.5205780313185606
F109282,0.47759791551755876
F105010,0.5095849005932672
F119399,0.511077816357712
F101522,0.4773228239894274
F119679,0.46061644971974003
F122804,0.570614640924253
F108115,0.46408222741358396
F119513,0.5538767051258465
F115012,0.4981028029274815
F106658,0.5148026848472002
F119250,0.428513093144182
F118688,0.5339366268600904
F117432,0.4581434252251586
F114870,0.4432784910701133
F103602,0.4471026870615212
F101598,0.4860560540399691
F109441,0.4810515416679679
F124954,0.5109340766043449
F115780,0.40160637626159207
F122592,0.4860844968024788
F109049,0.4168941097734191
F114002,0.5153181349654967
F114251,0.42973898190796533
F117006,0.511736504870837
F115034,0.5079724981890553
F104720,0.44866472468839275
F109984,0.5652347949224636
F119430,0.5084625175911894
F105198,0.5118644948645699
F103837,0.47925607527172565
F114551,0.4579548080148165
F103104,0.42380958578147326
F120376,0.4375858975699687
F104851,0.5133768273566082
F120183,0.4805916750924427
F124885,0.5057728118596303
F102201,0.4227172463137331
F119491,0.5133232348063212
F104606,0.46504957146348247
F116372,0.4765825858071441
F119040,0.5469020169111375
F101915,0.5197215817854893
F109175,0.5064354707675425
F115685,0.4529640879518456
F111428,0.4321407018881992
F103111,0.4986001281495996
F110873,0.415895706764841
F107633,0.47730865715461807
F107787,0.5037335035404081
F117530,0.4931385904305849
F111396,0.5407430456849898
F100767,0.5447506914268548
F123768,0.5002242667040134
F119595,0.4998181931134129
F120457,0.5095459450970229
F100411,0.48453171734461464
F124692,0.490660176463874
F121841,0.48807485584630783
F120055,0.4201931020915576
F109741,0.47205620953873084
F116870,0.4944055400233871
F105897,0.4992183891471692
F111705,0.5066645683723051
F111019,0.47637283330918284
F112687,0.4403675032158539
F120794,0.45191186427001684
F108983,0.48493850229948426
F104288,0.4153164548700683
F104780,0.5489964309970438
F111451,0.5310338097427952
F101955,0.5155714627624648
F108150,0.5153457818717738
F116150,0.47941641714578165
F100183,0.5450380854705779
F117639,0.5371003935777159
F121714,0.5005083821052385
F120937,0.4920099919839102
F113890,0.3903435275770643
F108932,0.4831415660244547
F122822,0.5158928856296278
F109135,0.5144804692238178
F100552,0.5093297542089655
F101261,0.529584452991309
F100114,0.502172283478895
F117108,0.462657040838082
F123679,0.4500632747928306
F111243,0.46318106616593024
F113133,0.5508575309527259
F104645,0.4635925608718184
F105874,0.5265253279893465
F119181,0.47437810794034163
F101394,0.41523352388021584
F124488,0.4303949753027144
F116999,0.5430166079299822
F116068,0.5342915959025526
F118719,0.4319143219594379
F120589,0.5450351404256926
F116146,0.49855299170084955
F119080,0.48941146725898044
F122698,0.5171178284381066
F121018,0.46671734968874456
F123107,0.584561373480433
F122501,0.4382104645430366
F102275,0.5283693445463021
F108923,0.4260862142603513
F108770,0.5291482989087283
F118911,0.5127872041525139
F118847,0.4552424611036394
F107313,0.5013999249082854
F100472,0.45558894978783604
F101105,0.4922891677263086
F119002,0.44690149935333556
F122076,0.5500801917271433
F107518,0.5366083781428268
F101013,0.47459804518628607
F114054,0.42414197203298243
F111988,0.5778340801705203
F105303,0.5492438701879337
F118549,0.4524147150803569
F115072,0.5144135295331893
F103483,0.514486988709455
F108248,0.3987220051947524
F107192,0.4837619508740121
F104489,0.47441706812993695
F115885,0.4524337287912068
F123246,0.5397653915875633
F124020,0.49488044314625024
F106433,0.38805576598777775
F108155,0.43346204469048666
F104023,0.488181501696688
F105426,0.3967480796841577
F106140,0.5305570996248895
F120579,0.5354964661189952
F109403,0.5092689702396586
F103161,0.44867322339507004
F120903,0.4554507940963554
F114267,0.4415949488704888
F114603,0.4554547429068958
F101173,0.5318504641024585
F118312,0.44876908828779905
F112957,0.5211598112942528
F108174,0.47620915431385075
F107679,0.4876970454420698
F106552,0.48940526205808665
F123409,0.5190469591783574
F124647,0.527941557238642
F116742,0.41203021850745863
F117931,0.5077217385781605
F116665,0.4563559291967104
F115205,0.5174421346037028
F100312,0.4353106311995598
F116986,0.5016217335304691
F111842,0.4789810989022524
F124289,0.47517373398675733
F123926,0.5440938735615238
F121069,0.42754547073856586
F122330,0.4288330876668558
F102060,0.4996691984994202
F120022,0.4709556898589777
F120754,0.49531354262417626
F100793,0.38975682298673775
F103998,0.441514074849124
F118846,0.47343469555389334
F110851,0.45325776335359674
F121612,0.4758071308443941
F118155,0.5059249216983226
F108002,0.4675595779842767
F122670,0.4897011727653945
F124458,0.45309447565504246
F103392,0.5031675276026943
F114535,0.44825449350840174
F116547,0.5361493486913395
F102145,0.3953482859135721
F105687,0.45511245219171215
F109473,0.5395306779556911
F121006,0.4787046905970506
F112627,0.5696319287550791
F113522,0.39589355137395976
F118369,0.5045655999783999
F106945,0.5231414064160711
F102604,0.47802728204427886
F100080,0.48037957485955074
F111323,0.39651024124291073
F117613,0.46291966434287685
F110569,0.5025390732152526
F104756,0.39349503004772357
F118393,0.5091483023789681
F114181,0.46872588534397763
F124170,0.530791368563822
F101428,0.44994390437620047
F111588,0.4079532301734789
F117567,0.5412209576027568
F105661,0.411749569167783
F124355,0.520582723027322
F114965,0.4644662730115616
F120057,0.46397092663108747
F122212,0.43604616502990035
F116977,0.5218910500421385
F112559,0.41212063867492804
F105212,0.4518649509785077
F100954,0.5276200642455304
F121941,0.4569102679340791
F115462,0.5105331788050904
F116974,0.47394760819097925
F106977,0.4968516808741422
F113158,0.43808533071794276
F104864,0.4758599934586544
F105837,0.4268816542456414
F114309,0.49113059149660904
F114564,0.42766230302727837
F106157,0.5295294305164686
F105206,0.5334458878122965
F107052,0.4670771276218042
F107894,0.5447109470097008
F120568,0.5228803945379434
F119555,0.47203768067005636
F110716,0.4349384173475195
F112055,0.44073340862197674
F120856,0.48166550874169756
F109446,0.5558584445723429
F105342,0.4480254080662375
F112668,0.4813803346626785
F107650,0.40751444088459643
F111844,0.4167768452211138
F115697,0.44265406648735384
F112253,0.45253496693021134
F106643,0.4925462475254828
F116282,0.4666054829413548
F106165,0.44488287584680436
F120271,0.4589571352008339
F123729,0.4923775964092022
F100377,0.44032518622725414
F108642,0.3975230102972878
F112115,0.4243420143990497
F102438,0.4297854248754855
F116606,0.4439294429941612
F118051,0.404574075520558
F101272,0.43361943801614106
F122322,0.4964505582851122
F108021,0.43160067389263335
F109367,0.5092685328418824
F122111,0.5197980951601783
F112812,0.4354413714602241
F100908,0.4751950135527907
F113094,0.46441544859518247
F100501,0.47509483840417355
F118716,0.4801871815954935
F124793,0.5111259832597905
F107085,0.511766861597199
F107738,0.4251861500065003
F110914,0.4938514511745853
F117788,0.4127907760181302
F118159,0.4625991164562519
F108667,0.5160529662142684
F108071,0.4610269383569244
F103657,0.4827169637484951
F119748,0.5690158816764356
F101308,0.448189909072709
F116569,0.47768860203651003
F100038,0.47223647149546955
F112205,0.5529002241561981
F103240,0.46325414505267326
F113950,0.4498795368689036
F100517,0.46281931708144114
F118227,0.4123051482825062
F106284,0.44556872396097286
F107250,0.49009783696666215
F108987,0.49338556685091617
F115171,0.5488969366179808
F105144,0.4750594071215223
F106889,0.5195626016500519
F108820,0.5368576779250912
F117312,0.4876209048222482
F106690,0.47295496107593255
F109425,0.5102503174542338
F106041,0.527324280198894
F112476,0.4576748322011081
F117231,0.4468618822563168
F105013,0.40774972146401023
F103834,0.39103438655175815
F122912,0.4398394178140289
F124120,0.4776707670078782
F116850,0.48356439078570357
F116021,0.48716153615700114
F102974,0.4852656187659837
F119415,0.442845277970596
F106844,0.47159755696888583
F112212,0.4679387059145875
F105832,0.4006201318354111
F121947,0.41606918840059803
F101841,0.42634231230958464
F115295,0.55541489254182
F102786,0.44991861333814864
F108739,0.5056707036247892
F124052,0.4850982439438797
F112033,0.4981281670942537
F109200,0.5113194487898127
F101307,0.4733207543430227
F116142,0.5028269982328901
F116923,0.40991469789859714
F112328,0.4962325139975207
F109744,0.49784309814368843
F112901,0.49239318666334975
F100297,0.4498409346947537
F106331,0.5335192330718499
F108745,0.5015944029375816
F118987,0.49917629167477495
F109362,0.4748738506370691
F110804,0.4127576704681648
F107474,0.5181539349288757
F114558,0.4145952682822196
F116890,0.4390142321178576
F113360,0.5126297985252102
F115612,0.4979377658397767
F110049,0.4523647195705812
F108747,0.4927109079589838
F105182,0.4870181833219691
F104033,0.48525226035603175
F111015,0.5302814624941979
F115764,0.45916062425376314
F111029,0.4791283981767812
F115056,0.4469348554344006
F109302,0.46009598190739853
F122737,0.4867090410455944
F100416,0.4730482408430388
F108765,0.47210172547609097
F100382,0.47368446232471667
F119964,0.47696459468342556
F118924,0.4312952545988895
F119687,0.43178912826543137
F121773,0.46323204326242423
F103119,0.5041402696266365
F124159,0.4812667501470158
F113540,0.49704712261744266
F119690,0.44984331248608117
F124124,0.38292713972298037
F106874,0.5153375291309653
F124254,0.41593553468070904
F117206,0.4472869096391229
F116103,0.46993102810340853
F122415,0.5142139657050223
F114830,0.45785815576712435
F100470,0.46391710351404447
F119810,0.5049537495517724
F107705,0.50018085215785
F122443,0.5521514195732574
F101447,0.4895650442240471
F110636,0.4099026812625709
F118571,0.40595733905130793
F124080,0.4785069102697448
F109930,0.39837802967289343
F108900,0.5168516846729658
F116182,0.4760312261434976
F107775,0.44123345278005555
F109914,0.42503766442533986
F107440,0.47037889803979566
F111821,0.4861144045127006
F116376,0.49730994960264263
F116093,0.4103488267122487
F114477,0.47144913805962807
F107480,0.4692620567172166
F111851,0.5062542370352708
F111086,0.47112945580134
F123115,0.4158904354297879
F108151,0.4929410000181057
F105727,0.49139712091361437
F121308,0.5252043431567031
F111963,0.48347188068488317
F120189,0.483753788221694
F124354,0.4480151919122068
F106821,0.48814873047518986
F104285,0.4776748023740589
F119069,0.4667373228266506
F105983,0.4501385661053713
F100970,0.445919954977614
F112515,0.4516577239128549
F116847,0.4485067891824286
F102872,0.4875707413283922
F120378,0.537604266249622
F116531,0.44173740723450644
F109448,0.5456050801782294
F116394,0.4596014625552822
F104949,0.4870015406430993
F104022,0.46026303200773117
F109661,0.49486145039885154
F101127,0.4992799049653903
F105458,0.5190923898060995
F111359,0.49671295411526795
F104832,0.47488015012844387
F124194,0.4463789322112593
F105827,0.4558465404700963
F107425,0.5026105058276495
F102306,0.49505283317034077
F119913,0.4158698612296934
F101672,0.508694451481638
F103056,0.5122310684136543
F104382,0.4203748791152039
F118968,0.5827168396416879
F124767,0.48770228997254383
F109725,0.400285967534325
F102929,0.47305229030120255
F106360,0.46061992529915885
F115541,0.5121615085817132
F123884,0.48742102904681645
F113152,0.5166582241813311
F107913,0.40168174766154274
F109226,0.5331991356659688
F105023,0.5143316769997147
F102322,0.4842740183690177
F103788,0.49415842448185865
F107396,0.5363467747135481
F115281,0.4863092583440813
F100273,0.4869148236093197
F107970,0.41573122112646665
F120773,0.47326951442312387
F112894,0.5461435357916328
F104441,0.3962975458042583
F111676,0.48861734505344095
F113899,0.45297325700814844
F124975,0.4606151058611634
F109944,0.536292951359224
F118346,0.49428893753343656
F121350,0.4868668457252309
F107638,0.4227892473490259
F121517,0.4924767105518124
F116362,0.5377397395534143
F102513,0.5036971712054426
F119158,0.454848475265588
F119159,0.47018680023802617
F104153,0.3879309064313856
F101120,0.5156371621328681
F113681,0.4874780876164926
F121532,0.42669336146130554
F103335,0.5348295334588696
F101237,0.5594503183860389
F122458,0.43889848657360603
F120053,0.40843400659922735
F101349,0.4358130144884837
F108195,0.5035449734140904
F106115,0.489892779420786
F101981,0.4864944911613639
F102653,0.45577519443888137
F111226,0.4346474300737972
F114911,0.5054117898226572
F104370,0.5172960472532817
F103728,0.4751906352030464
F109989,0.542181050007108
F109136,0.44342144128526023
F109377,0.4022701934338241
F116367,0.4873992503532474
F121974,0.5090961040345159
F122473,0.4580434759124855
F106614,0.5081946391441582
F101124,0.44020441785395276
F115128,0.5148193473671863
F102816,0.5166155638330613
F103041,0.4438515262041881
F116138,0.4508015294314161
F117373,0.43991551388048034
F115252,0.492541004954167
F124056,0.5062875828050084
F119772,0.514021902467239
F104436,0.4883201632645482
F107423,0.481494707983843
F100095,0.4149785900423555
F100364,0.5016052249029423
F112038,0.5266218079833531
F104522,0.49033284337020777
F113109,0.45390501840919617
F110974,0.44724855931532814
F101872,0.5039221069354097
F101068,0.4578598852427242
F104709,0.4679564921012168
F120644,0.4694601557844107
F110439,0.4796568245583881
F108131,0.49238643528208786
F109717,0.397585874851893
F109622,0.514612385834085
F123571,0.45366473099161364
F102686,0.4654317405491198
F119216,0.4726989547205668
F123527,0.5420044185505992
F112500,0.40013483661041616
F120660,0.46558800328831956
F121830,0.47692895530682433
F104237,0.4338578311195411
F115190,0.5416523212774865
F118920,0.5186367608706841
F116871,0.5207834338203332
F116973,0.41517979909689245
F123010,0.5323838420188498
F114876,0.4432290978333242
F110215,0.511266064198538
F107723,0.46896584222483184
F108436,0.48340483938311196
F103074,0.5562819840437626
F114136,0.42374748452685246
F120082,0.4431474657258637
F115581,0.5275411537095737
F108293,0.49545375893119264
F115417,0.5157375139582634
F116833,0.46307577236648356
F100029,0.5229516992219272
F116985,0.44909265368105394
F111833,0.5743709910562441
F120260,0.48250290276385477
F109583,0.4721619999781964
F123693,0.4830591725415482
F115645,0.5323817681960445
F122301,0.47240480180703565
F119206,0.45370325635490766
F100826,0.4879827563617066
F111926,0.49431672616703193
F112417,0.49801503791239166
F110403,0.41130488303438484
F119140,0.5354923713693178
F104695,0.5003576207293031
F123804,0.43111192478769245
F117199,0.432821169803403
F114751,0.5023164272981233
F113662,0.548228736855598
F119786,0.4667695092959242
F109722,0.4774670327714526
F117726,0.42885418873289693
F120605,0.4049315951657102
F104546,0.5279945200960968
F119188,0.4667189449534664
F116439,0.4393238283789071
F111002,0.4447376744829343
F123070,0.4873967961310669
F106147,0.4430890442441803
F104932,0.4930570859953507
F109194,0.5113206301919629
F115531,0.5121222951491335
F105641,0.5021297708203132
F112111,0.49648510288715775
F102598,0.42103334730671893
F109342,0.41921950401044505
F118390,0.4587146143137919
F113576,0.4597824329922377
F106199,0.5187554015476625
F116290,0.5095626221664591
F107611,0.5307421934720294
F113223,0.4942831247707801
F118464,0.48978205156610954
F123013,0.4877680639506582
F120006,0.4746163582855798
F116478,0.5016605374759653
F101312,0.38123504441305334
F123042,0.4719662534732678
F100045,0.481170471660318
F113407,0.44100722605871584
F113374,0.4696840100531429
F118256,0.43186819936101023
F104208,0.40204727604254986
F120343,0.4070966662042581
F101762,0.4576989914767005
F108658,0.4342818682099755
F116339,0.458641859547812
F124368,0.44399048428214344
F103787,0.4600575700098869
F113870,0.4615177360099879
F111713,0.48521280357394847
F118677,0.5221752296295298
F104312,0.4313182893019022
F106606,0.5163467843521855
F118122,0.4958805419427695
F106599,0.5408014000342068
F109570,0.546644715516699
F113081,0.5019184122068747
F105129,0.44765044768127504
F109831,0.4420134708239759
F115161,0.4681943385547758
F122139,0.5083690592968136
F114634,0.4535078659746506
F105517,0.4636195040625829
F114407,0.5017965796125361
F109772,0.4266888717696666
F124495,0.44998136759118873
F103543,0.5733390715165764
F124747,0.47167926245107017
F119084,0.41784109446323703
F115815,0.541498443961632
F118726,0.41429950806277954
F119478,0.49021556206723554
F122521,0.408288650173022
F102328,0.5002143946450991
F100842,0.5176757093028594
F104040,0.4584981952720546
F123101,0.48126884195020436
F111886,0.46890304178983294
F101212,0.5374071834981928
F116420,0.44143995176673195
F118287,0.53245991721331
F111054,0.5400155671135601
F100706,0.557052319910336
F120788,0.44676280054669687
F106477,0.48826277770948023
F116902,0.5457697258026362
F124738,0.4477762428069952
F105208,0.5031633153195073
F117963,0.4574750592350402
F119238,0.4973306333274021
F106181,0.4584649223041457
F119735,0.4405161106219997
F122554,0.4888425096051542
F122008,0.473463176040548
F111317,0.4843558376143632
F123120,0.429217886124621
F114225,0.4521660019438164
F121985,0.46848404071562294
F110484,0.5015556479165598
F108430,0.4782047486907039
F115305,0.4324780748738241
F124268,0.4667891093363358
F119847,0.4585529857324351
F102738,0.43579859234323826
F109464,0.4586487211310986
F124522,0.524804427042153
F103969,0.4306380817091585
F109225,0.4617324918042571
F115136,0.580969130806488
F116931,0.45501211815262627
F122013,0.4328713456544901
F124436,0.49065097790114687
F104149,0.482603469035
F110606,0.45790910588817907
F124802,0.44396753173840586
F104345,0.5118021932851798
F114672,0.4210707315906873
F119848,0.5304086904528239
F103290,0.4463762786081598
F104888,0.41811296992819835
F113520,0.45370854986283526
F119168,0.45940442768776096
F104655,0.4372398319694651
F100234,0.4992322779268408
F123659,0.4840075626707716
F121306,0.39557608185222015
F122919,0.4824618166506137
F119185,0.5059936518263097
F114557,0.4451838820380797
F120068,0.5540229233086948
F110255,0.450114135966012
F114668,0.5597911153601406
F101784,0.5131342413841329
F123733,0.43440502036635575
F111087,0.5617142993189566
F108592,0.4716021137153783
F110370,0.520116166933336
F124017,0.5361333409079297
F102724,0.49293879384088934
F100722,0.48082029395344944
F119291,0.5159214630749084
F104360,0.5611219651736801
F120415,0.46867304284774336
F104816,0.520650087103024
F111397,0.49026579561672423
F112336,0.5220374619499543
F110568,0.42594201236242546
F106576,0.46997674354916363
F100151,0.3934320350463399
F110197,0.5303429971001106
F109336,0.46610535902309824
F124798,0.49551149624960206
F100162,0.4930284839969499
F101699,0.45447970556421136
F112645,0.45038958472532353
F112829,0.519547684447467
F103331,0.45473618807995353
F120328,0.4413987612278303
F104367,0.48624759330499506
F114200,0.5275941310974332
F104673,0.47778452275054273
F122029,0.46862713601718464
F101404,0.4574256851617443
F109571,0.4736329202634695
F117648,0.5409128916928951
F123171,0.4894618821067376
F106429,0.5153062737061886
F119641,0.3895150911997255
F100178,0.47967713157949465
F117139,0.4180180418640689
F109205,0.4114572576049911
F123893,0.4352200977003484
F100733,0.48359402581359895
F105491,0.4256380297378952
F110633,0.474197847787285
F116553,0.46262056339229596
F105633,0.5118445190574186
F116134,0.4202110004183667
F121291,0.519604635452104
F107773,0.43862953705707786
F108088,0.46746029002068235
F112707,0.5051652203990883
F109569,0.4812917160013766
F120566,0.4451871228245845
F123968,0.4899113826113476
F123283,0.4876683862420675
F121506,0.4665608705818208
F118573,0.49429813610461254
F124881,0.43508926452189844
F103023,0.4206338673771546
F121534,0.5226190491276206
F114154,0.5210057996266372
F122007,0.4203223912204796
F104670,0.4722332823398288
F109248,0.4918479707277448
F110905,0.5024215954065822
F117212,0.5301827485738819
F121030,0.49783277514644975
F113457,0.4425431387054466
F109021,0.44277948157707053
F104306,0.46211130883009055
F107503,0.5193603971766377
F119787,0.4721768199833881
F109176,0.5049935256515483
F119859,0.5212355101040949
F123185,0.431066797442352
F117230,0.4748647342448805
F116635,0.4657317268892168
F111519,0.5605672883301385
F104098,0.45002932534320805
F118801,0.4590581235933599
F116581,0.5175843144536911
F101213,0.48776956983988284
F124269,0.4617800113839111
F106830,0.4124556965381607
F104895,0.46777626871822425
F114121,0.43399115259539245
F105776,0.4261379365073866
F119536,0.4105322949667002
F122474,0.557546498734246
F111688,0.4840702916700099
F107540,0.5416549376516946
F112403,0.44018562517060633
F105677,0.5279976089057888
F124624,0.40311175319963233
F112912,0.3899549416925664
F108372,0.4531254011186332
F120719,0.4086609357525659
F104378,0.5508163014520805
F104813,0.4971923947711646
F116535,0.5316622598822935
F111736,0.5332661260318552
F106479,0.5405977369591771
F103242,0.41700784519114353
F107847,0.48881881309662273
F103745,0.4180691692004538
F118429,0.42688304870771326
F113004,0.4500440177039214
F119726,0.46689307543067476
F123790,0.4025786780164037
F100034,0.5459382291648437
F120440,0.4578723702429916
F120180,0.42945768680519325
F103656,0.4788067906244756
F112455,0.46134736282059674
F114722,0.4622746373098253
F112118,0.5205431374755997
F113876,0.5134617200175582
F118160,0.5156161140861849
F107376,0.5109340051993144
F116340,0.44393473032363673
F122412,0.5570808969513508
F115761,0.46532783519267695
F115139,0.40132188876789526
F119614,0.4240518084403727
F103980,0.4783017064803262
F117948,0.4434252544334786
F114958,0.47656540205364306
F116637,0.4806516053637779
F104803,0.49300954111908823
F109432,0.47331141847584957
F113672,0.4616333661797042
F109842,0.5604298141741539
F108896,0.3907146719346182
F107375,0.5016357035980163
F123387,0.40348744901238204
F109033,0.42966596475973495
F124376,0.4444282691383076
F115318,0.48726161368219206
F119660,0.4974205262781467
F121151,0.5032902684391496
F120631,0.5042501221576982
F114549,0.46638016160338824
F101564,0.4711980061109418
F124619,0.5104556571690964
F116778,0.4421904493196075
F101453,0.52986970965347
F120928,0.49181105447274687
F114264,0.41093616234382657
F112329,0.4233346874640359
F101843,0.47654989534462366
F106051,0.4670299180150459
F115673,0.5097529427473917
F121338,0.5109394932448575
F102169,0.4561279733659156
F119965,0.5126873567166014
F112596,0.4584598413008023
F108499,0.43078977759637016
F115880,0.4345525786705042
F123734,0.47626634344628827
F107446,0.4677196187372517
F117816,0.413346732941809
F105036,0.47110751944429585
F114356,0.4476401478253321
F104341,0.5011359967949325
F120665,0.4108738721284122
F117856,0.4988910790217762
F114709,0.5002662832642208
F114293,0.46048804691669193
F104545,0.5133395788984804
F120020,0.42923413640695585
F116643,0.47674160283654543
F112763,0.5020842248546233
F106407,0.4833550464733221
F104724,0.4981402123073407
F118714,0.40112976517128673
F124702,0.4872930516123327
F117532,0.48657050464790935
F111065,0.5558127444615246
F101010,0.47163180990076525
F106494,0.4621898523318817
F117477,0.4919590466086605
F100685,0.41566907905583605
F118386,0.44509322139726215
F119360,0.444236059477794
F105237,0.4797649119859365
F110277,0.4841081899132984
F111872,0.539023409425057
F106074,0.4602511756900248
F117047,0.440518086614291
F121491,0.4478528730863732
F121176,0.4976775413496186
F111292,0.452749497574453
F123267,0.5514962373636558
F109498,0.4756123094540945
F118709,0.4605915070434015
F103696,0.4203466750269947
F116806,0.4575483456197432
F120702,0.4358514742747316
F104260,0.4440287738313873
F109515,0.45084689203147565
F121169,0.4841979130482711
F113126,0.4297502132627584
F110555,0.42694379766049184
F111033,0.4640039106129089
F107429,0.45520950792832554
F109347,0.45809093281519275
F105088,0.5367754966903404
F101848,0.4035222485635356
F109353,0.493854202630279
F119003,0.5129698517409593
F102969,0.45899137729999995
F122274,0.5322876826572615
F104854,0.4517727329165585
F117822,0.5735291916189154
F107891,0.39406606839265473
F105037,0.49115373049831
F112575,0.44670417013507546
F114509,0.46248850788826124
F106600,0.4574334709128369
F109291,0.4962715167729089
F100317,0.42757925157366833
F110155,0.5128751172533436
F106033,0.5233973193815052
F108058,0.4661832377839406
F100261,0.6139029808253326
F124396,0.4554176132929393
F118697,0.531136374861672
F102451,0.4725683253525329
F102538,0.48136468188674975
F111894,0.4882629272663123
F121146,0.47047025759643324
F119246,0.46245954155300906
F106764,0.45733619240708867
F117322,0.514509823515895
F115755,0.4930491518226189
F113605,0.4276963572166224
F102710,0.42280931576892483
F119391,0.4122384093422645
F123996,0.5282738182797937
F111637,0.4407886738955122
F115162,0.4998756199618115
F107792,0.4845083757684917
F123145,0.50597351012112
F114613,0.44908227988651284
F123044,0.386806495784249
F106749,0.46026157491453124
F100836,0.40971043850709177
F114598,0.47170205310996005
F107653,0.4254178293376048
F116849,0.46775276309913416
F108605,0.4616313368158341
F107383,0.41586771931387106
F123911,0.39260264172657794
F111184,0.5098327731144414
F110214,0.4943286627441884
F123822,0.471478970652774
F112193,0.5182098791164594
F120841,0.49975845426125093
F117956,0.46501944699007336
F124877,0.4909973749397898
F100062,0.4602391765465341
F101837,0.4718346029376338
F123424,0.489083608778217
F120509,0.4726303458644445
F120729,0.45173489710382625
F108163,0.46208899291307026
F110580,0.5370339970759324
F102803,0.4483712479842762
F122612,0.48922734813334456
F104600,0.45661007722577335
F113106,0.47336482022297904
F101545,0.43333775781107353
F121559,0.5218308834739137
F104337,0.5272934480516894
F122298,0.40892634711273107
F118818,0.4481269408939436
F121191,0.4274395923955283
F110094,0.4325006381270662
F117833,0.5664452453602413
F118565,0.45032944935271363
F105137,0.44184655585768695
F102304,0.4679117302433522
F101992,0.5026170084143284
F105940,0.42114487254543354
F120312,0.4751664030656685
F122523,0.5185526953057707
F105644,0.4090702149320208
F114930,0.4603316857689277
F102055,0.4930897971741312
F101865,0.457809790651894
F113006,0.5366556861482228
F111517,0.41928161246140083
F107205,0.4090655887791915
F100281,0.4439579039814576
F106249,0.4060526994466349
F101795,0.5131085862119159
F123338,0.4363327117111777
F100417,0.46223858158059217
F107552,0.41509016482680294
F100421,0.4096151957784018
F122717,0.4519176818873526
F110029,0.4711733315859302
F116213,0.47707165019879383
F120203,0.4867902238921942
F121400,0.5329099347228599
F102410,0.4655620799382234
F113164,0.5905273540136872
F112430,0.5484966921064065
F110772,0.4132948370514093
F107726,0.4839928647522065
F115940,0.40401044403430764
F102875,0.4911439355533759
F119355,0.4301058586467901
F113306,0.4905352811395308
F105384,0.46689062945646964
F123072,0.43961895999408473
F109979,0.43834251358398313
F113891,0.4918122248946701
F109099,0.551453903104205
F108435,0.4219724816764564
F123416,0.49740300907210333
F101919,0.4825509518315739
F101766,0.5071933613555627
F115238,0.5232483644700991
F119887,0.5420364058593437
F118656,0.5218843696268574
F111062,0.4877090989976718
F124530,0.45126808853303135
F107975,0.59257879174055
F104548,0.5165569307941876
F110843,0.5397996116056233
F110256,0.47495849653369066
F109074,0.43451306101733655
F124484,0.4238443882566493
F120196,0.4498321896632454
F104294,0.5216209626292753
F107467,0.45003708762255895
F120244,0.48665752018552055
F123187,0.44349046680511484
F112771,0.5677305716234793
F117023,0.4163664128981763
F119213,0.45590341846590954
F113098,0.488832893139681
F116855,0.5340927151930204
F101306,0.444290952590469
F100909,0.5144061355062988
F114368,0.48441871453236596
F114371,0.45208962972757705
F120980,0.4774968632286949
F118550,0.46648208261321
F104843,0.4604215245476403
F118498,0.5505451774436733
F104761,0.4292102861135556
F113347,0.5308122917543614
F110363,0.41296826918956264
F102342,0.4823053821788968
F102609,0.5852374913463214
F114479,0.4526983150201159
F108351,0.4464627121370573
F112614,0.4749511026126008
F112204,0.5937596154586975
F119447,0.49975808132699107
F109298,0.47640133981492006
F116652,0.5190252368421311
F119068,0.47817581097727635
F105089,0.436844101932342
F101636,0.5112864330247809
F106619,0.5004092334653838
F118108,0.48310246404306384
F112851,0.43443628080210067
F115111,0.5132984131555387
F111622,0.48712448702166583
F108793,0.5034265122630678
F118800,0.4935316367347572
F115275,0.4636131811483312
F102362,0.531341400069414
F107284,0.5040076005172097
F120471,0.5064203269442888
F123050,0.5080456744533574
F119940,0.4360834988865603
F121582,0.4267852486833108
F114972,0.43905077098399675
F108065,0.5333179403606797
F120580,0.4412957740142782
F114945,0.4941520105762178
F102408,0.5184738291666176
F110431,0.4812750050051517
F103669,0.4902594970482652
F123781,0.5676797176605134
F115715,0.49965344223715863
F108380,0.5138847976507757
F106089,0.4188729761437805
F113793,0.42081008988330004
F103269,0.45628594090490276
F110531,0.452005786660181
F103529,0.49927162641804457
F109149,0.5030450061829203
F117568,0.5065694338966651
F122152,0.45603174479456643
F106396,0.5042597327255897
F101797,0.45485717989952296
F112318,0.48556303831139896
F103122,0.4863135961464635
F124064,0.4751958440671933
F118639,0.5455920709577544
F115913,0.4554320340741195
F109873,0.5132783635916008
F120091,0.4581252330630956
F112609,0.40840365628829295
F114961,0.5183047900337804
F119734,0.47799065389010087
F114566,0.4861390499709364
F117003,0.46846144915031634
F105055,0.463335331894448
F102011,0.5143385616396478
F100934,0.4588364571458712
F111696,0.46208682692279024
F108316,0.42813846632049213
F115710,0.4836524022453937
F108210,0.4522626202437423
F101403,0.45611206614127436
F114763,0.42234524150794306
F103191,0.5337161740674455
F112148,0.5383288649143356
F112365,0.4866778623223258
F110678,0.5322363274171383
F108746,0.4624324863146967
F124293,0.4420425638361567
F109222,0.4887514577070575
F103183,0.4117930449163469
F101183,0.4986858405094189
F107095,0.5539709245407997
F110704,0.49072049771491577
F122267,0.5818673133058664
F101657,0.46105453740858116
F106951,0.5025039728962084
F124399,0.5203648187134294
F112526,0.5057444575654751
F119013,0.4935368895097456
F117862,0.5230046750498538
F122016,0.47620261832355243
F119088,0.41228283259019366
F107519,0.47080905055519373
F122224,0.4989344001259607
F114056,0.4463940921054271
F106801,0.47451884333562194
F110016,0.4778783827995733
F111578,0.4832050825736949
F113671,0.5118969366609557
F100966,0.3954080600930282
F121428,0.48113585997264896
F123633,0.4972305950795747
F102981,0.4468567199234907
F108192,0.4880756947670375
F106415,0.4418699924810057
F105420,0.468899797997704
F102891,0.3722060075795144
F112864,0.5324289596083249
F119796,0.4871220902419595
F122286,0.523518335713856
F111968,0.448023689055808
F119271,0.4794452037473426
F121319,0.5623324577201985
F122989,0.43124448174744534
F110587,0.5392927188261748
F119835,0.5015278202574202
F113804,0.5386371511888332
F120608,0.47974475551003753
F100063,0.4407199703735717
F111602,0.3925211948830303
F107242,0.41250880039567955
F111447,0.4231373713052801
F106101,0.4472669824657086
F120610,0.4708792437319642
F111823,0.5006910009992053
F110848,0.4711959012758353
F104147,0.5540871120748504
F120801,0.47738504680953614
F108269,0.5295004885089338
F122035,0.4931799536520215
F102387,0.4526971023283065
F124608,0.4537508864887516
F117790,0.5434487460297375
F104029,0.4702034627369789
F115235,0.4961219943050338
F110891,0.42919284103404653
F122291,0.43207246947108635
F114721,0.46853992258638066
F109328,0.43495147303664183
F107995,0.5204074325863703
F121056,0.4764087466517506
F111933,0.4706322314962266
F117608,0.3889496963980247
F107155,0.4532856511451998
F108926,0.5142861229642617
F106237,0.44197831637254265
F112467,0.4321985093476548
F117632,0.40018691816822166
F101380,0.4758902600538184
F101621,0.4246610762960531
F115108,0.47124085117265535
F122264,0.5073357736847192
F100303,0.5093128057781626
F105445,0.5291621170195551
F102267,0.4575129031634714
F119046,0.5362007790676164
F122308,0.4621880522299438
F107153,0.5242017804238832
F117843,0.4806620941064922
F101910,0.43124926989683365
F114196,0.5513807305254724
F105769,0.49209775550346724
F119541,0.45958291721467787
F114088,0.47386788497542864
F115915,0.487375408130272
F119736,0.4966212122422249
F111740,0.4662588042569162
F114594,0.495029578404562
F116558,0.4674540554489275
F113078,0.49713182429460856
F100369,0.516973498694427
F110194,0.49220890496950775
F105193,0.4380278350416485
F124542,0.5070414180133975
F104589,0.42003645025020314
F104361,0.4025610180888002
F116568,0.48739707142565414
F117695,0.4860753503152084
F104183,0.44713079591687377
F103675,0.4341059451916349
F102368,0.4500392795125905
F113625,0.5526350603321953
F118503,0.47121547529431884
F122740,0.44692125529916926
F106321,0.4953171092938261
F110321,0.4951588317304915
F103934,0.50443804154256
F121797,0.4844409476758975
F102651,0.4698537106649959
F120766,0.589055023330089
F118858,0.49592793702243565
F104815,0.4856421696387839
F115827,0.4989827171810175
F101686,0.4596157823247442
F114701,0.4595060816790898
F114078,0.5151091461086323
F117801,0.5116194318270405
F122684,0.461861854230301
F123855,0.4313175191497672
F108565,0.5569689024422282
F114810,0.4573424168853626
F105579,0.4327657074545988
F106859,0.48747927159841264
F105364,0.5026525743099978
F116307,0.4024289522789538
F121889,0.46827651602728976
F122442,0.44404809841433535
F123936,0.528594201764946
F121631,0.5076930262766657
F117055,0.48854954228799563
F109654,0.498588046651784
F124546,0.47764047114803404
F113811,0.41365260159166617
F118936,0.47653978598169133
F124526,0.3903616279071813
F116075,0.42959891387582444
F117880,0.4374012252297199
F100117,0.551087060132128
F101966,0.5291127380560151
F114404,0.5719454386839875
F115372,0.49232762310094813
F109898,0.5028503036638945
F113034,0.49323605087573463
F111045,0.45620532497884947
F109096,0.4985629621728653
F108596,0.42410063987832347
F119689,0.5098483578943329
F102311,0.4168700033820611
F108047,0.48750939785806674
F116621,0.5368452219280914
F101279,0.5270665422373741
F102314,0.4678768916116445
F122908,0.45503571033433954
F109229,0.4458375097116807
F111778,0.4457631302739694
F124529,0.44359284964794843
F101674,0.4768551183747578
F110878,0.5387564860911503
F101942,0.467717927450362
F100662,0.4698302966840955
F114234,0.4039284957681374
F119443,0.5131871853685307
F116400,0.5069334458336056
F106975,0.4309588708021419
F102758,0.44794822573807036
F109727,0.43866119757070604
F107258,0.4768331378647277
F102979,0.3995525287469984
F115578,0.5151432231925758
F107711,0.44320056406565955
F103091,0.5449799623662723
F117680,0.44885730972844995
F101508,0.4396765800443242
F115284,0.49021851638883795
F109277,0.4451492509043223
F107648,0.5042557945542653
F102072,0.5022585340641639
F110092,0.46647809472654483
F116611,0.49563130787454
F103080,0.45794102264300485
F101913,0.49571306472076815
F122131,0.5229921930680728
F124057,0.496861552306322
F112930,0.5382370908826611
F105262,0.42740302388035845
F117660,0.5310022600468414
F102962,0.5172612450726536
F110450,0.5469370421118778
F117292,0.45836115105363595
F100124,0.455029609517439
F107355,0.41939800877786937
F100676,0.4917927772320997
F118568,0.45007598272828314
F121315,0.408266915005779
F105243,0.5212933809312524
F115486,0.49951292041905027
F105536,0.41130400131720335
F122476,0.4536604869558216
F114635,0.497247590503675
F114860,0.4601810954411508
F120946,0.5053137170480989
F107566,0.5132462069618455
F113521,0.4538318355417837
F106032,0.43424128370134224
F100430,0.4868607724456656
F108705,0.46985958948041656
F114616,0.5188810044123232
F117673,0.5245765821279968
F111701,0.4576852983219406
F120700,0.44521917571515573
F123090,0.43473114754603503
F115296,0.47818509060870973
F119856,0.463292479482065
F105403,0.5311789875560776
F102948,0.5498101382429514
F119484,0.508011057887782
F111890,0.4347348855450577
F120961,0.43770391451686863
F103322,0.5194153732012089
F101204,0.4294241298806831
F100381,0.5530802365216808
F111363,0.43498658626088654
F108761,0.46983697684591014
F106107,0.4702642702683364
F101048,0.5549584386951757
F113832,0.4891595877645024
F103620,0.4924963376562086
F120874,0.43558518426750903
F108396,0.46860912987958037
F103921,0.4999778194230492
F114217,0.5201630279327087
F118553,0.49425298881810564
F102942,0.4603202488478703
F111745,0.4484901185429975
F124294,0.5070343217118422
F117821,0.545870869221998
F102501,0.5046325345967091
F121007,0.4838335625631077
F109120,0.5050805276148309
F124906,0.5175871743316424
F110934,0.49993564336556073
F103892,0.5020490130979725
F101988,0.38687560098903667
F117297,0.44143007519566885
F103333,0.4620089756714294
F124532,0.5882564559457623
F110317,0.475408611546832
F101326,0.5336828441250936
F123640,0.5431022205930233
F122450,0.5120002513864511
F121658,0.5308262051667535
F105792,0.4707683453078846
F104454,0.4392494784571375
F120705,0.4910894672740567
F111750,0.4855650938278041
F109324,0.4930600121930309
F106103,0.416390580712924
F107508,0.4912353269718854
F116292,0.4175329371761664
F110812,0.5177599963284049
F118252,0.5003161035116159
F110876,0.48440529155394213
F115199,0.5240943480944937
F111179,0.49665880456170086
F124475,0.45378293066914066
F103147,0.428457503033673
F100344,0.4886510577754757
F116474,0.510748139338195
F109615,0.43553173887301944
F108437,0.46699289644757114
F107824,0.4752188255029807
F122006,0.40942683623857984
F112927,0.4848079276572209
F112746,0.44926725799966294
F110474,0.49149455781830864
F124709,0.503257144237717
F115106,0.47259889523157816
F123513,0.4606102344639557
F118216,0.5156562767991669
F112998,0.5039667319243245
F105529,0.47583590817574295
F108501,0.4437910428208013
F108282,0.4803114874781637
F113583,0.42144896315532465
F100574,0.4627052905261305
F118499,0.5417225978606243
F109104,0.4960442018014044
F122637,0.5203607285522108
F122437,0.531446277029868
F124901,0.48538119618798026
F106283,0.4849161980113107
F110003,0.4204724284776622
F124217,0.44726089882849074
F101199,0.4726616704709822
F102781,0.4678563705070994
F110469,0.5004411460717161
F109133,0.5111912133391879
F124950,0.5385566784633731
F120339,0.4747789529662919
F105887,0.5165386036494076
F112225,0.4616609683168592
F107370,0.40867261559434076
F103559,0.44572513484548815
F107478,0.4297796943344896
F104308,0.42088586898410973
F104732,0.5198455596997051
F115187,0.47323745074029944
F118012,0.5105334520513185
F117228,0.5052408826954633
F116614,0.46348656137038396
F107910,0.43550788733528795
F116998,0.4167595238070362
F115046,0.4783756523533367
F110361,0.44175602363455074
F118665,0.4312066188244282
F109652,0.46241567180601545
F114497,0.44711767736038976
F104957,0.5541984381461029
F101949,0.5247732707469852
F123522,0.4068237504151308
F117038,0.47232301080716843
F102234,0.5230418208454112
F116997,0.5351721223491286
F107715,0.5540958865843479
F106209,0.45087493242329557
F114631,0.41815007401277743
F111047,0.45492301837100924
F107722,0.5238640662747295
F123629,0.49733763447361623
F105307,0.548409034302126
F100276,0.43764323003384054
F120474,0.5448326187408704
F114160,0.41558400525423356
F110975,0.461957626444368
F118874,0.4429512016382724
F104088,0.5737198808483004
F100779,0.4428726256217582
F109610,0.485464823620799
F102568,0.5127968069459166
F122318,0.4829860471618515
F107513,0.434107537305983
F121989,0.48652892462030284
F105505,0.5220397137961083
F116533,0.43638883000161044
F106849,0.39952221162385926
F106802,0.48109784844058834
F124883,0.5134653488051608
F103571,0.5367990057732692
F112567,0.47018348875041993
F113994,0.47775288606191096
F122663,0.4647032152012104
F122659,0.42160332160837155
F108701,0.4175308857344407
F102880,0.3789885600104408
F108569,0.5398293948901309
F121717,0.416324725546921
F109974,0.4981003156634579
F120370,0.4470405703432393
F117473,0.3827213512042096
F112693,0.47983739321102475
F105000,0.4427310360422359
F100285,0.5156813771406434
F114122,0.4654669142792832
F105751,0.4543668071796565
F107788,0.47234977999474304
F115467,0.42899806321178374
F102622,0.43630931260546424
F107899,0.39483025850561715
F102079,0.5342980484030098
F109416,0.4556476283857106
F104238,0.43750255501202306
F100461,0.5001047483251312
F112622,0.48418479216680843
F110160,0.4630151346345472
F112915,0.5088646277610809
F114018,0.4183281984207392
F113896,0.47691626353987016
F120170,0.4733406981684454
F113854,0.4579111831127559
F103818,0.513189186329017
F106810,0.4136641449738536
F113124,0.46203137656214743
F100838,0.5355912571149395
F102996,0.4735313288941277
F115842,0.5221879870049618
F114888,0.48463288323143494
F101293,0.46721488293080965
F115443,0.5524874097132549
F107521,0.49567662464751083
F115413,0.5197188559316679
F114250,0.4845360950597901
F118786,0.5363259536852683
F122254,0.5115879181127474
F121689,0.4519406921774525
F117848,0.495378978307913
F100852,0.4266226407247745
F122845,0.5044661645558144
F123435,0.4861760793354927
F111311,0.48584853182603305
F115693,0.4179445593731715
F114977,0.4555906637636479
F104897,0.5073152855844071
F104821,0.47063029798702427
F114993,0.5317112687390061
F100904,0.4183594882829119
F103244,0.5249440000229337
F107784,0.44156624852896764
F112491,0.46953956337730285
F116895,0.46440423355036353
F100545,0.48755499231543103
F104812,0.49952992616930336
F107098,0.43137384390152805
F124363,0.4679379961371437
F116584,0.47355957940104515
F107171,0.5152113672092965
F122313,0.4815569478375946
F106383,0.4653311856616254
F104226,0.514808190854032
F115928,0.39148218735721135
F121080,0.5242840044834857
F124138,0.4800698392839191
F112198,0.43546481466057524
F103361,0.47365933055530784
F114204,0.5129332083705039
F117323,0.4384258703097998
F108519,0.5082498999035473
F116883,0.47401786693882475
F112759,0.4463015584742632
F111901,0.48556255349302835
F120650,0.46343994195821936
F103826,0.5009210052905891
F112527,0.4200062670159592
F122498,0.42755726102097097
F124072,0.5094168046544145
F103159,0.5008446072309648
F108242,0.4878583098239899
F119219,0.5014013914601695
F120620,0.4733691148136744
F116601,0.4889138357970071
F112813,0.4686621527919175
F121489,0.49290217760807165
F112435,0.4443221964491181
F113841,0.4574215336613918
F106438,0.45107527264868114
F119840,0.4826656504758482
F114199,0.4279096030600985
F111612,0.5004377663443811
F117617,0.458875104003862
F121901,0.43565470763476977
F108459,0.5470862946421136
F124668,0.49056741300871404
F118354,0.45500591209238855
F100578,0.42418693761123805
F104874,0.47786494361774606
F108094,0.48396978982986927
F119640,0.47934972299229517
F121313,0.41985669170664797
F108467,0.5366993007462538
F121072,0.46906053298528616
F113024,0.5133627943998479
F118961,0.40187006738574726
F112331,0.4750789665666113
F111393,0.416513220107311
F118824,0.4270780335512122
F104630,0.4415459293837088
F119694,0.4503781585293866
F115168,0.5946845361019079
F113160,0.47213007478309466
F112047,0.49482723916034294
F119427,0.46828898901869553
F101595,0.4763421353151296
F109179,0.5188707087836509
F100275,0.4364923937653086
F111079,0.47755771138280445
F109465,0.4433560964032053
F112919,0.48812133278298825
F124460,0.42068848113399965
F115813,0.5193169722158257
F121070,0.43251230286777
F105662,0.45708390890547695
F109958,0.48133108103885747
F114149,0.4312808060702152
F114380,0.4295476744071178
F111485,0.4777542390607401
F101685,0.5197750386201928
F117721,0.4183586950523064
F107967,0.468179258824946
F119972,0.49603980409230564
F122321,0.5258270493069095
F100012,0.44583803033845704
F119093,0.5234708468792664
F100667,0.4619606799963177
F110167,0.4287477380976599
F123985,0.5093721428984398
F123465,0.5336743427377123
F123655,0.3986274122228499
F124835,0.4445318824591613
F103445,0.43991568345035065
F115195,0.4866389113026486
F120478,0.44637449491598497
F101017,0.5244077565887315
F124732,0.5122883791131542
F110965,0.47528277588533036
F118844,0.5612004109894693
F107954,0.4353117031002023
F111156,0.45365729512280695
F100623,0.4969721953899361
F104855,0.5444273796577788
F119661,0.47558233710964803
F100599,0.4427652544084838
F103358,0.5426125412613947
F107994,0.540859560188067
F117248,0.4722017821422354
F103476,0.5037406071289574
F102399,0.5077418709292486
F119623,0.47708734680405934
F111593,0.5125703239721333
F122377,0.560249000161905
F120253,0.44601762082193686
F122347,0.510190115641742
F124561,0.5325426982091879
F108281,0.4277751166590363
F106031,0.5223865874273887
F112641,0.47390139473806575
F114279,0.4618006882405814
F114552,0.4684285496967097
F113767,0.4425552340028763
F114432,0.5271205288938091
F106840,0.5184024745818143
F107323,0.4867931332715072
F115626,0.43174565334832515
F109540,0.5119095238870424
F114980,0.5034198447967564
F118205,0.49178294885958485
F124755,0.42343689482407365
F115152,0.5295891131766792
F101796,0.42260771394499486
F113981,0.4968841214583977
F112050,0.5067464101480804
F119564,0.3928425611508969
F116438,0.5801444496855588
F109893,0.5127278113756651
F106047,0.532957695176152
F102657,0.4570010990048271
F111568,0.46567349376982337
F121907,0.4908022729491362
F124040,0.4385705941568494
F109261,0.43045730188230447
F112642,0.4796644572168238
F105759,0.4831694268022626
F120095,0.4396689055026333
F118721,0.5100019489871693
F123330,0.43425327042724005
F123851,0.4587298478722439
F124150,0.5201554515647651
F114705,0.5367702955903139
F101299,0.4203660104429233
F124749,0.42168477503273083
F115566,0.5732006794596013
F104414,0.47615572511320703
F103154,0.433616368386313
F117644,0.44334021003501833
F117213,0.4631095012516756
F103504,0.5853116932438401
F109589,0.4090135371262515
F123196,0.4233205107786165
F119529,0.4669309854567095
F116689,0.5122322452033985
F106997,0.43759410740926297
F107128,0.4473934707674869
F116356,0.5383318945937354
F104563,0.5126580497848232
F114657,0.42544199571954955
F115824,0.4219053073637956
F110572,0.46083754984729786
F115702,0.5238219300404239
F122399,0.43849972593432435
F110201,0.4641401102770629
F102157,0.5175422735983781
F109472,0.4725194050391369
F103211,0.553654974196441
F122265,0.4753161756454888
F102927,0.5185042917286494
F111582,0.43601536321911066
F121411,0.4825316731113151
F114336,0.4747997532649766
F107007,0.42890067913157576
F111569,0.5098681028595295
F105846,0.40595183516168243
F101168,0.4922611922705945
F115923,0.5030697231306451
F102593,0.41291664712888376
F113640,0.4158121287113871
F121066,0.4269933332085849
F124919,0.4565521364785964
F114084,0.4883636103599649
F106809,0.414942565437748
F104024,0.47630213245662856
F105616,0.4456666864770364
F111082,0.4290188272671548
F105244,0.4633948870274862
F111099,0.4669856019746471
F109961,0.47083827548452717
F103033,0.4683506892819713
F102794,0.5201045104145172
F112356,0.48633900345767506
F113831,0.4600616339135795
F104280,0.4659744571023715
F109521,0.4228077403855371
F123888,0.5092289066058827
F112485,0.3957367852037208
F109273,0.4806428463152215
F118391,0.43913930030317383
F103822,0.42216816750815767
F100116,0.5640882934026679
F113084,0.4890634690150963
F107233,0.4929216270727642
F107585,0.44980750926291907
F117529,0.48810541100566013
F121589,0.5431481352344615
F103116,0.48372683324211285
F122459,0.5090967755575171
F107724,0.43463731589567156
F117749,0.520803876913142
F116278,0.4601490378927595
F101629,0.4647233589550552
F101577,0.48117151884177617
F120763,0.4958024379396314
F112218,0.4670894574023482
F108583,0.46034767177137526
F103258,0.4694979343153693
F100848,0.48723504095482073
F122727,0.49058792695866316
F117009,0.48198641167840695
F118990,0.5174324501134695
F104102,0.4516595890219538
F115599,0.45403786376231897
F118788,0.4626918789290544
F112935,0.45686252910669617
F118331,0.4831371776061583
F114359,0.4879576255467343
F100246,0.4051010905687725
F116622,0.4558536267722348
F108938,0.4876369924984253
F104396,0.49364842238751305
F117056,0.4587612543574491
F123896,0.5285953645811865
F120726,0.4435998866055522
F121823,0.44791665170617867
F113548,0.44442474522249276
F120616,0.46059187385468703
F116391,0.4559193887212016
F113049,0.5271091446701263
F113818,0.44265000625669687
F110072,0.42438480612545304
F109588,0.45544263742871643
F115906,0.4607907584447182
F120576,0.5150434270297211
F118413,0.5586580877872602
F113174,0.5023932681469566
F108700,0.49379438089168737
F120069,0.5216921183306757
F117480,0.5105881656266632
F117064,0.42215492724500636
F112404,0.4370583032882207
F112863,0.46346017012913887
F103935,0.5513407318691006
F124344,0.5195066995272501
F118087,0.4808317371112184
F107237,0.4692902952674889
F113866,0.5029862183827518
F120676,0.43922936665758927
F106787,0.516164227509668
F105649,0.49006518459533954
F124100,0.4432485013447137
F115945,0.47493547274883474
F100441,0.5169244774633748
F102525,0.49301295504518833
F122088,0.49253497975314403
F118867,0.44675400068658244
F107232,0.3873067937954855
F102769,0.5210339379436585
F110807,0.4889512093231366
F100438,0.5150464785541865
F121910,0.48000755381532867
F111480,0.5384289997702287
F123340,0.4658072890017372
F103042,0.49439856301080304
F107596,0.4643511542263634
F115776,0.4848460723696635
F102502,0.49106077496426404
F111318,0.5399753153519278
F112062,0.5513996410726313
F124792,0.46484938462831127
F122966,0.4479717367097733
F110465,0.4568257360906398
F116038,0.5347821186548827
F102188,0.4625367198261385
F122326,0.42043266869036966
F114610,0.4869375043884261
F112674,0.4430927836905728
F113381,0.46227040133122105
F115351,0.47586431679132746
F100891,0.39160490758586236
F112199,0.46123508471878555
F119698,0.3956160961892705
F123440,0.44619385663354044
F101164,0.5011393779161168
F108790,0.3773972090296817
F109130,0.4908119730198638
F123152,0.5169633726647991
F101544,0.42458191455567673
F103474,0.527256959329171
F109574,0.5299303972017151
F121431,0.5005675235453309
F114966,0.5275403193113509
F119928,0.45654616188434016
F113901,0.430433305556679
F100133,0.5519327655607241
F114828,0.4388892665238057
F115554,0.48366024456519374
F105903,0.5565920982767354
F123392,0.4528556766612005
F109145,0.5074640421813772
F105656,0.49132869730149786
F111280,0.5300833822021701
F107504,0.42716376471240075
F105564,0.4461861218849902
F106909,0.4707246907185558
F116486,0.5207866765261732
F124281,0.4881782837360119
F111436,0.49493705800081444
F123782,0.4697248763401411
F107371,0.514853486759046
F115651,0.4399244085408123
F116494,0.5005434102822574
F108845,0.39231249140088165
F115890,0.455027224323298
F119552,0.5615439142115537
F111516,0.5481586973051956
F112465,0.5225149880797688
F100643,0.5181086970848329
F123291,0.4370213089921773
F108470,0.40304390919885014
F106417,0.45991472852003756
F103424,0.46236825561522893
F119908,0.4553165722899176
F105719,0.4436661610187186
F113530,0.4198887612760551
F120259,0.41339865546591736
F101281,0.46423242891019534
F111685,0.4363415649266527
F105203,0.3910600933804963
F107678,0.45103648045042666
F119335,0.4662637676769551
F103601,0.47231908606222656
F118229,0.5228430042248677
F116112,0.48916079579871236
F111818,0.560319727500489
F105707,0.4663855513836785
F112311,0.4790970063519858
F115246,0.4526674506609691
F103359,0.49263942706939545
F120089,0.5541822399877431
F120875,0.5300121376823441
F104362,0.4398778960675416
F114442,0.5246937400901113
F114182,0.4902024769340405
F110118,0.4796641275351614
F106175,0.44893904708776267
F108537,0.5386163544183291
F103204,0.4575882059903321
F124978,0.5058488487295927
F122021,0.5151911388867608
F118039,0.48102497821896706
F101238,0.5259205707247533
F113274,0.5146058270088921
F104550,0.4690814624535523
F101330,0.4540806211432381
F116399,0.526420024216658
F116644,0.44768401362497573
F116854,0.47797606563750594
F104164,0.4489632037783323
F116185,0.500090442292928
F105730,0.44963296260923546
F114152,0.39767077879319934
F111128,0.43918031675846225
F108709,0.48657138747626943
F115912,0.5141126773482662
F119894,0.4495486963851295
F106493,0.5478663176742076
F101189,0.4710122468355519
F111139,0.4961161591004447
F111006,0.5000511020246824
F107577,0.5444241272108006
F117510,0.49882106076205457
F120494,0.5209926129819284
F117719,0.4370922578338805
F122879,0.4391612076201138
F107625,0.5362959436844934
F105437,0.43858424384537675
F118010,0.5024980468665731
F116881,0.5096056104203162
F100187,0.45558731913439565
F121376,0.5056044170140517
F109587,0.527835542088833
F103688,0.4371049822832458
F121488,0.4537759131429264
F117629,0.5234735656061223
F105425,0.5085656276211338
F121404,0.4676630592800801
F118337,0.4522312752828852
F104030,0.5359920594782797
F115256,0.46125119110434143
F123740,0.4626209530100485
F109670,0.5013221285523832
F110823,0.532827639507293
F103197,0.4264055026159673
F115021,0.426905189275145
F100459,0.4402533597654483
F122047,0.4712165091381725
F113025,0.4863920166587905
F120777,0.47628001770405687
F102882,0.46443139197888106
F105070,0.47858467364658075
F114682,0.46877157366418987
F116192,0.48446025508429763
F104397,0.5399815456289974
F120524,0.49908930362133497
F119934,0.47820091960842137
F110929,0.5076838969397387
F102859,0.48589412757202877
F124754,0.43351777830144905
F101087,0.4611053708964833
F109233,0.5354752693805234
F112119,0.3996391893367345
F122242,0.4218102681944617
F120785,0.5182371149788051
F124559,0.5094382532613508
F110824,0.4997473320312089
F118459,0.4626161266682499
F103051,0.4090324123971193
F105150,0.4472014352203807
F124944,0.44021655037259283
F103363,0.5032524984133578
F101489,0.5187410767434955
F109369,0.5031848689542296
F104904,0.40170605730209374
F111766,0.526550045209872
F111931,0.4464017003440429
F103979,0.46009084885009
F110559,0.48256659152625936
F122549,0.4185583533590205
F119047,0.4126720993655038
F106513,0.49067881933124813
F100803,0.426844625098627
F110961,0.42446833700820163
F107236,0.4849265417762479
F109756,0.5009451269714463
F105762,0.4696163985355405
F110064,0.4687418927096185
F117417,0.41763464999557487
F100074,0.5177599005732341
F109326,0.42806035620762783
F114621,0.4366179312902148
F104151,0.45973997790845844
F118524,0.4698001404851959
F103836,0.4038526154152159
F113787,0.5053471971269909
F105820,0.45043627093758964
F103783,0.4773848656112587
F108993,0.48470539644030974
F100775,0.5599613622587901
F107481,0.4755844288846904
F111112,0.4400874566394235
F117751,0.5074296472318317
F112203,0.4821237782779196
F111119,0.5368095905721687
F117114,0.4550293316626385
F111458,0.4820209331520701
F115086,0.5494092969523987
F107349,0.3940100963377927
F103152,0.40785482205841744
F103723,0.48100648320529094
F110188,0.3940378734093429
F121282,0.5086148437242192
F111781,0.524532771927903
F110537,0.4496381911083276
F114249,0.41897038876129733
F103527,0.5225456783090395
F115596,0.4195742627600091
F121388,0.4838617574919539
F104942,0.4489913077215715
F116910,0.5356612805325404
F106905,0.5171556214962564
F112994,0.5515260346022504
F120535,0.4666108227150084
F105123,0.4767279098491989
F114679,0.43363670925647113
F101779,0.5276978069964389
F118270,0.5011682398832313
F123714,0.49907682869851416
F112307,0.41888269230776637
F115870,0.568234047190822
F113144,0.4008891576092452
F123133,0.48366645437165956
F114349,0.47127950302535193
F121855,0.4469843632893934
F111044,0.46230057859040885
F108224,0.4526505089764143
F102671,0.47125882459417245
F113859,0.5238939937389844
F120245,0.5081380409951974
F106290,0.5035427413574249
F105685,0.5389199117264123
F105097,0.4860308413131488
F110498,0.47799937692530475
F106123,0.4744407437434349
F122927,0.44842603747855586
F115219,0.408360053489464
F101377,0.4737857814748978
F117468,0.4516203152903131
F118829,0.46778433912717804
F112690,0.4720992374544009
F114255,0.41954351878043444
F111474,0.4729385838197836
F121971,0.4594392735140635
F108844,0.5291198486330025
F113348,0.44085810871376296
F104569,0.4802199284782833
F120611,0.47989189792390513
F113173,0.5213853092304103
F118633,0.49886758389777497
F104251,0.5704504045673162
F104671,0.4986034651826331
F123798,0.5036489469957037
F116010,0.47682630217176264
F117979,0.5237961316447023
F122376,0.576366252770119
F108669,0.397552962579968
F115302,0.43340849229314465
F122815,0.487268396304644
F119004,0.46935514797045463
F118644,0.44536982525680735
F124540,0.5571575360340608
F121332,0.4763997161860063
F109027,0.48636572304846465
F119425,0.4803850099595718
F107040,0.44801821659709773
F112722,0.5014201562720639
F100681,0.465573389354267
F120514,0.4542374392237231
F101855,0.46645796464564104
F123344,0.47132085995556633
F101123,0.44492655128348974
F108986,0.43793859635752197
F122938,0.48518924873759406
F116817,0.46623154187813187
F109201,0.49763695533482744
F103697,0.5159712901465097
F115502,0.42484516290408125
F118720,0.4962257638663271
F102464,0.5160203520391327
F113800,0.4562798444895528
F119446,0.4248402677041323
F105054,0.4188426238208337
F124894,0.44553379348987343
F115433,0.4395024841640125
F119757,0.47079611826546
F120112,0.5529770081262697
F118927,0.5029999527245155
F120805,0.49901963027983987
F112273,0.5082670024470061
F116197,0.4777057333682909
F114863,0.4592608916722314
F118241,0.4622829531279954
F119729,0.5164255789189518
F122423,0.47764971499904235
F105359,0.5179479016312446
F123129,0.4371408325969353
F108755,0.5025487591063504
F109675,0.46062357877265686
F110349,0.43069365693105766
F120381,0.4910166886698939
F124501,0.4431035284157207
F104682,0.5029184027839313
F124009,0.4211998083376144
F108849,0.4517224330425539
F115855,0.4028953438210546
F111929,0.4455940122865783
F116938,0.5079988462075847
F113587,0.4789559138279331
F102665,0.49736265498127685
F106210,0.5179883012207093
F121703,0.5963375867136345
F112925,0.41868173066955416
F116899,0.40055305631285965
F124171,0.5493981093908452
F124990,0.48865974462267037
F120039,0.4178316910891249
F111382,0.4932613221971449
F108213,0.42446259513360357
F107820,0.5323815094606668
F115509,0.4575273058036326
F118349,0.4405952633742773
F104318,0.4524935207934071
F118304,0.5604563911108279
F111005,0.4709910814708983
F106972,0.4545327936159612
F109404,0.5033773685902596
F124981,0.553757618271099
F122758,0.42545747402028333
F120098,0.4930850647340818
F111347,0.5603246982319386
F115655,0.4950536243139059
F121415,0.4625764658672049
F110492,0.4766168133184855
F106495,0.48522299624498166
F120074,0.46367199460864883
F102440,0.5057506348730236
F123489,0.46151547845217866
F108096,0.5560804082775447
F108872,0.45174686146823034
F119904,0.5714305615473978
F112636,0.5382010449721285
F106662,0.46536775798228236
F115898,0.4686838644958321
F112108,0.5558455523822253
F121024,0.5236687909503454
F112774,0.43901344885928295
F111413,0.46149077681795514
F109759,0.4652639324655359
F100772,0.4523228856926296
F112389,0.4322737459373407
F122276,0.4595045012936626
F105336,0.4808751439093922
F101607,0.4918499942695293
F121295,0.5009821049905353
F124818,0.5111833170629532
F112531,0.5187168292606722
F121503,0.4854898139854269
F113282,0.5451825153447353
F106428,0.4266536735862425
F123390,0.4129097152645947
F100274,0.3892551017289238
F123460,0.4393721775374304
F105884,0.4806884768243363
F116602,0.47196385901404275
F101451,0.38926783125624176
F105282,0.48210023889845227
F110639,0.4706614983648306
F123126,0.5018172778050061
F122571,0.4861094006727985
F105726,0.4782186677283342
F121789,0.4910631627575965
F117998,0.44190916585680184
F101634,0.4923302287208859
F122216,0.48458099670247745
F122406,0.4898977804780016
F101560,0.5034075620093958
F116183,0.4547276609646357
F120127,0.45464855245680713
F118436,0.45991468391579826
F113853,0.46540648619174674
F119350,0.5002126995035748
F121868,0.4752673180319261
F118879,0.4747227206440875
F112708,0.43727341653529317
F109637,0.5288441608573133
F102757,0.4559042881983816
F124866,0.3884371426854652
F102873,0.4879626394910938
F109215,0.5271159046102023
F123681,0.5024310374885315
F117392,0.45572682430126055
F104750,0.47585278024281497
F117615,0.4581143930779311
F106295,0.4666031434799909
F104877,0.5265046833023863
F101582,0.41482386695096746
F119339,0.5110979611860117
F121141,0.515703820321857
F120774,0.4817485003650576
F114494,0.4390122159270203
F122672,0.5070612706377281
F120362,0.4313484974228313
F110151,0.3877206113109731
F108911,0.45128757458785873
F118926,0.4252429632474505
F117352,0.48034002827950256
F103991,0.42552612184698313
F107315,0.48394599091774304
F104856,0.5820446723995766
F123322,0.490894884827041
F103486,0.5204873089229123
F110563,0.43813287612572666
F111624,0.4306318296166661
F121013,0.4084400191285119
F114715,0.5174870250958139
F118999,0.45526445860807796
F107957,0.5141851590345001
F118045,0.4696699803949679
F122002,0.4028100464965213
F103326,0.4796931239832279
F110651,0.4794985886074894
F121518,0.4079677761460725
F104349,0.4119569090523483
F121134,0.4582301438992984
F114934,0.48107777788463146
F102900,0.5062298301361369
F113777,0.5000249450340629
F120023,0.49209790632052913
F101205,0.5113567139638128
F115040,0.5125364784599096
F123546,0.44225612579592144
F108218,0.4551930225576263
F108033,0.49580022073648533
F107014,0.4406542082920165
F121079,0.4512099466975929
F105514,0.4524242669657824
F104662,0.44756372392426735
F119205,0.42155634188723246
F123188,0.5257411364368635
F112304,0.43892296077851056
F122885,0.49381524616811834
F124825,0.4498577152855142
F104777,0.4625015907692732
F108969,0.4661108469826482
F116859,0.5425636868705433
F117296,0.5295350586570271
F110562,0.576743875971609
F122435,0.5369498713376657
F114589,0.48012234953743393
F117083,0.5157280609666254
F103683,0.5115779404074923
F120173,0.5599634955017049
F107869,0.4833953223419569
F109736,0.4988117067829588
F115522,0.4723210365396089
F113163,0.4764706870192533
F110841,0.45665446662210096
F119566,0.44965874577666065
F113638,0.5260851360794037
F116398,0.4560554649245653
F109054,0.44294957557004955
F121206,0.44785712789869714
F114011,0.4522874597772617
F108561,0.5289061950669205
F112178,0.43029779468515295
F103775,0.4696122345768603
F117690,0.49552101700762796
F110297,0.5526941184738436
F109301,0.5720753250004671
F113691,0.4118327507342894
F108570,0.4665272085176133
F110817,0.5730689079121741
F102335,0.5061309167871564
F107243,0.4804935869298631
F102543,0.5264542388315047
F112852,0.4819759337981414
F124523,0.4705480816366724
F117169,0.5246675643314876
F122369,0.46687707617491014
F121303,0.44336621210951355
F113914,0.464895911755095
F105755,0.4552071232003581
F107263,0.4794224015058698
F118103,0.5177842539175891
F114588,0.4298627474926217
F118190,0.5300843923020642
F113620,0.42998224893118836
F112699,0.44238702236211924
F117741,0.5381721643146029
F112564,0.5544379676856276
F108405,0.4826238638110244
F101225,0.5463540350642754
F114620,0.44129066921301596
F101537,0.4855280931644822
F112840,0.5058984969252495
F124469,0.5783439046848602
F103839,0.5150467664392915
F102778,0.413418824634123
F100456,0.534746402242017
F102175,0.5482666057393119
F102961,0.4360938375599075
F110479,0.42882704476023326
F116285,0.5326215444468418
F105600,0.4850742293619039
F104202,0.480457297383368
F107740,0.5008392457037073
F102813,0.48915514060640697
F109985,0.4381076641753863
F121652,0.44543047125864643
F117217,0.472409545752032
F113204,0.552065297786156
F123432,0.5199061404211305
F124423,0.5339387629861677
F104231,0.4806454891740941
F123691,0.45120683295648345
F102716,0.6059775467049784
F115196,0.4319163084295435
F121973,0.4240757672952761
F122877,0.4895688107528069
F113118,0.45847723758136477
F121209,0.48680429668001524
F124144,0.4310347020407802
F121200,0.4686060017146521
F111646,0.5509867053812814
F116909,0.49475865779586126
F102684,0.4531210695148854
F120306,0.39523011821321913
F117528,0.41615578676008047
F112964,0.47420665505850956
F119204,0.48017952383211504
F103012,0.453655323759792
F116878,0.5168352682855692
F115026,0.44139349789879706
F104929,0.5005408064196797
F122917,0.4051808708812311
F118178,0.47895417217170394
F103158,0.4878844604614512
F120762,0.5083735353511322
F118876,0.4633090025224986
F102203,0.46712911367119575
F104143,0.48386133697454226
F110444,0.4574612990163631
F102595,0.4684642260193518
F106825,0.44556126846663646
F122839,0.5057893375797562
F117499,0.47424360734120574
F121366,0.45405176752695936
F124345,0.5724114000683597
F123666,0.5379731100570997
F124745,0.5140599721928552
F112321,0.448962492619162
F114231,0.49069164366916146
F123891,0.5055380782215306
F100990,0.5193946697470818
F101219,0.4894937791939721
F109500,0.49054348218592997
F106709,0.5380835523211569
F119979,0.4343810791475251
F122162,0.4738590853268469
F108408,0.38184174424884737
F121187,0.4681471171273861
F108410,0.40348224342202
F117014,0.43305533222681186
F105706,0.43113669388956166
F115869,0.40320353466881864
F119559,0.42363780192951994
F117107,0.42569424318769766
F101367,0.3893249852697176
F108168,0.4980373521250377
F118918,0.4655730404112848
F124110,0.5799174074496584
F107400,0.5678790514680071
F122033,0.49616893799567974
F104052,0.46213418148776864
F113350,0.45028251078148884
F111725,0.495053483795021
F109860,0.5706695054787361
F115017,0.5139218047209108
F115259,0.47026026936695364
F110154,0.44130607758764107
F100926,0.4740418153098985
F102228,0.4221202287390018
F107046,0.5159001578134641
F108203,0.4830564570625671
F110248,0.5301372682666371
F117460,0.4683619346031033
F111352,0.49282928362754574
F116243,0.4714942255222912
F116045,0.4801488861645393
F115608,0.4713657444717715
F120168,0.4289003248598806
F105327,0.5004509741837292
F121735,0.48818643850776294
F102094,0.4991032942806535
F106989,0.5859951977147653
F122140,0.5023038574245408
F124227,0.5196158711922297
F113251,0.41136946781473593
F114648,0.47503475401789763
F104090,0.4797846224034881
F115262,0.41711533954060703
F121671,0.47937411252052686
F114856,0.4140864152446651
F104690,0.4443637365643194
F115407,0.4094400753676789
F117034,0.5139849931895407
F100882,0.4616984656314784
F104773,0.39133511573518714
F118047,0.5352910582176778
F106758,0.5397644866828655
F119275,0.4341714427936419
F119227,0.515494530147373
F100915,0.4572999491622687
F117889,0.43457421665401585
F110862,0.45237150311837127
F115950,0.47892523620551386
F110491,0.43274226313584085
F113388,0.4585662925767312
F105406,0.4876051988000444
F112585,0.45198431611535117
F113425,0.45295187905709844
F119657,0.4671314060524994
F114015,0.5062991861237269
F122278,0.45664507141955846
F117549,0.4129847552963538
F117269,0.4669368442076288
F102282,0.5262193106163513
F112632,0.5361443833367078
F106548,0.4462683651358116
F113371,0.4657971121104293
F100565,0.5228611770328546
F105824,0.40192676708573954
F112686,0.4740703356535161
F100313,0.47702370622975937
F102864,0.4727684325846037
F102561,0.5596267793404089
F117260,0.5178490503511716
F106273,0.4737985543688265
F111251,0.4793809327096623
F100923,0.45360542840101936
F113779,0.47620801694048187
F111997,0.4994896286104001
F113741,0.4650584099503794
F110888,0.46492536189780703
F111977,0.42640023805164834
F123528,0.4281309623524086
F106677,0.4757468938723617
F100661,0.5283974022402793
F100583,0.43973084415388475
F123555,0.4727522298254829
F102949,0.5159469963661939
F110984,0.41667673577915043
F120760,0.4639220567543479
F114992,0.46480765546862857
F105399,0.4594305203814363
F101361,0.4500872724546157
F115286,0.4260454288284259
F123603,0.4793311854197596
F112157,0.4862538806070825
F103395,0.4111155420996464
F122546,0.5133423650844441
F115818,0.4739186663902948
F101579,0.4805985944848797
F102826,0.5358082949862296
F112030,0.44197547374005186
F118090,0.542114660918393
F104717,0.5335541666457935
F107042,0.4479373925958787
F100914,0.4649773819176943
F121925,0.46048170263700705
F124403,0.46969856459686765
F122063,0.4779837890453341
F111873,0.4422329841888508
F106543,0.4346778441618255
F120447,0.44558827436367787
F105278,0.5254276974356912
F103430,0.4800693864229526
F121005,0.5102458767944078
F102069,0.43089252977509535
F119160,0.40927938573714484
F113088,0.42919536543507525
F105670,0.4900350483646161
F117836,0.4237950935881878
F121697,0.4468198086146428
F116829,0.45259966202107416
F117196,0.4876534802954549
F120476,0.41745259674015767
F107450,0.4139290044173439
F101113,0.532630469731347
F119438,0.4828975902480154
F107608,0.47878749829539946
F104380,0.4817664589631624
F113557,0.47158307472141203
F119095,0.47485286690358935
F117873,0.43322284542264716
F116469,0.4608505061545544
F109576,0.5117389747999515
F117267,0.4682546313812831
F108617,0.4901804911880102
F113710,0.49117659414428405
F106581,0.5269446545246109
F123084,0.462729867293961
F122281,0.4987185531791501
F121761,0.44862623654710365
F100696,0.3964151132507452
F114106,0.4807712223193231
F106806,0.5304097552672481
F111904,0.45269180601210696
F104250,0.46012677328174956
F106718,0.5000285320893653
F113600,0.542318002532329
F105276,0.4358717159143202
F113977,0.4413707735364486
F117702,0.47488435613386815
F122564,0.4320741620492489
F110176,0.5424342089440813
F108426,0.51880022209174
F105515,0.44543803003041993
F103742,0.5432715342714793
F113197,0.46127663990897794
F111826,0.471252893841028
F105450,0.517630054390972
F119543,0.4682528095944608
F112551,0.46589882046246994
F110488,0.4514354588409402
F115910,0.4648834251016659
F100084,0.5145107097808481
F114669,0.4237906958852469
F113029,0.4158009987423984
F115540,0.5028608035075491
F101528,0.41587790801989766
F100092,0.5116497885688436
F121075,0.42719264125504297
F116053,0.43475707321636825
F105195,0.5168949886243033
F115779,0.45043819186194095
F118320,0.4285838524314622
F113937,0.4754479980848465
F107999,0.5490019715981985
F109671,0.485559110604073
F119267,0.4587304155876769
F115338,0.46274305744820043
F101746,0.43819158807831937
F123963,0.4843115078730981
F124023,0.4147593466694116
F120213,0.5100627579825585
F122848,0.49583634354979894
F103793,0.43883382822484734
F122575,0.4625133335930079
F101210,0.4753588124112508
F111055,0.5091068026042017
F103271,0.3988352576574253
F118329,0.40490932122554557
F115167,0.47435238624224185
F121921,0.5187599811116042
F118460,0.524008015592087
F123992,0.4474417762889532
F119948,0.4512025167718151
F113756,0.43553481612606487
F121581,0.4635960957541648
F104847,0.5174577698973204
F100079,0.4890941628681757
F118513,0.4306764710800409
F105053,0.5358473182220181
F107072,0.45750168788070034
F109164,0.44021594929339636
F115544,0.5168869974075828
F115440,0.46680438338086416
F109406,0.4940392838619059
F123244,0.4908727420595022
F102173,0.4617864345342716
F109606,0.4464058305629144
F103450,0.42983620740149386
F117442,0.4274745580530308
F124027,0.5294886924798166
F107438,0.4690643846140494
F108206,0.5394573854623652
F110530,0.4918851360076001
F105180,0.4285129416131942
F101475,0.462720288109741
F120643,0.41169614945100064
F101971,0.4398243236044227
F110419,0.4659178189317472
F108208,0.5095401406632382
F103955,0.43571928693408335
F102199,0.410261796366145
F102866,0.5154327312902643
F101469,0.46054238846044354
F120884,0.45855916372297834
F120979,0.443341180879324
F113138,0.4693225032942495
F108392,0.5256206644329876
F112571,0.4561001111589514
F116366,0.5176039472704188
F115051,0.5321876181398236
F114071,0.4980931316393692
F123677,0.5259771432854383
F100632,0.48350735670916745
F111189,0.5178498052621515
F111096,0.5573195997082866
F102899,0.5130730863218486
F103525,0.5692898912835231
F114179,0.463793051930729
F116692,0.4878962626608052
F122962,0.5253421582162735
F122941,0.5345241749526398
F116922,0.5388885485764761
F113151,0.5057538606386693
F117317,0.46505502816924515
F108468,0.48463616595099734
F109959,0.4566953310390851
F116262,0.5477971320936187
F124497,0.42946380625692426
F123433,0.5213373029460181
F114656,0.4871222463776551
F104118,0.41443783584557603
F101713,0.46907664301131774
F116143,0.410369719586777
F103943,0.47443212930855416
F109080,0.4763200881389159
F113195,0.43973523404812964
F100613,0.4855814149637351
F102489,0.49640011504941767
F108495,0.47448964786927056
F119986,0.4914739079929409
F103849,0.4432575989127733
F123067,0.39682241304639343
F100929,0.5126228696324555
F110998,0.4271452965208749
F120261,0.4619371559073373
F118143,0.42587764979860654
F114265,0.4093118418725934
F122816,0.4640126650279669
F123170,0.427245607096445
F116737,0.4464136575370514
F101474,0.40447961375429864
F100949,0.5340530786837425
F105609,0.4100577391301296
F109628,0.41383272351693534
F100974,0.5774533651084751
F117677,0.5282783710207238
F123325,0.4465286523873567
F111536,0.5428099215745621
F100026,0.5271713149214865
F100237,0.4851059069139096
F102154,0.46524887632503187
F107227,0.5245721319125549
F113643,0.4362390153743889
F119359,0.5114835896868313
F108239,0.48711798606301554
F101853,0.46936700710354157
F111985,0.4488653903064085
F106842,0.479351705994075
F102316,0.45224548528153463
F109925,0.4768414989726981
F119589,0.46296269633000303
F121088,0.41593562731164524
F107139,0.5057286475707556
F105227,0.5256780866809299
F113754,0.4964819465510113
F108352,0.4250531868566201
F111743,0.41661942080724645
F104193,0.44499962855089215
F122728,0.4367799724272644
F116575,0.41997429372124856
F104657,0.5392828179612221
F104363,0.53909535786895
F114139,0.4548713021656983
F108645,0.42066055425986454
F115289,0.491588690392215
F111505,0.493085024587742
F119668,0.4989034801665234
F109619,0.46046787718377835
F104399,0.4632411307757134
F116968,0.5069299598558897
F112287,0.4980336617013593
F119242,0.472716656526577
F123830,0.5180909409879307
F122770,0.5452514009066161
F107403,0.5200499072641389
F107791,0.4506642782668675
F123172,0.4214370051321058
F103170,0.4932692806514972
F123835,0.47476915824770416
F107829,0.45035592532653224
F106679,0.4895667533111935
F100267,0.48496993601391736
F117435,0.4653801087730664
F121772,0.46193874436785026
F105883,0.4989709356519092
F102508,0.454286468169096
F124870,0.5379640975706558
F122787,0.520937257541126
F116775,0.4396368186965034
F102960,0.4314714261163122
F108697,0.44384229458376134
F105934,0.4969041555453122
F102818,0.5342781684244569
F106076,0.49647415648511584
F104222,0.519375820349692
F123272,0.5527150555903771
F112958,0.5255826600795024
F114957,0.5245048497440941
F119503,0.5349850257334198
F111915,0.5207699130907673
F124101,0.5323626899708584
F108702,0.4948861887625242
F110112,0.5115538890176742
F117032,0.39580637216502634
F114132,0.5466531693952917
F119528,0.5143078155740524
F103129,0.5323070938394183
F123730,0.4964484083092019
F112748,0.4987245423222927
F107833,0.44250205708628526
F111917,0.49106670093244087
F109988,0.444584715208404
F114960,0.4416003492781579
F105397,0.44459223424878525
F117747,0.4247159736107562
F108199,0.5462039220688836
F107145,0.48182621178791407
F115759,0.4544081884964757
F100468,0.4843447572676516
F119121,0.40611318603395347
F108262,0.5173659894325495
F103408,0.47301579395716886
F101847,0.5708700798973965
F121670,0.47280826682001065
F112737,0.5178573516499319
F114503,0.486624918574348
F109783,0.4600071250256598
F103803,0.5036944487392221
F124502,0.4540450521895296
F107060,0.5483564373810143
F113618,0.4627456347956116
F110554,0.4656337702771791
F124142,0.480772816390337
F111529,0.5733386978373134
F120527,0.4785048045483892
F105910,0.43034204809829374
F123274,0.4943087656104944
F111962,0.49775276836158105
F117302,0.4664989107680595
F101737,0.4979677045030446
F101042,0.4543614694977097
F107198,0.5119165897170319
F103209,0.4771024328658254
F103520,0.5378440546917261
F106450,0.5040020351834643
F101965,0.401245975069313
F101960,0.46580323969122966
F103817,0.509130318837165
F121375,0.45682279068153486
F120557,0.5381166173094957
F112409,0.44443646021971606
F113466,0.5658779137403969
F124133,0.491178455054159
F119075,0.4855662154859529
F117661,0.4459347825402025
F110507,0.500949666645486
F119758,0.4995870236511316
F101457,0.5182835255969196
F123685,0.44955771299970204
F110241,0.5182121941016666
F114878,0.5046814525909835
F117812,0.558629032158919
F108721,0.4289515638154441
F103700,0.49395765665476443
F110476,0.51586828254973
F109487,0.3898508400271343
F115127,0.468372118222972
F110759,0.5153100413499204
F103714,0.4581677422706007
F104323,0.42807873730570417
F115758,0.40372291220396445
F120952,0.5147072578840469
F101923,0.44427064533991356
F115011,0.48601803932050763
F112113,0.48314457219720214
F122248,0.5384739402783187
F122490,0.49659360080959564
F123819,0.5089239448256446
F114743,0.5109146788862333
F124820,0.47179176120187555
F107639,0.4315970937493348
F117117,0.45155584555751727
F104612,0.45028213305046205
F116397,0.4803367387446772
F103469,0.4277519362550606
F105969,0.464848587316268
F116203,0.4038967843116673
F118077,0.5113259326816502
F117563,0.5171709046804274
F116407,0.5518297293275701
F122795,0.524990969066835
F102453,0.5076647600341655
F114999,0.4413642511478636
F109520,0.4749489883335982
F101513,0.4340049179222468
F113423,0.5445855725806843
F104413,0.4389474612223402
F101891,0.43378249682565045
F106597,0.5292406137668583
F109864,0.4132026721713339
F115201,0.4802822090723936
F121122,0.48788063488739786
F118055,0.4560933643417564
F118135,0.46345136170555884
F108868,0.5060140390063129
F117319,0.5184315795167308
F116707,0.5002315653948117
F108555,0.4330277516975719
F120365,0.45742097294641143
F118616,0.46095677324405554
F101170,0.4889188479439357
F104868,0.4042270076801239
F103136,0.46545026779020654
F112200,0.4772969717792424
F104466,0.4529816512626953
F100659,0.48114631451705714
F120018,0.5256939357080856
F101718,0.48791902764528294
F102476,0.4050500805441174
F123173,0.47277774295365593
F100338,0.4880524579869399
F111262,0.39001533197892035
F110898,0.5258741065881478
F101767,0.41812896937310307
F120823,0.4505274357501878
F108292,0.5362735022070413
F107528,0.48783632811365174
F112036,0.5067650997427638
F123031,0.42403822567115257
F123116,0.5133538198177301
F119994,0.43611397712645694
F105513,0.5137513601002991
F115625,0.4885527343174999
F102366,0.42306988347680596
F123791,0.4834237176406432
F117502,0.5098024913669634
F105738,0.43850908966530244
F100399,0.43761641774792925
F113562,0.5506654148594866
F124235,0.5052280232863771
F122241,0.48578724982742694
F109285,0.4240228048927407
F124489,0.515670780695102
F118501,0.5176123999693054
F104964,0.5132885157582888
F110120,0.5381247294957714
F110175,0.4866842323141388
F112288,0.4963843540814181
F122352,0.4328596834483022
F119842,0.4451804029821182
F124660,0.4498043126606178
F116457,0.48690244039251257
F106012,0.4529244705037151
F107035,0.4186551304052472
F117519,0.42979532802338616
F105345,0.5187832423277026
F113659,0.5027832847078233
F100507,0.4902518425940239
F104165,0.4514922154483858
F105789,0.4781816254647767
F104705,0.4219329214615465
F107966,0.5373989224159178
F121867,0.4636091572087271
F123175,0.5132333200315603
F102857,0.4598954619455015
F105255,0.5085583540711489
F118790,0.46264837763781497
F119545,0.43530432243114603
F106294,0.49183550007123333
F112249,0.5712705217219008
F119245,0.4648089028486833
F123237,0.42409670691997864
F106545,0.5805176318434733
F113494,0.543611552906757
F122854,0.4781436256961582
F115410,0.483533598569888
F106678,0.43897678731468953
F124022,0.4721346464617262
F122045,0.5267881362821651
F115878,0.5135033526854264
F111462,0.4476879491583601
F106121,0.4737392313117481
F114443,0.5535452577497865
F116687,0.5210839026593121
F107590,0.4502088540623041
F103603,0.45028191430057224
F105834,0.5812522343110635
F118871,0.473064284774671
F121666,0.4917216690524372
F103565,0.5654613359323983
F114849,0.4645890701074801
F124988,0.4946220308777897
F115649,0.5201880320844383
F105801,0.4790885513533715
F109034,0.49698922332346995
F120938,0.4544500528164275
F104769,0.5457185483059718
F101860,0.44595704578891937
F100455,0.4199479674009312
F110707,0.4507712541039445
F114263,0.46848149871843453
F103345,0.516448992390117
F124426,0.552206914188312
F109118,0.42029077875449217
F101844,0.5802318692673846
F100306,0.42477844469801423
F101166,0.5414929401833163
F117542,0.5711865366141309
F102326,0.450668545110679
F122480,0.46611208030971163
F103442,0.5199947347559363
F122230,0.5294557560259512
F103327,0.53538546100287
F111141,0.48325893254958874
F105312,0.5482526990101902
F106891,0.4507629078004406
F120222,0.44897476738474124
F107630,0.48638944324083616
F110123,0.535511391259595
F104846,0.4456231145384197
F104093,0.5395353527334693
F108154,0.4886444348308291
F115947,0.49899986081655967
F124909,0.44487772654951774
F116388,0.46083411075017183
F124153,0.5246505771682881
F113554,0.5116061829255458
F122504,0.5237762239860383
F122056,0.5351720481551897
F123752,0.5554135359805932
F122945,0.5200329410635897
F107968,0.504174639490622
F122066,0.427519599688987
F120998,0.4534515133118665
F111080,0.47501114194918437
F109249,0.5647938925220469
F101171,0.48296832244861065
F121221,0.4432781889113271
F119924,0.5051159644536871
F108453,0.46501187652104814
F117250,0.47924877142228955
F107656,0.48383337717831654
F105847,0.5355437485824185
F121429,0.47486618451833223
F112384,0.48667368220227053
F113551,0.5161777427447722
F100586,0.484328083202647
F115434,0.4676996244830669
F114352,0.44966457413289407
F113218,0.49289234503053597
F109863,0.4970326979531187
F112751,0.507487913926249
F115669,0.5083447557113273
F119230,0.477782516957192
F120634,0.5063708730839974
F116680,0.4903414041866502
F124700,0.4681395422531466
F119492,0.4251266233792661
F103881,0.44779542760249147
F118149,0.52067264059501
F123376,0.47305034181364813
F113575,0.48359969109559797
F124869,0.5064864075203125
F110865,0.47108545553967085
F114491,0.43961919595203097
F118014,0.45214907433439355
F106623,0.4889806888553669
F114203,0.5332268125500692
F105485,0.46497124346230206
F124876,0.4840813181134894
F115428,0.5001257531765224
F107330,0.5315764515468128
F105082,0.5229902380435857
F101920,0.42395723410978
F115153,0.5257316325618656
F120704,0.4580981811265077
F115409,0.42693672374816555
F113827,0.4887782046629004
F122559,0.5143645888177789
F110323,0.5150647021223747
F101292,0.5146417848031272
F102798,0.4925143306639731
F110262,0.46406678728109013
F120737,0.5605124576391752
F108412,0.43112673343369406
F100467,0.5256275726292531
F121988,0.4550532724142956
F110964,0.5056291539078672
F107733,0.5164492980110137
F114591,0.4845106475085099
F111805,0.47845276652760427
F124251,0.5564011570972978
F104572,0.46485808657949546
F120283,0.46816913969860025
F120083,0.5039477574277489
F113123,0.4503587944754852
F103125,0.5312929971392718
F102432,0.45720125099012154
F100413,0.528945688304965
F116279,0.4386158584889151
F111647,0.44125509536348173
F113260,0.47516506866401875
F121527,0.48601301833298843
F106833,0.45748638297812017
F116173,0.4330781213925869
F106920,0.4396681823438152
F118448,0.43603534705675784
F106072,0.5209625503428544
F118428,0.4538535864349926
F109286,0.44877564788787816
F112379,0.4678059548073251
F107259,0.5106238143416582
F102615,0.46879104854179704
F104515,0.5276193637646954
F115088,0.4823727372966852
F100617,0.4852264911082497
F123845,0.44057275631566617
F119233,0.5248331529813325
F111906,0.48341944148317856
F101694,0.5162544257063394
F106459,0.4612167512125989
F102887,0.4882115279164084
F118363,0.4758493673114507
F120728,0.43867524105671823
F107896,0.4957043269757923
F120640,0.4586328909777
F110909,0.4444134960300006
F113498,0.4309481352845257
F106596,0.47680676652143583
F124318,0.5367717580367457
F110727,0.44452155679536365
F124476,0.41629379056979443
F108549,0.4857140628560231
F102172,0.4853700573344738
F111235,0.505324819187325
F106899,0.528772981573592
F117025,0.4356918363586483
F108461,0.44634449545903787
F105581,0.454867459195594
F123577,0.49759612617405985
F124032,0.46744360945383767
F119287,0.48827325103613795
F119765,0.5496152670023592
F108576,0.47032269551905265
F116957,0.45318470707451586
F106267,0.5269810701489595
F118728,0.5216224803081876
F115729,0.42793062578304486
F108338,0.4624929817502639
F106730,0.4741978901446762
F100686,0.39153498862688124
F119228,0.5720767353294771
F114238,0.5043089175636438
F115521,0.4442094702638133
F113826,0.471474855868248
F119402,0.45054792643286595
F100572,0.4292467749150639
F101927,0.419086345916291
F119949,0.4479911808803779
F105291,0.4844657618806194
F116437,0.4629738473418564
F112560,0.5025945000367207
F120251,0.5097393999890191
F116802,0.5000545799507131
F119389,0.4170568775599739
F123820,0.4946067593748037
F115258,0.4612891881625407
F108717,0.48385854686359686
F124873,0.5157843187301039
F114476,0.5344548195190537
F120990,0.4558050499361503
F110280,0.5283867838944902
F118657,0.5244001375001109
F113653,0.4323323795126107
F111032,0.4647512039974959
F113290,0.5027035823170721
F107206,0.4428255060775743
F124491,0.5083993291386492
F119960,0.4846237209410248
F121826,0.4788591610082499
F123661,0.4886363376426418
F108671,0.5065281665213877
F115223,0.4681711804359747
F121220,0.5297083749955456
F114086,0.44605015864178293
F117521,0.44576237058547646
F118466,0.46470738106518644
F116683,0.42308050590345037
F118171,0.4173409792489934
F110166,0.41448783309905685
F112793,0.5058880041499674
F113420,0.5304233673191615
F102694,0.4374448319729577
F102964,0.5337665106622814
F123215,0.4555004150250243
F118699,0.5147236458878048
F102270,0.5227748230140951
F104899,0.4856428152179427
F108538,0.5357422380455225
F104794,0.4582845471379893
F122203,0.48232424622320763
F112607,0.5037669236925194
F111541,0.4763037233047866
F113437,0.4892273745373328
F123049,0.5022430081884317
F119923,0.4815741161009748
F120368,0.5884527532242007
F118895,0.4585933923784371
F105660,0.5061240131113905
F124404,0.5008634278355126
F109421,0.5091779877775273
F104861,0.4466520433661035
F106728,0.5302707787049532
F111376,0.4940974323853691
F111401,0.48335608784335815
F100055,0.49895371008201106
F111959,0.39844436366497793
F106361,0.4740844098204136
F120508,0.499000810408221
F113449,0.4320683727805118
F118005,0.4977910208082871
F122601,0.5003223442705128
F108612,0.46927971505086474
F103755,0.4597331245265839
F121622,0.4250466201320029
F111010,0.5190446434454654
F119381,0.4063522404094029
F122703,0.5109213848435725
F122400,0.5171084202160436
F110796,0.5695888393598829
F113331,0.3846357989195118
F101594,0.4997287478084287
F107465,0.5193328738102971
F115404,0.39681926892082386
F119621,0.4920665948983599
F106096,0.44430574240870707
F104825,0.4833507977912098
F109950,0.5019785581037692
F103011,0.5033382844651003
F124445,0.43485937748001036
F113394,0.5206591176655995
F116310,0.44686178253710973
F109653,0.4476862153729896
F101906,0.4254296245413445
F124258,0.5071201162035001
F124771,0.5689926519507723
F104353,0.41446653719730886
F111615,0.45095939435395144
F122025,0.4050617649537349
F105961,0.4639874809696183
F109044,0.41377974915866444
F111966,0.45159812606957567
F113616,0.45009969784236004
F119714,0.47369644784417797
F123900,0.4477152817425598
F119073,0.5209504201495754
F117729,0.46786070091263365
F124451,0.5501379138509823
F107197,0.41073452541761235
F120751,0.4595824529126702
F122533,0.5310072004761591
F102762,0.5060926146510196
F112275,0.45936477091838335
F122233,0.5096141009336412
F117584,0.4483771110782474
F104269,0.5426751278733434
F105982,0.41893089530416294
F103443,0.5020902451003155
F103575,0.46016068767000917
F119326,0.5358371136461879
F112593,0.42720744631829327
F122920,0.4779368493408612
F113150,0.4841495355645168
F119218,0.4504776150459133
F123532,0.4996562975683325
F108517,0.5228225186973382
F103185,0.5502661450036539
F120372,0.47863758679835217
F120711,0.474347501458116
F122751,0.4653900713374415
F117148,0.5195344041775999
F101382,0.43212166018201287
F101336,0.5125809768168772
F114429,0.5422224105751315
F124005,0.5115112347171465
F121138,0.4801276401506923
F109305,0.3883889273792377
F119626,0.5253291365800763
F117122,0.4628115591519748
F111279,0.5260546422336575
F118491,0.4569214911291379
F102456,0.4306970905630599
F110852,0.5533551740507585
F100668,0.5095098941549133
F112299,0.48704586652389437
F102114,0.48393082976927076
F106204,0.45604608170582017
F118897,0.4675191832525948
F116517,0.5147213758808399
F113990,0.489984541748565
F114506,0.4712521367146591
F111654,0.4616299856255801
F106633,0.5034441299490393
F122762,0.46470963897568573
F100699,0.5497380828437021
F109879,0.442290702302231
F120356,0.4902654700300696
F118778,0.48745852089537495
F116747,0.4564070575672283
F110375,0.4547215835878221
F123738,0.4023964493977449
F105665,0.4518239567818951
F105816,0.4029663122546375
F110774,0.4588964025393474
F116115,0.4827904006981851
F109791,0.5325725213795025
F107067,0.43435637065127136
F100460,0.5083513400828993
F102418,0.47153930905939134
F124231,0.4854363059776778
F114886,0.5418655474073519
F106252,0.4863233695804149
F100257,0.4792668425859157
F104943,0.43041326945799674
F121152,0.4487631176469749
F104356,0.46646687431210954
F109046,0.5416474656289748
F107920,0.4105214320499404
F117808,0.533365835475836
F103777,0.5000580811186687
F111618,0.4842002200852821
F115354,0.43439524527172985
F123315,0.4280348916517158
F115553,0.536724070972751
F116526,0.44265885925223936
F105329,0.4596007029310099
F108922,0.5116715225634443
F100893,0.39842222835114416
F108787,0.47324908683530403
F108348,0.49840477616299556
F110392,0.4915233747655078
F110074,0.43589733326184216
F111830,0.4620560108073228
F120265,0.47689179882883304
F115731,0.4925868621356605
F102463,0.5544821364915887
F105099,0.458115085248289
F107372,0.44731555964873115
F120004,0.49128298386615626
F123034,0.4699056929163875
F103792,0.42059667541276247
F107862,0.42292752798721545
F101764,0.5521673232496177
F123095,0.411143659332705
F115157,0.4876604183230145
F105695,0.45297636898499816
F108869,0.4385418845918568
F100805,0.504599052429151
F106507,0.48889813091281453
F103990,0.424316043347605
F100408,0.4263142024854083
F123377,0.4571924032209202
F113528,0.4821354744458054
F121163,0.4964957451984842
F123739,0.49702895177877093
F108321,0.5873462405222516
F124918,0.5468598832569408
F104700,0.5081032100227902
F101840,0.5196968767673911
F123321,0.4390333263924696
F102877,0.45698934461100865
F107592,0.46006119020006064
F114582,0.43369889820705604
F106039,0.48890578561542963
F112757,0.5331054134382341
F107563,0.451381338915315
F117984,0.5199403889375883
F105387,0.48180493456446494
F112488,0.42069026902117723
F106570,0.4797167114678829
F110540,0.47513680983996454
F109644,0.5257826877813732
F100400,0.4562836459433173
F106529,0.42858100097370566
F108678,0.4299254582081864
F104019,0.4284583142004828
F115149,0.4129550116580827
F114767,0.49485408916845963
F103317,0.48891296261114775
F120789,0.45550111002877103
F113443,0.48089103364604446
F115974,0.49105988540065415
F114782,0.5333194692489179
F119745,0.5028259987873036
F116956,0.4886755551383712
F115065,0.4569332468188743
F110714,0.4381914949807808
F117141,0.46681020759616454
F118792,0.5941378151034716
F122720,0.5009538704038454
F113797,0.46103074017627577
F104571,0.5129978347606367
F110673,0.4795954347073317
F123743,0.5138480898920408
F109381,0.4360349606861121
F108237,0.4336508145211325
F118188,0.4325994384375993
F115807,0.4759308346378661
F102869,0.5330723121914589
F110114,0.5156234743788338
F113857,0.5289784328216155
F124597,0.5488751689184654
F114156,0.5029326674096155
F113250,0.5448360502010258
F111792,0.4637399986511229
F120739,0.5308905541985971
F124167,0.4418921582171923
F100259,0.48246769738594086
F113089,0.4256461403960945
F108918,0.47649101531634575
F110007,0.45865168508068976
F106111,0.5598981428254093
F110720,0.5259842947481195
F110040,0.5346927572296919
F118599,0.4297771466634187
F102617,0.4281508317755231
F103444,0.509325480701059
F120318,0.4837497276461464
F108864,0.5668916519626052
F110043,0.5217372052587308
F106282,0.49252176556394545
F112276,0.4037385000728975
F100776,0.5767097829438892
F104307,0.4092280277474176
F122548,0.4315701956103166
F118663,0.49246231860608913
F114708,0.47369825670902904
F124741,0.5023654005858923
F104456,0.4220129266920752
F122574,0.43132554211191404
F101496,0.5656103796413475
F108394,0.4205785301982174
F116509,0.525355867635841
F106097,0.4449452270582126
F113324,0.48976097785025985
F118593,0.5195721157969191
F113086,0.45165417897581134
F110808,0.5348808138672617
F100136,0.3907075566233087
F101989,0.5140312422165013
F109684,0.5049234797438552
F103649,0.38260800523050076
F100141,0.4535353795419603
F109178,0.5103840886076602
F109905,0.44253612620551175
F101922,0.5158640972118772
F101696,0.44354734876103397
F115422,0.48076088134201667
F124874,0.4652093103014343
F116487,0.4732882129182779
F119951,0.47063930216632666
F124326,0.4216650456480951
F120829,0.44263934917021047
F119119,0.5026136373816849
F114796,0.5589191457641345
F118840,0.46265112179567813
F124248,0.40884655966187844
F109580,0.4923918890993568
F107136,0.47889050301322644
F104787,0.4926772066463076
F115471,0.4530606407690865
F123749,0.4905359964509044
F114393,0.46716673547895915
F107114,0.5090990813197162
F117290,0.46884803701732203
F113147,0.47946292588555833
F109220,0.5197567665146791
F113488,0.48604342496422803
F105614,0.4192003199784244
F117192,0.4726386062262865
F104578,0.47631958347727865
F106195,0.5024418117286483
F122859,0.502002351868878
F114905,0.46371799847250733
F109680,0.5021725858421169
F109739,0.4398400725526058
F108604,0.4314015658550134
F119926,0.38491620319504916
F110659,0.45692830385161753
F101133,0.4544777115818721
F102359,0.5005499865967632
F115119,0.519602180619494
F100481,0.4338805786529153
F117859,0.3903835016786666
F111367,0.5143067637153416
F120758,0.5214967756551481
F124992,0.40487444821156604
F114467,0.5351784536874306
F120538,0.5108343902062433
F110162,0.4532091909108605
F119008,0.43233898107852176
F122180,0.4628591031411114
F106379,0.4916472605393058
F110006,0.46737848733026166
F110663,0.4401081859277458
F100436,0.437705889767128
F112795,0.4923553086867831
F101091,0.5129001416824784
F118900,0.45459831426535036
F101816,0.4739952393145324
F112398,0.4966051235677122
F106224,0.4842594366032549
F123501,0.4838068536501331
F103475,0.4664086523762534
F102363,0.46585684225858764
F105358,0.49070659178710174
F104829,0.5189335268775623
F100457,0.4397293868703027
F107272,0.5168870932999681
F102041,0.5383710047367056
F111053,0.5528316810623457
F100347,0.5182576717544013
F123204,0.45490874948847726
F108279,0.5189532617474054
F100616,0.4521026931196433
F108313,0.46106969341021664
F123197,0.43579621367906635
F118854,0.5109867885382823
F100132,0.5463841076860775
F112656,0.4287629136767925
F103975,0.48867368116706433
F119818,0.4848114054916592
F121143,0.44032684276968653
F107244,0.4337934054877355
F108060,0.4883481648887306
F122894,0.49227790450389314
F111741,0.5024907674883978
F100069,0.5455622120668294
F106307,0.4790204596864145
F115312,0.487003242313075
F105512,0.41943381086487175
F106320,0.5526508648337672
F113802,0.4766956040795126
F121722,0.4879676587020512
F118239,0.47547072514260036
F111846,0.4626042138013319
F102514,0.5695885234533145
F121294,0.451963018044492
F111037,0.4901648374296276
F115006,0.5083621244108143
F107019,0.43529418968734734
F113761,0.47884467330432107
F111747,0.500443642466888
F105680,0.5102090397310247
F111048,0.4657756365818424
F124061,0.48651764369790235
F115904,0.43427646049213264
F118516,0.38206575616147787
F123588,0.41679718823262896
F120515,0.6004628049703399
F111559,0.4819249100186027
F106530,0.49466958404189626
F103372,0.5472693895913949
F111819,0.49467988093392856
F121033,0.5039442839662007
F108710,0.48797029621163907
F107884,0.508564306621251
F100319,0.4803192114811993
F105786,0.5442374605641177
F102699,0.47352123405485597
F113881,0.45588955075401577
F117405,0.4533729702631304
F114220,0.4544889499154791
F113586,0.395549930299843
F106525,0.5183067004471059
F110030,0.4644346503080189
F115547,0.5254999406697932
F118093,0.4330831637408304
F118288,0.47225433841921366
F117867,0.44180520299483944
F110432,0.46645519601677354
F106511,0.44899353650512475
F103281,0.501515986693962
F104923,0.462180249686184
F111180,0.46167333070638417
F105481,0.4549365144569223
F108121,0.5535179452304162
F114918,0.4600632194244143
F109409,0.45527404332762733
F116426,0.5049271421828384
F117672,0.5942169137946274
F101721,0.479827023810351
F109833,0.5975546155566545
F111326,0.45009610767600206
F123753,0.5134440544093722
F113958,0.5208034666259007
F100596,0.5138678304287895
F113235,0.4994118216858111
F114019,0.4287566943216755
F115717,0.5063408609142486
F100113,0.4905318759433388
F103440,0.49842979155332234
F121111,0.47047867212430095
F124067,0.46699451099718825
F113172,0.40979216294986054
F123524,0.5320274466478495
F114516,0.49668676897600283
F101435,0.47862956817707747
F120671,0.4787508039853558
F115009,0.4326969946292002
F106993,0.4879712392061585
F117466,0.44796223825603526
F115617,0.48859322529512295
F105878,0.4289782555632555
F123053,0.4402860314415304
F123785,0.4597794944024315
F114574,0.4303070348899114
F107437,0.3755907054542421
F119096,0.4318357635782692
F104087,0.46537027886748905
F117074,0.40257787760019625
F122044,0.46310220075486686
F100786,0.46290347009153654
F120152,0.45459530137184234
F112490,0.4543447748101596
F119390,0.5121897839922263
F111026,0.48524898831386515
F122510,0.4398772532612089
F109558,0.40611047905399517
F111445,0.449531855643706
F117942,0.47380291113412865
F104579,0.5315614669438411
F103727,0.43089455906002816
F106317,0.42413682689419074
F103178,0.5604945144650229
F117328,0.46705369778008976
F107768,0.46580102736911927
F106182,0.4201617602930766
F121044,0.5238026496437475
F102099,0.4642866090651917
F100232,0.5208605528028056
F112679,0.4493343204865391
F102509,0.5053007176895044
F113624,0.4973444643008479
F114772,0.4862279756903004
F110692,0.5356128840854999
F104192,0.5261415319287374
F113629,0.5183807543595268
F102074,0.502001634159792
F121676,0.453842903739198
F111755,0.4936392298456486
F114514,0.4896367412609917
F120982,0.4566104605103949
F112752,0.5608801411694324
F120043,0.5044812242387144
F108265,0.4794771968557519
F124681,0.4234980923929891
F108606,0.47685996916455015
F112858,0.5303567319902736
F121092,0.4804294386935489
F101178,0.5004064376709974
F107149,0.4562638839125005
F104620,0.4820897905657888
F108318,0.5093193848524883
F107654,0.4409554520936912
F124896,0.44297991058631064
F116837,0.4372035387629798
F117222,0.47835432317746307
F120007,0.5359872935020655
F102435,0.47499706214136306
F123038,0.513522871038686
F116970,0.479068178989683
F113000,0.47620919828581043
F108487,0.5033712536458801
F120673,0.43853291815254375
F120239,0.512793223547134
F117180,0.5092193104507843
F122650,0.5270164657114105
F106958,0.5165494568155089
F114174,0.38491753997437117
F121865,0.40926593277803536
F117237,0.49458397255897046
F106635,0.5197325682494325
F124182,0.46733178079714444
F120917,0.49163456064805955
F110858,0.46217209468526355
F119426,0.4593646972302947
F110089,0.45849547397293366
F122620,0.45146723968470887
F101935,0.5060694509369968
F104613,0.48038752224546843
F102298,0.4506328119468016
F120586,0.48065792094945775
F100046,0.44353505965896856
F100068,0.4486975438709697
F102329,0.4844835885381442
F105785,0.4664358401781946
F112586,0.46844406710216036
F105272,0.38937946534663825
F121977,0.4900571355656983
F120410,0.45126911751332327
F115283,0.5569456845222449
F108848,0.42688077037370153
F115528,0.4555689073153358
F108267,0.46492099952018967
F112105,0.4936390712245905
F101488,0.4942882260513682
F114547,0.5068883961418604
F102462,0.5067464443549172
F102570,0.48953300882784584
F101198,0.45978648096257774
F121192,0.4030964574497451
F117306,0.4922747926100509
F117285,0.4266387206786655
F107695,0.41418514801457235
F124003,0.45948934584860923
F123512,0.512561107400391
F118443,0.48234352665937774
F124277,0.5550169976176075
F112461,0.5306423550472685
F110384,0.44563399591210684
F114740,0.40923669543827
F113960,0.4544972231318175
F103179,0.4580891368225618
F117723,0.5025008387620539
F120387,0.4451675719834698
F100111,0.5230909260005869
F112568,0.45606062834341987
F107646,0.49111798217834823
F106897,0.4846828599871278
F100238,0.5029101896438359
F103622,0.42880207694244377
F111812,0.45492069953358516
F103416,0.5273802420396273
F123299,0.451856937839753
F107544,0.4536467568713888
F110978,0.4702286826974167
F106090,0.48790985269276727
F108764,0.5081467744743503
F100397,0.48176096526852574
F116463,0.5130850086510428
F116126,0.46279262059356846
F120209,0.42710266410190023
F123346,0.47391025680932647
F101739,0.5195561478546082
F108434,0.4722724326793926
F115005,0.4917148092083573
F123862,0.38978268187990445
F124180,0.5343337384322034
F124448,0.4400093446418139
F114337,0.46237529362728863
F103674,0.4750396495397624
F108345,0.4767006150053489
F115688,0.5678922592415669
F110266,0.4901679253161283
F100735,0.48071301356725205
F116776,0.508335116610844
F117603,0.4828196628190893
F109916,0.41393378973665806
F105859,0.450989085416508
F120267,0.5407745682392076
F100041,0.442364159049926
F114112,0.5341758161955924
F122517,0.48153242817657693
F109629,0.4561513196207433
F112903,0.42865555576644887
F108998,0.46245077482474833
F108069,0.393995850913597
F116501,0.528845778794213
F105122,0.485182400656154
F112860,0.45428872364265527
F118610,0.5240534713265281
F105353,0.41492289182796604
F123045,0.4368044944899384
F107278,0.4978227237487989
F100318,0.4667685782869322
F109681,0.5134380756538409
F101889,0.5199207773397925
F100483,0.43995127866131245
F118673,0.4797106618489716
F116600,0.43049652729494203
F116252,0.4833520081026583
F112777,0.4638615114071443
F115402,0.473648988931762
F113566,0.5458724902331918
F119293,0.5153391936135313
F110165,0.43018891192192615
F103713,0.5683209326759511
F105509,0.4679082097235209
F120449,0.4247365126456819
F120972,0.5442766749611068
F104940,0.44629296987069983
F124352,0.5373730834474681
F119526,0.5416621578659448
F106770,0.4457518924933163
F104770,0.41349528458227414
F109952,0.48981024191498335
F116873,0.5344703967884618
F101875,0.48145409517558757
F111046,0.45302640191573496
F117438,0.44721616646957424
F106212,0.5588651621847299
F109351,0.4456131086557493
F110387,0.5276169829904376
F108809,0.48252253329261835
F119580,0.43521535093542585
F114125,0.4670481834472212
F112232,0.5610303459990644
F113903,0.5315917364841305
F120591,0.5245749630539973
F114403,0.4704959318847092
F105295,0.48520443399302426
F112464,0.5894099233196002
F117381,0.4942684092244467
F110755,0.5089007327159221
F118218,0.5316087145490227
F113302,0.49637352699533877
F106722,0.41824725825921344
F124082,0.46618340333535874
F113021,0.5257720798162876
F102532,0.5214780817233013
F121063,0.49262693918257033
F101080,0.4867923641594275
F104395,0.5364329275666219
F103376,0.438458749560982
F110041,0.5252890532006084
F111916,0.44268401276834746
F116200,0.494041552037786
F103431,0.3979901424019393
F118538,0.4258376200135697
F123514,0.5307391224768702
F104533,0.37538771781927627
F103570,0.4481536919029131
F109084,0.46332729046976096
F114609,0.5261113203160749
F108504,0.4492104125223533
F116434,0.4445468564977658
F108227,0.4750396956845756
F100127,0.5647349099568492
F101259,0.4578552002128714
F107802,0.4926503763325266
F123662,0.519993806797793
F123505,0.41462648319803985
F103341,0.49626575478061774
F101878,0.4622443276915208
F122335,0.5241531706264452
F114926,0.50929030660425
F112749,0.4775669537677384
F120743,0.5455312201331771
F102372,0.4402170695196971
F120013,0.5294434523643032
F102001,0.45281668971772615
F100244,0.4840577386634646
F113693,0.45028503359982214
F115722,0.39419427757017306
F101725,0.500074569409302
F114785,0.46388504650029827
F124588,0.43563244969256365
F118819,0.49305917216846284
F103671,0.4724683652358197
F111594,0.49337205843102144
F124455,0.4783191723700513
F121918,0.5056340448415192
F122591,0.4754889507094997
F113369,0.45309018451022465
F118722,0.5090643791635894
F116016,0.473353642860213
F113935,0.4734087249898197
F109356,0.4723725316461418
F111987,0.46362547415986355
F110258,0.48695362071617954
F107097,0.4704483997050089
F112730,0.5026953568459105
F103556,0.41681885445441963
F123019,0.47799705272563076
F110793,0.5264265942877696
F103710,0.4650797274469745
F118667,0.45168024735346624
F108881,0.5015054932401395
F100493,0.40865609746719495
F103069,0.4475016562169056
F121785,0.4504147539226993
F113336,0.521729940661109
F114546,0.519911782507144
F105586,0.39237876657699355
F104295,0.46261206327098775
F102582,0.4817762487900491
F109445,0.44677603999595594
F103267,0.4544856909040349
F107720,0.46472987393844795
F120164,0.5078460485013552
F113248,0.538646179389855
F122136,0.5507119436380922
F107342,0.511447253835383
F124093,0.48951619816236563
F113243,0.5190603349528142
F120506,0.44318968890732824
F102954,0.474204593983566
F112163,0.5205854420013568
F115510,0.48885925972795763
F118183,0.44535806901258945
F121201,0.4556434842926368
F101329,0.48412725161765907
F100788,0.41644792246008056
F119650,0.47832596681284373
F102550,0.5035487029587621
F107739,0.4837666449543397
F114153,0.41386184638588175
F109546,0.5462337026488863
F117778,0.5254572755681424
F103118,0.5114824786815669
F111196,0.43535075011495195
F122656,0.40221182498839186
F115843,0.5062730198333757
F124569,0.49827574725405893
F108409,0.44150862625761533
F124571,0.45788038343454057
F114093,0.4331718946424591
F103005,0.4486658045316267
F110783,0.40604074144832386
F110012,0.5046220861208598
F113210,0.44723408777924484
F105146,0.4776667700313365
F105652,0.5503643255284104
F111864,0.5171367197600786
F121625,0.4275858252502551
F108092,0.4879523711282013
F119396,0.4691841749998313
F107290,0.47144798768803603
F109707,0.4432193910600763
F103049,0.4784550743395196
F118042,0.5331647035850738
F121709,0.47615709796843386
F122875,0.4462264369212991
F115222,0.38912689678232976
F124603,0.47807229841208787
F115790,0.4066245185241697
F115559,0.43808153455206106
F122931,0.4926608317517625
F123003,0.4743250776336275
F120315,0.4632032164359933
F106856,0.4894337863835773
F105944,0.4473134973683189
F119016,0.47359757431769844
F120432,0.4054783345300934
F103390,0.5142172563512709
F123832,0.4383929845276589
F104267,0.4501966721087762
F124155,0.471387297708598
F122499,0.4908072718433065
F112590,0.45787974237343737
F108794,0.5026747726209478
F117884,0.45499070934671515
F101414,0.4360598541556345
F124838,0.46184859468128475
F120618,0.49361137014259404
F114940,0.4614802195292825
F116288,0.4434381552724093
F104706,0.470651263989954
F119711,0.512174767420536
F121160,0.41933835784679196
F119881,0.515111912194576
F110371,0.5362368977864543
F110281,0.4999734681381206
F121284,0.5036157479964498
F114100,0.44588931603807347
F120596,0.42331551152738633
F109962,0.49741479615704665
F102036,0.5006261387597594
F113259,0.4722986953520221
F112953,0.42771150915559386
F118878,0.5205021144470544
F108423,0.46479019596852494
F106936,0.5244622493391794
F100189,0.47917814915139645
F123756,0.5142171460967644
F124602,0.5761636842163459
F106319,0.5095396219543022
F110584,0.46058292915886456
F118770,0.44768698590112405
F101006,0.46800993718957895
F107568,0.5304877102855157
F124706,0.468557365526656
F106804,0.42052086235358066
F117933,0.4528215493289401
F122431,0.4408143475944751
F123497,0.44595026468419263
F113675,0.4333213819349361
F119945,0.4760704538344721
F116032,0.5036883782961952
F121432,0.44076967468826755
F103034,0.5241235971417612
F102413,0.43614659070405515
F123265,0.509403498717802
F115676,0.5023057217083092
F118594,0.5635689772535145
F124788,0.48711466830099304
F117485,0.42473604496801687
F102109,0.4673674652841673
F105283,0.43549893604358547
F105569,0.4733258304770549
F123605,0.5234945641089063
F122857,0.4267036758341103
F118086,0.5734627396754743
F106134,0.4932285609356404
F103631,0.4789574878845456
F112675,0.5259663828609271
F116646,0.46729290233404175
F115298,0.48146820469487156
F115971,0.42518869372549056
F120695,0.4309623553096443
F101541,0.4465670276685527
F104516,0.49300328503357715
F124852,0.5454274519498746
F117490,0.5350900214417696
F123294,0.5220720149089312
F116042,0.45587971161310814
F115598,0.5022341346850293
F124606,0.4806665033642077
F123131,0.49964081729080545
F114418,0.45409246121056035
F102839,0.44605291261547175
F121594,0.49235713617906895
F112979,0.489256249258968
F122535,0.4351541778245548
F122674,0.4515496880937845
F105220,0.4486849498590076
F105256,0.5192438443287389
F122730,0.4925685565816656
F108822,0.4370898973433913
F111793,0.44994492981776707
F123812,0.47154133548509647
F118476,0.4156018335134494
F120551,0.49232880352056974
F121677,0.46670348722872684
F123876,0.46364490781470974
F121835,0.5047587484709717
F100352,0.44868804334384227
F107783,0.5090160405808566
F119602,0.576340087991922
F111614,0.4892282542772839
F112908,0.5003163054696763
F121458,0.443577377343321
F116574,0.4490191811084542
F122101,0.5344305005222274
F110102,0.4548520318802092
F113364,0.4421469466271931
F119090,0.5609873481699728
F117669,0.4284550724589401
F107548,0.5183782991504998
F111353,0.4489484690541622
F107793,0.4847009462972931
F109456,0.4723404778107836
F119190,0.5387937094057188
F100871,0.4303005923125527
F124789,0.45769961419488525
F122820,0.4844207199661319
F116446,0.5206838433960252
F101547,0.4861946027567164
F121456,0.46349050844588224
F108139,0.4951158964576375
F102688,0.4920967337046185
F100211,0.4903256638132008
F120738,0.45677531710141933
F109492,0.5492524305934379
F105571,0.5030537211985475
F113667,0.4775184959529165
F109585,0.45489433482455355
F114159,0.47296848614363496
F115270,0.5541895527995705
F117514,0.48196014343574206
F114057,0.44035334130478465
F111332,0.47347228308295164
F114967,0.5270661556281329
F122004,0.4081761981984343
F108552,0.3948901036655782
F101761,0.4505448159513459
F119131,0.453761760652871
F102445,0.5646097262714648
F110385,0.4973127428042988
F123025,0.4136167449948785
F103895,0.5451377531586148
F100394,0.4554836038979839
F123103,0.4977928693726305
F124655,0.5050912845547617
F106034,0.5290857853763462
F109975,0.4393603186003864
F100749,0.5297320358648756
F124485,0.48167078134461355
F121707,0.48187508700535586
F101121,0.5159731603389182
F105246,0.4277890964147132
F102499,0.505086161665632
F102212,0.46849238601088483
F115575,0.475137251017747
F113552,0.4983349985727047
F105535,0.5324767135808735
F113396,0.4568797019256997
F101324,0.5039160260378261
F120553,0.5362463250857417
F104704,0.5207865848687795
F121960,0.4540465943627191
F112070,0.504171726264653
F121825,0.46633056477711887
F121673,0.38157213304634874
F103434,0.4659652167399113
F105296,0.41696246725070385
F122516,0.4682589821067983
F100670,0.46332854122320344
F104567,0.4609848871188228
F108055,0.4953034746904257
F106746,0.4544461421757323
F100150,0.5129169061974518
F116429,0.3835102693721707
F111914,0.41293985336466554
F101880,0.489035346037391
F110294,0.488768547329832
F106303,0.44634448231266355
F122586,0.4966900107351645
F102804,0.47470666845814835
F104494,0.4525678048672267
F117225,0.49145905148741675
F104177,0.5037337636073524
F107056,0.4659261114159804
F100299,0.44332020437451175
F112302,0.4357692140448173
F114859,0.43115066632463284
F121982,0.537451534378176
F116403,0.4703582269163935
F119557,0.5241111549478291
F104582,0.4983545885404954
F102354,0.4035927163405946
F122838,0.4894709822266786
F105431,0.4690308551760626
F123713,0.5200381586795073
F106613,0.48457476134003913
F105958,0.4832427864483412
F101181,0.5123380718725106
F104204,0.5122332674188119
F105710,0.42005369225578726
F107665,0.4870404984788903
F124567,0.4996556245826044
F123109,0.5187635299923956
F103918,0.46449406815245886
F124696,0.41466353484980994
F117096,0.4913400022376718
F105187,0.49314463662547736
F122220,0.49753141793102584
F114107,0.4586813218400777
F112136,0.5499765685325796
F118032,0.43501800761634146
F109142,0.4751917631513442
F106222,0.45698555494270376
F106298,0.4251577612633476
F101655,0.5569877499950459
F108665,0.47965989225270944
F104263,0.5657471083539013
F123869,0.5168441997907328
F124312,0.46581356927649675
F120942,0.4313213428538324
F107799,0.5095779046409938
F105173,0.50327797326358
F119324,0.41818486740766203
F120332,0.49444113226747466
F114902,0.4987445867599026
F105902,0.5082036737402901
F101001,0.47512905104818237
F111473,0.40148369451000254
F110267,0.482648583548903
F102348,0.5068013161707312
F118913,0.43866032946375777
F116563,0.48185245485533673
F110458,0.5506779758060992
F110179,0.476156743928976
F108014,0.564761178229127
F102159,0.5232948975219455
F118487,0.4730057573264012
F114608,0.5059778915754239
F110313,0.4653515886221746
F124704,0.43355129463186903
F102057,0.49479657925116804
F100241,0.396108347194178
F121196,0.48432856847519234
F107331,0.5297832142470947
F116932,0.5248976869907344
F113258,0.4975663558158039
F109453,0.4995592811375468
F110831,0.48811931114677565
F116694,0.5465949544619619
F100843,0.4827385111560465
F104817,0.461695879895728
F103448,0.49699275342349536
F109161,0.4614034327020214
F112255,0.4576666509315295
F118347,0.5558423950666087
F108525,0.5429770528182982
F121777,0.5054281325578278
F110202,0.4201639280431543
F122209,0.3996071668128739
F119286,0.5139107554468467
F110827,0.4179095972292511
F105330,0.44109955220780783
F106960,0.46204042147830626
F116733,0.4945963957652593
F114348,0.509151958437758
F109408,0.4968661398993657
F109497,0.4548449557007581
F105552,0.4338138492323638
F109376,0.5550149594616857
F115208,0.4298256760945865
F103353,0.4884812736984333
F104806,0.5048440615542021
F103276,0.4920979913751666
F117153,0.48260367129051696
F109447,0.47369041387941174
F117572,0.4623131940138756
F120533,0.4729759725235336
F102829,0.4303696734443132
F123721,0.45556938829312
F117607,0.5657727343367285
F121646,0.4832212657002493
F108865,0.4657572692465151
F118222,0.47910381457767537
F116585,0.5158192487727237
F100804,0.4304302733281018
F109867,0.47957220862239003
F104274,0.46236589195074745
F122752,0.47559229524603475
F108635,0.48115117059783985
F115699,0.46705368680267423
F109846,0.4271459411621849
F103151,0.45614941992419034
F121216,0.440491266166252
F100833,0.5266064891801507
F103664,0.450807853489854
F114986,0.4596197608500755
F106330,0.45403919357313965
F112616,0.43916836637285994
F117516,0.42068999018603315
F103206,0.39325123013093677
F102168,0.41949336491935574
F119550,0.4790593814740112
F117544,0.5112824190060676
F111964,0.4219042747490355
F108758,0.4322720000574911
F122380,0.4192808019608303
F108388,0.47183158887000687
F105221,0.43211815919302377
F112011,0.4839365731671027
F122060,0.4551047966891747
F119625,0.47909606703204966
F116159,0.45697572617717347
F118197,0.4477474928129315
F122855,0.46348152777837415
F103280,0.43981819827251784
F123066,0.5110080847201812
F114489,0.45122682765033006
F113341,0.4851707486686304
F123104,0.5142217408398727
F121913,0.5029973226278223
F116967,0.4801489292555375
F117692,0.46281495656051685
F114449,0.5488395416242726
F114917,0.4358481856615879
F106626,0.5037786513846714
F105752,0.5002907367114074
F110180,0.4295733760489051
F122579,0.46048813748664147
F104771,0.4442842510970705
F122049,0.5713260497733794
F121834,0.49053672131792153
F105643,0.44328605421407896
F103538,0.4373664903129129
F104641,0.4525328653702165
F105709,0.526946852761532
F103610,0.48489053735249643
F120886,0.453295619004465
F114229,0.5320782953636881
F124875,0.4767014287309721
F110680,0.5573520600012347
F101671,0.45835807680750396
F112428,0.44179377832659406
F102048,0.47363042192829063
F121862,0.5071808384682805
F106191,0.5278615642280359
F104268,0.4997896766029961
F121265,0.4314903581384425
F110088,0.4132565391782398
F116110,0.48138974321639943
F124891,0.5357049219761312
F110683,0.593248020200007
F100801,0.4132288196139738
F104725,0.45157699262152196
F105176,0.41759944858686027
F108128,0.5016360126687369
F120237,0.45824200675356064
F100023,0.4592728297607194
F110705,0.4749361207977082
F115600,0.48227660575682574
F124518,0.4194684321964811
F120303,0.4206283778551678
F123287,0.5069481397114785
F120924,0.5509806467829129
F109199,0.4358306749347809
F102014,0.5678231138309887
F105763,0.4094354571052873
F105638,0.43642449765134583
F112786,0.4903899591148355
F120516,0.47929090285052356
F107868,0.5146837267637954
F115045,0.44383412961539664
F103465,0.4906160730050363
F115988,0.5355551813189414
F100205,0.4907083318944123
F113413,0.49546040390443297
F113198,0.4501198037194346
F101460,0.4553983260275509
F106150,0.5198783737298607
F110552,0.5104267226128034
F114387,0.39112884612797394
F116026,0.4649480766087753
F100626,0.544257908075445
F123500,0.4907901758763612
F103668,0.47695386139949175
F101415,0.5263204004720785
F118214,0.49505123297689446
F116914,0.43855645137722443
F111586,0.4304619019886068
F101520,0.4400761673689452
F113776,0.5190112907834828
F100242,0.44199821308101944
F121541,0.5717591743948636
F114306,0.504722311776609
F104640,0.4958643674540728
F115144,0.5125109297874726
F117476,0.45156339706734583
F119201,0.4404203291190669
F119942,0.39398226547492987
F121040,0.4314026142323214
F106973,0.4886685518474134
F118779,0.5186995742737043
F122201,0.48580353933278353
F116886,0.42103513115299857
F102466,0.47579268485961246
F102121,0.4100710191495506
F108853,0.49851733686104055
F117553,0.5128329914808466
F104284,0.5708597517698213
F116616,0.41227453065026964
F117409,0.4569281545244603
F111888,0.4801776313614037
F106624,0.43755845422548717
F120501,0.48922136648092485
F101295,0.48526128429640814
F124986,0.42289002039428514
F109667,0.46548171593662546
F124245,0.45009878131394465
F102754,0.48105626580501737
F118902,0.4653504334450604
F100537,0.49117039000218493
F114802,0.5014947786648152
F124943,0.5101802241770489
F107886,0.46616588173863094
F122870,0.4171735618843238
F112378,0.4539704464975213
F100221,0.5146056202931384
F113208,0.45095078426430735
F104351,0.43454518287562754
F115314,0.44637502332091744
F117939,0.4994517732384385
F109436,0.463964936047367
F116634,0.45695526153535126
F115383,0.46678685951996723
F107327,0.41679079644341493
F108158,0.4922584465870818
F114614,0.48717954669000735
F123110,0.42292608683869154
F108691,0.5373640331646093
F107857,0.46987801236398213
F107919,0.46827190353770803
F115243,0.5190260892773015
F123530,0.5105228333587869
F103297,0.5221713220144605
F108000,0.5084547381876261
F100174,0.521515468221333
F110677,0.5118924854739868
F123806,0.51140299043516
F104614,0.4893964425549161
F106828,0.46694642764152217
F118335,0.5201154898201643
F116127,0.45244850462628144
F106574,0.4619726154407604
F114778,0.48877360236615985
F122104,0.4840322935468608
F111475,0.48068517616366213
F104444,0.5117919255711043
F116934,0.5057421083407011
F122685,0.4044243138080648
F106771,0.5271963454455566
F114030,0.4848204040071433
F114040,0.502767455183512
F123008,0.482250318903126
F117483,0.45592540356676337
F123134,0.5141286172730468
F109641,0.4741574170807286
F100021,0.42423015177524154
F102331,0.45084145819853405
F110192,0.5201107700963593
F112160,0.48695577312482263
F114617,0.43558590880857256
F101262,0.49032207098789876
F102042,0.4884716900717393
F114016,0.533967189501224
F105974,0.4377011693706478
F121644,0.513232710162361
F115526,0.4634527468122084
F120734,0.4988697893735748
F119489,0.42510830719208553
F108299,0.4801252032115143
F124615,0.43710124239410436
F102652,0.4045365545445523
F117699,0.4110499417086433
F118761,0.4442613863838763
F123637,0.4781494877369067
F108355,0.4662589394382052
F100950,0.45863512938766865
F116741,0.5320258049590755
F112787,0.410255985562266
F109995,0.45000183124374704
F113120,0.5169559028635178
F106926,0.5320305613524666
F119874,0.5212508336642248
F117045,0.4511927301433831
F107271,0.511023285915363
F100737,0.47542627757352995
F115949,0.45636047950166625
F100611,0.5250070554080247
F111171,0.5424708728974712
F110406,0.44313954969457736
F117598,0.433036744138551
F102524,0.47509724314598345
F114340,0.49856215923431874
F106448,0.45489157771763045
F115408,0.4997663653349741
F112179,0.4417505840741465
F121369,0.5007928053815159
F110713,0.4981732941488742
F102955,0.43997627551081014
F105074,0.45783235466069283
F117019,0.4175103530304613
F101572,0.45785482580582826
F117916,0.42049488126900725
F120541,0.5417177238145229
F116099,0.5053022033302209
F115933,0.48034185078430913
F104099,0.4631966047973095
F111550,0.5522589525942228
F116738,0.4310001511942929
F114550,0.4358317615611459
F120782,0.5550695767414019
F109113,0.4904232305296392
F123023,0.46184234225111676
F107213,0.520326391175884
F123540,0.49377865156192924
F113169,0.44851678297785036
F105377,0.4523005307663235
F107084,0.46256999872588733
F103456,0.5562544018074715
F103227,0.4558987792277085
F120513,0.5226543495567594
F100015,0.522829573165168
F122876,0.4442909493055708
F116229,0.4782637729590713
F119012,0.44673993269278334
F112286,0.5157616280356636
F107104,0.4410388899295846
F101822,0.5010113122271304
F109747,0.5205399935179138
F101029,0.421513481893264
F115060,0.5303649506519241
F117560,0.41089472674879624
F119779,0.3845797097089543
F104595,0.5003797396966897
F114554,0.4562706800606737
F101801,0.426519830892371
F117575,0.42011419803940564
F112592,0.5171370715198916
F118845,0.48058928195667927
F102220,0.4513673567700787
F124831,0.5097750909172589
F119264,0.4022526261749603
F122355,0.5100519064551313
F108102,0.47779694409256485
F120918,0.4222739626926952
F123443,0.5249193102208827
F106225,0.5121016216234587
F104738,0.4694057432276547
F114417,0.4862663018124766
F121976,0.45483272324518137
F106774,0.5738200111088738
F104638,0.50518814244025
F119039,0.5039174194926439
F111484,0.4843141138670528
F110971,0.4703446816331132
F117772,0.5566014438786818
F122712,0.5039899524834208
F108402,0.4527967323126173
F100396,0.4847057015086764
F101740,0.4751525381220632
F103705,0.46973003526364576
F111554,0.4193788514089242
F106067,0.422617158896363
F100543,0.3750025184960249
F113299,0.49345428084136306
F124487,0.5271345898386296
F103540,0.44736147690261474
F104227,0.4311385444798729
F124262,0.459608001628087
F106168,0.41284148073223803
F121499,0.47796803986480485
F107348,0.471998237418458
F115613,0.4968275247984495
F100972,0.4614038306665839
F114882,0.4348260219937141
F101137,0.461871179591805
F106247,0.47902273674486373
F113304,0.47791172532372916
F123030,0.47796794159881206
F105610,0.5261574876033119
F112978,0.484914216873517
F116077,0.5388394550342771
F118456,0.4260060840228246
F103194,0.4733111180418169
F115574,0.4644801582250206
F112544,0.5084444697690187
F119809,0.4491784779716317
F114611,0.5169314071165518
F108134,0.4581462243111556
F100329,0.4517820351622688
F108247,0.3995169225545274
F123227,0.5340161660366177
F121253,0.48281408131768033
F104626,0.466756775090965
F124350,0.47893013045962074
F113339,0.5509607504095753
F102915,0.49848764693064473
F114654,0.44463767566139223
F105273,0.4062073197999507
F100033,0.3963472521905556
F102742,0.5072473348720475
F120354,0.4437416904708625
F124715,0.538753378968765
F110031,0.5053177170911041
F107906,0.49736150205848484
F120793,0.5284552644833983
F111450,0.44025199096254275
F118964,0.48697246276555206
F114254,0.4336398904696816
F106058,0.42688560669891285
F120668,0.47930948411123975
F120913,0.4579825019866638
F117160,0.5215239221787791
F106648,0.5323117426569083
F116726,0.5043138288762401
F124577,0.4424860356954795
F111525,0.4851354569613556
F112745,0.48348515443538587
F119702,0.39754899091197515
F102116,0.40433664070571446
F108772,0.515951247080931
F107424,0.5357058991150054
F103479,0.5026203939270755
F123149,0.5053309109741362
F111072,0.48417572147778154
F122097,0.47810582739416435
F114087,0.473302207955183
F104809,0.5153196410055325
F114098,0.4528203400710703
F116880,0.5842481001906165
F100450,0.4689578221887243
F119057,0.5281717821693154
F103666,0.41608318289515667
F120106,0.440037136762211
F106571,0.4322471459422402
F103970,0.46216082097431765
F123969,0.5299427193246977
F111255,0.4898343554113121
F103344,0.4895044350475331
F119143,0.5224768372475547
F116577,0.44156713470889053
F114734,0.5219595487596972
F111250,0.47545048694641184
F115135,0.4742116891113215
F117362,0.4904018956089211
F122260,0.4669502890022102
F121277,0.47152066827755945
F114783,0.48877100957567876
F118109,0.48947082211491205
F100387,0.447403005622058
F116031,0.4631809173781114
F109014,0.4787083161795471
F117456,0.4899483944133409
F113480,0.48705462910215436
F110667,0.4665629014704104
F101209,0.49704640980329035
F117971,0.4956809053433909
F112292,0.49348574343497464
F117732,0.47554300692504936
F120448,0.4377317080853085
F119957,0.4829747273633682
F102918,0.49483703410578883
F122528,0.4835543304696598
F106419,0.4769466615350558
F106697,0.4064976318670128
F109567,0.45318738152313365
F104619,0.5178485003251402
F102647,0.43570266022358123
F123916,0.515518239741937
F109131,0.5140624429315671
F108962,0.5084448310341474
F104775,0.5355151563168327
F110756,0.4296431743178437
F113157,0.3961607602673147
F102997,0.4548987486012489
F110631,0.48965106917877554
F115863,0.5101873803441938
F118447,0.4112377005019557
F121168,0.4872533721646692
F111636,0.44131791800075626
F117868,0.5249579832251458
F111859,0.4873359317065894
F109735,0.4402099416866487
F105767,0.5196854851770911
F117143,0.5179267262939152
F116763,0.4754637384668029
F106437,0.5142237210555464
F102046,0.5241141893348519
F107609,0.4481150301084114
F110945,0.4751366963450582
F105453,0.4690514107641367
F105821,0.5155966983238762
F116964,0.46400407002527844
F119609,0.5039151820735335
F120583,0.39655519933585426
F106125,0.5149791322086336
F123144,0.5299724286206212
F119423,0.550787243301539
F100607,0.45620172110452906
F116199,0.5009519209753696
F101866,0.47475200146564256
F104493,0.46948026074202864
F116889,0.4443460557149502
F109869,0.446072538030271
F112334,0.48391274632946846
F119889,0.42662347823319124
F122065,0.49892569605407977
F100180,0.4474689429301777
F115350,0.4395327698342787
F109477,0.42289060475566437
F107499,0.4289042303330967
F105684,0.5102019639005433
F100048,0.4400995935167745
F113232,0.4912321293711324
F108315,0.5102490122846013
F118372,0.4782611203446707
F110926,0.5091780926805143
F118041,0.5173230547086164
F104956,0.5191809034044593
F122913,0.4237801195129371
F116989,0.49487904115987363
F111260,0.45438402434217745
F105667,0.4039317780784027
F100714,0.4155476520190926
F122146,0.458104888403398
F119385,0.4820427942077453
F103670,0.4845236925342902
F111921,0.40540254740166726
F107414,0.4171213150105253
F110289,0.4732220467834868
F104935,0.509546119521841
F115644,0.49955421236766745
F118561,0.4714758823118412
F100682,0.42478972531418613
F119620,0.456012803905424
F102396,0.5623434905206892
F100888,0.4193850274386165
F124987,0.4382961416461499
F123840,0.46610061780181444
F120103,0.41343368092222066
F102143,0.5060401526269602
F112685,0.5054132408958827
F101695,0.4993947294506613
F111547,0.45021667885664934
F106878,0.4102517751180701
F105463,0.44881767693108876
F109522,0.4209314540287791
F111452,0.4476876277523669
F111170,0.4505810963216219
F114262,0.4597333850910506
F120833,0.48146305825621105
F102365,0.4610909543575398
F121002,0.4158716569487448
F109692,0.4188609572181503
F105334,0.4910409925573452
F106531,0.43968623654219996
F109518,0.5265824836356152
F120188,0.5126678655703926
F122584,0.46926660038261014
F115206,0.51775339283071
F107333,0.39296008776594804
F116085,0.5118931341136881
F121053,0.4937301575384168
F120289,0.5417481214060104
F102184,0.46180987672729634
F114959,0.47780215456220276
F110254,0.5457010649371946
F105043,0.49845908319034316
F119184,0.5005739935586794
F109940,0.42443384293378283
F108876,0.4598657805866357
F122769,0.5486479694242063
F123482,0.4825740203848223
F120725,0.4660452452934682
F106669,0.5078237496021821
F116794,0.5310446897908231
F104178,0.4397701985812952
F105928,0.47571261237406937
F115701,0.4311952857591933
F108235,0.45739538043896666
F116928,0.48020222620500796
F118749,0.49363270383623803
F121008,0.4755564413094181
F103694,0.49035107704603914
F114240,0.5236695439215945
F120027,0.5229214715364388
F124782,0.48217857827441035
F116378,0.43626058838380727
F105209,0.4218427297111089
F112018,0.5170354457851162
F106250,0.5548648796881062
F109953,0.4595017582357422
F101543,0.3997994111274418
F121509,0.5250144524004076
F105628,0.3920225899612608
F115546,0.5235600303328457
F100704,0.48654560602321567
F110368,0.525787938494602
F121528,0.509385640733764
F101100,0.5273223731449167
F112525,0.4560227022991081
F121356,0.4929506378453261
F115951,0.446496133999187
F107795,0.5064519045907523
F108817,0.5987747580886756
F111387,0.5204261275719181
F117804,0.44577658810307064
F110936,0.49729071237609285
F114004,0.4298386778311689
F107270,0.43243499925219286
F119956,0.5538407277914636
F111828,0.44699402236434216
F107203,0.4480162039941755
F116496,0.4451031340928493
F119361,0.46642477570452767
F115552,0.5482121686210454
F113702,0.5251151657335145
F111225,0.4375506993176517
F116943,0.48474887800577543
F111429,0.5120030939393917
F113806,0.4735891672418311
F123307,0.4620147728053393
F119728,0.5178221183107101
F103180,0.42499793763438126
F108160,0.5387106537128956
F119338,0.4701637380175149
F105024,0.5567453047765267
F100983,0.4577536775507571
F118064,0.4051469615182086
F108152,0.4610030733978746
F102301,0.45095703396549947
F107420,0.44594406779221574
F112453,0.4762474712635757
F121252,0.44830477180295886
F103182,0.5004698231511556
F102746,0.41572935612768164
F110087,0.48818828252190566
F106141,0.4604500590933526
F107022,0.4519130098572295
F103397,0.4856270037690205
F118137,0.47444688059685935
F122022,0.5174164238214207
F116906,0.6091825855560923
F123841,0.46455684016362797
F100930,0.5559215069460995
F119076,0.4492404910142085
F120302,0.4833832479541404
F105583,0.5633576051756491
F100630,0.4639658467787376
F108776,0.4897320111840404
F119459,0.43497597609078686
F112620,0.49187351218981634
F108675,0.4461711343967844
F115164,0.43685752634073716
F116255,0.41499373474130563
F108207,0.46996560016384936
F121915,0.5046060181832399
F122673,0.5370795003351087
F122512,0.5084070433263607
F105207,0.4953337834253194
F112600,0.4054997780969799
F109251,0.4666096971479342
F124775,0.488882219533278
F107159,0.4255729536508321
F114438,0.4414341963061298
F116936,0.4301958330509065
F109971,0.48301682520753586
F107529,0.4330291553913129
F105347,0.5130493258666001
F119872,0.4773187604303032
F124963,0.4801247306616527
F101527,0.5037887890497592
F123725,0.4281621598535278
F109802,0.4154111814243665
F105605,0.4757494935407758
F114987,0.45207831491185946
F120330,0.4381950712218695
F112090,0.4534576472155143
F106455,0.5258828886429966
F111162,0.4730408701786264
F113014,0.5044224502461866
F103680,0.4984964756510191
F115260,0.40176655348553764
F118706,0.49609672149081274
F108389,0.44186175979780046
F108743,0.46920831104353816
F120572,0.5542126806064767
F102141,0.4354718219977635
F102149,0.5241215471555815
F107157,0.47202678263843484
F106026,0.4772069391972904
F122189,0.5296426173861695
F102726,0.5099196537739934
F114612,0.5065667025687584
F104564,0.5102432038058142
F116599,0.44518908585860084
F120026,0.48318116800535027
F114143,0.44309046341829944
F114824,0.5255604948262665
F108145,0.4123144314513318
F118207,0.519112001136216
F120984,0.4808901668320078
F107103,0.4363619857399651
F111360,0.4711636413733231
F109123,0.5038126198855261
F103665,0.48292294989323603
F114115,0.46355784616373763
F120105,0.4898709229822575
F102511,0.5618207769064505
F119174,0.4649324272655715
F123222,0.474255051502734
F102727,0.46450472054951847
F106054,0.5605391231847529
F108133,0.5500699424767298
F102594,0.38087889991469015
F102784,0.4841117132944892
F102210,0.5160396330623725
F110644,0.42351446501276624
F108530,0.503519634486211
F122155,0.5357221248793768
F122742,0.531735085932993
F124974,0.5311658121687648
F115568,0.4285846073448933
F120682,0.43923353503062074
F116180,0.45126965843369937
F106255,0.4251920740111279
F121255,0.5081459796158397
F111424,0.44450362029322
F114445,0.473778100139177
F117142,0.42698916711768925
F119968,0.4704108976147888
F110742,0.48074296551782614
F116012,0.48716435088079035
F109110,0.4286241360633657
F116905,0.5353257980514885
F103635,0.43730238256235254
F101384,0.6031781906035354
F120545,0.4951376918777878
F124205,0.38182046875396153
F116805,0.5149809198500416
F118784,0.4712058157338702
F119155,0.49642610579124385
F118983,0.4824729482389467
F116295,0.4892507636557035
F118537,0.4082496578217112
F123906,0.5015038082252677
F121359,0.5295107687968731
F123295,0.42095988123961753
F121403,0.46103061247452465
F105128,0.5048661465565031
F111939,0.44867479451770254
F107201,0.5287447365574107
F117098,0.43557700729988946
F124004,0.5070420460787721
F115084,0.6192474835142522
F104987,0.49577151138851716
F124186,0.4296013750015422
F124105,0.5124778955542744
F100614,0.4980171237827546
F115920,0.45101904930691067
F107100,0.5039638038073739
F104083,0.5225223131022062
F110329,0.42253225264254624
F113009,0.508187957343301
F116174,0.4563506700293712
F103588,0.5230964720311089
F124689,0.4962487681296236
F104814,0.5002963155730152
F100589,0.5350200952685356
F104918,0.45476509147069943
F119414,0.5058606645104349
F113072,0.5319068846014795
F109966,0.43514930820285286
F102358,0.4631250255832592
F114326,0.40699987453575304
F102052,0.51047889884288
F121229,0.4717759515774548
F115500,0.4214645636627322
F117940,0.4819354421850267
F100940,0.499595427084901
F105314,0.4537472805968762
F105479,0.5625994010037604
F115016,0.4058119855600157
F114400,0.5130802397318731
F118291,0.46337028102451705
F112755,0.4699164220064009
F113345,0.42395532124713886
F111589,0.4736732948992221
F112817,0.519082622157529
F115899,0.39934841852315595
F122372,0.4701318467859825
F107231,0.4646702278634997
F121736,0.42547517883143887
F103552,0.5155151598717118
F102797,0.45825158997297943
F107172,0.5452115923817473
F121740,0.470344256023543
F113209,0.5530916778981656
F120175,0.49674641704657374
F114435,0.5467158108359008
F122370,0.4529198127134413
F116097,0.48129347624025676
F101462,0.566098037552995
F114465,0.45937916033786885
F107880,0.4967569928993325
F101812,0.46673945339553824
F114561,0.39723967962515866
F107367,0.5017124835753938
F115881,0.5044800791386959
F118184,0.5527663372247221
F118435,0.5527552583986707
F102307,0.4682374297800601
F110456,0.5297789117749673
F114310,0.4522834941535112
F104179,0.4277503771093496
F103967,0.4719090422947654
F104053,0.4300373451792049
F102255,0.45280520688096365
F108364,0.453852824223587
F109601,0.46033562044138815
F121027,0.523643713304414
F117743,0.4839604640047081
F112974,0.47593709619427316
F102817,0.48604864998288816
F110737,0.5405000686184945
F118258,0.42992182299974596
F116592,0.47379679615373493
F104465,0.4556140787275479
F104411,0.44963146040391233
F113596,0.43696586870811677
F105423,0.44973898204666274
F110800,0.5196618179875795
F111584,0.48916571148701715
F110762,0.5146370730279732
F102313,0.36915170478834614
F102883,0.4559892164071024
F118260,0.5104800770422897
F105371,0.43471772852273627
F112383,0.4652374955213874
F111663,0.5007363734224732
F105549,0.47870370995174416
F102976,0.5172969816940955
F122624,0.5091763754567534
F108589,0.538900252327947
F120051,0.45908232178163944
F121364,0.4456927262246003
F119616,0.46166322300644314
F110951,0.46896246014293935
F113261,0.4945997956460886
F111331,0.4377817567924223
F124854,0.5848459076390969
F101161,0.5144545589130293
F113519,0.4625267102005963
F119417,0.49859017294393315
F106192,0.43206064982374326
F124302,0.5818609500408207
F112169,0.5177720158816065
F118414,0.4332446377275745
F123504,0.46930919553022876
F115492,0.5523882652184029
F110027,0.40705543491211493
F122387,0.5692194008109812
F102191,0.3971010389066431
F111469,0.531965880716718
F107154,0.44701359985931266
F113256,0.45884256367456855
F109932,0.44639285938220663
F113897,0.46196936532469746
F110652,0.4243053014342907
F100218,0.469565414879952
F105126,0.5439343492124669
F124361,0.4933323687801674
F111427,0.4681492877130736
F109730,0.5005923313201855
F119762,0.5074142717461666
F106408,0.5143216420574176
F103626,0.4638645195543906
F119134,0.4834128419995142
F110594,0.5501580903727662
F116242,0.4748018631026077
F121193,0.45836561576848756
F118548,0.4176141475647173
F105835,0.4986005454538993
F105554,0.4997772133501619
F109858,0.46516999375742485
F116096,0.47452606724620006
F105882,0.45376559009718687
F110250,0.5382012704853222
F103660,0.4520891706013294
F113137,0.46751995809140945
F116179,0.571141603060459
F123870,0.4431296128030621
F102689,0.5017807610323879
F103467,0.5046480874016585
F110717,0.506975984973259
F112042,0.4601536250267812
F123857,0.5245750927754138
F103893,0.5582245930745919
F116119,0.5186713965007582
F109816,0.4583003201926417
F108243,0.4655367795218246
F119586,0.4438311317740934
F108493,0.4368323546235735
F102503,0.4957342515636533
F101400,0.49776328651787716
F113180,0.48098745094257467
F110497,0.48303938640223937
F121430,0.5293085839745012
F110788,0.4232676835743598
F107997,0.46884182895224136
F121538,0.5061432911118161
F103869,0.4378014388295856
F107074,0.4301333432682519
F111782,0.5342186455562141
F100715,0.3923093735553551
F118689,0.4559967829750595
F116342,0.44073709714922726
F102560,0.5469966953276266
F112439,0.5433829728149812
F100383,0.45560713716619466
F109612,0.5695324397974445
F123239,0.4840224450833285
F103939,0.40994014937271606
F104109,0.4564690784480244
F121393,0.43620156141328204
F112802,0.4829567429414151
F109757,0.4159301158529017
F106243,0.413861990273974
F114576,0.5093968557157426
F120764,0.46332326095323484
F108968,0.4137233563703807
F122636,0.4855641550072443
F122776,0.5186004638376897
F106149,0.53157548150172
F102986,0.5006908517393612
F109255,0.43352129546735635
