record_id,flood_risk_score
F104559,0.4723633081046628
F100765,0.45216837434368723
F107573,0.47042957374997774
F110345,0.5572109417425319
F118850,0.5010879265998803
F118228,0.5063749219542774
F107230,0.46710273802723684
F118529,0.42207167372428966
F100418,0.47924745020045767
F104883,0.520914676913074
F111040,0.519762123487835
F108454,0.4923760521149989
F110834,0.5600092393606732
F100969,0.47532565814573496
F109368,0.49966529798116294
F102545,0.40751707253949887
F122488,0.4353959662197515
F103894,0.4924834518884305
F105408,0.4923522773835591
F112579,0.5084089112251102
F103663,0.49801695329099815
F120363,0.45041993738402364
F124722,0.4574546359288538
F116480,0.5281733532539618
F114951,0.4755203568970683
F100738,0.4485910044847591
F110536,0.48663263306520343
F122026,0.5327625553339265
F105117,0.4933912157021094
F108958,0.5331884149600286
F116660,0.4017361380142163
F114422,0.42583512070559404
F120962,0.45701813191740426
F111174,0.4781014152729975
F113429,0.556978954503575
F124188,0.5116023803778325
F117761,0.46235325380708575
F118236,0.4658511999295331
F107714,0.4227077866496971
F118833,0.5263878182443809
F100761,0.42636629527159015
F120268,0.5644788366511941
F109138,0.4577535653854152
F124412,0.476381056645439
F120691,0.5022373331499161
F124661,0.5033076100667431
F108890,0.47991006600261515
F121417,0.44865627912095757
F118138,0.4765785523128476
F121512,0.4944983686474469
F108954,0.5490005295211146
F113146,0.47429581014459765
F105087,0.5377712432307731
F121469,0.523606061144693
F102542,0.4559606825650773
F100209,0.5993066651074394
F124632,0.3951653687805151
F107038,0.47326894212533555
F100938,0.5410692901547489
F107925,0.46843175740900067
F105361,0.4647455160236332
F105697,0.5306185334398557
F115744,0.4500389780228929
F107426,0.4486977347155561
F124172,0.47680020272486734
F104946,0.4912999805914079
F102095,0.49355868556689053
F123356,0.43999615947044324
F102650,0.4632116303472157
F106539,0.4310095517557844
F112891,0.4798615654648409
F108289,0.49295801011700124
F115077,0.4408370865280878
F122323,0.45567149548631486
F107204,0.5066468494061934
F113309,0.47653341051336634
F105741,0.5294379784388835
F113925,0.515027289556206
F103318,0.4978525378936426
F105950,0.46568741528942176
F119672,0.4588027491586721
F109242,0.5441034783445192
F122020,0.435822409458172
F111466,0.4435376005393614
F119578,0.5296522896308958
F104122,0.5641831258153052
F117075,0.5442487010329277
F119337,0.4798513284648671
F104315,0.4752347527079654
F115990,0.4994598123110499
F121530,0.44285137938422203
F107744,0.462609858036981
F121368,0.5303755935021243
F104624,0.4499919740610492
F104063,0.5133802322154346
F104344,0.49150005784261364
F118253,0.5211666246522644
F103315,0.46594712104998903
F119431,0.5772605602068751
F112167,0.5224711802780744
F116395,0.5085136392504523
F107209,0.4056460741497313
F106831,0.48824325704609206
F110362,0.49982077009671044
F123715,0.5002128322227728
F114686,0.477131503789162
F100236,0.41406007754988694
F105475,0.511703307557548
F119724,0.5091221692795151
F121653,0.5065463980625504
F110182,0.4266226673629322
F124466,0.49751921442899694
F109994,0.5386916203212267
F101098,0.44568133674734806
F110819,0.49443605556958614
F124937,0.39399646226502155
F105167,0.5361090149432691
F109738,0.5250690112069322
F117504,0.5087871387814378
F123201,0.5451393029193219
F104276,0.5193341595640307
F106674,0.49376217860115396
F102033,0.5817518895718465
F114776,0.4551408013323842
F106675,0.5344391273670915
F107195,0.5385088022888604
F115966,0.4471405270923776
F110078,0.4635155743236795
F101644,0.5605996166016071
F100635,0.4415316055145354
F106895,0.49146745300199934
F115420,0.488890548468772
F122657,0.5123347136858607
F121159,0.4316555348021066
F106498,0.5431444828441517
F123880,0.42865298513479755
F121738,0.4940041978461621
F103530,0.5588573418643706
F118037,0.429064051506775
F121887,0.5636414721468144
F117474,0.46403879365009715
F108838,0.5574036293130638
F110850,0.4554968737224611
F108920,0.43969781980604483
F116417,0.49557604159755275
F123163,0.4396986389556498
F114455,0.41715708663069767
F101247,0.5378393865222031
F104992,0.45574280361044606
F118511,0.4100050425940199
F114644,0.4863628224704353
F102251,0.4920595368725009
F109818,0.43558425827200087
F111847,0.45009576457265854
F104955,0.43555114766757097
F119652,0.5208988479872547
F122133,0.42230403148983153
F104993,0.4421547174632313
F113510,0.4656227038126637
F123557,0.46786113324393186
F113962,0.39780622035829927
F105947,0.483330368496756
F106911,0.5026311627934436
F100652,0.4709856874721187
F109685,0.4494146991744838
F116475,0.48897130990463034
F104565,0.48995658900053707
F124062,0.4471637765715162
F115932,0.42525896877011615
F109613,0.5269083807862954
F102386,0.5093476521311
F113483,0.4225593408176499
F117088,0.4903610813149704
F101277,0.5098997385911035
F124674,0.4618119099512952
F118679,0.4957175290631428
F100697,0.4776981059297267
F107785,0.4675275709579719
F109642,0.4645827221030637
F119574,0.4476927535504699
F114841,0.5203930326281068
F112762,0.556352054107759
F123792,0.38878942955769413
F107168,0.5349173954958862
F120641,0.5785130537798756
F108273,0.4500905362561421
F124407,0.518667991859326
F114604,0.509382766337475
F102970,0.484491171667739
F122148,0.4227956384025719
F108010,0.5206803397648169
F117610,0.5142649452977881
F100140,0.46902457438524214
F113938,0.4263566869508969
F121084,0.46812343168445036
F101060,0.5155149318113943
F108562,0.5108339423498236
F110164,0.4663952834241055
F110472,0.4772047242285379
F114543,0.42664770535009666
F122852,0.4867675357079082
F123987,0.5271897979873919
F106836,0.4399925444641452
F101754,0.3983574779189643
F113931,0.5192533062734497
F124553,0.45414217603853674
F102295,0.5007220486789896
F112168,0.4486156902160471
F119601,0.4782012431715762
F114744,0.49186800066409553
F102112,0.42991447401255956
F113311,0.49766699321944013
F101833,0.4174204109188954
F103038,0.4123156502716292
F120560,0.4398783742456138
F112035,0.445365690746385
F111041,0.4389908470203927
F106820,0.4155268544814298
F122282,0.5522278944264571
F122812,0.4268582687186693
F121959,0.5002784782543388
F111241,0.4931361567947852
F115679,0.5743550561776292
F100487,0.4345020217875014
F110726,0.5049037840629437
F117027,0.42551651200555995
F111810,0.4447671698343427
F112058,0.4777235717814955
F112471,0.4912453158796445
F103296,0.5267053383948449
F115646,0.4751090200254925
F103349,0.45793368925571587
F122192,0.4699440347763961
F107979,0.4835233346009374
F124864,0.4787083005240224
F122862,0.468661757455528
F118545,0.4537735775477288
F123305,0.4846578440107747
F110767,0.4559623083169398
F103752,0.4359632716617026
F121115,0.4344608268441792
F109639,0.5305499614144605
F101751,0.48653493832249195
F114586,0.5272407289409292
F112250,0.4404529999991942
F108536,0.48016464598843706
F116656,0.4685118832502367
F121706,0.445611022528655
F118536,0.5249266446506095
F105191,0.5195136120949289
F104561,0.4735334811885984
F101998,0.5317786364093813
F115774,0.4128039552288736
F115983,0.5140118597700231
F123259,0.49543440705745156
F100753,0.5585089561417895
F123982,0.44377612788102166
F116710,0.5505524792802949
F102019,0.5137086343253265
F123612,0.5092120361361664
F115548,0.4570865705904731
F114793,0.5361049187101579
F101753,0.5768187717155673
F104066,0.5605098880868998
F107166,0.46574018321188865
F104321,0.40131591854361914
F105839,0.5305777835741178
F118851,0.5302938705560118
F109929,0.4134619318153364
F118079,0.5282902437024638
F106387,0.4535539980993185
F117429,0.4221722926060902
F112211,0.4490781975022326
F101550,0.48688026462470063
F121466,0.47037304066930885
F107148,0.5460156141977278
F118450,0.41012630961539565
F111865,0.5372216795674897
F110969,0.4585391745347661
F109782,0.46409674835741005
F111408,0.4067900363574339
F108063,0.4929332783828049
F120971,0.5360552688855236
F123231,0.48890416197240605
F122302,0.4978869252750277
F121337,0.4604993711465202
F119311,0.4076995849778027
F124628,0.4949838768427186
F113156,0.5362550124423817
F122818,0.45551442530609765
F116061,0.45621671035106104
F114676,0.4594221802377965
F105188,0.5048218200946104
F109111,0.4626684837572853
F108985,0.4761432450994324
F118123,0.4671251005052691
F116826,0.521745654602838
F111800,0.5379213564222636
F110853,0.45660706719228894
F110615,0.49669968414576066
F107116,0.45995797456967713
F121710,0.42997670981792113
F100340,0.4689935283196097
F101311,0.5089676868302805
F106219,0.44542241258315723
F114711,0.5208629018659556
F102516,0.5624186623223086
F124145,0.4894961378163706
F110628,0.527853633182143
F104011,0.5533330040315556
F105525,0.4688623947998817
F120431,0.4108425812213411
F109437,0.5387094301627762
F120177,0.4327397442345185
F112433,0.505836608477136
F100873,0.5427568103090435
F123892,0.4377897289690318
F100488,0.46059421748207263
F123556,0.47634605326584
F107354,0.5878016618749349
F123503,0.513841207717222
F119966,0.4327465902795543
F117678,0.45170039022423714
F121895,0.5916423282131391
F122053,0.4686666606519805
F112917,0.469212158913745
F106363,0.5288637668784367
F102370,0.41944169452954594
F117001,0.4702604996765456
F101693,0.4514029210437953
F105339,0.4565873340058248
F107942,0.4058731548395571
F101824,0.39634024487451974
F106272,0.46310043900185366
F124074,0.4397935862203252
F106358,0.4243881748987639
F119832,0.41024305832342156
F110240,0.4580587583579525
F119296,0.5221065729330574
F109476,0.426741488588582
F107789,0.5585828923311388
F100736,0.5007933194758757
F116588,0.4790029853342638
F122290,0.4769492436095476
F101154,0.5015370108908366
F102389,0.5024222380340091
F117811,0.42791708711216425
F111868,0.5492193058822864
F101781,0.545029677101945
F116332,0.4415672477494505
F111610,0.49906431266482076
F122095,0.5239549750898633
F109282,0.4649953295061281
F105010,0.49933634336492455
F119399,0.5052331320289338
F101522,0.46731055575235203
F119679,0.4644806853703704
F122804,0.5778809778053878
F108115,0.45772812622064674
F119513,0.5558973271197344
F115012,0.48479670477002246
F106658,0.5146321781065766
F119250,0.4369518627709975
F118688,0.5493805445246487
F117432,0.4670013331840863
F114870,0.4376246541254867
F103602,0.4386430177357903
F101598,0.4814022848989462
F109441,0.4836947666315817
F124954,0.5250942158175043
F115780,0.40383362768527686
F122592,0.4996519147943901
F109049,0.41528700293652365
F114002,0.5221673840919726
F114251,0.43170747371650603
F117006,0.5230637562219632
F115034,0.5051148795185186
F104720,0.4510920799724758
F109984,0.5557604412320696
F119430,0.4984359240621726
F105198,0.5262738897006248
F103837,0.4614235716802571
F114551,0.45727833731676787
F103104,0.4369002318785443
F120376,0.44157502530272286
F104851,0.5140738971316725
F120183,0.4742208337498035
F124885,0.4955771957523428
F102201,0.446512605253524
F119491,0.518218931128116
F104606,0.44617700110458974
F116372,0.4731632800357365
F119040,0.5473246726475233
F101915,0.5240217722518551
F109175,0.4908673690709161
F115685,0.45387875852687287
F111428,0.438100473478555
F103111,0.4887234771594587
F110873,0.4173915171861551
F107633,0.4633958947664083
F107787,0.5141543490976377
F117530,0.48266054495738775
F111396,0.5467606982663649
F100767,0.5549270836842997
F123768,0.5081702747482733
F119595,0.49178111227649207
F120457,0.5258679804665545
F100411,0.4803897816779551
F124692,0.5132521985311369
F121841,0.5026097220193027
F120055,0.42293443449495394
F109741,0.4911559812543803
F116870,0.4796378839758103
F105897,0.5045524913559181
F111705,0.5031760942591004
F111019,0.4768164762694479
F112687,0.4330464610579634
F120794,0.458602169868132
F108983,0.4861798974180642
F104288,0.40803692978089134
F104780,0.5460021118208053
F111451,0.5375322002951616
F101955,0.5183747918058783
F108150,0.525935890731483
F116150,0.485441739187054
F100183,0.5558888834127395
F117639,0.529962708962775
F121714,0.49099619455279525
F120937,0.49594340724161934
F113890,0.4050689125314951
F108932,0.5053493701815219
F122822,0.5290973179322711
F109135,0.49665825245055856
F100552,0.5244843133032303
F101261,0.5343456388108411
F100114,0.4976831280206725
F117108,0.46227970914185873
F123679,0.4501552039431602
F111243,0.4561588204992297
F113133,0.5698072966926095
F104645,0.4729706453882421
F105874,0.5239391776029553
F119181,0.466000651520056
F101394,0.4190544060213387
F124488,0.4351149366613918
F116999,0.5444000935338302
F116068,0.5357762585718862
F118719,0.4480506964640516
F120589,0.5547120961583658
F116146,0.5110108477001624
F119080,0.49275731023748215
F122698,0.517067339763149
F121018,0.46668911468769325
F123107,0.5854926850699458
F122501,0.4440201655804852
F102275,0.5127037169067217
F108923,0.4453437879606942
F108770,0.5344137412165904
F118911,0.5087671503378609
F118847,0.46893631964666516
F107313,0.5023272907369352
F100472,0.45020018967674247
F101105,0.4790034578652617
F119002,0.4425921810813521
F122076,0.5471230191123153
F107518,0.569369501142209
F101013,0.4719010343375783
F114054,0.42837893193610466
F111988,0.5809540605557348
F105303,0.5568458911466344
F118549,0.4526953051663407
F115072,0.5201667122838927
F103483,0.5026568212563998
F108248,0.39512201033823113
F107192,0.4795542025373125
F104489,0.4625480402140399
F115885,0.4581658409670384
F123246,0.5525352339565986
F124020,0.4863133440709548
F106433,0.3943117609561536
F108155,0.4231540142459165
F104023,0.4819339168237141
F105426,0.3987946374872046
F106140,0.5277487338022342
F120579,0.5344007456796717
F109403,0.514808098032109
F103161,0.4322304142676543
F120903,0.46520281495987714
F114267,0.4185283840383609
F114603,0.45632549017156154
F101173,0.5416776494850445
F118312,0.4499132557446945
F112957,0.5299640587392179
F108174,0.47070408504353195
F107679,0.483111169489579
F106552,0.48617433538185717
F123409,0.5303764407908319
F124647,0.5115428567815758
F116742,0.42045830481278146
F117931,0.5299008096984987
F116665,0.4591471155399889
F115205,0.5158555968748938
F100312,0.43861088273733273
F116986,0.4811537516107875
F111842,0.4757814368223292
F124289,0.4879171499869488
F123926,0.5478578647895905
F121069,0.42248001975824373
F122330,0.4306438538562708
F102060,0.511337433850054
F120022,0.4635565218804536
F120754,0.4959691785779574
F100793,0.3986715184581141
F103998,0.44811532296906514
F118846,0.47232253305642535
F110851,0.4478785684884576
F121612,0.46542321267579007
F118155,0.5071669847115575
F108002,0.47075507987657295
F122670,0.4859643166329784
F124458,0.4515077387572786
F103392,0.5124389189281605
F114535,0.45352798331631883
F116547,0.539383659209843
F102145,0.39685583499286414
F105687,0.46238633772332693
F109473,0.5512982132275831
F121006,0.4814378840903847
F112627,0.5663338458044428
F113522,0.3974937455901294
F118369,0.517914559647478
F106945,0.538945391909298
F102604,0.4651146382807847
F100080,0.48084350469859866
F111323,0.40405438561546236
F117613,0.4725793690380846
F110569,0.5042371314053012
F104756,0.3914204162348883
F118393,0.5142119979983205
F114181,0.47898739034831866
F124170,0.535460667851207
F101428,0.44942281709137544
F111588,0.41894923211888613
F117567,0.5327571886972864
F105661,0.40688432301859767
F124355,0.5292028891620936
F114965,0.4683306574674516
F120057,0.48602610645240896
F122212,0.43200774226976185
F116977,0.5385290026621571
F112559,0.4144684141228533
F105212,0.4568843366121866
F100954,0.5383143653140133
F121941,0.45101586071307953
F115462,0.5036564146132079
F116974,0.46807813035352897
F106977,0.49295202828890966
F113158,0.43421850168349374
F104864,0.480304985503726
F105837,0.43458750336610197
F114309,0.4921946393112939
F114564,0.42941870142385524
F106157,0.5456238037490881
F105206,0.5251732637577269
F107052,0.4669166110859177
F107894,0.5342090515615391
F120568,0.5300555001490166
F119555,0.45767300261034644
F110716,0.4391773820594804
F112055,0.4454100922496437
F120856,0.5050122663678543
F109446,0.560241189689877
F105342,0.45800730841067894
F112668,0.4862986384504413
F107650,0.41927180017418986
F111844,0.4125664976485075
F115697,0.441954791672504
F112253,0.4578984796734453
F106643,0.4897835472642368
F116282,0.4541649547523625
F106165,0.4436636218494362
F120271,0.44969615146482744
F123729,0.49587097165107
F100377,0.44874449396129823
F108642,0.3896318996667203
F112115,0.4205030172645066
F102438,0.41939105350801437
F116606,0.44442088999296847
F118051,0.4022673381435763
F101272,0.42985263741931806
F122322,0.48359678670391365
F108021,0.4313239323691358
F109367,0.5151314866473765
F122111,0.5268397486111129
F112812,0.4317663494309093
F100908,0.4885167731491074
F113094,0.45581173810769565
F100501,0.4700572844055198
F118716,0.4896893003220198
F124793,0.5095403781840041
F107085,0.5159562561739468
F107738,0.42496876893603464
F110914,0.5159047680923506
F117788,0.43062360223407714
F118159,0.4721150833246777
F108667,0.5028113202316825
F108071,0.4601696427002825
F103657,0.5031505438171091
F119748,0.5695802104414124
F101308,0.43652149239620114
F116569,0.46749789450769946
F100038,0.47790998105334975
F112205,0.5535646553338046
F103240,0.48451751617007355
F113950,0.4455888995864036
F100517,0.46156310721015736
F118227,0.42028232618053313
F106284,0.4407074045249155
F107250,0.4914589334359569
F108987,0.47748206992098324
F115171,0.5503060037684205
F105144,0.47358204182015
F106889,0.5203705768264695
F108820,0.5351605626465589
F117312,0.49451987991591667
F106690,0.47966500823452085
F109425,0.523639395093287
F106041,0.5371398635338122
F112476,0.46818700779454325
F117231,0.44625150952463266
F105013,0.4135219089267102
F103834,0.40163302172639714
F122912,0.4428574361097034
F124120,0.4821238087213623
F116850,0.4775001577481257
F116021,0.48460541172086147
F102974,0.4863538345724939
F119415,0.4316361313529625
F106844,0.4827391919616849
F112212,0.4688556049050237
F105832,0.4094156725126007
F121947,0.4178291270048695
F101841,0.4214994420783608
F115295,0.5620657661251169
F102786,0.44824465715702766
F108739,0.5180836189384244
F124052,0.49498528366520184
F112033,0.49019967325015357
F109200,0.5054970418365482
F101307,0.4792126161637974
F116142,0.4976563858334543
F116923,0.40910393067575435
F112328,0.49281858997231226
F109744,0.5168471642366564
F112901,0.4874282489618378
F100297,0.44012063196364104
F106331,0.538969431129859
F108745,0.4975877432842397
F118987,0.4982124950286292
F109362,0.47495797523567174
F110804,0.42094999072949757
F107474,0.5219654900561056
F114558,0.41926372714518556
F116890,0.44665898740922905
F113360,0.5182245081765754
F115612,0.4900832038084011
F110049,0.45424546043599173
F108747,0.4962742641150767
F105182,0.4771300166687261
F104033,0.4840093724766431
F111015,0.5386277116100433
F115764,0.4534293437045299
F111029,0.47879507849047964
F115056,0.44042783637442595
F109302,0.4574500486702474
F122737,0.5051983864269598
F100416,0.4722392963939712
F108765,0.4675616641917849
F100382,0.47192882799505376
F119964,0.47805571913424183
F118924,0.42158462865631796
F119687,0.4454145541091049
F121773,0.45134291682932964
F103119,0.49087702342729567
F124159,0.4712058595269061
F113540,0.5002905689903517
F119690,0.4525126615325711
F124124,0.39760306270704593
F106874,0.5357163708673491
F124254,0.4216964970989837
F117206,0.43775814710404864
F116103,0.46625168709513354
F122415,0.5276654458715815
F114830,0.4557901930039878
F100470,0.46937098394855414
F119810,0.5074954815326995
F107705,0.49947376406850563
F122443,0.5760910776330922
F101447,0.4747560100035709
F110636,0.4224790248516145
F118571,0.4121025915841212
F124080,0.46721952028268776
F109930,0.3985182232120038
F108900,0.525433195201973
F116182,0.4927536978888164
F107775,0.4279244291644986
F109914,0.4196018817712953
F107440,0.46893340962630187
F111821,0.4950121487410035
F116376,0.4915709091045001
F116093,0.4035846932223649
F114477,0.4862715319582006
F107480,0.4579087366695842
F111851,0.5060314484837077
F111086,0.4663518529236925
F123115,0.41687323272550236
F108151,0.48673363412058035
F105727,0.5062959151131317
F121308,0.541559341869469
F111963,0.48241326800296336
F120189,0.49388772787217117
F124354,0.44980677953695547
F106821,0.47703617309325336
F104285,0.47554127418039827
F119069,0.4652283476717472
F105983,0.4482854536802629
F100970,0.4729016287492565
F112515,0.45155210923491185
F116847,0.4378527093099952
F102872,0.4839081096964917
F120378,0.5328915835495569
F116531,0.44230344891976614
F109448,0.54513608039096
F116394,0.4510060838609603
F104949,0.483116853741029
F104022,0.4517300979490718
F109661,0.4840165732872987
F101127,0.49250333707000316
F105458,0.5288806765443163
F111359,0.5086833666652134
F104832,0.4714043981487386
F124194,0.4320795486662675
F105827,0.45446501516046983
F107425,0.4929453641482126
F102306,0.48659205066567895
F119913,0.42444074631592016
F101672,0.5188028828245005
F103056,0.5000016772926987
F104382,0.4179610513108706
F118968,0.5952976272163322
F124767,0.4743078329555156
F109725,0.4030319025582161
F102929,0.4665172619089033
F106360,0.4627381829467332
F115541,0.5151642078141171
F123884,0.49033353268033264
F113152,0.5059420466562825
F107913,0.3985922180437568
F109226,0.5402056081498937
F105023,0.5157990351096692
F102322,0.46615955420606753
F103788,0.49148333169740377
F107396,0.5466003711037127
F115281,0.48030982989564813
F100273,0.4877468992632756
F107970,0.41976944330356486
F120773,0.4769752643504558
F112894,0.5478163373771944
F104441,0.41157976704727006
F111676,0.4941790151434989
F113899,0.43289071123513584
F124975,0.45435697543045117
F109944,0.5575327659805723
F118346,0.5005924834793869
F121350,0.48746765699465
F107638,0.42237456764676695
F121517,0.4903737899524391
F116362,0.5561797159808257
F102513,0.499060932155263
F119158,0.455480632854958
F119159,0.46373924608660827
F104153,0.376967174871907
F101120,0.5170982654436522
F113681,0.47880097980402525
F121532,0.4246611867714266
F103335,0.5648450538248759
F101237,0.5483999534534709
F122458,0.4442754048001335
F120053,0.41138401988684636
F101349,0.4384533032125486
F108195,0.4918555298408054
F106115,0.48154831225964756
F101981,0.4870098247498604
F102653,0.4452160033875939
F111226,0.4436003181501793
F114911,0.5059715010110288
F104370,0.5140837526738629
F103728,0.4755295301105449
F109989,0.5498292668326477
F109136,0.44094176724806067
F109377,0.3969961703860172
F116367,0.4864668054214215
F121974,0.5029270662094435
F122473,0.4622294203822914
F106614,0.5072738804048279
F101124,0.45717888534484297
F115128,0.5458866107323949
F102816,0.5205847365626949
F103041,0.44947796250216954
F116138,0.4457086907782003
F117373,0.43951106449058325
F115252,0.4887645656319545
F124056,0.517276762502545
F119772,0.5185502388664642
F104436,0.48879800021964703
F107423,0.4823254493129314
F100095,0.42183260535724343
F100364,0.5250356461145999
F112038,0.5404645484188065
F104522,0.46835573345905457
F113109,0.4566094101755307
F110974,0.43806113962110005
F101872,0.5034068146673529
F101068,0.48610733722447985
F104709,0.4678977533588148
F120644,0.4748551886961767
F110439,0.4754546012630018
F108131,0.5116570301005865
F109717,0.41200708962545485
F109622,0.5141762515158282
F123571,0.4559743508362948
F102686,0.4798664888774794
F119216,0.46656310932882467
F123527,0.5627614922847752
F112500,0.3914461039537739
F120660,0.4590865774187597
F121830,0.47813426326996056
F104237,0.4363189877604775
F115190,0.5355258256211172
F118920,0.5020077332770742
F116871,0.524037167132329
F116973,0.3996020945590756
F123010,0.5474135024441652
F114876,0.43375964254824784
F110215,0.5049258575478488
F107723,0.4651610176612435
F108436,0.48481069848994396
F103074,0.5736353069592764
F114136,0.4266265976646873
F120082,0.4586256049910532
F115581,0.5432635995978303
F108293,0.5072092700864376
F115417,0.5138400770218372
F116833,0.4709159487417951
F100029,0.5220672758611128
F116985,0.4415450996196402
F111833,0.5712750708108307
F120260,0.4848319435323404
F109583,0.47044649832132346
F123693,0.4859796382127035
F115645,0.5404818103116463
F122301,0.47675369948316393
F119206,0.45100398452512636
F100826,0.4827323254764832
F111926,0.4916158093643844
F112417,0.5027547079087077
F110403,0.42664378179054985
F119140,0.5426894141101534
F104695,0.5154414988514721
F123804,0.43039907409733436
F117199,0.429508396854021
F114751,0.5079523953880416
F113662,0.5562339428545715
F119786,0.4737425713520848
F109722,0.47723289445283
F117726,0.43302661337803927
F120605,0.41260274008065156
F104546,0.5355448587791025
F119188,0.4644760237075094
F116439,0.4397847113587261
F111002,0.4412998154074145
F123070,0.4769179598589949
F106147,0.4433994378061269
F104932,0.4891273971218461
F109194,0.5136412395303166
F115531,0.5228863221094523
F105641,0.5202248877603247
F112111,0.5188683011140653
F102598,0.40675165477433484
F109342,0.41934338661106646
F118390,0.46311577250276326
F113576,0.44439846803035293
F106199,0.5344451556125469
F116290,0.5289762032115417
F107611,0.5333207503138488
F113223,0.4936731039121854
F118464,0.49002243549210267
F123013,0.4866617994240532
F120006,0.4962927250368092
F116478,0.5017240887251792
F101312,0.3884814543911168
F123042,0.4742840092961892
F100045,0.47203057795647096
F113407,0.4572879298197048
F113374,0.47030154750683784
F118256,0.4343272569017547
F104208,0.4146410926462207
F120343,0.41966033916430595
F101762,0.45696330332564683
F108658,0.4273689808714689
F116339,0.45075080891033753
F124368,0.4417948042808177
F103787,0.45364952710499606
F113870,0.4478241673184337
F111713,0.4984934896772821
F118677,0.5483652720032963
F104312,0.44233404498035744
F106606,0.5381474819793495
F118122,0.5011729756778989
F106599,0.5562169710951281
F109570,0.5470580690736077
F113081,0.5108553278335999
F105129,0.4381293424157374
F109831,0.43613025160439567
F115161,0.4627176114557321
F122139,0.5058279140797809
F114634,0.4530859052582523
F105517,0.47188972498108783
F114407,0.5073508148747992
F109772,0.43336035503857206
F124495,0.44717516721292583
F103543,0.5576415880079316
F124747,0.46789420742804466
F119084,0.4284986664238206
F115815,0.5169767523014412
F118726,0.4185986779087787
F119478,0.5056107426189179
F122521,0.40438303525762354
F102328,0.5102589119290258
F100842,0.5277441055501578
F104040,0.44042163537837603
F123101,0.4703084611806745
F111886,0.47225368010505653
F101212,0.531464005195026
F116420,0.4305496584094786
F118287,0.5339809045447402
F111054,0.5643607665962413
F100706,0.5711335979430597
F120788,0.4347450180959246
F106477,0.4857916112319917
F116902,0.5546667404937629
F124738,0.43589621972220327
F105208,0.5088324947301537
F117963,0.4524531065762782
F119238,0.4854187686678672
F106181,0.4548635789707572
F119735,0.42518242091941594
F122554,0.4903054956824161
F122008,0.46442167489701325
F111317,0.5077736461020051
F123120,0.41884616715774814
F114225,0.4528740025368475
F121985,0.4693481542066039
F110484,0.4986085452811444
F108430,0.4657230477021359
F115305,0.4377701164747475
F124268,0.4585672078600914
F119847,0.4507099278129272
F102738,0.4412099558140183
F109464,0.45773447417250823
F124522,0.5184360306290582
F103969,0.4267247114892506
F109225,0.44243646174023304
F115136,0.6007178763628359
F116931,0.45370678535233194
F122013,0.42869716630234034
F124436,0.4995858218947537
F104149,0.47981535967497296
F110606,0.4489010218873293
F124802,0.4393553521944288
F104345,0.49923466025929164
F114672,0.4092127201797856
F119848,0.5452734904873442
F103290,0.4480744303075905
F104888,0.4183203713178212
F113520,0.4586474107179275
F119168,0.45044845418136614
F104655,0.44674671993509363
F100234,0.4866837006606488
F123659,0.48028753441671423
F121306,0.39737587509254174
F122919,0.4682651142408355
F119185,0.5101877458013608
F114557,0.45817564436258296
F120068,0.5433623873990994
F110255,0.4440510872769975
F114668,0.5642242634347476
F101784,0.5327935818558232
F123733,0.43931606217038455
F111087,0.5674841596974657
F108592,0.47413437651296175
F110370,0.5461750663015745
F124017,0.5553258948144302
F102724,0.48063460851869255
F100722,0.48807177643289057
F119291,0.510397298106868
F104360,0.5626828297822842
F120415,0.4757032769494123
F104816,0.5241886760043879
F111397,0.47707471529975076
F112336,0.5259141158688171
F110568,0.42760818332811484
F106576,0.4577764994288779
F100151,0.3886776386649841
F110197,0.5392108857631085
F109336,0.4721564688011738
F124798,0.49257040192413404
F100162,0.4884312495825387
F101699,0.45561240963652155
F112645,0.4576175815443282
F112829,0.5320288832449576
F103331,0.44888114684574404
F120328,0.4410125138117258
F104367,0.480563787030536
F114200,0.5475524468413934
F104673,0.4719321998156773
F122029,0.4778680578954114
F101404,0.46442184232991357
F109571,0.46309799792547063
F117648,0.5376483559285364
F123171,0.5042413993633013
F106429,0.5113649205958101
F119641,0.3974408304040088
F100178,0.4797490479329446
F117139,0.4227609544136423
F109205,0.41018841539856543
F123893,0.4486536869669995
F100733,0.4760255031245603
F105491,0.4219053209142858
F110633,0.4639649225330911
F116553,0.4509386223613646
F105633,0.5067119937689771
F116134,0.4067317852679986
F121291,0.5271941257848229
F107773,0.4444558346006471
F108088,0.4610687275983821
F112707,0.49022437836048455
F109569,0.48634018692439746
F120566,0.44683816687906386
F123968,0.5125718504763261
F123283,0.46898995574061764
F121506,0.47188720008673996
F118573,0.49493156966314567
F124881,0.4454288495200296
F103023,0.4227291109614017
F121534,0.5376651333089791
F114154,0.5137416120119264
F122007,0.4168946918453115
F104670,0.47401862749126983
F109248,0.4810274071294956
F110905,0.5013983466996045
F117212,0.5311002693158076
F121030,0.49758507611426295
F113457,0.43122056858521174
F109021,0.43734308112959774
F104306,0.4594887768967493
F107503,0.5281146337975337
F119787,0.4775756129675682
F109176,0.518794115782844
F119859,0.5349884202927827
F123185,0.4331378738227032
F117230,0.4653478523905822
F116635,0.4798238321010784
F111519,0.5936210605876653
F104098,0.4415869461073243
F118801,0.45210238890808346
F116581,0.536226632635836
F101213,0.49178896370522535
F124269,0.4474740259613979
F106830,0.39971897555992475
F104895,0.46784115645693425
F114121,0.43427070415857283
F105776,0.4197257129721516
F119536,0.4086823556977245
F122474,0.5506959661894446
F111688,0.4793061219611118
F107540,0.5451719318549387
F112403,0.45531306326746734
F105677,0.5367150543065267
F124624,0.41854003174143317
F112912,0.39482089304412754
F108372,0.4549953928786567
F120719,0.4183015622892659
F104378,0.5553053829338087
F104813,0.4880846975545474
F116535,0.5317535999614587
F111736,0.5542203191095564
F106479,0.550334864905849
F103242,0.4208587483992888
F107847,0.5013566751862606
F103745,0.4071736698593173
F118429,0.4374836305876082
F113004,0.4498679909798545
F119726,0.4658434157709556
F123790,0.4017472477882148
F100034,0.5492674563070709
F120440,0.48239271363555436
F120180,0.42854746085123563
F103656,0.4829072089321761
F112455,0.46183669505623737
F114722,0.45757343056123134
F112118,0.5246249543512229
F113876,0.520195952049406
F118160,0.5080392719109657
F107376,0.5117495568872417
F116340,0.4408397424905979
F122412,0.5658516975757268
F115761,0.45615156540225665
F115139,0.4077150896931665
F119614,0.41821153500087904
F103980,0.4714747104013155
F117948,0.44314202245110906
F114958,0.47331673750747083
F116637,0.4797824421900827
F104803,0.49043975579663934
F109432,0.48596772573717756
F113672,0.46795798580192083
F109842,0.5733893665741012
F108896,0.3806235835324369
F107375,0.4898056808151
F123387,0.3979736265318757
F109033,0.42726641837680734
F124376,0.4379641557634262
F115318,0.5109972923958632
F119660,0.5112476448119723
F121151,0.49485669047969827
F120631,0.5138345202268253
F114549,0.4888861428585377
F101564,0.45604934614416603
F124619,0.5109736771908325
F116778,0.4368406549768137
F101453,0.5215034292449058
F120928,0.49518698943618267
F114264,0.4092892304286019
F112329,0.43226279305926285
F101843,0.4931846569343167
F106051,0.4729213004587326
F115673,0.5201294427914097
F121338,0.5178368230280133
F102169,0.4542109349839739
F119965,0.5135338204839213
F112596,0.44060749093804796
F108499,0.43593252637081636
F115880,0.4355746953938311
F123734,0.47902941389579334
F107446,0.471683358418438
F117816,0.4135399397650672
F105036,0.4725405649286033
F114356,0.44311237840550055
F104341,0.4924997515017756
F120665,0.42727499248073775
F117856,0.5086317476742483
F114709,0.5082547040815453
F114293,0.46781623680916845
F104545,0.5356376888694716
F120020,0.4432880693958146
F116643,0.4655968587902683
F112763,0.5036146762964497
F106407,0.47751572719336965
F104724,0.5027336824951609
F118714,0.39939937521082614
F124702,0.49002958140211395
F117532,0.4779518105230836
F111065,0.5880653122043882
F101010,0.4577388741671391
F106494,0.4718017503751877
F117477,0.48368331664660025
F100685,0.42519007448349533
F118386,0.452016422293929
F119360,0.4527666927181726
F105237,0.4731241734828742
F110277,0.48072138643994367
F111872,0.5144584527719528
F106074,0.4681785863187834
F117047,0.43735370875237367
F121491,0.454609725765689
F121176,0.5116809268626248
F111292,0.4535373750207341
F123267,0.5591660077942207
F109498,0.48868979887500286
F118709,0.4587099999318493
F103696,0.42971169969710443
F116806,0.4552593288572361
F120702,0.4226778428937188
F104260,0.4477394374800721
F109515,0.44652972968305615
F121169,0.4745484885884329
F113126,0.4329289669213928
F110555,0.4151480104236772
F111033,0.4739513204520637
F107429,0.474299365052114
F109347,0.4687140924788585
F105088,0.5510204658148581
F101848,0.40250857071028256
F109353,0.4988883932829579
F119003,0.51788034737212
F102969,0.47682279059446275
F122274,0.5456450396237815
F104854,0.4624741493687156
F117822,0.5926228891539778
F107891,0.40098900552911276
F105037,0.49427079495956533
F112575,0.43390517700805864
F114509,0.4607330357650284
F106600,0.4681488687264758
F109291,0.4931211541154553
F100317,0.4280268401308699
F110155,0.516520512233785
F106033,0.5303837932770002
F108058,0.462979014352148
F100261,0.6149857262491322
F124396,0.45356255528707534
F118697,0.5343002826389394
F102451,0.47256276962826954
F102538,0.4718941590526959
F111894,0.4712272289843687
F121146,0.46486303184110334
F119246,0.46407255590178587
F106764,0.4646293070048525
F117322,0.5203264395759465
F115755,0.4833069770054794
F113605,0.42594823497648926
F102710,0.42535989409694297
F119391,0.42454452229889245
F123996,0.5343227778858632
F111637,0.446212178576539
F115162,0.5134113346833942
F107792,0.4979549084322996
F123145,0.4978480750321834
F114613,0.440467690083582
F123044,0.39792752586270697
F106749,0.4549844109725377
F100836,0.4147722765619021
F114598,0.46563591891473916
F107653,0.4255558002419595
F116849,0.4655266715766848
F108605,0.45350145475094117
F107383,0.43490554263685877
F123911,0.4188068139600386
F111184,0.5102007569687371
F110214,0.4967244176678456
F123822,0.46220610196035544
F112193,0.5195170028689429
F120841,0.49291767259210695
F117956,0.4640986106092796
F124877,0.4853890695923796
F100062,0.4595091361153085
F101837,0.47888211632843125
F123424,0.4903543599721267
F120509,0.4800015939936995
F120729,0.44644119140815397
F108163,0.4723857086191643
F110580,0.5286105380520671
F102803,0.45168446556636416
F122612,0.4856025866589463
F104600,0.44748943780486505
F113106,0.48010467922891864
F101545,0.43501366197652847
F121559,0.5178231855545408
F104337,0.5340834300002287
F122298,0.41488666235950156
F118818,0.454048824966958
F121191,0.41935775967934474
F110094,0.44470000784289304
F117833,0.553703755322743
F118565,0.4560372229164336
F105137,0.43627589148060403
F102304,0.4726312742570158
F101992,0.5020829499154579
F105940,0.42647347399618135
F120312,0.47220078539208493
F122523,0.5188742063728385
F105644,0.4076529449850566
F114930,0.450622645890685
F102055,0.4910984858292702
F101865,0.4473956008360781
F113006,0.5325600197935568
F111517,0.41678477030325045
F107205,0.4099580268787142
F100281,0.44312913894929745
F106249,0.4073687692869874
F101795,0.5180552918273297
F123338,0.44269985168165127
F100417,0.4709538387160207
F107552,0.41481054770615644
F100421,0.4110426580520594
F122717,0.43584276238797093
F110029,0.4596398870735805
F116213,0.46509997551931015
F120203,0.4893665085564513
F121400,0.5220909135012529
F102410,0.4747573151032407
F113164,0.602453704871995
F112430,0.5390698596951936
F110772,0.41888083827120914
F107726,0.499527794874864
F115940,0.3893200969784502
F102875,0.48632920000901125
F119355,0.4287287883960582
F113306,0.4836460563577966
F105384,0.4710095067502197
F123072,0.43945844325471706
F109979,0.443088014817122
F113891,0.4884674700295712
F109099,0.5643751283118517
F108435,0.42251479784755885
F123416,0.500623580708944
F101919,0.462628812243362
F101766,0.5044966681388529
F115238,0.5165368436332761
F119887,0.5491789105997419
F118656,0.5262226695918636
F111062,0.5075294997139201
F124530,0.4419454305022575
F107975,0.5988950998226282
F104548,0.5147478025051837
F110843,0.5443922814897255
F110256,0.4817485727669457
F109074,0.4342067909655287
F124484,0.4205114720020581
F120196,0.46067211957347115
F104294,0.514073126423269
F107467,0.44856085517540245
F120244,0.4875962658753028
F123187,0.4350860325430481
F112771,0.5571412632197851
F117023,0.4017241478549302
F119213,0.46954404306100517
F113098,0.4951914726751734
F116855,0.5458569035203963
F101306,0.4458697216335127
F100909,0.5154340526508989
F114368,0.4813379300649865
F114371,0.4647049449149213
F120980,0.475162264828491
F118550,0.46022458422985757
F104843,0.4582894599799496
F118498,0.5679182452424939
F104761,0.42912021157420654
F113347,0.5331577987049554
F110363,0.4127021423799667
F102342,0.48352271511126077
F102609,0.5852239860019299
F114479,0.45207087117143574
F108351,0.4405019080219865
F112614,0.4697396991530797
F112204,0.6058205142866717
F119447,0.4946220320557754
F109298,0.4786282386464492
F116652,0.5169265816875526
F119068,0.49260045720497936
F105089,0.42908167819917475
F101636,0.5144624669419956
F106619,0.5025353329901038
F118108,0.47906411480010147
F112851,0.4261149924931567
F115111,0.49917727038725845
F111622,0.47699518190838996
F108793,0.4991152095485654
F118800,0.4963132974188213
F115275,0.46830238066031615
F102362,0.5359572663852372
F107284,0.4844818210612919
F120471,0.5204484348911882
F123050,0.5000577867262042
F119940,0.4226616185512009
F121582,0.41493092613477267
F114972,0.43218846129855004
F108065,0.5457679909782901
F120580,0.4369180472483102
F114945,0.4993690229622264
F102408,0.5339437951073345
F110431,0.46444981448334366
F103669,0.49292354860110854
F123781,0.5726554207603419
F115715,0.5006241465205786
F108380,0.533007699582131
F106089,0.4106432264782491
F113793,0.41975615720051596
F103269,0.4532641441960288
F110531,0.4497572592468012
F103529,0.508350982091917
F109149,0.5095688613865135
F117568,0.503480878857402
F122152,0.4533927994809466
F106396,0.5163183576418446
F101797,0.45355563680635486
F112318,0.5010109099619087
F103122,0.5014741528229292
F124064,0.48621176594716153
F118639,0.5469613092184188
F115913,0.4424496123676369
F109873,0.5223486569304752
F120091,0.4648996675821986
F112609,0.4158639160891925
F114961,0.5148317050532294
F119734,0.49167622461319566
F114566,0.49499475973992957
F117003,0.47076536058206875
F105055,0.46699355764087
F102011,0.5284298450667441
F100934,0.4596952297211107
F111696,0.46740234041626394
F108316,0.4235301891612826
F115710,0.48587699076655255
F108210,0.45518955347059076
F101403,0.44583032280036683
F114763,0.42784598816030067
F103191,0.514417460732573
F112148,0.5340550002807347
F112365,0.49907475264927614
F110678,0.5334093280957986
F108746,0.4503838964539621
F124293,0.4496397785508827
F109222,0.4857570834080281
F103183,0.41713964493644573
F101183,0.497376074382068
F107095,0.5731767742249319
F110704,0.46952227339812813
F122267,0.5744323641930366
F101657,0.454686774660699
F106951,0.4942494331705545
F124399,0.509034186566719
F112526,0.49993916041576086
F119013,0.5143285245491148
F117862,0.5271756849206258
F122016,0.4764797245372824
F119088,0.40630125560372543
F107519,0.47342666927282684
F122224,0.5019623052320195
F114056,0.4235383941413121
F106801,0.4865973556221597
F110016,0.47601417243467137
F111578,0.47653162074696825
F113671,0.5092717089592438
F100966,0.40273913693671637
F121428,0.4854184517996176
F123633,0.4946545475781435
F102981,0.44631649458303824
F108192,0.49168513383779505
F106415,0.4481145267065034
F105420,0.459729584008606
F102891,0.3935967748140133
F112864,0.5551134122172984
F119796,0.4824614453578805
F122286,0.5338806224946283
F111968,0.4289468857820163
F119271,0.4672593718449294
F121319,0.5673865932071808
F122989,0.43437615390240736
F110587,0.5522154536323252
F119835,0.5000934316940584
F113804,0.5457143654015262
F120608,0.49404186007985995
F100063,0.4367676842566815
F111602,0.3818709816127001
F107242,0.415140725716831
F111447,0.4153078023974051
F106101,0.4627275459091983
F120610,0.4787003119400385
F111823,0.49389590426850283
F110848,0.4666826651577153
F104147,0.5577355828071042
F120801,0.47637916837247996
F108269,0.5396268260307193
F122035,0.5199222541580366
F102387,0.4483002996173248
F124608,0.4486172924759064
F117790,0.5502658282016337
F104029,0.4697420190036158
F115235,0.4998355660609904
F110891,0.43242175547868855
F122291,0.4375233195575982
F114721,0.47016916960584354
F109328,0.43111131021863147
F107995,0.515649460870046
F121056,0.46859712733236325
F111933,0.4862809712468516
F117608,0.3918098206998236
F107155,0.46660978186073504
F108926,0.5282498358701646
F106237,0.4425280937184677
F112467,0.4249529150247661
F117632,0.4066589921879532
F101380,0.46232978474575853
F101621,0.4319559325819484
F115108,0.4667909607572123
F122264,0.5022968768583367
F100303,0.5029310210351199
F105445,0.5138915852236856
F102267,0.44269069941974937
F119046,0.5449029704137553
F122308,0.4548108911599349
F107153,0.5336641625784856
F117843,0.4910806597235433
F101910,0.4308622275153493
F114196,0.5516150742275042
F105769,0.48724922921401936
F119541,0.4658484420587402
F114088,0.454922383130265
F115915,0.4865447953648332
F119736,0.5013241806213016
F111740,0.46368486019552135
F114594,0.4977191682453772
F116558,0.46905675561825694
F113078,0.5015688043148381
F100369,0.5505866569455221
F110194,0.5024704513157447
F105193,0.42279196510187833
F124542,0.5104592949149646
F104589,0.40810855830970433
F104361,0.4119965508102639
F116568,0.4751378693185086
F117695,0.49770367021557865
F104183,0.4527326191433362
F103675,0.42645902270734515
F102368,0.45370126164745816
F113625,0.5534323281934891
F118503,0.47273674308285607
F122740,0.46584057568558634
F106321,0.509265377425635
F110321,0.5063931590039049
F103934,0.5099498759358146
F121797,0.48050952414990383
F102651,0.466108687210537
F120766,0.5868807252552595
F118858,0.5048346097896954
F104815,0.48865519375309685
F115827,0.4967243834914411
F101686,0.4552363430005306
F114701,0.4616267676931044
F114078,0.5220170322324895
F117801,0.5211556871421575
F122684,0.45489598878542714
F123855,0.4329732435345762
F108565,0.5662263983657438
F114810,0.44680735652733894
F105579,0.4346881200317994
F106859,0.4931490283997493
F105364,0.5025890951820784
F116307,0.39088591933908884
F121889,0.46156624197781404
F122442,0.4500865987456821
F123936,0.532453990957962
F121631,0.5133829222488548
F117055,0.48813447194981974
F109654,0.4885754228036625
F124546,0.4714304976217787
F113811,0.40942113418818216
F118936,0.4658741752574833
F124526,0.3928778591409594
F116075,0.43674949228122584
F117880,0.42218499901669415
F100117,0.5561724814546742
F101966,0.5401497426871686
F114404,0.5783549351346289
F115372,0.5073143182062085
F109898,0.5019732855985231
F113034,0.4843148372072381
F111045,0.45358647294482046
F109096,0.5046139526482224
F108596,0.42194224658037593
F119689,0.5351072646213432
F102311,0.41052670788347445
F108047,0.4954687453913612
F116621,0.5307527427342427
F101279,0.5357431908611839
F102314,0.45560010180739996
F122908,0.4561940738309136
F109229,0.44541957761827955
F111778,0.446176107781816
F124529,0.4428842344734921
F101674,0.47268722549285624
F110878,0.5358700128083304
F101942,0.47942876926785416
F100662,0.481949752023327
F114234,0.4046207284432767
F119443,0.5132295924869349
F116400,0.5058540681813006
F106975,0.4262261219922714
F102758,0.4611508906149906
F109727,0.4424525430189297
F107258,0.4805950654525067
F102979,0.4043606492637757
F115578,0.501896525183273
F107711,0.4429920985615522
F103091,0.5585035621620268
F117680,0.46186164911684324
F101508,0.4318467128226403
F115284,0.4899318378506582
F109277,0.44627296047385934
F107648,0.5017369158629713
F102072,0.5067102028878718
F110092,0.47013377549454166
F116611,0.505022538156075
F103080,0.4490006682495843
F101913,0.4856823752619889
F122131,0.5203535203822913
F124057,0.49117535309652605
F112930,0.545788621468512
F105262,0.4473376991859227
F117660,0.5295246569270137
F102962,0.5144989506886464
F110450,0.5610244231180483
F117292,0.4607029876555866
F100124,0.44140313091589445
F107355,0.42197319387202353
F100676,0.4992754534046222
F118568,0.46736833166546
F121315,0.4086650782687841
F105243,0.5075665000676948
F115486,0.4952717440964344
F105536,0.4170434126907927
F122476,0.45393931207929017
F114635,0.49696665763441183
F114860,0.46378758006571763
F120946,0.5115912130100416
F107566,0.5098936181621606
F113521,0.45116720333806104
F106032,0.43923297402404904
F100430,0.49544992873340116
F108705,0.4638908495023423
F114616,0.5197267556123625
F117673,0.5385274809796307
F111701,0.4608916075104921
F120700,0.446145967358639
F123090,0.4409581478761733
F115296,0.47311987745099215
F119856,0.46520876215141116
F105403,0.5338240002944873
F102948,0.5528168003020903
F119484,0.5029951463969113
F111890,0.44205390548869217
F120961,0.44628120402749594
F103322,0.5237594202333419
F101204,0.4254204471145459
F100381,0.5677017576259781
F111363,0.437582493086367
F108761,0.46686487937901866
F106107,0.47186910280488026
F101048,0.5503194866169855
F113832,0.4989009267074858
F103620,0.49438132068744367
F120874,0.4231239424750405
F108396,0.4812997947104898
F103921,0.5223091303547326
F114217,0.5206021153638917
F118553,0.49983696625998364
F102942,0.4597965174487952
F111745,0.44657220322057484
F124294,0.4969689417981852
F117821,0.5439657889671896
F102501,0.5122343384842789
F121007,0.48866622311136854
F109120,0.5043446967093275
F124906,0.5293878502320273
F110934,0.49807469878837685
F103892,0.49879717141546653
F101988,0.37467054165232927
F117297,0.4688223710731626
F103333,0.4607451547734426
F124532,0.5855983203386489
F110317,0.4603523728372759
F101326,0.5376114357907591
F123640,0.5438431129155559
F122450,0.5113407651068562
F121658,0.5261029681190208
F105792,0.472729298747741
F104454,0.43007258135456256
F120705,0.49040195505768136
F111750,0.4905274287258995
F109324,0.5041511551241724
F106103,0.41059415619595485
F107508,0.4990183250456981
F116292,0.4402418084399542
F110812,0.5269748976944862
F118252,0.48412589714035015
F110876,0.47484840321679167
F115199,0.5255868845405457
F111179,0.4892831542012199
F124475,0.4439226394084068
F103147,0.434908002532535
F100344,0.49499214360231636
F116474,0.5256059771875493
F109615,0.4322627683692238
F108437,0.46943359697730375
F107824,0.4749810770628885
F122006,0.4116229044912232
F112927,0.4889304881035307
F112746,0.44488106588858367
F110474,0.5185577340512079
F124709,0.5034796833595395
F115106,0.4805701886740199
F123513,0.4548709840518401
F118216,0.5418113868035234
F112998,0.5000234521503021
F105529,0.4636063875530635
F108501,0.42770393406646595
F108282,0.46575269346611725
F113583,0.41422320593134265
F100574,0.4594225945600139
F118499,0.522590679877321
F109104,0.5031207639146552
F122637,0.5171277718038209
F122437,0.5553248788073613
F124901,0.48883905704261943
F106283,0.49635399223008403
F110003,0.41957354336957065
F124217,0.4567128424374157
F101199,0.46511368510812745
F102781,0.471674252243206
F110469,0.5049709554753339
F109133,0.5186078001152331
F124950,0.5488171361077127
F120339,0.4660097907489201
F105887,0.5346402503829731
F112225,0.4546593783157245
F107370,0.40486258053478313
F103559,0.44882336813579937
F107478,0.43298158386258534
F104308,0.43087169003788306
F104732,0.5228267695415987
F115187,0.46823958182964076
F118012,0.5053614695126981
F117228,0.5084766143530681
F116614,0.4792711504870799
F107910,0.4371177317050905
F116998,0.40272089067903183
F115046,0.47156134635970093
F110361,0.43667901961362204
F118665,0.42470881804674243
F109652,0.4648300317061019
F114497,0.4469791207441138
F104957,0.5524607694183801
F101949,0.5320214024960663
F123522,0.4101249452262929
F117038,0.47310199148864784
F102234,0.5035115019963227
F116997,0.556512610940088
F107715,0.5552843626961498
F106209,0.45135345022838735
F114631,0.423651870282842
F111047,0.4672186946154866
F107722,0.5376890324906969
F123629,0.49579305768911613
F105307,0.5648887384454273
F100276,0.4247007033473587
F120474,0.5453712096584907
F114160,0.40767607985749377
F110975,0.4687268624025339
F118874,0.44559481533921774
F104088,0.5865110793111454
F100779,0.43659176656383614
F109610,0.47204769094016014
F102568,0.5195471817813039
F122318,0.47946253270866246
F107513,0.4390998294369058
F121989,0.4975992290706843
F105505,0.519599536393188
F116533,0.43497164932589516
F106849,0.3992002770028574
F106802,0.4653646612126292
F124883,0.5163452784171312
F103571,0.5352392925099281
F112567,0.4678397432759246
F113994,0.4836924006978577
F122663,0.46443939907965187
F122659,0.4252267042147906
F108701,0.41415069363270884
F102880,0.38188113819636066
F108569,0.5391129013205266
F121717,0.4082289132770567
F109974,0.4932792229173244
F120370,0.4449229513476082
F117473,0.3962694721439117
F112693,0.4875985970307192
F105000,0.45567891546034006
F100285,0.5293562513471323
F114122,0.47238711376929343
F105751,0.4543026173056438
F107788,0.47033855258860857
F115467,0.44114707149810695
F102622,0.430063938702386
F107899,0.4097349292611143
F102079,0.5394548047731305
F109416,0.45503528054000797
F104238,0.4389706917848286
F100461,0.5035906739948058
F112622,0.47907711875808845
F110160,0.44061520170422486
F112915,0.5169979614009549
F114018,0.41878065303158407
F113896,0.4750354808887991
F120170,0.47475369096340403
F113854,0.45775887908614216
F103818,0.5216072651989152
F106810,0.42317952737933967
F113124,0.46791231106686515
F100838,0.5427537820962115
F102996,0.47962538344365974
F115842,0.5226375796167109
F114888,0.4882549069218105
F101293,0.46227956289460065
F115443,0.5545647059166242
F107521,0.5106416536673212
F115413,0.51484490694876
F114250,0.47805471648079084
F118786,0.5335799558392652
F122254,0.5012967429019614
F121689,0.44858846022548443
F117848,0.5190051929736531
F100852,0.4252403707995672
F122845,0.5182351518705127
F123435,0.4811883232522103
F111311,0.4979485913286417
F115693,0.40999617991037446
F114977,0.4602892310553602
F104897,0.5120864160553822
F104821,0.4872673906087701
F114993,0.5421170524716098
F100904,0.4156124974310068
F103244,0.5104551485153075
F107784,0.4433620651980412
F112491,0.4801972960275841
F116895,0.4582352489341974
F100545,0.49642458509386056
F104812,0.4889599748965485
F107098,0.43303122591442655
F124363,0.4643284162738769
F116584,0.4734488505501384
F107171,0.5095540211017494
F122313,0.47846078508670287
F106383,0.4781576562025078
F104226,0.5118529848907885
F115928,0.38543207438351346
F121080,0.5198930020003006
F124138,0.48379524155239184
F112198,0.4366938167705937
F103361,0.48459318213486463
F114204,0.5053135764346417
F117323,0.4135062392522303
F108519,0.5094505598602119
F116883,0.4672105400696236
F112759,0.4553592475348941
F111901,0.47353267874100335
F120650,0.45968040931107834
F103826,0.49690521116974784
F112527,0.4077615328105598
F122498,0.4343893561869
F124072,0.5224620380270963
F103159,0.5042831743756709
F108242,0.4766614701548601
F119219,0.4861910275432087
F120620,0.4650894680103001
F116601,0.4802785982617735
F112813,0.45463688060366936
F121489,0.48516077835431576
F112435,0.4511963047744538
F113841,0.450253872460236
F106438,0.4382680165297276
F119840,0.4839385394102777
F114199,0.4445042847389104
F111612,0.5052611971246596
F117617,0.4379615455513707
F121901,0.43048571627786214
F108459,0.5703256157065207
F124668,0.5095824802335508
F118354,0.4510195165705981
F100578,0.42625968984938883
F104874,0.4708338925546788
F108094,0.5113011368801121
F119640,0.4649109026187285
F121313,0.41932206106922615
F108467,0.5345258872817602
F121072,0.4595640228790555
F113024,0.5008029633550017
F118961,0.39964300231358413
F112331,0.4803548457915697
F111393,0.41158129859735093
F118824,0.42160783942315216
F104630,0.44625031243497193
F119694,0.44513151139156837
F115168,0.5926503859718049
F113160,0.480827046588601
F112047,0.4934430457170048
F119427,0.4923709359466669
F101595,0.4844995761855514
F109179,0.5371687786844074
F100275,0.4227767613833644
F111079,0.4810689929288427
F109465,0.44604296190999915
F112919,0.49020307422612475
F124460,0.4185103152983345
F115813,0.5290146595963987
F121070,0.426302335550409
F105662,0.454103548897114
F109958,0.47170858295568097
F114149,0.4314817734572173
F114380,0.4248483903019442
F111485,0.4814815527626177
F101685,0.5067512098890352
F117721,0.4241163389435614
F107967,0.4869674685470427
F119972,0.4771477479431452
F122321,0.5264182591844595
F100012,0.44676025464868213
F119093,0.5097259428435867
F100667,0.4477823035012548
F110167,0.4157040009874861
F123985,0.5133862882152176
F123465,0.5218407767236991
F123655,0.40553057246230406
F124835,0.44678081005049924
F103445,0.4451654353615754
F115195,0.49587912497789044
F120478,0.44466408884321634
F101017,0.5224958658390152
F124732,0.5042265946000746
F110965,0.4860665416135142
F118844,0.5549672441742236
F107954,0.43437116034111267
F111156,0.45088962409691824
F100623,0.4878713865307851
F104855,0.5670284604587705
F119661,0.4866715026477596
F100599,0.4324111374130556
F103358,0.5706948637363377
F107994,0.5382079531261137
F117248,0.4617388327155209
F103476,0.49615439120805666
F102399,0.5159359978218392
F119623,0.4737903870543192
F111593,0.5020885926179536
F122377,0.5666884350282931
F120253,0.42640049640083266
F122347,0.5221911873644549
F124561,0.5321846116075382
F108281,0.41496863168898857
F106031,0.5250314774711643
F112641,0.457135767360371
F114279,0.4582932134529713
F114552,0.47143000827771253
F113767,0.43828751734914506
F114432,0.5265560495865318
F106840,0.5257976615442853
F107323,0.4829798849214825
F115626,0.4329543412971387
F109540,0.49801559078589913
F114980,0.4983023410740164
F118205,0.4730379753270394
F124755,0.417396444231316
F115152,0.5358780087978245
F101796,0.41870476071785645
F113981,0.4934925630714773
F112050,0.508647899482367
F119564,0.3908705887537979
F116438,0.5869721718321885
F109893,0.5042385279596111
F106047,0.5414775663020854
F102657,0.46133017709503094
F111568,0.4558083253108117
F121907,0.5049012053582289
F124040,0.42791622385870576
F109261,0.43003303675057386
F112642,0.47622163156074415
F105759,0.500841016936106
F120095,0.4422610408190111
F118721,0.49782338256056885
F123330,0.44171527834240937
F123851,0.4516848634890488
F124150,0.534671810912201
F114705,0.5468126815767675
F101299,0.4313146347573013
F124749,0.4058651077429117
F115566,0.5793900840594474
F104414,0.46738431758534726
F103154,0.4328126091907076
F117644,0.44744515250577194
F117213,0.47470017147220656
F103504,0.5859681706219502
F109589,0.4206771441075837
F123196,0.43740414783171155
F119529,0.4586334563425239
F116689,0.5219301768244076
F106997,0.4339263891811611
F107128,0.44533797909978895
F116356,0.5552178061797816
F104563,0.5184092747841682
F114657,0.41867113611492046
F115824,0.4184116293296241
F110572,0.44962405611363887
F115702,0.5361434799866996
F122399,0.43094891276219366
F110201,0.46437850891572585
F102157,0.5249028861716784
F109472,0.47268832321088583
F103211,0.55508676133002
F122265,0.47106206061132294
F102927,0.511317328092477
F111582,0.439993650785689
F121411,0.46755865717582784
F114336,0.46262845384025225
F107007,0.42137794802121736
F111569,0.5197383021342278
F105846,0.4042947326940347
F101168,0.4879493507062402
F115923,0.4996885137302056
F102593,0.41256201393956904
F113640,0.41244659680816875
F121066,0.4167159841059671
F124919,0.45283292447462153
F114084,0.4888256646166551
F106809,0.42027712165391434
F104024,0.47612910267557845
F105616,0.4540245401765719
F111082,0.43058604189088334
F105244,0.47823558659222487
F111099,0.46472426576865644
F109961,0.4584396119159382
F103033,0.45395993977676424
F102794,0.5263558571078853
F112356,0.508341039078228
F113831,0.46855533998366233
F104280,0.45111678294250684
F109521,0.43114056248200333
F123888,0.523636530027939
F112485,0.3865641790008145
F109273,0.495201846295547
F118391,0.4338785310353379
F103822,0.4033712331146151
F100116,0.5552980858948552
F113084,0.4726909694839979
F107233,0.4978727450103469
F107585,0.43543258229445225
F117529,0.49014443850254097
F121589,0.5585135357064378
F103116,0.483194474959873
F122459,0.5091729447669344
F107724,0.4398803619368832
F117749,0.5237964341900853
F116278,0.46412955678379597
F101629,0.46123544907574376
F101577,0.5034216914664149
F120763,0.5011480819210027
F112218,0.46423590390036296
F108583,0.47519217115204476
F103258,0.4679969699023485
F100848,0.5102302656586434
F122727,0.49500616582171386
F117009,0.4791090360655007
F118990,0.5249488038207314
F104102,0.44291090080784284
F115599,0.4511233712264391
F118788,0.4593082708633602
F112935,0.4647463509969634
F118331,0.49639411390290644
F114359,0.4922142293063645
F100246,0.40391577044937427
F116622,0.4570294637578116
F108938,0.48906471933156925
F104396,0.4936309846997985
F117056,0.4518933583999932
F123896,0.5428503656539669
F120726,0.45104681278507675
F121823,0.44571994504795054
F113548,0.4484570795452173
F120616,0.4599248762277651
F116391,0.45675241951609147
F113049,0.5376530782514857
F113818,0.4319109284327759
F110072,0.42290993016448514
F109588,0.4707006168798461
F115906,0.4560970821920458
F120576,0.5247164502368861
F118413,0.5570421341875404
F113174,0.513901490814546
F108700,0.5174761436886834
F120069,0.5303327295819567
F117480,0.521304482374334
F117064,0.41950226654562967
F112404,0.4413971400652682
F112863,0.45267752413525186
F103935,0.5688216602850765
F124344,0.5165425175994084
F118087,0.4929793427019147
F107237,0.4487921548029027
F113866,0.4818610077065641
F120676,0.4366446110393901
F106787,0.5170856593577835
F105649,0.4814610971030989
F124100,0.4474430520900796
F115945,0.4627730204289821
F100441,0.512090370745659
F102525,0.4935700486403764
F122088,0.48180542468154014
F118867,0.4649165637294985
F107232,0.3900442276925514
F102769,0.5270873852205231
F110807,0.4882398427089657
F100438,0.533605747949749
F121910,0.49288333481979874
F111480,0.5624161453595008
F123340,0.47681297617757723
F103042,0.5097954413347915
F107596,0.44938952490101003
F115776,0.5029333041941615
F102502,0.4751474870745367
F111318,0.5593603681376645
F112062,0.5662488477583553
F124792,0.4708581604209715
F122966,0.4546743786360325
F110465,0.44767160582956383
F116038,0.5350429436946295
F102188,0.46100220981434104
F122326,0.4223664851545104
F114610,0.509089958288359
F112674,0.4447976111703368
F113381,0.4641671015792153
F115351,0.4708171745741041
F100891,0.39596351482328573
F112199,0.46702132659692686
F119698,0.38986604124257673
F123440,0.4323276084945478
F101164,0.5159619462244692
F108790,0.3912608327965845
F109130,0.5070301329543733
F123152,0.5224155969256097
F101544,0.4311893619360443
F103474,0.531470743061091
F109574,0.5314363580227937
F121431,0.5009083216086625
F114966,0.5257627749742434
F119928,0.4424119785778668
F113901,0.44773298410901197
F100133,0.5549477331123793
F114828,0.44494333488956495
F115554,0.49527818149753383
F105903,0.5585552423486876
F123392,0.45446519602347213
F109145,0.5033217508968849
F105656,0.49114548261549595
F111280,0.5446694751571528
F107504,0.42688613158913224
F105564,0.4484399008811285
F106909,0.46281309889155375
F116486,0.5340107285002823
F124281,0.5062785706171697
F111436,0.47991593590903175
F123782,0.46308187233914255
F107371,0.5212042079805669
F115651,0.44433789051674427
F116494,0.492498723677568
F108845,0.3770181926253624
F115890,0.4461916260272936
F119552,0.5568925419537856
F111516,0.5536673422407924
F112465,0.5165582095563578
F100643,0.5237295700126227
F123291,0.4489615989974556
F108470,0.38531151890881965
F106417,0.460221211566994
F103424,0.45734660271642275
F119908,0.45335672750786
F105719,0.451991331399533
F113530,0.42017771272210636
F120259,0.3978509047428338
F101281,0.46744575394868226
F111685,0.42878636482230714
F105203,0.4069738019715629
F107678,0.4537124592559442
F119335,0.45481340543480414
F103601,0.4704425290698312
F118229,0.530068395177777
F116112,0.49690377924899864
F111818,0.5441400118051793
F105707,0.4713545035759357
F112311,0.48046825781377145
F115246,0.4504017108090323
F103359,0.5019872513265159
F120089,0.5628626125811448
F120875,0.5236426001662962
F104362,0.44042662529328525
F114442,0.5216898981870128
F114182,0.48798881039946257
F110118,0.501606529403067
F106175,0.4257338992817447
F108537,0.556961192334481
F103204,0.4717290813544045
F124978,0.5125851016289903
F122021,0.5046469837420525
F118039,0.49078874622593777
F101238,0.5358527757317566
F113274,0.5241304492604929
F104550,0.47516087305427535
F101330,0.45351375132501337
F116399,0.5432146951725598
F116644,0.45529968927738473
F116854,0.4736376278451318
F104164,0.43742028523437115
F116185,0.514642283904401
F105730,0.451933926404503
F114152,0.3930704680808369
F111128,0.4348549627289978
F108709,0.4741777784512099
F115912,0.5242959794553678
F119894,0.447009279176642
F106493,0.5336909525066522
F101189,0.47748098962772273
F111139,0.49170016169794084
F111006,0.5001365825261137
F107577,0.5489070952800504
F117510,0.48331976219645006
F120494,0.5310553217906205
F117719,0.4217267404222186
F122879,0.4366221626074748
F107625,0.5463311650869525
F105437,0.44244150681455424
F118010,0.48757741858640025
F116881,0.5074852120333668
F100187,0.45242209152415014
F121376,0.49815290421022873
F109587,0.5226188031109908
F103688,0.4422168948317536
F121488,0.46718692823397284
F117629,0.5274838765804594
F105425,0.507435267294575
F121404,0.47525674982961325
F118337,0.44319895021662525
F104030,0.5516719966480472
F115256,0.45856041297303485
F123740,0.4604041334904685
F109670,0.5111767444510946
F110823,0.551926087646461
F103197,0.4182108845966448
F115021,0.4097563541174415
F100459,0.43786627243693543
F122047,0.4781928878258146
F113025,0.47486713218827786
F120777,0.47499030044871837
F102882,0.4638380179390108
F105070,0.4912017137057339
F114682,0.4678588765413979
F116192,0.4917335379395767
F104397,0.5332514743900415
F120524,0.5028733573560692
F119934,0.4680132861773785
F110929,0.5023146942253138
F102859,0.4843257646565773
F124754,0.430410834676042
F101087,0.46861253954311255
F109233,0.538843030396684
F112119,0.4009499066907056
F122242,0.42498379108426654
F120785,0.5118844311917355
F124559,0.5328603083069877
F110824,0.48778954314962747
F118459,0.4587115073107464
F103051,0.41724754991754953
F105150,0.44716553197203374
F124944,0.4374295153635527
F103363,0.5091078914808611
F101489,0.5216507190376689
F109369,0.5206050850556676
F104904,0.40222455705503724
F111766,0.5345032011612633
F111931,0.46610582518326105
F103979,0.43846509449763227
F110559,0.47700506524018843
F122549,0.4240287144954387
F119047,0.4137026302493497
F106513,0.47274632819151385
F100803,0.42143358713472534
F110961,0.42436321814277633
F107236,0.473499957177444
F109756,0.5253608779533695
F105762,0.47231650297217576
F110064,0.47109573432765844
F117417,0.4223281221808925
F100074,0.5409962382433368
F109326,0.4317050984346259
F114621,0.4418186038258793
F104151,0.4552187223226172
F118524,0.48167438663618195
F103836,0.40860471728023406
F113787,0.5303818961571722
F105820,0.4385035498073648
F103783,0.47537890416137263
F108993,0.4886252925472143
F100775,0.564665855642994
F107481,0.47354080936900717
F111112,0.41762607107191235
F117751,0.5056249286450788
F112203,0.4816706931254716
F111119,0.5406344961801763
F117114,0.46142546744332824
F111458,0.47721702299277846
F115086,0.5486198239996462
F107349,0.4046363682305597
F103152,0.4056750202968217
F103723,0.48918628915122764
F110188,0.3953068516662069
F121282,0.5213128539065931
F111781,0.5385184020955204
F110537,0.4481920087189475
F114249,0.4200950781873404
F103527,0.5151011257793324
F115596,0.42468222673653755
F121388,0.48840214627553213
F104942,0.4368922125822003
F116910,0.5388089120748571
F106905,0.5217787569638341
F112994,0.5559631895300056
F120535,0.45530069143702173
F105123,0.47168224786327567
F114679,0.42534419391596234
F101779,0.5252146512972263
F118270,0.49337716939404985
F123714,0.4941204072251929
F112307,0.4193542265328116
F115870,0.5764323638322149
F113144,0.40677042920170026
F123133,0.478383328357741
F114349,0.46544266255032
F121855,0.43090130436844365
F111044,0.4610148675671957
F108224,0.47691641353607483
F102671,0.48104243357288146
F113859,0.527588513261855
F120245,0.5071197229350488
F106290,0.5068205434381746
F105685,0.5484814865484574
F105097,0.47028624367672334
F110498,0.45914540138772425
F106123,0.46040426664757317
F122927,0.440706865388939
F115219,0.42400769873920985
F101377,0.46577366164619327
F117468,0.44356908769008113
F118829,0.4603607971903859
F112690,0.46520598338304225
F114255,0.4170885163341173
F111474,0.48299659092540764
F121971,0.4662959133663168
F108844,0.5416721051540463
F113348,0.4340123538967821
F104569,0.4978239927923567
F120611,0.49037732718435506
F113173,0.5170643110394562
F118633,0.4979671154937376
F104251,0.5922539241495086
F104671,0.49003525890120014
F123798,0.5068489587114775
F116010,0.5007047544857847
F117979,0.5175453281610987
F122376,0.6041831511332374
F108669,0.39311507509327653
F115302,0.42109524847095775
F122815,0.5124100279484372
F119004,0.4611826978967659
F118644,0.4274939728436641
F124540,0.5738058193046637
F121332,0.4822497583912437
F109027,0.4776547893887849
F119425,0.46917061241278735
F107040,0.45507756535367205
F112722,0.504219944139034
F100681,0.4711584630092329
F120514,0.4449213235117483
F101855,0.47760256432115905
F123344,0.46564450604998436
F101123,0.44155680367039135
F108986,0.4379718088021311
F122938,0.46828302438253966
F116817,0.46754582032320924
F109201,0.49583901515306983
F103697,0.512432672842799
F115502,0.4219189666004024
F118720,0.5087888225781754
F102464,0.536357913569571
F113800,0.4431954366996027
F119446,0.42720749000713265
F105054,0.4234961294908658
F124894,0.44219187091080114
F115433,0.4510269462715025
F119757,0.4619323579322719
F120112,0.5518012024412142
F118927,0.48390157456430405
F120805,0.4994913182476811
F112273,0.5326518408322414
F116197,0.46163218737974393
F114863,0.46460416800159365
F118241,0.4457351431169877
F119729,0.5244945633543635
F122423,0.4987146821281063
F105359,0.532385942279869
F123129,0.44319332609582796
F108755,0.5045125699197367
F109675,0.46087029420940706
F110349,0.42105384088393566
F120381,0.4937276577162795
F124501,0.4432129444878309
F104682,0.5145651162982896
F124009,0.4330432210334437
F108849,0.4482243833600877
F115855,0.4019706857810312
F111929,0.45163830425431506
F116938,0.5115489876047568
F113587,0.5022771085571646
F102665,0.5054252810153995
F106210,0.5175468799226486
F121703,0.5892076946370961
F112925,0.4160145544474646
F116899,0.40853893171974154
F124171,0.5563520513011072
F124990,0.49327183300218724
F120039,0.4254030054281074
F111382,0.487507970155177
F108213,0.4226029438522663
F107820,0.5240310297889242
F115509,0.4742710129949411
F118349,0.4371600824315432
F104318,0.44742864497752055
F118304,0.572490548376471
F111005,0.48394884146420103
F106972,0.47259719869309136
F109404,0.49987041456130676
F124981,0.5630319277854234
F122758,0.4180195649612741
F120098,0.5074191503917322
F111347,0.5759537455522334
F115655,0.47767022937058157
F121415,0.44843955515878964
F110492,0.48025389911452976
F106495,0.4826968877869232
F120074,0.45829159917476836
F102440,0.5148234887709741
F123489,0.4647893338507998
F108096,0.5582194434650403
F108872,0.44498336652714326
F119904,0.5726141152668915
F112636,0.5466588960576605
F106662,0.47713942634892675
F115898,0.4718849145627628
F112108,0.5668707499442841
F121024,0.537473626645549
F112774,0.4397434184243445
F111413,0.4671237164065487
F109759,0.4630410042998164
F100772,0.44431344891981683
F112389,0.43743210152060513
F122276,0.45018376565905666
F105336,0.4823603203420544
F101607,0.5041507949847819
F121295,0.4694915798776333
F124818,0.5017854040966595
F112531,0.5161377277281503
F121503,0.4663556288179349
F113282,0.5671088670516647
F106428,0.42930489656298165
F123390,0.40128619050873476
F100274,0.39427296286874175
F123460,0.4430882390638007
F105884,0.4721510423953131
F116602,0.4658735158157721
F101451,0.3937601374292744
F105282,0.5044641746211789
F110639,0.47231381161931896
F123126,0.500087725286193
F122571,0.4779629080560487
F105726,0.4688637500177669
F121789,0.49654827971027893
F117998,0.4356443159902824
F101634,0.49337074418809584
F122216,0.48512171129211923
F122406,0.4886855390292756
F101560,0.49171877249351714
F116183,0.4635690975072869
F120127,0.44730594123498735
F118436,0.4619208534410639
F113853,0.4703455080787219
F119350,0.4926689710420895
F121868,0.47448186350556487
F118879,0.47595139899806815
F112708,0.4413260071740496
F109637,0.5375082351830197
F102757,0.4560031637373392
F124866,0.38764023238969064
F102873,0.4896259020616397
F109215,0.5357056213590267
F123681,0.507010035179183
F117392,0.466837832414018
F104750,0.4658672819579901
F117615,0.44667714608817505
F106295,0.4619084729010706
F104877,0.5366184961762517
F101582,0.4162554567935888
F119339,0.5060871253531684
F121141,0.5098773812032236
F120774,0.4757210764029854
F114494,0.4512122660372701
F122672,0.497546875460784
F120362,0.419079403125346
F110151,0.39337145836682713
F108911,0.44053803196108404
F118926,0.44642209452187576
F117352,0.4792356590675203
F103991,0.42358491301901346
F107315,0.4795617512146286
F104856,0.600746793826604
F123322,0.48676268947792706
F103486,0.5254514768121863
F110563,0.45002364612676937
F111624,0.4318792335490678
F121013,0.39572074597151097
F114715,0.5272439448499899
F118999,0.45509820344502144
F107957,0.5113386650235053
F118045,0.48342892747689153
F122002,0.3946383468740809
F103326,0.5019372718205943
F110651,0.4734190684907829
F121518,0.41681856107810994
F104349,0.40886150465220744
F121134,0.4555768071060945
F114934,0.4734868971249748
F102900,0.504975165686412
F113777,0.4936818847924194
F120023,0.4977429614961304
F101205,0.5180803186907157
F115040,0.5365989148414829
F123546,0.4460456791768117
F108218,0.44175981818021454
F108033,0.49131000679132475
F107014,0.45872667098437636
F121079,0.4438210538717835
F105514,0.4577351473037935
F104662,0.44105679749889437
F119205,0.41953938254001577
F123188,0.5512578939883362
F112304,0.43839078611617277
F122885,0.5006516859673613
F124825,0.4455734395855854
F104777,0.4510062838253368
F108969,0.44931238150326713
F116859,0.543285851665341
F117296,0.5407747535413103
F110562,0.5792984707712324
F122435,0.5412811025979964
F114589,0.5004333516443639
F117083,0.5198889678265061
F103683,0.5397703479585795
F120173,0.5865337350244365
F107869,0.47637522911156227
F109736,0.5014867195338687
F115522,0.48438975796609773
F113163,0.4864652061651725
F110841,0.44878239868425696
F119566,0.4607374987701849
F113638,0.5362697626695584
F116398,0.4616473170305753
F109054,0.44600973963545965
F121206,0.463478661946998
F114011,0.45241357031133367
F108561,0.5185208646016444
F112178,0.4577875544266943
F103775,0.4732309292031839
F117690,0.4853051272603141
F110297,0.5541186894776762
F109301,0.5797330162472698
F113691,0.4012115485082368
F108570,0.46587595906925117
F110817,0.5848261453301667
F102335,0.5139003177163658
F107243,0.4994122321359613
F102543,0.532231506101576
F112852,0.482492457659061
F124523,0.46669813189034426
F117169,0.5201464443875966
F122369,0.4800469939069745
F121303,0.44746598155241096
F113914,0.46798695092944503
F105755,0.44657217872545385
F107263,0.4743148708848019
F118103,0.5237913650330785
F114588,0.4303994603639416
F118190,0.5255080006180214
F113620,0.4265839166219223
F112699,0.43954174885354075
F117741,0.5489702087034781
F112564,0.5726131892036223
F108405,0.47692477035028713
F101225,0.5602971537866301
F114620,0.4559688010753288
F101537,0.4873521250294967
F112840,0.5139998577003949
F124469,0.5927734612688149
F103839,0.5076260306155864
F102778,0.40659387741267894
F100456,0.5355029679808033
F102175,0.56699909999449
F102961,0.45263068689420843
F110479,0.4233557706544263
F116285,0.5261812204064367
F105600,0.49064283629993566
F104202,0.48665624077009095
F107740,0.49346634553911967
F102813,0.4913446569010952
F109985,0.4413939069902152
F121652,0.44140707299040205
F117217,0.455530039519445
F113204,0.565385666719248
F123432,0.5238437814544412
F124423,0.5568048947134646
F104231,0.47375188527267986
F123691,0.44381102952280793
F102716,0.6020227768748497
F115196,0.44205689623837685
F121973,0.4322883300352086
F122877,0.49610820864002436
F113118,0.45932629349758514
F121209,0.4784864669528208
F124144,0.4323957901097546
F121200,0.4711699497663617
F111646,0.5675420554310759
F116909,0.49161367529451455
F102684,0.43798992116782914
F120306,0.4033842234893422
F117528,0.4236100246468602
F112964,0.4699148793656137
F119204,0.48739303495603953
F103012,0.4510940181108997
F116878,0.505635401635233
F115026,0.4339935462801306
F104929,0.5020566273985279
F122917,0.40730448260138974
F118178,0.49109015222181784
F103158,0.48506951082815036
F120762,0.49966857107036733
F118876,0.46125888055173603
F102203,0.4711818426960188
F104143,0.47949709385500605
F110444,0.46681933602151654
F102595,0.45632734638592065
F106825,0.4516921434934882
F122839,0.5044675579920492
F117499,0.4781846607167353
F121366,0.45571247579108437
F124345,0.5747974857605793
F123666,0.5372916804046417
F124745,0.5037667424807369
F112321,0.4620867996232917
F114231,0.48802411922044303
F123891,0.5146417041224529
F100990,0.5281895753944098
F101219,0.5011082140185673
F109500,0.49546803767985514
F106709,0.540110837414855
F119979,0.4322755015263215
F122162,0.46995806126766515
F108408,0.3971963336081498
F121187,0.4780355088730899
F108410,0.4113353624830419
F117014,0.4333983251686279
F105706,0.4316859851555268
F115869,0.39552435921392715
F119559,0.4156580506911246
F117107,0.4287129090150422
F101367,0.3848553426074061
F108168,0.5114872437815647
F118918,0.4678761859620548
F124110,0.5669276964602171
F107400,0.5667715900158738
F122033,0.4827566011906576
F104052,0.472999782291032
F113350,0.45525173954974435
F111725,0.4953348852166785
F109860,0.5670528428939847
F115017,0.5094069690802813
F115259,0.4687877664235274
F110154,0.43193442065691057
F100926,0.46079585659997
F102228,0.42912405603029136
F107046,0.532028088042677
F108203,0.4956910944968156
F110248,0.5327461650852603
F117460,0.4622155838977885
F111352,0.5115773299705954
F116243,0.49442883294511897
F116045,0.48966602544419435
F115608,0.45728240622988686
F120168,0.4322982200172335
F105327,0.5189561200483346
F121735,0.4898183790507266
F102094,0.5054799959212493
F106989,0.5969308612926788
F122140,0.4908244744042673
F124227,0.5354208634497621
F113251,0.446649350426344
F114648,0.47770285304311
F104090,0.478976610499779
F115262,0.4203250601109422
F121671,0.4643222009995994
F114856,0.41909204242261405
F104690,0.45719960395869885
F115407,0.422414275964228
F117034,0.5335140823507756
F100882,0.4480530608525296
F104773,0.390776561562957
F118047,0.5450194983112263
F106758,0.53508072782781
F119275,0.4159285706754741
F119227,0.5083900398582442
F100915,0.4481600476791076
F117889,0.43982711751743214
F110862,0.4759255661023118
F115950,0.46366895831078014
F110491,0.4292227688880232
F113388,0.45414669162871624
F105406,0.4973707961225018
F112585,0.4503138442420773
F113425,0.45004278684560256
F119657,0.466010548273566
F114015,0.5282361810381959
F122278,0.4463853349193879
F117549,0.41641913081006954
F117269,0.472366522528208
F102282,0.5089361980677716
F112632,0.5369164951242471
F106548,0.4490440688353282
F113371,0.46561241148519905
F100565,0.5189984411118307
F105824,0.40226986040745394
F112686,0.4817933868372905
F100313,0.47276115066934654
F102864,0.468955595098549
F102561,0.5884117011420276
F117260,0.5079122212102146
F106273,0.47888722595620126
F111251,0.47350664371438955
F100923,0.4674880701939003
F113779,0.46760535515929863
F111997,0.501637176213781
F113741,0.4485188112073891
F110888,0.45416358842443605
F111977,0.4254161029168013
F123528,0.42358770166426163
F106677,0.465739094979106
F100661,0.5248544371373888
F100583,0.4392567923038321
F123555,0.4763862328378906
F102949,0.5281532294316613
F110984,0.41654252221095067
F120760,0.4559450190450125
F114992,0.4580515243917647
F105399,0.4627230965837409
F101361,0.44807144837148155
F115286,0.4138711891027601
F123603,0.4827381710112904
F112157,0.5054113970918338
F103395,0.4095514545490634
F122546,0.5097052231354178
F115818,0.47275840835331534
F101579,0.47713591352558204
F102826,0.5413080738263004
F112030,0.42933378961395047
F118090,0.5523712285094479
F104717,0.5406980930397549
F107042,0.44418440151431826
F100914,0.4608855497376057
F121925,0.4775724346690176
F124403,0.4812288496931535
F122063,0.47148872633038985
F111873,0.4420998093420499
F106543,0.43284140100961044
F120447,0.4505421202195095
F105278,0.5353232359904155
F103430,0.4867874486779852
F121005,0.5046300120090715
F102069,0.42872500633462535
F119160,0.42020640504877926
F113088,0.43673070551325366
F105670,0.4756632000694602
F117836,0.43013672376210993
F121697,0.43947496756221927
F116829,0.45427529685450824
F117196,0.48770461237379875
F120476,0.42119005502007756
F107450,0.429788274013404
F101113,0.5316646090255146
F119438,0.47188364768783064
F107608,0.474242761305449
F104380,0.47933160640897776
F113557,0.47821577691558304
F119095,0.4891682046470619
F117873,0.4297612162513345
F116469,0.4654811670894825
F109576,0.5248158648070887
F117267,0.459014327596747
F108617,0.515937568630608
F113710,0.4933714277288714
F106581,0.5329714841236345
F123084,0.4646026014717425
F122281,0.5016812602576136
F121761,0.44127727189719596
F100696,0.3945226273659706
F114106,0.48069724530959823
F106806,0.5109322903968818
F111904,0.4553439864181667
F104250,0.46128087821590125
F106718,0.4869053527133592
F113600,0.5689371352438801
F105276,0.4378955875437253
F113977,0.43238791044417557
F117702,0.4741639353051961
F122564,0.4515170216975075
F110176,0.5552738742185109
F108426,0.5188757284995995
F105515,0.45326111107295264
F103742,0.5485385694564184
F113197,0.45063736868017623
F111826,0.47067276634044963
F105450,0.5079855482659662
F119543,0.4600456326912255
F112551,0.4612894464444743
F110488,0.44977526467717865
F115910,0.4625509680871954
F100084,0.5081724479097651
F114669,0.41753104785049405
F113029,0.4051204991512161
F115540,0.5248690882322566
F101528,0.42264208550455035
F100092,0.5196683902697463
F121075,0.41434391592876707
F116053,0.4369931626733924
F105195,0.5341350656365704
F115779,0.43312181131898375
F118320,0.43476211497310235
F113937,0.47095653693827744
F107999,0.5565976280894606
F109671,0.49432697692191657
F119267,0.44563735682521693
F115338,0.46180800761978547
F101746,0.44384492822394667
F123963,0.4778816195302441
F124023,0.4347615888872045
F120213,0.520976260815381
F122848,0.49833611108241704
F103793,0.43406490071941173
F122575,0.4654429191280317
F101210,0.4569739079843483
F111055,0.5302420811501516
F103271,0.39214355090632513
F118329,0.42831582442891203
F115167,0.48487012015677705
F121921,0.5416381764001545
F118460,0.5306729145791309
F123992,0.460677783496149
F119948,0.47279620544693984
F113756,0.43934614001666006
F121581,0.469149412593918
F104847,0.5100139030920203
F100079,0.5042999560999274
F118513,0.4426529882069763
F105053,0.5403251568321908
F107072,0.4569860100013559
F109164,0.4353730658969556
F115544,0.5277864917339012
F115440,0.46663621011057954
F109406,0.4997764656903603
F123244,0.47696145069790497
F102173,0.45549800952943775
F109606,0.45002270641418796
F103450,0.41830215103113194
F117442,0.43533186340201685
F124027,0.5374972908698588
F107438,0.46123342628317865
F108206,0.5240733101075963
F110530,0.4874620968148826
F105180,0.4296043528300974
F101475,0.44953268672339597
F120643,0.407377317752856
F101971,0.44142787777712733
F110419,0.461425243695065
F108208,0.5203880357806064
F103955,0.43848438461324357
F102199,0.41894416992726946
F102866,0.5243480893012191
F101469,0.4463192061660014
F120884,0.4539430900713202
F120979,0.44557240413849714
F113138,0.46434716817439037
F108392,0.5251679532661965
F112571,0.44840605682254053
F116366,0.5275505313417744
F115051,0.5452661221688555
F114071,0.5021198420852315
F123677,0.5387160496640324
F100632,0.47109372472599503
F111189,0.52910529359781
F111096,0.5629550456420093
F102899,0.5426681291799277
F103525,0.575760957368986
F114179,0.4636645898893378
F116692,0.4974827481826709
F122962,0.5387147847342691
F122941,0.5583473105329123
F116922,0.5398283854196677
F113151,0.48775297605760487
F117317,0.4788609539326702
F108468,0.4672379221805065
F109959,0.45148739773616126
F116262,0.5487770967252857
F124497,0.44081833208387683
F123433,0.5218159066044579
F114656,0.49000244006066884
F104118,0.4176878897451995
F101713,0.4758103917470068
F116143,0.41648585777671066
F103943,0.4762823868834647
F109080,0.4702690620910757
F113195,0.44140577492413446
F100613,0.4828913717473007
F102489,0.4958894835544265
F108495,0.4804010305585829
F119986,0.4808848973563882
F103849,0.4287628846210253
F123067,0.3950386324183397
F100929,0.5196878058426709
F110998,0.44485934564905094
F120261,0.4626567164464867
F118143,0.41891429219226617
F114265,0.40286428753895953
F122816,0.453486900979357
F123170,0.45230496009487
F116737,0.44457487839074217
F101474,0.4019663569208506
F100949,0.5345068843541346
F105609,0.40348124321444884
F109628,0.4262114236409766
F100974,0.570895833099298
F117677,0.5277265897394102
F123325,0.4543419716779487
F111536,0.5513993175711581
F100026,0.5445198990088135
F100237,0.48791295103479204
F102154,0.47597808751728415
F107227,0.5302385652496048
F113643,0.43740868428260826
F119359,0.5163258641186121
F108239,0.49220533631746777
F101853,0.47590268251340995
F111985,0.4514476244513428
F106842,0.4818902536578088
F102316,0.4395905944006968
F109925,0.491869255410551
F119589,0.45814180029058316
F121088,0.41772123953490903
F107139,0.514111678781285
F105227,0.5362997545491981
F113754,0.5038682201852482
F108352,0.41664408773942885
F111743,0.40136873497782577
F104193,0.4561365370289565
F122728,0.4380882183169804
F116575,0.4109135868697871
F104657,0.5346831098918894
F104363,0.5573443501054957
F114139,0.4650890005395715
F108645,0.42623966650572903
F115289,0.48007498271016136
F111505,0.5063990104585994
F119668,0.49746240392938124
F109619,0.4559221936114012
F104399,0.4518021644833976
F116968,0.5026783556975369
F112287,0.5035414158782245
F119242,0.4794211773999904
F123830,0.5207167331023806
F122770,0.5673576900298772
F107403,0.5383524114477553
F107791,0.46771997372021545
F123172,0.4297834264374797
F103170,0.5027291997392278
F123835,0.4777637417059847
F107829,0.45565858512256546
F106679,0.4832241851183555
F100267,0.49495328159474195
F117435,0.4737908779763109
F121772,0.4760654692814199
F105883,0.5071591447780341
F102508,0.4530945915917495
F124870,0.5221925983682676
F122787,0.5373077524152496
F116775,0.4311075177942581
F102960,0.42637076941272795
F108697,0.45772702655214303
F105934,0.5025533339795484
F102818,0.5399170985915419
F106076,0.48852000215196567
F104222,0.5108096987426752
F123272,0.5546046188731936
F112958,0.529764758145729
F114957,0.5474502937651968
F119503,0.5414245802336055
F111915,0.538186200732568
F124101,0.5323726108216342
F108702,0.49079916107843746
F110112,0.5050643845662206
F117032,0.3997110382862198
F114132,0.54680923792767
F119528,0.5354145596902935
F103129,0.5273979075465431
F123730,0.4822310017938387
F112748,0.5107004972801417
F107833,0.42452500966105555
F111917,0.4979458642786429
F109988,0.44214240083934986
F114960,0.449039747079246
F105397,0.43911017948150055
F117747,0.42310278095946885
F108199,0.5383068949191404
F107145,0.4795240995948176
F115759,0.44343482493257447
F100468,0.48284713770881854
F119121,0.4020634695707008
F108262,0.5134959476018156
F103408,0.48329418061011575
F101847,0.5636447759712662
F121670,0.45668754093660574
F112737,0.5280504300973216
F114503,0.47471530250543814
F109783,0.46719676482158035
F103803,0.4993523578273858
F124502,0.4458214829065485
F107060,0.5699347901063259
F113618,0.4599554868528587
F110554,0.4606115831190988
F124142,0.4650097947866262
F111529,0.5674589356143431
F120527,0.49840111179397023
F105910,0.4385547320404523
F123274,0.4882817674966145
F111962,0.5022291421470153
F117302,0.46654726617714026
F101737,0.512514234459267
F101042,0.45892207712463134
F107198,0.5023315233609569
F103209,0.4789022563167241
F103520,0.5376099885859886
F106450,0.502912390861844
F101965,0.4159710092641695
F101960,0.45032216569337813
F103817,0.511736827179801
F121375,0.44794537599739115
F120557,0.5495999102574048
F112409,0.4409280489679913
F113466,0.5771515474743283
F124133,0.4955740809933771
F119075,0.48184994338688913
F117661,0.4392918710591054
F110507,0.4929959666623889
F119758,0.4909242357751681
F101457,0.5064674894806416
F123685,0.45732785989982555
F110241,0.5071334802278874
F114878,0.5137111641379637
F117812,0.568210397800208
F108721,0.43000694849365195
F103700,0.5023795301563434
F110476,0.5388679946086996
F109487,0.39496283189718595
F115127,0.47455846986568667
F110759,0.5287889397346063
F103714,0.4421704283739103
F104323,0.4057144734202014
F115758,0.39486413098747686
F120952,0.5193316660797888
F101923,0.44032402860286274
F115011,0.4795707553895949
F112113,0.4653978780569946
F122248,0.5309384662337844
F122490,0.49885676591973416
F123819,0.5180970870452924
F114743,0.5105216444236522
F124820,0.4735581840374824
F107639,0.43424032118166406
F117117,0.43445752167218243
F104612,0.44417078236660834
F116397,0.4742462793962967
F103469,0.4314355741370911
F105969,0.4626920695421971
F116203,0.406366455611309
F118077,0.5041853350417984
F117563,0.5108176920475024
F116407,0.562047107142759
F122795,0.5111911908569522
F102453,0.5127236747287445
F114999,0.45579083993035174
F109520,0.473408512401478
F101513,0.44078729807028305
F113423,0.5531376234356677
F104413,0.42382771557196747
F101891,0.4174519284626912
F106597,0.5333602741579551
F109864,0.4245575867709597
F115201,0.4776603045343618
F121122,0.49277163177883215
F118055,0.4434057640304635
F118135,0.4566981413696344
F108868,0.51850750916295
F117319,0.518813822367509
F116707,0.506563683523541
F108555,0.43563678083869606
F120365,0.46229684289736883
F118616,0.4593079615386626
F101170,0.47835049995835266
F104868,0.4212272119957396
F103136,0.46108342801427815
F112200,0.4833349749145223
F104466,0.45008355248183024
F100659,0.4891566795710219
F120018,0.5501024121622418
F101718,0.4791876542706902
F102476,0.40864753880637544
F123173,0.4713426615953094
F100338,0.4859434915934562
F111262,0.3883418106280057
F110898,0.5307580165536063
F101767,0.41249444048700945
F120823,0.4487165311635304
F108292,0.5391614779866307
F107528,0.48867404143373877
F112036,0.5070199638745383
F123031,0.42888872867328287
F123116,0.5103633874714301
F119994,0.4216841317254778
F105513,0.5029659833879967
F115625,0.49409423696510923
F102366,0.4249400786996559
F123791,0.49238561872210423
F117502,0.5224554930390971
F105738,0.44111870240651646
F100399,0.44479237095229074
F113562,0.5671893574518263
F124235,0.521026191391696
F122241,0.493696011681583
F109285,0.43209253908474676
F124489,0.5260055279267938
F118501,0.5279765475315576
F104964,0.5111948444530342
F110120,0.5547346869500435
F110175,0.48160227662014676
F112288,0.49509910377535105
F122352,0.4383240155719219
F119842,0.4499159812307724
F124660,0.4489291029969142
F116457,0.4789260778053107
F106012,0.4527752277717535
F107035,0.42459612756278103
F117519,0.4247918261976995
F105345,0.5029396840851138
F113659,0.49134726249868665
F100507,0.5052306301834785
F104165,0.45085311188797905
F105789,0.48306541752625876
F104705,0.4622974883673122
F107966,0.5549684140725045
F121867,0.4648582423786017
F123175,0.5143846865474224
F102857,0.4646777759977352
F105255,0.5073975273574646
F118790,0.4483978917020369
F119545,0.4207960857522446
F106294,0.4914396581738025
F112249,0.57252403436909
F119245,0.46057653892478745
F123237,0.4124164401707977
F106545,0.6066328207863927
F113494,0.5413575298044252
F122854,0.47387020071364755
F115410,0.4710477495299858
F106678,0.44220631571987346
F124022,0.4644472809307645
F122045,0.5158726290156852
F115878,0.5111635702272844
F111462,0.4496803797932853
F106121,0.47199365343075517
F114443,0.5589835360534148
F116687,0.5304547233627321
F107590,0.4436713916411084
F103603,0.4523089402871334
F105834,0.5943214802517321
F118871,0.46020978520800154
F121666,0.49744932312325035
F103565,0.5706203493734724
F114849,0.4618625611432665
F124988,0.48547982139399176
F115649,0.5262887070275513
F105801,0.4755441028374373
F109034,0.5034817239710029
F120938,0.4666693003819834
F104769,0.5367439656907987
F101860,0.4465638434084735
F100455,0.403458328634822
F110707,0.4827814020026473
F114263,0.46566437212487843
F103345,0.5069753977340947
F124426,0.5630491072699626
F109118,0.4215547075004065
F101844,0.5983443577810454
F100306,0.43278602756156626
F101166,0.5313871421235152
F117542,0.57734114902435
F102326,0.4512889067896213
F122480,0.46868255155853467
F103442,0.5136154230708093
F122230,0.539693554207399
F103327,0.5523266040097068
F111141,0.48268118533463367
F105312,0.5421112717146462
F106891,0.4430027999183276
F120222,0.4512127243269466
F107630,0.4750244847695301
F110123,0.5615447917700455
F104846,0.45195288825950963
F104093,0.5565730976104455
F108154,0.4958579955148883
F115947,0.5012663602119788
F124909,0.43071763449952327
F116388,0.44427602377130404
F124153,0.5392582564222085
F113554,0.5138619251125541
F122504,0.5330081947276635
F122056,0.5305557780336849
F123752,0.5616488362932914
F122945,0.5083852304655766
F107968,0.5080000319420865
F122066,0.41958451199954
F120998,0.45604205526452796
F111080,0.4766162445647454
F109249,0.5639210533036423
F101171,0.4670355054975231
F121221,0.45153981067360865
F119924,0.49408768934423314
F108453,0.48688255184177537
F117250,0.47725352213734296
F107656,0.4838151827706824
F105847,0.5533834235861744
F121429,0.45194413834872893
F112384,0.47178746559886936
F113551,0.5270382747400404
F100586,0.48513177598513557
F115434,0.4640143171593357
F114352,0.44279112656777
F113218,0.489750961699657
F109863,0.5113657649646344
F112751,0.5218328402772531
F115669,0.5203447871468478
F119230,0.4931491618769795
F120634,0.49510161814374987
F116680,0.47851097738463105
F124700,0.4727727984875043
F119492,0.4323973704829784
F103881,0.4475469221186805
F118149,0.5266849567674893
F123376,0.47241423240946423
F113575,0.47537743437345414
F124869,0.5028638189214473
F110865,0.46711606148008755
F114491,0.44343606035958577
F118014,0.4433275646018837
F106623,0.49635341534260635
F114203,0.5543194600348585
F105485,0.46407112466780864
F124876,0.4723858380292104
F115428,0.4980879884394034
F107330,0.5405546073392752
F105082,0.5099469480693957
F101920,0.44117019194486484
F115153,0.5263874550680766
F120704,0.45402855268749465
F115409,0.4229853536057985
F113827,0.48281327329594526
F122559,0.5172639720106489
F110323,0.5294643477013149
F101292,0.5303304565123488
F102798,0.5038964510423241
F110262,0.47139773320731887
F120737,0.5668575298625972
F108412,0.424974110546991
F100467,0.5467470866319937
F121988,0.4526615092893539
F110964,0.5118655582088668
F107733,0.538974982537637
F114591,0.4735789164876181
F111805,0.4735083296433618
F124251,0.5669163213598863
F104572,0.4682533108074225
F120283,0.46529771853099255
F120083,0.49440480459138275
F113123,0.4471868438781257
F103125,0.5396461858495386
F102432,0.45996403782750195
F100413,0.5361876217525781
F116279,0.44231936704913233
F111647,0.43941942491169983
F113260,0.4821054813221061
F121527,0.4820050238287653
F106833,0.4589202990232148
F116173,0.4298618654595763
F106920,0.4357942238687176
F118448,0.43789807992987845
F106072,0.5255617724760636
F118428,0.45657341638735327
F109286,0.4505624211575907
F112379,0.4755453882530904
F107259,0.5199627631550907
F102615,0.48170295598896085
F104515,0.5321944913437
F115088,0.4809140805265709
F100617,0.48655733249660627
F123845,0.4271666750305233
F119233,0.534271850672423
F111906,0.4759966940885849
F101694,0.5100509873535951
F106459,0.4681385991628463
F102887,0.49396362847551645
F118363,0.49066370250911356
F120728,0.43310581549321747
F107896,0.5000116276135252
F120640,0.44409182515466894
F110909,0.452781162917244
F113498,0.4377745809866285
F106596,0.4653992997239572
F124318,0.5300658586153233
F110727,0.43963678773334447
F124476,0.4233225226730862
F108549,0.47176821517023715
F102172,0.5100265657234513
F111235,0.5071200547609303
F106899,0.5298224191455302
F117025,0.43253438685088164
F108461,0.4527891185715856
F105581,0.44299751799085874
F123577,0.49884393809721594
F124032,0.47665657004214745
F119287,0.4831027012197333
F119765,0.5568022571670114
F108576,0.48266384291245734
F116957,0.4571744654127214
F106267,0.544460952556237
F118728,0.523278116504252
F115729,0.436623361747019
F108338,0.456050636327469
F106730,0.4585988347399941
F100686,0.39414661217735725
F119228,0.5900464826236735
F114238,0.5069261148609521
F115521,0.44810695575194237
F113826,0.46789285220220317
F119402,0.4529575826642895
F100572,0.4175752486336411
F101927,0.43186828022394186
F119949,0.4464021385586632
F105291,0.4961524444413476
F116437,0.45469154216019975
F112560,0.49544054466263787
F120251,0.5108301660699789
F116802,0.5151615024742525
F119389,0.41267902682468305
F123820,0.49357173127963516
F115258,0.4654375162155505
F108717,0.47369677848631553
F124873,0.5163642960059003
F114476,0.54708592328731
F120990,0.4508799841940374
F110280,0.5155023213788408
F118657,0.5470514847023706
F113653,0.4239627505937781
F111032,0.46750989519295805
F113290,0.5129286571788947
F107206,0.44014257505404175
F124491,0.5044613570745171
F119960,0.4852016940934407
F121826,0.4784830092458827
F123661,0.49921160184768515
F108671,0.5050110776292182
F115223,0.46991520583011553
F121220,0.5356788162902623
F114086,0.45194098757390083
F117521,0.4454854903921017
F118466,0.45507658846286053
F116683,0.419498292629251
F118171,0.42076631478011955
F110166,0.42615211424866595
F112793,0.5185466307072147
F113420,0.5443951518083485
F102694,0.4368095997315044
F102964,0.5426149089392119
F123215,0.4731568286181342
F118699,0.520508056380605
F102270,0.5226028651821542
F104899,0.4800048746097451
F108538,0.5716438063440089
F104794,0.45834725984462205
F122203,0.4940002873398
F112607,0.495222229207786
F111541,0.4657980868196636
F113437,0.4846061140128234
F123049,0.5160928201159484
F119923,0.48801444757044343
F120368,0.580120419923316
F118895,0.4621361623254291
F105660,0.5328405747517958
F124404,0.4862909610154027
F109421,0.5109249977223014
F104861,0.44265694892216234
F106728,0.5344002449594777
F111376,0.490882680430727
F111401,0.48629151932487097
F100055,0.4862082780964525
F111959,0.38254699319680907
F106361,0.4961179493971798
F120508,0.5092194970952001
F113449,0.42767957792173544
F118005,0.49725687930973655
F122601,0.498912779761897
F108612,0.4608064607011356
F103755,0.44443634318622194
F121622,0.41902495350931157
F111010,0.5128038922624908
F119381,0.4113328490319161
F122703,0.5103233153231658
F122400,0.5274893437142409
F110796,0.5608244964847696
F113331,0.39550847883898366
F101594,0.4838844940057903
F107465,0.5420538183564385
F115404,0.4060130613666352
F119621,0.47764424446648013
F106096,0.44460087229970646
F104825,0.48162931519088087
F109950,0.5076038721537492
F103011,0.5153150238149123
F124445,0.4508338910603531
F113394,0.5251287793049124
F116310,0.441468695984967
F109653,0.43745494001385543
F101906,0.4104777430530312
F124258,0.5047355294050108
F124771,0.5705034636414822
F104353,0.4102327953308795
F111615,0.4289412789784162
F122025,0.4011234196918484
F105961,0.4583970033144494
F109044,0.4086997523653499
F111966,0.4477103544365293
F113616,0.444283638539131
F119714,0.4914888258905388
F123900,0.45772736311326423
F119073,0.5284954148575596
F117729,0.4890433971737455
F124451,0.5597219165454509
F107197,0.4091980741047105
F120751,0.47870401347563224
F122533,0.5143890308145602
F102762,0.5132184377901343
F112275,0.4558214741905938
F122233,0.5027047335820478
F117584,0.4551614020467801
F104269,0.5591351464832609
F105982,0.41476200855407785
F103443,0.4997162367769157
F103575,0.4656818110803935
F119326,0.5420565496182305
F112593,0.4412973493716117
F122920,0.4756220990438417
F113150,0.4775068938287173
F119218,0.4676698314367831
F123532,0.5087282655992648
F108517,0.5199451992504674
F103185,0.5408685887823272
F120372,0.468618633657955
F120711,0.47399583945357127
F122751,0.4463882288200662
F117148,0.5164791470780612
F101382,0.42960506560473677
F101336,0.5227538040179059
F114429,0.525651640927294
F124005,0.5348674757281748
F121138,0.4840868015369325
F109305,0.3858509184168366
F119626,0.52758528421845
F117122,0.45385866961681387
F111279,0.5303079651895681
F118491,0.4513039435841829
F102456,0.4239659553220061
F110852,0.5677796670376313
F100668,0.5138844070199996
F112299,0.47716026766880637
F102114,0.47187113609778353
F106204,0.44102653545229153
F118897,0.47785982236547764
F116517,0.5181412545083377
F113990,0.484729492594256
F114506,0.47801947943974
F111654,0.46141857525236424
F106633,0.5005083750386097
F122762,0.46704814198101646
F100699,0.5553958781844647
F109879,0.4314148976112646
F120356,0.4849450618700044
F118778,0.4879726042250632
F116747,0.4555764975787984
F110375,0.4494993161662647
F123738,0.4090799854407931
F105665,0.45409706409463335
F105816,0.38843819468828317
F110774,0.4493120859605234
F116115,0.473923381169712
F109791,0.5462840156275619
F107067,0.41997799259258806
F100460,0.5057000013284608
F102418,0.46820322795245506
F124231,0.494733301776044
F114886,0.536077109827316
F106252,0.4876942826063245
F100257,0.47452571815972755
F104943,0.44098962023005345
F121152,0.4517908890495936
F104356,0.4852187546902109
F109046,0.549279361239233
F107920,0.41550078441790206
F117808,0.5591664914787581
F103777,0.5178144588743551
F111618,0.4806195814234218
F115354,0.4592209110676845
F123315,0.42992524764586365
F115553,0.5290589311359293
F116526,0.4351091887764383
F105329,0.45616562842092667
F108922,0.5125209974630089
F100893,0.41173022609629795
F108787,0.4643694307055715
F108348,0.5171668652295017
F110392,0.48190206148650966
F110074,0.4354513994853791
F111830,0.4653341529766244
F120265,0.4680849616092221
F115731,0.4868501323260098
F102463,0.5673759550190696
F105099,0.46713585955077774
F107372,0.45442536234323694
F120004,0.5095830827162154
F123034,0.4502737109224218
F103792,0.41783711174077
F107862,0.42304666377835803
F101764,0.5585696170916271
F123095,0.4109426898930345
F115157,0.49442241467531023
F105695,0.4522391656080903
F108869,0.43228334312481964
F100805,0.5028500429551929
F106507,0.4839284394099532
F103990,0.4131579743737279
F100408,0.4280410021774701
F123377,0.45613081679938683
F113528,0.47964367845854006
F121163,0.4800470736629389
F123739,0.5208795089783641
F108321,0.5878047533084101
F124918,0.5534331263493033
F104700,0.5241957821777501
F101840,0.5245629785087528
F123321,0.43526992807670134
F102877,0.44337103924560606
F107592,0.4687783894582763
F114582,0.46299804210092477
F106039,0.48864974919439447
F112757,0.5395803247222387
F107563,0.43494595957841165
F117984,0.5162846184530178
F105387,0.47525994046152664
F112488,0.425719637227558
F106570,0.4816908301864544
F110540,0.4655979171451763
F109644,0.5345100299805119
F100400,0.4637718328596919
F106529,0.42730127135255125
F108678,0.427443730831113
F104019,0.4265946918081945
F115149,0.41035859820805154
F114767,0.49293059708323395
F103317,0.4872059585095479
F120789,0.44212526865947877
F113443,0.47622798927360654
F115974,0.4810531053389122
F114782,0.5326295408325168
F119745,0.5075163642961158
F116956,0.5024129071027161
F115065,0.45069745355144897
F110714,0.4455021363324494
F117141,0.45682260292099275
F118792,0.5990371092021848
F122720,0.5037565082824902
F113797,0.4510408379188704
F104571,0.5324205715001071
F110673,0.48959321682117884
F123743,0.5277142437392555
F109381,0.4413269860090233
F108237,0.4378363710600075
F118188,0.44827814738299093
F115807,0.4904098378290693
F102869,0.5394540764491023
F110114,0.50232032794991
F113857,0.527073733194368
F124597,0.5627548915654446
F114156,0.5101030072924035
F113250,0.5469948992740197
F111792,0.47823946718560184
F120739,0.533723606391377
F124167,0.4589054752852152
F100259,0.5010194686352375
F113089,0.4250820037802733
F108918,0.48061285420934086
F110007,0.46525321458854013
F106111,0.5805440074619396
F110720,0.5368504583903616
F110040,0.5260282257450569
F118599,0.43733772818966954
F102617,0.4445188096633434
F103444,0.5164072630027453
F120318,0.47011853512166324
F108864,0.5546012953562416
F110043,0.5349979595516561
F106282,0.49120939962282223
F112276,0.42036298467570843
F100776,0.5883827190864805
F104307,0.4095212376531815
F122548,0.43181813702496624
F118663,0.47869842675121493
F114708,0.4666408557426447
F124741,0.4895262619831234
F104456,0.41630764348795346
F122574,0.4389929648163441
F101496,0.5724230994743716
F108394,0.4234018299484321
F116509,0.5257950901019375
F106097,0.43871245574709405
F113324,0.48461829086225017
F118593,0.5172771348332795
F113086,0.4694911318193087
F110808,0.5549821915826687
F100136,0.38765456230844475
F101989,0.510908101784207
F109684,0.49893526975370395
F103649,0.38439421223465525
F100141,0.4479858745644246
F109178,0.5001538700878543
F109905,0.4437181495645028
F101922,0.524807141377492
F101696,0.4460194524909741
F115422,0.49726583072985003
F124874,0.4715368831902127
F116487,0.46283908417563946
F119951,0.4778196388462673
F124326,0.4381025625036446
F120829,0.4557333731495778
F119119,0.5184987740027774
F114796,0.5543107375482178
F118840,0.4579399685198047
F124248,0.4109861088005878
F109580,0.4948036188181414
F107136,0.4917805308530918
F104787,0.4994605378733298
F115471,0.4580024349876619
F123749,0.4912942823183095
F114393,0.4472931310211835
F107114,0.5177754784315014
F117290,0.4652200086625475
F113147,0.47528787139858175
F109220,0.5437915471019005
F113488,0.4825734000938437
F105614,0.42793879874576934
F117192,0.46548376038961925
F104578,0.4774784269078804
F106195,0.5061281187824415
F122859,0.49894580399680055
F114905,0.45802388287626083
F109680,0.5001439466278839
F109739,0.4416797321893813
F108604,0.43439363480336624
F119926,0.38105342474500625
F110659,0.46031400766924957
F101133,0.45842219810128315
F102359,0.49707967147584486
F115119,0.542296503854152
F100481,0.4223023208062812
F117859,0.3830099543860643
F111367,0.5138679337863709
F120758,0.5249207137280768
F124992,0.4144576371994837
F114467,0.5270424471135658
F120538,0.5354598777340148
F110162,0.46169641624614083
F119008,0.4418091178173592
F122180,0.4680051439028029
F106379,0.4920894930257051
F110006,0.4689674274330714
F110663,0.4386100328774483
F100436,0.4387134976217348
F112795,0.4888606843672812
F101091,0.5058279887331026
F118900,0.45991804980973583
F101816,0.4672235361274341
F112398,0.5165893127055098
F106224,0.4799445687755056
F123501,0.4742640141688971
F103475,0.4702425475851805
F102363,0.45537346197741463
F105358,0.49872366955945424
F104829,0.524395733780114
F100457,0.439442975690906
F107272,0.5139136016552566
F102041,0.5349909451945
F111053,0.5597167925238958
F100347,0.5247423303600901
F123204,0.4538955302179212
F108279,0.5177750712477708
F100616,0.4492613337540716
F108313,0.45757834578331436
F123197,0.4292250162117014
F118854,0.5351941897801271
F100132,0.5424176031067599
F112656,0.4205719587209465
F103975,0.5132327250467735
F119818,0.4945431396351093
F121143,0.43691393181358795
F107244,0.43811638514163
F108060,0.4687056508608924
F122894,0.5015745547189185
F111741,0.5093831030912008
F100069,0.565154754419559
F106307,0.47473809703787495
F115312,0.4886348224738185
F105512,0.42944923476029173
F106320,0.5623143746409612
F113802,0.47806482456396104
F121722,0.5057847092227377
F118239,0.4611374533313375
F111846,0.4659697928207245
F102514,0.5741573272984914
F121294,0.4610084194151979
F111037,0.49173677107087366
F115006,0.5064904345800627
F107019,0.4328131966959164
F113761,0.4726149607907377
F111747,0.5056671373950966
F105680,0.508352419927142
F111048,0.4747163912025503
F124061,0.48714118042180443
F115904,0.43751991959415687
F118516,0.3869195017571393
F123588,0.4254795698444092
F120515,0.6047291005091278
F111559,0.5011607185915468
F106530,0.4862068663144192
F103372,0.5381058254098644
F111819,0.4808610359735779
F121033,0.4942536347138896
F108710,0.47269936817297054
F107884,0.5240794177120186
F100319,0.4725072276819756
F105786,0.548874522312967
F102699,0.4772425104207723
F113881,0.4468940517721152
F117405,0.45629785438958226
F114220,0.4462618854640966
F113586,0.387039254944109
F106525,0.509471898761865
F110030,0.45849006754741606
F115547,0.5341148502165012
F118093,0.4265297295222367
F118288,0.48417233773802565
F117867,0.42425543290583756
F110432,0.4662270393014225
F106511,0.45197468618077574
F103281,0.5061503651014626
F104923,0.4639953790596845
F111180,0.47243599813368037
F105481,0.4451217366349368
F108121,0.567369553855711
F114918,0.45717666104068716
F109409,0.447973516690674
F116426,0.4975850691232878
F117672,0.5952297925904673
F101721,0.4964012144838395
F109833,0.6069037491698497
F111326,0.4598592585738119
F123753,0.5190663242922546
F113958,0.5427231902799162
F100596,0.5162549105319463
F113235,0.5014825723579541
F114019,0.4298511781344062
F115717,0.5130515257422367
F100113,0.4904727458987277
F103440,0.4964847930868408
F121111,0.47067208488568074
F124067,0.47196962495984074
F113172,0.3886041936192438
F123524,0.5262781129231737
F114516,0.490362707484177
F101435,0.4656649630729819
F120671,0.47473661921785854
F115009,0.44798212375659224
F106993,0.5003788318592041
F117466,0.4473569459956249
F115617,0.4905425637097541
F105878,0.4398288157178937
F123053,0.4388474022048253
F123785,0.4476651862131308
F114574,0.43388563556837034
F107437,0.3911095987268127
F119096,0.42405490806475654
F104087,0.4552408075219627
F117074,0.39742070608521807
F122044,0.4668697077794338
F100786,0.47179075176779295
F120152,0.4494671103933428
F112490,0.4473060726433893
F119390,0.5014859258828883
F111026,0.47876349946030405
F122510,0.4287950686529266
F109558,0.4070644853305322
F111445,0.4522654974001594
F117942,0.4785012694441044
F104579,0.5432567612092606
F103727,0.4359596100336882
F106317,0.4224485962834056
F103178,0.564299205334052
F117328,0.45960847157119233
F107768,0.47359239990080615
F106182,0.4258303302802177
F121044,0.533889631562613
F102099,0.4595084615077447
F100232,0.5197260740393993
F112679,0.45755500633369706
F102509,0.5091425210947327
F113624,0.5064282517477466
F114772,0.4826810622901825
F110692,0.5337948041082623
F104192,0.5425192407181898
F113629,0.5400035750499299
F102074,0.5045574295042236
F121676,0.45534828639655883
F111755,0.48835471381278434
F114514,0.5040227116059726
F120982,0.44483308130213917
F112752,0.5719009890639186
F120043,0.5097708413607825
F108265,0.48218134246843725
F124681,0.4100206656549837
F108606,0.4736249274143218
F112858,0.526161373649362
F121092,0.48937022450336204
F101178,0.4942336938537871
F107149,0.4473396953642414
F104620,0.48967184428922395
F108318,0.507334603282327
F107654,0.4385871444731767
F124896,0.42658044556553676
F116837,0.4355809153561793
F117222,0.4814917370035166
F120007,0.5397307583110658
F102435,0.4698261369433609
F123038,0.5257715425435274
F116970,0.4731760319146583
F113000,0.49679142172500373
F108487,0.5081317708666865
F120673,0.43881582904524796
F120239,0.5071677282180663
F117180,0.5031457701804373
F122650,0.5218258871770204
F106958,0.5208330302339917
F114174,0.40001942717519673
F121865,0.4080652745577683
F117237,0.4953410385005992
F106635,0.5343748305703513
F124182,0.47875142097421336
F120917,0.47617450600909117
F110858,0.451889468863584
F119426,0.45952577003474016
F110089,0.4557599492031281
F122620,0.45990545774168545
F101935,0.5040744028629094
F104613,0.48555912497960535
F102298,0.4480019605090843
F120586,0.49213477208953754
F100046,0.4393524213737509
F100068,0.4466791197742923
F102329,0.49243984410843633
F105785,0.4820842210281973
F112586,0.4668475152270297
F105272,0.3930143390085456
F121977,0.47284897549986327
F120410,0.4473722237437636
F115283,0.5808492181494107
F108848,0.4107950535759558
F115528,0.44481520325984714
F108267,0.4570289983590433
F112105,0.49967690879337645
F101488,0.4977411841054957
F114547,0.49152871053664815
F102462,0.5000368949272508
F102570,0.5074443599127355
F101198,0.47559466921572485
F121192,0.4156587302692444
F117306,0.48928441919399057
F117285,0.42554668747491675
F107695,0.41472188126173437
F124003,0.4576864672883829
F123512,0.5103906113266061
F118443,0.4796343907612212
F124277,0.5746750522650736
F112461,0.5376534089788776
F110384,0.43732743018172493
F114740,0.406120197841822
F113960,0.4759367176959247
F103179,0.45693485943708084
F117723,0.49545230394149475
F120387,0.4474281760368517
F100111,0.5291012438752306
F112568,0.45665682554353704
F107646,0.4936092793945315
F106897,0.4792600871620951
F100238,0.5065577491951992
F103622,0.43360439437707143
F111812,0.45183118106761444
F103416,0.5572640519053095
F123299,0.4578014352648664
F107544,0.4656549744648353
F110978,0.4514189189129444
F106090,0.48656350406609666
F108764,0.503440932312478
F100397,0.4770227639151322
F116463,0.5044391075995664
F116126,0.4665756214531861
F120209,0.4218726042865013
F123346,0.4775351452325519
F101739,0.5299265208586185
F108434,0.4614960188394428
F115005,0.48971532351603153
F123862,0.4064264353030022
F124180,0.5393398375090875
F124448,0.43992176686518003
F114337,0.46625504069213874
F103674,0.47575742473976285
F108345,0.4609038990846389
F115688,0.6078622812648355
F110266,0.48512047450849827
F100735,0.4863589889934401
F116776,0.5086687944032103
F117603,0.4815650913060999
F109916,0.41348751697904745
F105859,0.45051581979891125
F120267,0.5464555517820713
F100041,0.4448274140396662
F114112,0.546133315245099
F122517,0.4714741907127582
F109629,0.45395779794673263
F112903,0.4270509759552429
F108998,0.4610343229263245
F108069,0.3810063681607393
F116501,0.5459790238937594
F105122,0.4778208281358773
F112860,0.4533334261646049
F118610,0.5324743323883465
F105353,0.40381710849528535
F123045,0.42720807420440926
F107278,0.5040447601243826
F100318,0.4638584164437353
F109681,0.5089694445479812
F101889,0.5291357732304964
F100483,0.43603156961290945
F118673,0.47634369468361687
F116600,0.43903380952158877
F116252,0.4974438633340691
F112777,0.472134525920879
F115402,0.45803172363155875
F113566,0.5375059566772262
F119293,0.5041530564434036
F110165,0.4325235523825162
F103713,0.5723638414332163
F105509,0.48216757513112274
F120449,0.43249210793824655
F120972,0.5494922413156488
F104940,0.4465088022772832
F124352,0.5394274891927487
F119526,0.5574487741888158
F106770,0.4517996933803078
F104770,0.42257350534469235
F109952,0.49152258133616455
F116873,0.5547369814087506
F101875,0.46967194599097
F111046,0.4665347816198666
F117438,0.4484207034646252
F106212,0.5423970425467324
F109351,0.443065575499939
F110387,0.5406814597833685
F108809,0.4873749354802803
F119580,0.42975559867996416
F114125,0.46717026025625674
F112232,0.5562370348498108
F113903,0.5382478493466539
F120591,0.5406281287974953
F114403,0.4636058583632082
F105295,0.49648359236268685
F112464,0.5970789687193607
F117381,0.48059702098663504
F110755,0.5115324197421027
F118218,0.5428124852195966
F113302,0.4997303783690756
F106722,0.39943215803036325
F124082,0.46011538472059144
F113021,0.543577911383414
F102532,0.5079519316059812
F121063,0.48204928663079105
F101080,0.4972231247154163
F104395,0.5579163103546957
F103376,0.44242828338685347
F110041,0.5321960796204737
F111916,0.44072393748400124
F116200,0.48228750363785666
F103431,0.3970288250877296
F118538,0.43104996252265426
F123514,0.5395978774007952
F104533,0.3896764380651441
F103570,0.4625337712688299
F109084,0.47673834033084794
F114609,0.5158938418223527
F108504,0.45204875630944036
F116434,0.44321916041752796
F108227,0.4652211658078308
F100127,0.5658073292575199
F101259,0.4485037846009039
F107802,0.49757809404307207
F123662,0.5106573833210155
F123505,0.41063497424561757
F103341,0.4914875898906151
F101878,0.4630608572935937
F122335,0.5365620487680812
F114926,0.5233300191836125
F112749,0.4700695051125844
F120743,0.5478310434506029
F102372,0.44634053247968813
F120013,0.5283249756093974
F102001,0.4456749265661438
F100244,0.47840095444433306
F113693,0.4440184077425186
F115722,0.3944294272626353
F101725,0.4915224740992693
F114785,0.47802887672017214
F124588,0.4562271195827057
F118819,0.5179366118463289
F103671,0.4696041464544006
F111594,0.4758768127156351
F124455,0.48821408991362025
F121918,0.5052598421417229
F122591,0.4637546463748467
F113369,0.4455255367704746
F118722,0.511729767959865
F116016,0.47148743398101095
F113935,0.46913134829782466
F109356,0.48041856508672565
F111987,0.4570431746898436
F110258,0.48366101112710563
F107097,0.45649583077218214
F112730,0.5158999953099846
F103556,0.4202595255078519
F123019,0.47483601165763767
F110793,0.5296938398442543
F103710,0.4592442170524464
F118667,0.44835253554792753
F108881,0.49244344444173777
F100493,0.40029956524540194
F103069,0.4403704498132023
F121785,0.43319105467682273
F113336,0.521543745318604
F114546,0.5365294946639393
F105586,0.396499278619742
F104295,0.4702954322660951
F102582,0.48275555135899895
F109445,0.4465335651888164
F103267,0.4702753575872533
F107720,0.4574452060489033
F120164,0.5112811511119166
F113248,0.5441111090048409
F122136,0.5607618873671126
F107342,0.5253316489798042
F124093,0.4800505341223513
F113243,0.5333405250760513
F120506,0.4421895665840506
F102954,0.4799163063490205
F112163,0.5239936535107019
F115510,0.49502216577246727
F118183,0.4397637079372154
F121201,0.44780241229428974
F101329,0.47140844777686697
F100788,0.4218618605698514
F119650,0.48134811783155274
F102550,0.5073197726747275
F107739,0.48862158379294596
F114153,0.40315958008001224
F109546,0.535945303722686
F117778,0.5233584038648205
F103118,0.5111987413387468
F111196,0.423371517440369
F122656,0.4121448292572061
F115843,0.5071390038286843
F124569,0.4978765445897244
F108409,0.42699561616881676
F124571,0.4469634224048528
F114093,0.4326776432821899
F103005,0.43594743239167166
F110783,0.41288352439068143
F110012,0.49071335100968366
F113210,0.4504662438329936
F105146,0.48418142596664293
F105652,0.5461994190142075
F111864,0.524077178532719
F121625,0.41771037290453505
F108092,0.47901886656713055
F119396,0.473381944324789
F107290,0.48053776024454353
F109707,0.42570909562322334
F103049,0.4739203204431598
F118042,0.5554177685934738
F121709,0.4663423201209832
F122875,0.44259184788488287
F115222,0.3948114845198955
F124603,0.48737380510395245
F115790,0.41007631285676927
F115559,0.4460479433056381
F122931,0.47741714593113915
F123003,0.49059326881315585
F120315,0.46298085318656657
F106856,0.49186288039165343
F105944,0.4400267931888392
F119016,0.4724564927187027
F120432,0.4015411428661249
F103390,0.5021276212790574
F123832,0.43557465673147633
F104267,0.4422206274172797
F124155,0.4694304491192211
F122499,0.4899794699277797
F112590,0.4673197639836969
F108794,0.5163205949608265
F117884,0.4514049013230136
F101414,0.43719622424428217
F124838,0.47334662957898166
F120618,0.49611562416235805
F114940,0.4486161438706345
F116288,0.44728358136839436
F104706,0.4802080227632782
F119711,0.5133013511756901
F121160,0.42144478273351316
F119881,0.5201601088104688
F110371,0.5527789944576684
F110281,0.5310861578399957
F121284,0.5032939458467577
F114100,0.46235748914152086
F120596,0.4202759575453053
F109962,0.5022164589580503
F102036,0.5009690403501121
F113259,0.46614668691721683
F112953,0.43583598490071207
F118878,0.5155807437024055
F108423,0.4638674335098158
F106936,0.5125795662433432
F100189,0.4814546442768921
F123756,0.5404142566907305
F124602,0.5768895768321842
F106319,0.5083947368199015
F110584,0.46717973504990185
F118770,0.44820704473043205
F101006,0.4664063177203688
F107568,0.5341830801851333
F124706,0.48032654941804875
F106804,0.4156812859681153
F117933,0.4311077602205025
F122431,0.4401663484248291
F123497,0.4568422048303724
F113675,0.43401038070270237
F119945,0.5069807876931434
F116032,0.493824455722433
F121432,0.448962599933814
F103034,0.5288522991485332
F102413,0.43569211360038385
F123265,0.5114141783690688
F115676,0.4962252657501933
F118594,0.5570638213433846
F124788,0.4856690123670725
F117485,0.42405407761073743
F102109,0.4647292105807639
F105283,0.436779803656609
F105569,0.48102724943291764
F123605,0.5206831507127628
F122857,0.42625893021747746
F118086,0.5654054385279115
F106134,0.4935170383917711
F103631,0.48254709868382606
F112675,0.5282590782649724
F116646,0.4599611275712622
F115298,0.4644856905474744
F115971,0.4315310398695716
F120695,0.4319075916511602
F101541,0.47211688800999835
F104516,0.5054614718614462
F124852,0.5632560200072941
F117490,0.5306416176184284
F123294,0.5309189600975402
F116042,0.4822211915699607
F115598,0.504399310595053
F124606,0.48281703534790765
F123131,0.5131531731204181
F114418,0.44470959211221656
F102839,0.43742544637497915
F121594,0.48467992533443316
F112979,0.4947240019674526
F122535,0.428365790592175
F122674,0.44921294150330093
F105220,0.4377872742124089
F105256,0.5194693292780221
F122730,0.48655484443157626
F108822,0.44705357647626354
F111793,0.4525039678816089
F123812,0.4611890552821041
F118476,0.4262895647409969
F120551,0.5114304512960527
F121677,0.47532952886775254
F123876,0.4836262988606182
F121835,0.5210389733679175
F100352,0.4387275983195198
F107783,0.5174916570499078
F119602,0.5888453018358346
F111614,0.5023689142929811
F112908,0.5011184271111269
F121458,0.4478751440526344
F116574,0.4481603135942861
F122101,0.5438073958748896
F110102,0.44826040472540896
F113364,0.44183120436017975
F119090,0.5600056151461675
F117669,0.4335121361765991
F107548,0.5234230288049101
F111353,0.43907751568960895
F107793,0.48684314207670876
F109456,0.4609048682816736
F119190,0.544123636045929
F100871,0.4280901489720291
F124789,0.45716932455693116
F122820,0.49633602668044424
F116446,0.5276412322426567
F101547,0.4850985860082464
F121456,0.46206382194744994
F108139,0.5001389624340448
F102688,0.4906741709916109
F100211,0.49615498616813947
F120738,0.4647103753069887
F109492,0.5715035966683703
F105571,0.5005540278057754
F113667,0.4931214976636108
F109585,0.4694811991666928
F114159,0.4694843358487576
F115270,0.5458037929507111
F117514,0.48341422485243524
F114057,0.4369131198668898
F111332,0.4760569396404756
F114967,0.5581431732656817
F122004,0.40379755158845293
F108552,0.4067579671868132
F101761,0.451323582366682
F119131,0.46347130744491016
F102445,0.5786556036049822
F110385,0.5036713309953282
F123025,0.4231517471911425
F103895,0.5493902696614186
F100394,0.4517056823978161
F123103,0.5016542015635471
F124655,0.5080026751418332
F106034,0.5478124709152606
F109975,0.46071129704132785
F100749,0.5328309569078833
F124485,0.4744728271806231
F121707,0.46449695951243375
F101121,0.5134326844800571
F105246,0.42523736164302667
F102499,0.503225622055132
F102212,0.46956599473962124
F115575,0.48214041221746484
F113552,0.5179700611478063
F105535,0.5193062485496741
F113396,0.4550451603828771
F101324,0.49771624685661164
F120553,0.5638610072317082
F104704,0.5458604885553535
F121960,0.4506081558316092
F112070,0.5096365692349656
F121825,0.476560746535155
F121673,0.40034314026166196
F103434,0.453764327842314
F105296,0.43311466127640064
F122516,0.45608665486915606
F100670,0.46635461248777765
F104567,0.44632924447481553
F108055,0.502936242582343
F106746,0.4459368783207585
F100150,0.51502293988922
F116429,0.37848712528777895
F111914,0.39856043370126515
F101880,0.4848998789114627
F110294,0.4785782455387157
F106303,0.4423206580804743
F122586,0.48198661406615817
F102804,0.4692248157314969
F104494,0.43883625442041346
F117225,0.504360279185573
F104177,0.5036941251657381
F107056,0.4873130628408715
F100299,0.4321349108174081
F112302,0.43346317808799406
F114859,0.44084616121918196
F121982,0.5510620275985925
F116403,0.47126431549669134
F119557,0.5376512018428837
F104582,0.5005123856415752
F102354,0.40539817056802363
F122838,0.489234150457518
F105431,0.4761140139360315
F123713,0.5359789355665922
F106613,0.47006716424604345
F105958,0.4918859494297386
F101181,0.5303529068855046
F104204,0.5285717701641981
F105710,0.42296741887383305
F107665,0.48431572449736277
F124567,0.49540807768360984
F123109,0.5217106612816877
F103918,0.4684569923743375
F124696,0.4119443755752318
F117096,0.5023518587128186
F105187,0.504611251212549
F122220,0.48703212574016974
F114107,0.4637343729856953
F112136,0.5869927706836471
F118032,0.4339924710517479
F109142,0.475152876379874
F106222,0.46369456513256957
F106298,0.42341883485644766
F101655,0.5579361047842176
F108665,0.4761297573558254
F104263,0.5680468688155178
F123869,0.5107077783692162
F124312,0.4641687009712627
F120942,0.45258483598954713
F107799,0.520216144487635
F105173,0.4996256756787744
F119324,0.4160377054684692
F120332,0.4875214594594893
F114902,0.5147347413373422
F105902,0.5172331732226676
F101001,0.47442321642875596
F111473,0.4037424011548397
F110267,0.47056093520025366
F102348,0.5018681961216982
F118913,0.4333188845813261
F116563,0.4809442549145474
F110458,0.5564835008640642
F110179,0.4791174006086766
F108014,0.5910862870516572
F102159,0.5559604079338607
F118487,0.4736185916451685
F114608,0.5262995128138617
F110313,0.4653656642287661
F124704,0.43627963909981143
F102057,0.48091612653576343
F100241,0.3956669423902015
F121196,0.4887883357243684
F107331,0.5393544070431509
F116932,0.5205948366465204
F113258,0.4929610273203069
F109453,0.4898475330165081
F110831,0.4792088444583617
F116694,0.5658087684364417
F100843,0.4687805462819702
F104817,0.46953580611403184
F103448,0.5074497880250306
F109161,0.446651996741224
F112255,0.46040014040262034
F118347,0.5480583398632028
F108525,0.5523052147062337
F121777,0.5052696185410867
F110202,0.41932332608662154
F122209,0.40070054942253513
F119286,0.5250451819147902
F110827,0.41824521370149303
F105330,0.4464139748277675
F106960,0.45404697659752763
F116733,0.48887304059266257
F114348,0.5064228522933224
F109408,0.4980400429697883
F109497,0.46017446750751484
F105552,0.4290400236067833
F109376,0.5594857997760768
F115208,0.44193401090198686
F103353,0.5011280174328661
F104806,0.4916438229775201
F103276,0.4925279225087038
F117153,0.4738779269761699
F109447,0.45657655772453964
F117572,0.45252848676315494
F120533,0.46405667509473786
F102829,0.43313034231322034
F123721,0.4511905449298736
F117607,0.5681414438130682
F121646,0.4866337237774095
F108865,0.4678314330990283
F118222,0.4803532503624952
F116585,0.511723182360977
F100804,0.43610874568591435
F109867,0.48630267085006457
F104274,0.4648816253880761
F122752,0.4678130109317738
F108635,0.47297696851295457
F115699,0.4773870050868222
F109846,0.4190998375246805
F103151,0.48091422418655305
F121216,0.4433878310854058
F100833,0.5245170764129611
F103664,0.45001505062902125
F114986,0.4572357577230274
F106330,0.4376253954099777
F112616,0.4282247091166034
F117516,0.4263504884535696
F103206,0.39618234136914726
F102168,0.42192357112559975
F119550,0.4905390098333615
F117544,0.5022250389345831
F111964,0.4172916185580081
F108758,0.42392973011322743
F122380,0.4086824809524594
F108388,0.472719226852075
F105221,0.4356148526388261
F112011,0.4827853268576593
F122060,0.4659603371950415
F119625,0.4714013846410222
F116159,0.44446609551473704
F118197,0.451147383747708
F122855,0.4643734988805652
F103280,0.44353173182955197
F123066,0.5298507622088264
F114489,0.46347902744604436
F113341,0.49418454826185054
F123104,0.5306153069384952
F121913,0.5076746641128257
F116967,0.48457147186503846
F117692,0.452386604628917
F114449,0.5495453560646356
F114917,0.4351959521686478
F106626,0.4920640343244963
F105752,0.50078797067066
F110180,0.4346715645110312
F122579,0.44985065226667803
F104771,0.44825744084598856
F122049,0.5522673064119425
F121834,0.48822037607280944
F105643,0.4375307390592608
F103538,0.4451484557930171
F104641,0.459927739740719
F105709,0.525996167753483
F103610,0.48970333634717467
F120886,0.44121100729930235
F114229,0.5380553691466916
F124875,0.4742955840327395
F110680,0.5612178155684159
F101671,0.4654585881447749
F112428,0.43534382446631226
F102048,0.4826570842192998
F121862,0.4981971868350429
F106191,0.5317708134771437
F104268,0.4883096696747601
F121265,0.44082263772217434
F110088,0.41323326105475655
F116110,0.4957990397777078
F124891,0.5345150509596556
F110683,0.59160750954977
F100801,0.4200330204374505
F104725,0.44964376242217785
F105176,0.4240318915526882
F108128,0.4815652313052218
F120237,0.45787164379999373
F100023,0.4671335279597768
F110705,0.47333307810282055
F115600,0.467337892433913
F124518,0.4197093699928113
F120303,0.4298349757458953
F123287,0.5071209290747246
F120924,0.5610352961892926
F109199,0.4333627228981726
F102014,0.5734975122117221
F105763,0.40914485416128965
F105638,0.43667919356962653
F112786,0.5055621898245287
F120516,0.4793521587435645
F107868,0.5290711742092445
F115045,0.4597684924640743
F103465,0.4791819200837508
F115988,0.5412186450514948
F100205,0.48475557470467945
F113413,0.49485191048752863
F113198,0.45483971742541285
F101460,0.44940026487822404
F106150,0.5393137806321544
F110552,0.5324782625083216
F114387,0.390263027105888
F116026,0.4496788140750489
F100626,0.5617286387377881
F123500,0.4958157091480906
F103668,0.4775442511664718
F101415,0.53134545677298
F118214,0.4868753938301197
F116914,0.4322172275789964
F111586,0.43651977045187834
F101520,0.4434250506922406
F113776,0.5148233294275725
F100242,0.42787865103552547
F121541,0.5935407307984677
F114306,0.514018470719614
F104640,0.48997015653726406
F115144,0.49938866182284364
F117476,0.47122074524420027
F119201,0.4463145576432375
F119942,0.39213666583866735
F121040,0.4338381185918976
F106973,0.47226936889434634
F118779,0.5250445092918136
F122201,0.4753769536103155
F116886,0.43069199282181775
F102466,0.48090812401442307
F102121,0.40745136223597955
F108853,0.5075213146641432
F117553,0.5304322558245623
F104284,0.5824618359874685
F116616,0.40747941104750846
F117409,0.46036989867907885
F111888,0.48416618775702347
F106624,0.444066560253668
F120501,0.50417366422325
F101295,0.4893735246294998
F124986,0.42532244014421056
F109667,0.47877200818037596
F124245,0.4578588609984053
F102754,0.4822135744094341
F118902,0.4613266359631726
F100537,0.4933613281996326
F114802,0.502111615516548
F124943,0.5038648157851295
F107886,0.48294175050392846
F122870,0.41347007521079404
F112378,0.47522631343113375
F100221,0.5179052640731954
F113208,0.4679283478899299
F104351,0.42860445674536757
F115314,0.44915049394923356
F117939,0.5000867055708362
F109436,0.46567592970758737
F116634,0.4522488696411914
F115383,0.47143829442632545
F107327,0.4194799510936859
F108158,0.48292625965326125
F114614,0.4846037806446262
F123110,0.43723188639156085
F108691,0.5480805932481351
F107857,0.4643339772345965
F107919,0.46053139981126434
F115243,0.5173497412944712
F123530,0.5088130292368912
F103297,0.5270018109244349
F108000,0.506901315762217
F100174,0.5420551746528476
F110677,0.5099637322829077
F123806,0.5124868274613992
F104614,0.5029923064678714
F106828,0.4788383015698697
F118335,0.5192967971729454
F116127,0.43257438896293227
F106574,0.4596128117895981
F114778,0.49379259571303247
F122104,0.48214827319735154
F111475,0.4707840674187378
F104444,0.5200592740115474
F116934,0.5146341402311159
F122685,0.41060805900259884
F106771,0.52051020182365
F114030,0.47246294116289766
F114040,0.5020838171246942
F123008,0.4695390645839924
F117483,0.45338874811832874
F123134,0.509871401206305
F109641,0.45894050271624537
F100021,0.4144288287049924
F102331,0.442803597202674
F110192,0.5383934473561743
F112160,0.49265875182919405
F114617,0.44118840369392454
F101262,0.488144086585908
F102042,0.4793144293960545
F114016,0.518417348405957
F105974,0.4447074999861277
F121644,0.527168708637149
F115526,0.4545450698718639
F120734,0.48663662601035024
F119489,0.42558551973036285
F108299,0.48390275246368464
F124615,0.4422434183782268
F102652,0.40992228100103617
F117699,0.4031800529168562
F118761,0.4428994573651558
F123637,0.476036805941672
F108355,0.461413436441549
F100950,0.4623842664472202
F116741,0.5460833069630794
F112787,0.42748166535522114
F109995,0.45152093835860085
F113120,0.5149299634738023
F106926,0.5224163876416795
F119874,0.5332254263384585
F117045,0.45201744998272264
F107271,0.49721647939090385
F100737,0.49252301159844847
F115949,0.44276591174896174
F100611,0.5374044271422787
F111171,0.5516041822470718
F110406,0.4418144311830263
F117598,0.441063107228483
F102524,0.45664484517998405
F114340,0.5149390562636184
F106448,0.45280836245265266
F115408,0.49022358389847864
F112179,0.44953891442286464
F121369,0.48801370558194845
F110713,0.49769437336694106
F102955,0.43494059389308753
F105074,0.45476008931363543
F117019,0.4393939444515609
F101572,0.4507025220643612
F117916,0.4162615382722985
F120541,0.526812828622534
F116099,0.5084716701592698
F115933,0.477510499882659
F104099,0.46763397543514906
F111550,0.582765287531905
F116738,0.4307917368031956
F114550,0.4340606837925003
F120782,0.5610749599531579
F109113,0.4840174394233112
F123023,0.46029191791818247
F107213,0.5160880856226119
F123540,0.4989742173413269
F113169,0.45077732676705906
F105377,0.4530534009866194
F107084,0.4614641219786103
F103456,0.5810153334641598
F103227,0.4448176928762795
F120513,0.5224304068641793
F100015,0.522731372707194
F122876,0.44781415385418444
F116229,0.46692362761343886
F119012,0.4538847777366076
F112286,0.5129417121809265
F107104,0.439698767486138
F101822,0.5071995955642761
F109747,0.5196772655865983
F101029,0.4257131972720191
F115060,0.5410836967064108
F117560,0.41095991176504626
F119779,0.3967078061280362
F104595,0.4881073699104869
F114554,0.44994122402400016
F101801,0.4348641321461384
F117575,0.4210473692223206
F112592,0.5231850141311936
F118845,0.48843509476566693
F102220,0.4589873781490343
F124831,0.4963234817151724
F119264,0.3975116796459708
F122355,0.5218308366592023
F108102,0.4609601935240668
F120918,0.41589296747448096
F123443,0.5325694969453016
F106225,0.5192029029110056
F104738,0.47649272993658737
F114417,0.49344630338521217
F121976,0.4485991047501843
F106774,0.5747891145096563
F104638,0.5122080763995207
F119039,0.49713252325118734
F111484,0.4889065903172378
F110971,0.45328331675989586
F117772,0.5690961484191807
F122712,0.49561175304534477
F108402,0.4499893158934021
F100396,0.48316649421609015
F101740,0.46058702159426024
F103705,0.4603655364815386
F111554,0.4101501400454539
F106067,0.4165954743656864
F100543,0.4050024342048704
F113299,0.5023349605624575
F124487,0.517643672487232
F103540,0.4504584759178203
F104227,0.4359689336843272
F124262,0.47067275376982726
F106168,0.40405633932323315
F121499,0.46347441365170894
F107348,0.4700860355879358
F115613,0.4876514560155182
F100972,0.4836479323065524
F114882,0.4364441862056295
F101137,0.4575402977351439
F106247,0.4685034544667216
F113304,0.47421737044115303
F123030,0.47654444147991204
F105610,0.5277546413569654
F112978,0.47748966055498887
F116077,0.5374251960726806
F118456,0.42009299570661646
F103194,0.4713516113474371
F115574,0.44014396972573666
F112544,0.5007165199637313
F119809,0.44820905791646704
F114611,0.5224261887846753
F108134,0.4576064305262063
F100329,0.44506365745066745
F108247,0.39780219921401494
F123227,0.5521450307073233
F121253,0.4654738793599373
F104626,0.4689390163342605
F124350,0.4851221498519587
F113339,0.5579146598199599
F102915,0.5098299587812076
F114654,0.4558450654076763
F105273,0.4121104406098043
F100033,0.40644805317991317
F102742,0.5183999583886794
F120354,0.4391844442870423
F124715,0.5296262264688274
F110031,0.49921519186576946
F107906,0.49980745584066233
F120793,0.5333493984877132
F111450,0.44770197786921706
F118964,0.47901835056920994
F114254,0.4434536180489699
F106058,0.4320346714002168
F120668,0.4713161299446036
F120913,0.4606354017082891
F117160,0.5258097190492451
F106648,0.5265143305725004
F116726,0.5089346860999492
F124577,0.4398897598089697
F111525,0.4862173227054931
F112745,0.4862900094889213
F119702,0.40171608499192596
F102116,0.4168779328129042
F108772,0.5181654906024591
F107424,0.5312358114555715
F103479,0.49606930498547475
F123149,0.48842619975492557
F111072,0.48643619516735215
F122097,0.4819123232504846
F114087,0.46779688169339034
F104809,0.5076372077661517
F114098,0.45288206289304433
F116880,0.5905460959784276
F100450,0.4736573242822544
F119057,0.53205181924198
F103666,0.4136715153349173
F120106,0.4445063721717064
F106571,0.4164543657935344
F103970,0.4695011240366167
F123969,0.5258572659628671
F111255,0.4949097972519737
F103344,0.49100726986576565
F119143,0.5199088138251315
F116577,0.44504125764636293
F114734,0.5128063166957737
F111250,0.46015655423655055
F115135,0.4779689727700671
F117362,0.5041831175640971
F122260,0.46696832267928795
F121277,0.4690173517601746
F114783,0.4880523585788763
F118109,0.4940638641083344
F100387,0.44906551816277684
F116031,0.46100116962032894
F109014,0.48817598989045896
F117456,0.4889230433806405
F113480,0.49700006646770084
F110667,0.45780054425265637
F101209,0.495150757217487
F117971,0.5121590153895255
F112292,0.49479313717559137
F117732,0.48141101103867756
F120448,0.45242919457305186
F119957,0.4717737161853609
F102918,0.49514808309863634
F122528,0.48045089950890074
F106419,0.48150220913623065
F106697,0.4199572456483187
F109567,0.45570487648031877
F104619,0.5215072868612056
F102647,0.4385885504024869
F123916,0.5281342230115591
F109131,0.5178983928679751
F108962,0.5143416540858093
F104775,0.5601083887567935
F110756,0.4243624214218861
F113157,0.38866306940294065
F102997,0.447021980137032
F110631,0.49028110572286004
F115863,0.5336260145272649
F118447,0.41844753489945896
F121168,0.49345661828889575
F111636,0.43637178908022173
F117868,0.533616584033697
F111859,0.478870083528513
F109735,0.42930749353395925
F105767,0.521073979983549
F117143,0.5219989758793451
F116763,0.4799710032492095
F106437,0.5020084948165128
F102046,0.5520022508947322
F107609,0.43801821197713453
F110945,0.47019042315965515
F105453,0.46219197339102924
F105821,0.504870283666546
F116964,0.4659757102056887
F119609,0.5097947346829418
F120583,0.40178427196888034
F106125,0.5182750559517978
F123144,0.5359064426910494
F119423,0.5656791442235277
F100607,0.45088720142607375
F116199,0.5055337610408146
F101866,0.465919848443777
F104493,0.4747251134881373
F116889,0.44121285044068626
F109869,0.4538992976409838
F112334,0.47889411960654776
F119889,0.4250492271060656
F122065,0.5096877211545928
F100180,0.46456208459129367
F115350,0.4288185279054763
F109477,0.4149799474382194
F107499,0.4309278193632793
F105684,0.525211333103513
F100048,0.4316654455574237
F113232,0.4922522771226844
F108315,0.5062505555548026
F118372,0.48020136140310965
F110926,0.5158076791778646
F118041,0.5218545387090071
F104956,0.5188452213992314
F122913,0.42331878391529904
F116989,0.49855318156296513
F111260,0.4533092160924966
F105667,0.39397414709487155
F100714,0.39881811668231604
F122146,0.4521976296323521
F119385,0.49032766079169926
F103670,0.47603642979918914
F111921,0.405059994202177
F107414,0.4157233806453863
F110289,0.46333262184989443
F104935,0.5128374393124635
F115644,0.5073827655170956
F118561,0.4797636641140814
F100682,0.44328020207565655
F119620,0.45016731289146683
F102396,0.5838146194609449
F100888,0.420580401931415
F124987,0.4423370246288424
F123840,0.4700447269020447
F120103,0.4010419462093469
F102143,0.49427881836471754
F112685,0.5172114750395839
F101695,0.4919903767665156
F111547,0.45407746779298364
F106878,0.4239025322617567
F105463,0.45052797663370825
F109522,0.4197817936983421
F111452,0.44482665166611113
F111170,0.4613008621666056
F114262,0.45666428034738393
F120833,0.4786391389031402
F102365,0.45392694825458757
F121002,0.42198751081343766
F109692,0.4158300698817433
F105334,0.4795475779285234
F106531,0.43047179375951206
F109518,0.5300087509796291
F120188,0.5246057689915674
F122584,0.4776462444666729
F115206,0.5195992881677436
F107333,0.3839896115111012
F116085,0.514470817323782
F121053,0.5046373882672289
F120289,0.5446214830042508
F102184,0.44632170183768316
F114959,0.45841353099392435
F110254,0.5506523737796638
F105043,0.508944634906657
F119184,0.48445029742212253
F109940,0.4209204657137844
F108876,0.4669673955417616
F122769,0.5565946387810456
F123482,0.4783124379559639
F120725,0.46309336812542845
F106669,0.5072767047055129
F116794,0.524997510405598
F104178,0.4405994241955147
F105928,0.4671912922420277
F115701,0.4292406983215426
F108235,0.44961585494377265
F116928,0.481039325690808
F118749,0.4852827233766695
F121008,0.48243139096704823
F103694,0.5007126609719946
F114240,0.5209052192776606
F120027,0.5339161369008094
F124782,0.47583300604546647
F116378,0.42185172629893875
F105209,0.4245418626256064
F112018,0.5091968037684766
F106250,0.5556099666112236
F109953,0.45332394248064356
F101543,0.40653598533873014
F121509,0.5643443603458967
F105628,0.3951247278851725
F115546,0.5290057809887041
F100704,0.49403396736724525
F110368,0.5352507064383948
F121528,0.5182968747584413
F101100,0.5554765116918895
F112525,0.45846492871039857
F121356,0.5030887071101606
F115951,0.4468424598157683
F107795,0.508747083608069
F108817,0.5911540860463464
F111387,0.5252899121762199
F117804,0.4511147277856262
F110936,0.5003128858606554
F114004,0.42762019887633
F107270,0.4350950715030393
F119956,0.5732695405689918
F111828,0.44844999848474854
F107203,0.4522781555057263
F116496,0.46121774686517136
F119361,0.4749602159681113
F115552,0.571923872972202
F113702,0.5366473767708974
F111225,0.4265112298694145
F116943,0.47751446141777726
F111429,0.5152816486563092
F113806,0.47338991506953576
F123307,0.46739025435567333
F119728,0.5152652616580955
F103180,0.4298951544010203
F108160,0.5269638948236722
F119338,0.4895071531333574
F105024,0.5511625521933076
F100983,0.46839660567646735
F118064,0.4073165013114589
F108152,0.46174325889497075
F102301,0.4562146271769282
F107420,0.44455586372289246
F112453,0.48624836541707855
F121252,0.4539305090640351
F103182,0.4996649747813248
F102746,0.4174222581120418
F110087,0.4913935672644125
F106141,0.4660563327948588
F107022,0.44976726379303195
F103397,0.4861087961152704
F118137,0.4697907801993345
F122022,0.5275035395654312
F116906,0.5959424473169254
F123841,0.46496147650179065
F100930,0.576125786658969
F119076,0.46520221567875797
F120302,0.5049057901122
F105583,0.5675883339468014
F100630,0.4662200229483839
F108776,0.496231775097994
F119459,0.4351486321680217
F112620,0.497433809817884
F108675,0.4492721292409927
F115164,0.43870864964772005
F116255,0.4058385622425229
F108207,0.48555727386811753
F121915,0.5279739352364439
F122673,0.5488316379989568
F122512,0.5231500198730632
F105207,0.5062100834364401
F112600,0.4182261355188535
F109251,0.460487374670619
F124775,0.4793401843096018
F107159,0.43525010383366247
F114438,0.4377128937421979
F116936,0.429423830323415
F109971,0.48924144629425625
F107529,0.42974614263548216
F105347,0.5130302339697237
F119872,0.47519085488225893
F124963,0.4756707918881522
F101527,0.513450316511555
F123725,0.4284256292088683
F109802,0.4229159671068927
F105605,0.4724044634565334
F114987,0.46703320583929725
F120330,0.4501194638138686
F112090,0.4571007730150296
F106455,0.5253261796998505
F111162,0.47728187578579073
F113014,0.5009839322198468
F103680,0.4919224204368238
F115260,0.3993047119343154
F118706,0.4802369287541399
F108389,0.4381315690538433
F108743,0.4483490736631143
F120572,0.5561216402961109
F102141,0.42584673834381526
F102149,0.5391486512947827
F107157,0.47207319636780076
F106026,0.46822934812497174
F122189,0.5378161659464997
F102726,0.541064003802493
F114612,0.5191477522883673
F104564,0.5280116818235154
F116599,0.4429161026703694
F120026,0.4867560873808705
F114143,0.42813916835256705
F114824,0.5330191398131015
F108145,0.4135850665637242
F118207,0.5195037644961801
F120984,0.4754456443129005
F107103,0.4381624125109218
F111360,0.47555368989570834
F109123,0.5118552017591881
F103665,0.4804288546288705
F114115,0.4687426182716533
F120105,0.4768767367044843
F102511,0.5705938573668996
F119174,0.466851535477037
F123222,0.4711910055045322
F102727,0.4633906977371038
F106054,0.5696778097123837
F108133,0.5592937581202497
F102594,0.384190835112655
F102784,0.4828887476731715
F102210,0.5058240523806687
F110644,0.4119896524979439
F108530,0.5173270277351746
F122155,0.5157181133105809
F122742,0.5297099643407557
F124974,0.5355366361475166
F115568,0.43905460724210976
F120682,0.4378321939326249
F116180,0.4694367753829304
F106255,0.4267417835262106
F121255,0.5123256524271371
F111424,0.4532816178222816
F114445,0.45507670981745907
F117142,0.43220004750382957
F119968,0.4720764016910466
F110742,0.4829803114731255
F116012,0.49761427706396355
F109110,0.4291917369778493
F116905,0.5423638373258326
F103635,0.4449520756310672
F101384,0.6045015824942428
F120545,0.4784469376494024
F124205,0.39270863119320054
F116805,0.5114143996784289
F118784,0.49293769612952404
F119155,0.5066657830648298
F118983,0.4883970766118592
F116295,0.48252034591647674
F118537,0.4101157144990578
F123906,0.5090389576881398
F121359,0.5294514523025702
F123295,0.4255156410111059
F121403,0.4653294018559646
F105128,0.5131798558362777
F111939,0.4451048690358088
F107201,0.5417788272644408
F117098,0.4307276195092161
F124004,0.5185207605708436
F115084,0.6244670524423802
F104987,0.48473250734578954
F124186,0.41776517281352155
F124105,0.5246736932968892
F100614,0.5006220388301776
F115920,0.44353620612055245
F107100,0.5068755096330391
F104083,0.53418504880297
F110329,0.4195817346639781
F113009,0.5329924124163713
F116174,0.4471002734370364
F103588,0.49763226207702327
F124689,0.48799545298828817
F104814,0.509686343092726
F100589,0.5482321170771743
F104918,0.45003818474736434
F119414,0.5047428154125893
F113072,0.5314931164728323
F109966,0.43081280169827574
F102358,0.48179386677655744
F114326,0.418082990122993
F102052,0.4988276489907032
F121229,0.47636020172423166
F115500,0.4166880885856663
F117940,0.4827456872111791
F100940,0.4882948405711164
F105314,0.44836655600323083
F105479,0.5561686403574677
F115016,0.4013483445853657
F114400,0.5001168065249594
F118291,0.45138723405885844
F112755,0.48077314143336214
F113345,0.4449441248332403
F111589,0.4754186879273886
F112817,0.5138338849200729
F115899,0.3890738560834461
F122372,0.4750991325312303
F107231,0.470490903687544
F121736,0.4224174036626403
F103552,0.5184592364560456
F102797,0.46188964370596236
F107172,0.5602640508386584
F121740,0.4827693339903945
F113209,0.5516179901130723
F120175,0.4752918856668599
F114435,0.5654393464803572
F122370,0.44028341624627915
F116097,0.4997367333510856
F101462,0.5510517071089328
F114465,0.4690627124908425
F107880,0.49270479900848585
F101812,0.4677228511940489
F114561,0.4059442664987337
F107367,0.5025296295743299
F115881,0.4928743592551671
F118184,0.5579959389756666
F118435,0.5562550925277177
F102307,0.48418867098631413
F110456,0.5259117675197373
F114310,0.4569734223030128
F104179,0.4239412787560205
F103967,0.4735237603735818
F104053,0.41937009513537504
F102255,0.4584552396708355
F108364,0.4497718545394739
F109601,0.46911106698257476
F121027,0.5088306248760753
F117743,0.4814821835478401
F112974,0.47283375182347476
F102817,0.4844984291776911
F110737,0.5643041104820913
F118258,0.4393378549529259
F116592,0.47530696741854384
F104465,0.44409498180274387
F104411,0.46809398236556177
F113596,0.4377750262119583
F105423,0.4332775055765398
F110800,0.5257365541351012
F111584,0.4819853576188508
F110762,0.5221903381794054
F102313,0.3682653860506179
F102883,0.45662665714495854
F118260,0.49779747429027876
F105371,0.43854342061455215
F112383,0.4687320071056712
F111663,0.5000896958451101
F105549,0.4730289058916659
F102976,0.5253604452181218
F122624,0.504812471735338
F108589,0.5384511135606814
F120051,0.46689706710665074
F121364,0.44513604180184957
F119616,0.45314104379459275
F110951,0.4509587477518492
F113261,0.5161115830985168
F111331,0.4594225615360764
F124854,0.5890056699067356
F101161,0.5175123824422907
F113519,0.4679865474505026
F119417,0.4981642013868052
F106192,0.43115734788012594
F124302,0.6045427062241627
F112169,0.5151544348457491
F118414,0.43579261155390275
F123504,0.4854612395187106
F115492,0.5571545861311896
F110027,0.4030128715833185
F122387,0.5568797340948778
F102191,0.39293896464901157
F111469,0.5333379274579214
F107154,0.4448356602929365
F113256,0.45461550969289466
F109932,0.4292705420893426
F113897,0.4477756533894131
F110652,0.4195351110997694
F100218,0.4656721973426291
F105126,0.5450409175729136
F124361,0.49188852480616546
F111427,0.47979490506821215
F109730,0.48729047647019647
F119762,0.5197200134387596
F106408,0.5054184224025497
F103626,0.46800640240481706
F119134,0.4757048157405541
F110594,0.5569429631650599
F116242,0.4810285522355642
F121193,0.46639952648536137
F118548,0.4202821034746407
F105835,0.5012769336180167
F105554,0.5031826088604152
F109858,0.46499958514057926
F116096,0.4571290449196417
F105882,0.4398354855509453
F110250,0.5509288498922206
F103660,0.4518542011909572
F113137,0.4771172244290203
F116179,0.5831405898350017
F123870,0.43771723413595404
F102689,0.5144425585366955
F103467,0.512749462519922
F110717,0.5149054860762665
F112042,0.4698153361298456
F123857,0.5285765407759369
F103893,0.5545525295395412
F116119,0.5376311458530048
F109816,0.44971604276962973
F108243,0.4635914518443518
F119586,0.4292512899759956
F108493,0.4530361166024557
F102503,0.4902589367210264
F101400,0.4900651196123849
F113180,0.48309203354866637
F110497,0.48534774317474927
F121430,0.5315855283389287
F110788,0.4225303294336158
F107997,0.46514791793158006
F121538,0.5006658713800158
F103869,0.4424135828230435
F107074,0.4215991606866898
F111782,0.5419891816905165
F100715,0.38083218937100516
F118689,0.4605389333142582
F116342,0.4253978658709725
F102560,0.548080324502694
F112439,0.5484397105431797
F100383,0.4523585007677774
F109612,0.57328515997669
F123239,0.46980231323149635
F103939,0.418477660563512
F104109,0.4555900490175098
F121393,0.42536356168059714
F112802,0.48582378002150717
F109757,0.4055730299329379
F106243,0.4180560952333451
F114576,0.5092470765300061
F120764,0.470260896171534
F108968,0.41916328423719407
F122636,0.4974068143309787
F122776,0.5222104907817633
F106149,0.5291594408035699
F102986,0.5042203098148765
F109255,0.4321301780191824
