record_id,flood_risk_score
F104559,0.4320912361994423
F100765,0.5286037143655381
F107573,0.4939437721262541
F110345,0.48029287956406497
F118850,0.55228103362685
F118228,0.4428725619259211
F107230,0.4512376174892527
F118529,0.39343789134123847
F100418,0.4885829841468116
F104883,0.5825028574290156
F111040,0.6860250734809407
F108454,0.4694521246285285
F110834,0.533378449719269
F100969,0.48031923037823065
F109368,0.4724959218152905
F102545,0.42635425337268174
F122488,0.36442769059632685
F103894,0.5351059728882054
F105408,0.5314713435240556
F112579,0.5225555852692051
F103663,0.538912609779849
F120363,0.5849110061157146
F124722,0.4204747039277038
F116480,0.47786803534891165
F114951,0.49708760787871814
F100738,0.5211997755197743
F110536,0.4612220735819669
F122026,0.5912934248445203
F105117,0.5862648963719692
F108958,0.42837788190805504
F116660,0.4065211458739323
F114422,0.39883195224459567
F120962,0.473807478658784
F111174,0.5584611139037563
F113429,0.5304127693096605
F124188,0.469747659778799
F117761,0.5104896297984756
F118236,0.325567685014727
F107714,0.3082184221826671
F118833,0.5562951707428405
F100761,0.4578419208427226
F120268,0.5358891405117797
F109138,0.4960468757665203
F124412,0.5358380278264049
F120691,0.3959814216904209
F124661,0.5053789239054489
F108890,0.46842439308397665
F121417,0.4290352054712716
F118138,0.588279315595382
F121512,0.4540381543348034
F108954,0.5417658135934578
F113146,0.46421955983964774
F105087,0.6730510576801435
F121469,0.5123548982164992
F102542,0.5279821360273341
F100209,0.5754451770290339
F124632,0.30715182357851956
F107038,0.5484089778636524
F100938,0.5540041921792416
F107925,0.49761231916962206
F105361,0.5329727312157246
F105697,0.4043630792905164
F115744,0.4397591572623145
F107426,0.45315267352802924
F124172,0.4972483909352696
F104946,0.6357918876120708
F102095,0.4677839817642509
F123356,0.5081424878940239
F102650,0.4601264080435256
F106539,0.48716324703834785
F112891,0.35320076171923975
F108289,0.4062990209555077
F115077,0.3080851932764647
F122323,0.491325209579384
F107204,0.5662745150788256
F113309,0.3863737679976628
F105741,0.572873344220401
F113925,0.4739975217353124
F103318,0.42930496393218
F105950,0.49352830542694787
F119672,0.4897362881772323
F109242,0.513090781595568
F122020,0.3958833390478149
F111466,0.4713499331428318
F119578,0.4355674390511911
F104122,0.5557830321161398
F117075,0.5715635616327185
F119337,0.5120830972108503
F104315,0.3869759183275419
F115990,0.4256044117713374
F121530,0.4822457003738142
F107744,0.4996416934292028
F121368,0.5014916064111425
F104624,0.35075651270326236
F104063,0.40991016845953215
F104344,0.48053136583537204
F118253,0.5118980570431931
F103315,0.4652711762272876
F119431,0.47886128224218255
F112167,0.404050400488581
F116395,0.4633571998523283
F107209,0.4151062355554683
F106831,0.5742288312662593
F110362,0.5764261406073302
F123715,0.6927976030284764
F114686,0.5106248681233091
F100236,0.304030822194163
F105475,0.5106320143369508
F119724,0.46644897575558714
F121653,0.5337482212279984
F110182,0.4661182843329512
F124466,0.49987926866071586
F109994,0.5406695716035074
F101098,0.5692742783780408
F110819,0.5740758352909658
F124937,0.4540389912634325
F105167,0.6570215714502369
F109738,0.6246110600226217
F117504,0.4483177162002151
F123201,0.5325575444136053
F104276,0.5124914867379109
F106674,0.439267730770159
F102033,0.6359111797660038
F114776,0.5290240927274454
F106675,0.5702274826968203
F107195,0.6080979906508993
F115966,0.39092685850905406
F110078,0.4672096874494689
F101644,0.6239463547164834
F100635,0.40349593381972915
F106895,0.4957468000735028
F115420,0.4944303822893062
F122657,0.5188420625723579
F121159,0.43503044893242354
F106498,0.5782310121874444
F123880,0.4898460773774423
F121738,0.5464112357326684
F103530,0.44086254035626543
F118037,0.5690938968798528
F121887,0.4447799586180913
F117474,0.319962271596435
F108838,0.5298042548146046
F110850,0.4843906397814119
F108920,0.375498102549808
F116417,0.635274379399482
F123163,0.5086827830431342
F114455,0.4117358369106239
F101247,0.47589155682666034
F104992,0.38531940860194575
F118511,0.24092396367944527
F114644,0.5101017527457306
F102251,0.44545382690975865
F109818,0.5269130081791698
F111847,0.4970700155865675
F104955,0.4681030705292916
F119652,0.5705082019735351
F122133,0.45322819682315596
F104993,0.4077553008823563
F113510,0.5162389241525809
F123557,0.45399391627293617
F113962,0.3633207044168625
F105947,0.40474168232236657
F106911,0.5297516409853824
F100652,0.4349551317627866
F109685,0.45604516034280423
F116475,0.5444524875692281
F104565,0.49859286572447814
F124062,0.4847382491206815
F115932,0.39845446141146823
F109613,0.3919214639396419
F102386,0.40246229113302157
F113483,0.3973104371855284
F117088,0.5508007020913435
F101277,0.47905629500076
F124674,0.48119655966572455
F118679,0.5304268682158133
F100697,0.485660669661567
F107785,0.33848720142443867
F109642,0.46124829823102786
F119574,0.4405109168923548
F114841,0.46718859207647023
F112762,0.7280069093950721
F123792,0.37921675153391715
F107168,0.5174124473329391
F120641,0.5716797715156828
F108273,0.46877987631754087
F124407,0.6198941631376104
F114604,0.618560381582074
F102970,0.5099565317593865
F122148,0.4784006363688777
F108010,0.5388885454710567
F117610,0.3625268784901977
F100140,0.37639233312159587
F113938,0.3320244381226576
F121084,0.440906608291518
F101060,0.4057658346430159
F108562,0.48170177583630786
F110164,0.36253520059362415
F110472,0.5842272687535625
F114543,0.4446523886004435
F122852,0.5662332259188944
F123987,0.575181657143231
F106836,0.5396996011261288
F101754,0.3323923575010448
F113931,0.3846318475794184
F124553,0.44007781421026204
F102295,0.4187392603831516
F112168,0.5327074077457332
F119601,0.47871594918037275
F114744,0.5466761730617854
F102112,0.4215874235782601
F113311,0.48958481251668096
F101833,0.5951427438566353
F103038,0.37484508843091346
F120560,0.38856935167122486
F112035,0.513536079677819
F111041,0.43842136194634534
F106820,0.3476014591038633
F122282,0.5836258384531272
F122812,0.3442740478832265
F121959,0.5140759346867978
F111241,0.522225695969235
F115679,0.48303082778965034
F100487,0.5910073075634279
F110726,0.5149983711788081
F117027,0.40886733873096337
F111810,0.3619683041837728
F112058,0.517562388613329
F112471,0.5914714547639863
F103296,0.5013052372189077
F115646,0.4876903433303861
F103349,0.5217665990361449
F122192,0.49760135687740525
F107979,0.5368774446291392
F124864,0.5335233835812361
F122862,0.4147697728217038
F118545,0.5541186633852219
F123305,0.3483511973258501
F110767,0.527942897040815
F103752,0.4631240431002181
F121115,0.39028466367208825
F109639,0.6526225871143907
F101751,0.4011326873702654
F114586,0.49013112159217487
F112250,0.31188454618088846
F108536,0.5024839749830475
F116656,0.5274907113831386
F121706,0.5436469336837412
F118536,0.39716537479022646
F105191,0.6457898710282528
F104561,0.4739028343388967
F101998,0.5127445804646128
F115774,0.5248333542712192
F115983,0.438099403587867
F123259,0.4892819009535331
F100753,0.4263924938584227
F123982,0.3909098513228635
F116710,0.6583859760396689
F102019,0.46856276923852835
F123612,0.42774176350546605
F115548,0.48302502776042394
F114793,0.4010628912226265
F101753,0.6016299812769543
F104066,0.44231633174594787
F107166,0.491195289284302
F104321,0.3417599996021674
F105839,0.6101854427241246
F118851,0.4640922533052544
F109929,0.44208914713205966
F118079,0.6050118168308938
F106387,0.36192972263577916
F117429,0.4483389464953711
F112211,0.45341659928143485
F101550,0.422684620097119
F121466,0.47547860707433426
F107148,0.6026999821583783
F118450,0.3602211959750833
F111865,0.3315160452110052
F110969,0.4932866646839219
F109782,0.3096834547745529
F111408,0.44276081697111264
F108063,0.4337161346448881
F120971,0.591817238811527
F123231,0.49588183958884346
F122302,0.43974475810660335
F121337,0.5407960300713673
F119311,0.38721835230380786
F124628,0.46553787263651597
F113156,0.39267021914249817
F122818,0.5518859826803325
F116061,0.35117608203942186
F114676,0.3750998999460907
F105188,0.46562555017409574
F109111,0.5513395852356531
F108985,0.4146247470025053
F118123,0.5964671981401167
F116826,0.5725867822853503
F111800,0.5387563044451515
F110853,0.43031026311661214
F110615,0.5201844241506011
F107116,0.38651378650056
F121710,0.4192936346739736
F100340,0.5841122893829777
F101311,0.41273945941009377
F106219,0.5024664415484481
F114711,0.49365245694467774
F102516,0.664494676199964
F124145,0.44800434565473196
F110628,0.44470950800992987
F104011,0.5250763684398029
F105525,0.4840033179633409
F120431,0.3225342965839093
F109437,0.4914491524192785
F120177,0.4334267816030569
F112433,0.5257454038335507
F100873,0.44279969516175255
F123892,0.4129772007650817
F100488,0.3778870471551425
F123556,0.5095124970967891
F107354,0.5565242409454132
F123503,0.4905792189056215
F119966,0.5212574776432389
F117678,0.5627588219463269
F121895,0.6545387208120061
F122053,0.5182236281473084
F112917,0.444019907795419
F106363,0.5900545194231286
F102370,0.2997773157842242
F117001,0.5116922486176464
F101693,0.5171377173595244
F105339,0.5170373876069452
F107942,0.399191952119727
F101824,0.38895001850697164
F106272,0.3873929108645053
F124074,0.4239668762707134
F106358,0.4986167869443547
F119832,0.5510143976430708
F110240,0.4793047773396842
F119296,0.5997607898955797
F109476,0.3701477690640975
F107789,0.6009997177353623
F100736,0.5298949073350852
F116588,0.4754711235633909
F122290,0.5230090308360353
F101154,0.5475970706620805
F102389,0.5664930442970003
F117811,0.3719315325393736
F111868,0.5902774983381267
F101781,0.5936559821146122
F116332,0.38098805585410345
F111610,0.36822038600016993
F122095,0.4617553292909855
F109282,0.5653938407180602
F105010,0.41778611711300734
F119399,0.5379563782401294
F101522,0.6178362051553422
F119679,0.3838485000435207
F122804,0.6638832018976386
F108115,0.39399244109147935
F119513,0.5731970229314921
F115012,0.5135610386165591
F106658,0.531279338990701
F119250,0.47894587965891494
F118688,0.5410635262006979
F117432,0.39682871687605903
F114870,0.45258099200922497
F103602,0.4873226900317197
F101598,0.42195553514076184
F109441,0.5736585089151696
F124954,0.5084483771184737
F115780,0.4392950171127091
F122592,0.5570588213633989
F109049,0.28988617597912175
F114002,0.43617941955005224
F114251,0.505543926901821
F117006,0.4906774051041088
F115034,0.4807207625286326
F104720,0.3891339666580963
F109984,0.5086684306412564
F119430,0.3941111012375285
F105198,0.5919179303247897
F103837,0.5613568577767246
F114551,0.3581131257522752
F103104,0.4779899313778574
F120376,0.4784811655865711
F104851,0.4942638983570764
F120183,0.5180410309294843
F124885,0.5610508767068668
F102201,0.4865317128129335
F119491,0.49756212682743217
F104606,0.420398661331643
F116372,0.641152466160219
F119040,0.7322934414768725
F101915,0.5545376271020641
F109175,0.38576120946855
F115685,0.5911779488480325
F111428,0.4871044708002148
F103111,0.5136712751906569
F110873,0.38483316468524864
F107633,0.46837156626415716
F107787,0.5760219356747726
F117530,0.4683130258980848
F111396,0.49555610069524025
F100767,0.605979093460304
F123768,0.40141616081330056
F119595,0.596623911588303
F120457,0.6024971954615705
F100411,0.5409007465219475
F124692,0.569226643474197
F121841,0.4727568984494664
F120055,0.3382516904803709
F109741,0.5209991575684283
F116870,0.4540624467128078
F105897,0.48107108589916564
F111705,0.5270502349581266
F111019,0.3854660561727057
F112687,0.40204146611938424
F120794,0.5888107966055571
F108983,0.4801546238370528
F104288,0.5670873485697774
F104780,0.4967393466002623
F111451,0.4352225140663294
F101955,0.4715664115226258
F108150,0.5385512629856963
F116150,0.45172253353995584
F100183,0.5222022947818975
F117639,0.5474036924345446
F121714,0.4122381227293008
F120937,0.4776590208934835
F113890,0.3991798527923456
F108932,0.48089450008656626
F122822,0.49040920452062675
F109135,0.5905747688309415
F100552,0.5871008465040671
F101261,0.6103773781177317
F100114,0.5337190043697458
F117108,0.4608035562148418
F123679,0.4397150337917036
F111243,0.4052505868371351
F113133,0.48631468818804047
F104645,0.392638718964802
F105874,0.5451406607230302
F119181,0.4625151204932706
F101394,0.37914384303852433
F124488,0.5012412652717798
F116999,0.6715308380396602
F116068,0.6005604623387925
F118719,0.3968555810786959
F120589,0.5230299381233712
F116146,0.4748693620144596
F119080,0.6199823461595793
F122698,0.4073815427778358
F121018,0.5057175484800621
F123107,0.6385665835210872
F122501,0.4178374532346614
F102275,0.5026321169154895
F108923,0.43561326244458
F108770,0.5361524903044664
F118911,0.5740673761682626
F118847,0.5119256010182546
F107313,0.49919026289234336
F100472,0.6097705237391503
F101105,0.470273009487064
F119002,0.434152046278394
F122076,0.5621806804828824
F107518,0.5829906109712781
F101013,0.6248062007794397
F114054,0.47618788096654807
F111988,0.5871835321278298
F105303,0.47683960915336204
F118549,0.49219240270800196
F115072,0.4841428525851062
F103483,0.4098562841560114
F108248,0.2989134084632391
F107192,0.42325290124483217
F104489,0.46727391172350763
F115885,0.42560664754279154
F123246,0.650691088839514
F124020,0.498172118141951
F106433,0.3977847679940122
F108155,0.5992432383394375
F104023,0.5145028378247425
F105426,0.4492296285713363
F106140,0.44669835101244837
F120579,0.4839352672951642
F109403,0.46614302266158364
F103161,0.4576688760073177
F120903,0.427984595121997
F114267,0.6114520716895763
F114603,0.49114975598222493
F101173,0.44368654323902457
F118312,0.5243460711971188
F112957,0.44350862495801635
F108174,0.4583019217187401
F107679,0.4916511276485375
F106552,0.5127110054522417
F123409,0.5854731884660763
F124647,0.5483547145766439
F116742,0.3097507026016562
F117931,0.5719812036805098
F116665,0.412672480995735
F115205,0.5201649946354143
F100312,0.4640367363738186
F116986,0.49877915813903995
F111842,0.598858524942354
F124289,0.4596203080159327
F123926,0.44634055873529765
F121069,0.5388074164600981
F122330,0.4708578946866774
F102060,0.5258032082897797
F120022,0.39821241660878803
F120754,0.5766172158899071
F100793,0.2807762729593388
F103998,0.2987506183857472
F118846,0.514658336486455
F110851,0.5056223091410961
F121612,0.42395560784492503
F118155,0.5365144851820592
F108002,0.44480336283583377
F122670,0.6963486585765868
F124458,0.3143574437607378
F103392,0.6139341808685492
F114535,0.49332167297826424
F116547,0.3777141007680026
F102145,0.39929350897504634
F105687,0.5422699786094463
F109473,0.5826731758498642
F121006,0.6403275217411851
F112627,0.7252084402355353
F113522,0.343568884222239
F118369,0.5509988697733511
F106945,0.5457134169943225
F102604,0.39586531473137576
F100080,0.5589133636793322
F111323,0.2998992488031855
F117613,0.473747461834577
F110569,0.5499660201719117
F104756,0.20328391204064977
F118393,0.49118652266575275
F114181,0.3763190214926666
F124170,0.38416730935592525
F101428,0.47358313569765814
F111588,0.3942057555307566
F117567,0.6452731604337629
F105661,0.5182778813800207
F124355,0.7287523212534546
F114965,0.43683717407161926
F120057,0.48735267647164104
F122212,0.3629675136456233
F116977,0.5903525446086394
F112559,0.35126322640630303
F105212,0.5241343120943578
F100954,0.4619527266888376
F121941,0.519167648413811
F115462,0.6270168817319197
F116974,0.5429816275201674
F106977,0.5275346553508506
F113158,0.4763792044962225
F104864,0.25931170038291906
F105837,0.4204289927244889
F114309,0.5094732378456779
F114564,0.4141394290308309
F106157,0.5098675919814724
F105206,0.5878004631254157
F107052,0.43111187861542066
F107894,0.5375476545806054
F120568,0.574655845824116
F119555,0.5717452426970439
F110716,0.39474866663058283
F112055,0.5037148230082897
F120856,0.43957319122349936
F109446,0.5609334890531603
F105342,0.47850220877728844
F112668,0.4652667794857898
F107650,0.42467021037164704
F111844,0.3523213271283753
F115697,0.39369638286217656
F112253,0.3664523083895157
F106643,0.4005011500735117
F116282,0.436364697388829
F106165,0.32585048651247983
F120271,0.5755466771540696
F123729,0.5297956247818382
F100377,0.36218067573745744
F108642,0.3580060933017307
F112115,0.547039064106325
F102438,0.43708603839933863
F116606,0.46510851289841415
F118051,0.2739442626682776
F101272,0.34864360850473425
F122322,0.5565022005803596
F108021,0.5429128933177398
F109367,0.44946773310895655
F122111,0.6146839007674286
F112812,0.45450689312315373
F100908,0.4891371827506416
F113094,0.4455438216760315
F100501,0.3319467099122235
F118716,0.467473617375192
F124793,0.651463014593784
F107085,0.3896220771576978
F107738,0.4791475603284977
F110914,0.5613417406277709
F117788,0.39688842307109456
F118159,0.4360643777715073
F108667,0.3992443703015827
F108071,0.4275485681649678
F103657,0.4226984118008672
F119748,0.47999187789531017
F101308,0.48027710233568355
F116569,0.4970840601132327
F100038,0.5344243484986384
F112205,0.3720723970748993
F103240,0.4194116748970513
F113950,0.3741152734232612
F100517,0.43173680855948554
F118227,0.2698051260399934
F106284,0.44957539447116734
F107250,0.45385167582825553
F108987,0.3058023536611477
F115171,0.6211982884440963
F105144,0.5385388045121415
F106889,0.47281913533030634
F108820,0.574067025986154
F117312,0.4956222488755571
F106690,0.5513008548005116
F109425,0.5708954575173801
F106041,0.5592605110983628
F112476,0.4854665880001897
F117231,0.5781136119866798
F105013,0.3811177676344965
F103834,0.2985240942751111
F122912,0.31021803027335026
F124120,0.5107779246725335
F116850,0.46116244343279406
F116021,0.47274248456513934
F102974,0.6021780435146178
F119415,0.2789240632284131
F106844,0.4347855559647483
F112212,0.6205730532081519
F105832,0.28179018294609537
F121947,0.4472864579598481
F101841,0.4988144696063741
F115295,0.6133375766382604
F102786,0.38322784984016106
F108739,0.5334012294578521
F124052,0.511343656110581
F112033,0.4951443644301751
F109200,0.5015183205783141
F101307,0.39744212015530705
F116142,0.5673029472091995
F116923,0.40127180380119265
F112328,0.6131426929511459
F109744,0.5605678095555107
F112901,0.5682227356788357
F100297,0.4480820686280171
F106331,0.6039034759588238
F108745,0.5812749137360631
F118987,0.4530002831214337
F109362,0.5126473544894623
F110804,0.40768775373829325
F107474,0.46353448010444703
F114558,0.4844744726153409
F116890,0.5868776362677712
F113360,0.45654506159910524
F115612,0.5162023147807301
F110049,0.4353908059666492
F108747,0.5957158463239914
F105182,0.44718340360643305
F104033,0.5402152043119611
F111015,0.5577938310984484
F115764,0.33481841784522665
F111029,0.4635616194958669
F115056,0.5341091092915322
F109302,0.5282566647878097
F122737,0.44994284547737473
F100416,0.4622681744991704
F108765,0.36814104539174175
F100382,0.5813226513045768
F119964,0.5055419165010759
F118924,0.3831193607660678
F119687,0.5068422943101447
F121773,0.5642708785004006
F103119,0.3762052244397226
F124159,0.36499234662061825
F113540,0.38286748801463366
F119690,0.5079987346562563
F124124,0.40121290123059206
F106874,0.4293889371449091
F124254,0.35916028728576643
F117206,0.4374486333468714
F116103,0.43035743094518863
F122415,0.5612485337674802
F114830,0.4802340779535247
F100470,0.3715036873610994
F119810,0.4838201458837279
F107705,0.6595223057142809
F122443,0.5199507006400622
F101447,0.5098425201355079
F110636,0.2914727731611175
F118571,0.3827188213623649
F124080,0.5178020789976593
F109930,0.34328180653049467
F108900,0.5134390394195278
F116182,0.5257912437571559
F107775,0.3987422384259328
F109914,0.4906597045310668
F107440,0.6963577823105682
F111821,0.5520301145996432
F116376,0.5593553913927213
F116093,0.2889704659944793
F114477,0.39005392545403894
F107480,0.4735191747254231
F111851,0.40958029226985776
F111086,0.3967749369630251
F123115,0.45621368154651076
F108151,0.5240140788856981
F105727,0.486882817389405
F121308,0.4802939677084031
F111963,0.5351820754831169
F120189,0.5023569474991341
F124354,0.4739961437543106
F106821,0.3295081646620843
F104285,0.42414406643398167
F119069,0.4641240015566543
F105983,0.3762747771381816
F100970,0.36636335952170923
F112515,0.4149526465603345
F116847,0.5385013836223885
F102872,0.48069167708345767
F120378,0.4868859941926289
F116531,0.4446787909907168
F109448,0.4820686445404382
F116394,0.40051865948479765
F104949,0.3993002233918116
F104022,0.4758815380203105
F109661,0.5131892696600364
F101127,0.5554990576421093
F105458,0.5101109005936981
F111359,0.6646983783810699
F104832,0.5368754349453134
F124194,0.4546544679994887
F105827,0.5108407875179667
F107425,0.5415749596977699
F102306,0.5162104872613367
F119913,0.373785404228779
F101672,0.7003343028714408
F103056,0.5406055201685629
F104382,0.4446770164266163
F118968,0.7375126399442686
F124767,0.3933262006079289
F109725,0.41694604242747163
F102929,0.4633453606765013
F106360,0.39003056163439137
F115541,0.6080957962569868
F123884,0.5054755121692832
F113152,0.4386311376949065
F107913,0.5267555752897872
F109226,0.5136083704184005
F105023,0.48220525311565887
F102322,0.4580248701490266
F103788,0.5022622606868291
F107396,0.6071253710600883
F115281,0.5129496917319395
F100273,0.4559016124477076
F107970,0.46618535526921745
F120773,0.6623949983755192
F112894,0.41693830162299367
F104441,0.44490945141534755
F111676,0.5274176923392485
F113899,0.6488186230141949
F124975,0.5312526693831149
F109944,0.42214880646766073
F118346,0.4365642850160323
F121350,0.4823895231503142
F107638,0.42286231824772846
F121517,0.6145285439662121
F116362,0.5685835050703117
F102513,0.48058994058883875
F119158,0.48025740561822955
F119159,0.5648263180118943
F104153,0.32525353148473546
F101120,0.49263171499371927
F113681,0.44639736787111073
F121532,0.4093553088174309
F103335,0.5487826912781073
F101237,0.39123895841370704
F122458,0.4847604165024643
F120053,0.3087905372106365
F101349,0.46198987235371397
F108195,0.42496675530468037
F106115,0.38324888079273034
F101981,0.4310692691579491
F102653,0.47942244635312314
F111226,0.4160724150401516
F114911,0.5117206353566918
F104370,0.48555197660066485
F103728,0.45895030134153525
F109989,0.5006103723158721
F109136,0.4276691200956025
F109377,0.45255623903002595
F116367,0.5565919450217998
F121974,0.5909712096755176
F122473,0.4926036081198143
F106614,0.42910477024760846
F101124,0.4955196397485044
F115128,0.510761736918535
F102816,0.4881658228644525
F103041,0.33500730686288016
F116138,0.4678218777727229
F117373,0.35904458058377886
F115252,0.4506523941459836
F124056,0.6141292707143218
F119772,0.5503397904561439
F104436,0.4844197185507945
F107423,0.35094691902903485
F100095,0.5241351923740398
F100364,0.5558489266978164
F112038,0.4816628298423073
F104522,0.5074205550521326
F113109,0.5237116235396104
F110974,0.44342914675706296
F101872,0.4725639865668499
F101068,0.38576012804556364
F104709,0.5060253716972581
F120644,0.6336025344163789
F110439,0.5636200379634748
F108131,0.5158853405428089
F109717,0.35757696976840114
F109622,0.41640796744775416
F123571,0.5295142528665066
F102686,0.4646573209395188
F119216,0.4722656981765458
F123527,0.4970707517986294
F112500,0.42564609548618404
F120660,0.5764717314954622
F121830,0.4760916725508312
F104237,0.38005826467765863
F115190,0.5344280789285476
F118920,0.5153764791474623
F116871,0.5348917266137392
F116973,0.4179419834139252
F123010,0.5660310214354922
F114876,0.5592608279879523
F110215,0.5171262506187975
F107723,0.31130633872431157
F108436,0.3552671949106366
F103074,0.518817450086546
F114136,0.4190688918393198
F120082,0.5778275213224112
F115581,0.5302272103411309
F108293,0.5559963733907234
F115417,0.5660220298638394
F116833,0.4286814584224068
F100029,0.4655320333433887
F116985,0.42964542994631133
F111833,0.632543318812194
F120260,0.5256110518827147
F109583,0.5089674917359632
F123693,0.4714546013500655
F115645,0.47807227527154106
F122301,0.5072359548625811
F119206,0.5164518426602988
F100826,0.6381452068631994
F111926,0.45998727791546207
F112417,0.4540388804959436
F110403,0.27306318753440106
F119140,0.731244785590522
F104695,0.4201726066754732
F123804,0.3765965373165332
F117199,0.3541699113683234
F114751,0.5581698634004528
F113662,0.46157169592227726
F119786,0.516750413205978
F109722,0.4589686470059429
F117726,0.5285508261653314
F120605,0.4498043596684054
F104546,0.5952989752431872
F119188,0.5852137969569556
F116439,0.38244894275895597
F111002,0.38055055831335866
F123070,0.4231221004285026
F106147,0.5363884670325576
F104932,0.4619454355761593
F109194,0.5305092570187696
F115531,0.42946254720309274
F105641,0.5382215667269028
F112111,0.5505707963289277
F102598,0.47210388577026435
F109342,0.45834246348514296
F118390,0.42186478448184905
F113576,0.4622445332318023
F106199,0.40430249599097257
F116290,0.5494907898323437
F107611,0.47021960701312854
F113223,0.47588845652751705
F118464,0.44716946742766583
F123013,0.5270150852286768
F120006,0.5426828599018094
F116478,0.5804946445448402
F101312,0.292358314242912
F123042,0.4341138153415889
F100045,0.4937880940241699
F113407,0.4026118880765772
F113374,0.4461014266764622
F118256,0.36406822464519817
F104208,0.24455576545086616
F120343,0.4494672589156853
F101762,0.45948772517221287
F108658,0.4544258671296812
F116339,0.3736766287849845
F124368,0.43470967010465245
F103787,0.4144538838446413
F113870,0.4525154637610467
F111713,0.41198174934284937
F118677,0.5711630388943056
F104312,0.48532759344791343
F106606,0.5476547275447936
F118122,0.4434668754737323
F106599,0.5828230068059927
F109570,0.6291473701676894
F113081,0.570243553311774
F105129,0.4823751620117565
F109831,0.5189847168268007
F115161,0.42776510493978026
F122139,0.49193911791229533
F114634,0.5398405135676805
F105517,0.472556570286773
F114407,0.4430726257374077
F109772,0.34175431376727095
F124495,0.4142634516532847
F103543,0.501538618216791
F124747,0.34814063179928245
F119084,0.3797538259154029
F115815,0.6123267026774986
F118726,0.36755411057915527
F119478,0.5108414348402495
F122521,0.3695532261435605
F102328,0.4977761759103357
F100842,0.5362146930916505
F104040,0.6010208485535022
F123101,0.5241103008741608
F111886,0.48388723519095267
F101212,0.5960753284277405
F116420,0.5348569255988689
F118287,0.6261545862593589
F111054,0.5862488801422808
F100706,0.5032867861161913
F120788,0.4813244055711023
F106477,0.4405482109704324
F116902,0.5742355468802156
F124738,0.4397246346099979
F105208,0.46339632879318843
F117963,0.36758642773378136
F119238,0.47067394681252356
F106181,0.5395702519224753
F119735,0.4580225176696146
F122554,0.46030910667793307
F122008,0.5015015756480615
F111317,0.5689971771091803
F123120,0.3781939296244684
F114225,0.470973669608439
F121985,0.6296010100517011
F110484,0.46432797293448813
F108430,0.5091396310334991
F115305,0.3686965161575724
F124268,0.38078877843606407
F119847,0.5795473399152546
F102738,0.48917196821444503
F109464,0.40970135106183075
F124522,0.5755097785552101
F103969,0.34079746941162
F109225,0.48415146145059645
F115136,0.5943389298160513
F116931,0.36016546245778885
F122013,0.4418169946922992
F124436,0.3651615843195711
F104149,0.4713149847907874
F110606,0.437764009319913
F124802,0.39552365671147416
F104345,0.4972861545157541
F114672,0.37004687623525456
F119848,0.468118211274101
F103290,0.5858494186286157
F104888,0.4844951249605073
F113520,0.4388956360602311
F119168,0.6055524845332252
F104655,0.3529863655711052
F100234,0.5394421536474368
F123659,0.4729746602731252
F121306,0.4530437540072569
F122919,0.4621092443877697
F119185,0.5358645995264035
F114557,0.38472696994428474
F120068,0.4961167492420197
F110255,0.469945486880795
F114668,0.5871897545792135
F101784,0.5258793863233494
F123733,0.32175082621622975
F111087,0.502115811901691
F108592,0.5685504887369355
F110370,0.5805651341385409
F124017,0.41428445370403616
F102724,0.44034027381775837
F100722,0.5499645488589123
F119291,0.6016756913539981
F104360,0.6743929954777752
F120415,0.33490296096779965
F104816,0.49890633127887174
F111397,0.42499320800204204
F112336,0.5480163204461674
F110568,0.37160958885562945
F106576,0.5264455290706368
F100151,0.3831386398907557
F110197,0.4575217487550043
F109336,0.5375572318191262
F124798,0.5764168801017324
F100162,0.5247913566684045
F101699,0.44056615694409884
F112645,0.5852815665918989
F112829,0.5771275852485633
F103331,0.41465980442026334
F120328,0.4174533697748121
F104367,0.67654572755193
F114200,0.5398935866808818
F104673,0.4763633888524955
F122029,0.47769838103804896
F101404,0.37620093010269506
F109571,0.5612225293241118
F117648,0.5789021266658604
F123171,0.5763997256862904
F106429,0.5427284010993109
F119641,0.48381991431931265
F100178,0.4454822434965766
F117139,0.3278302522684242
F109205,0.41242085733823053
F123893,0.39544331775618197
F100733,0.4406922266949563
F105491,0.518053454352725
F110633,0.8031292677656026
F116553,0.5843464668827255
F105633,0.6044413718897561
F116134,0.4759962069982578
F121291,0.43906654275211976
F107773,0.3678217572447173
F108088,0.5184140015221437
F112707,0.5756223992332391
F109569,0.40480367082086854
F120566,0.5117578966460401
F123968,0.49065462722504566
F123283,0.49785718940996887
F121506,0.5409722581910615
F118573,0.5246131479727204
F124881,0.5603204922451154
F103023,0.3656403267314074
F121534,0.4641479410995702
F114154,0.510790844654504
F122007,0.4548434377764298
F104670,0.40234596327619465
F109248,0.5627047231820033
F110905,0.522763234052201
F117212,0.6007989716281876
F121030,0.45133474713135185
F113457,0.404008560352684
F109021,0.5205423726506809
F104306,0.48115845026949905
F107503,0.5475365832456172
F119787,0.48907935151060106
F109176,0.49514694131598563
F119859,0.5501186330637287
F123185,0.4197624341949023
F117230,0.5314469169646561
F116635,0.39760219386740003
F111519,0.5668538475550257
F104098,0.45310228396830277
F118801,0.533616054064473
F116581,0.5188620987341227
F101213,0.478185171213396
F124269,0.3973051032117991
F106830,0.37930498812965235
F104895,0.537190116081206
F114121,0.30988397241189153
F105776,0.32755114941120855
F119536,0.5097163765377587
F122474,0.5366448062179331
F111688,0.5197100075102394
F107540,0.4389637516499397
F112403,0.3905419137428001
F105677,0.629887469787346
F124624,0.2830719590500955
F112912,0.2723136035248257
F108372,0.4926285719773248
F120719,0.36226463140115783
F104378,0.7245204982508211
F104813,0.5530690258024955
F116535,0.4373563488738512
F111736,0.49213949862393946
F106479,0.43207196348888166
F103242,0.4242482766169704
F107847,0.5770937840988091
F103745,0.3858077610400137
F118429,0.39731316932241534
F113004,0.4146119585763105
F119726,0.4834557711985377
F123790,0.3725669650482532
F100034,0.5304754045691247
F120440,0.4861414857293593
F120180,0.5225470807352749
F103656,0.5495644025699519
F112455,0.5107483653243694
F114722,0.4387157555149336
F112118,0.5492898021440928
F113876,0.5314548679540783
F118160,0.5596463388299538
F107376,0.4942004448367458
F116340,0.42168799907075183
F122412,0.7102031700221332
F115761,0.5201123048234657
F115139,0.3207864924117187
F119614,0.32675323972967496
F103980,0.5209325229797079
F117948,0.2654296932899327
F114958,0.44169142762582964
F116637,0.554520547880333
F104803,0.5000689752364149
F109432,0.4857240613950876
F113672,0.3365505811097679
F109842,0.5725719135587402
F108896,0.4181241049694775
F107375,0.6567224585384357
F123387,0.3718627648711247
F109033,0.3454361155078998
F124376,0.42931681869916355
F115318,0.4168906047057184
F119660,0.5369202883395365
F121151,0.5643843659357275
F120631,0.5454284561456184
F114549,0.5044914019245808
F101564,0.6083815285127345
F124619,0.4524339713691896
F116778,0.35656254032362406
F101453,0.5938677958957922
F120928,0.5553899660218156
F114264,0.34552467746571425
F112329,0.47694255335921704
F101843,0.4621415338553229
F106051,0.5919679882229681
F115673,0.521512065378382
F121338,0.5310261915170436
F102169,0.5610858115821781
F119965,0.6038975553368271
F112596,0.5738575171560703
F108499,0.39046611225544614
F115880,0.3563826049140104
F123734,0.4565464420077213
F107446,0.5225080799735057
F117816,0.4349324232828581
F105036,0.44673097866441536
F114356,0.4726511242640037
F104341,0.635488958340804
F120665,0.5348537829175425
F117856,0.5044441354799108
F114709,0.571363198055515
F114293,0.5553625548863196
F104545,0.46507082777883424
F120020,0.45017243284182645
F116643,0.5616456672480746
F112763,0.4831355903362583
F106407,0.46036408912789595
F104724,0.4632186731352952
F118714,0.3844263814593425
F124702,0.5848439722881664
F117532,0.5694421974297017
F111065,0.5606217377410623
F101010,0.4881489586896007
F106494,0.4224770723496755
F117477,0.4134028011384138
F100685,0.5476090434646723
F118386,0.47777834089563986
F119360,0.424960650842612
F105237,0.476650281081539
F110277,0.49200184279636555
F111872,0.5558161993787074
F106074,0.4834778449977774
F117047,0.43289468832562117
F121491,0.4257133297894328
F121176,0.5975775805339536
F111292,0.4274822838458947
F123267,0.6357716927537389
F109498,0.3272244727284627
F118709,0.48011954544957647
F103696,0.21754862325501395
F116806,0.5895241323652747
F120702,0.5521164232586105
F104260,0.44869957200094285
F109515,0.5468465599012489
F121169,0.49385160837719766
F113126,0.5334860628930386
F110555,0.3478577488561765
F111033,0.5331404935555021
F107429,0.42943484016532824
F109347,0.5327179740856047
F105088,0.6643542874997772
F101848,0.4331799399937353
F109353,0.6254951069133952
F119003,0.4716760510210411
F102969,0.4827602010310835
F122274,0.591368466356041
F104854,0.3996879697966608
F117822,0.5360489071338745
F107891,0.3415346633923732
F105037,0.492457231601412
F112575,0.4420774530087735
F114509,0.4738058307482686
F106600,0.3733324519387648
F109291,0.4537616438464527
F100317,0.4956808047570257
F110155,0.4776406562905777
F106033,0.5052851673824243
F108058,0.413179236746369
F100261,0.5802143825925654
F124396,0.5309124038875479
F118697,0.5681816155343797
F102451,0.5224161205741079
F102538,0.4675929858385748
F111894,0.5510945911293251
F121146,0.3779598199689287
F119246,0.45824341936880036
F106764,0.47514770955369856
F117322,0.5420876809539851
F115755,0.3968998251703177
F113605,0.30789355104052196
F102710,0.39338399066589824
F119391,0.5136616485381258
F123996,0.5339148532752638
F111637,0.4160954698593823
F115162,0.5474596184098607
F107792,0.5243566806098342
F123145,0.5062717562001529
F114613,0.353461930132251
F123044,0.47002956521471917
F106749,0.5543754136878646
F100836,0.43512197639919614
F114598,0.46421330931077803
F107653,0.41187332385917486
F116849,0.3207859022806925
F108605,0.39047436388227075
F107383,0.417182803026653
F123911,0.444022988878733
F111184,0.521843338139897
F110214,0.5387574796502471
F123822,0.6471473572355004
F112193,0.5133481003950404
F120841,0.5338444436476415
F117956,0.5665319157953566
F124877,0.343000740966893
F100062,0.4288089263683096
F101837,0.524166435925908
F123424,0.4666430657287899
F120509,0.47419681169427624
F120729,0.5027836262544796
F108163,0.39226914193233176
F110580,0.5111660501820549
F102803,0.5432184402959062
F122612,0.5223603258138427
F104600,0.47811350730184954
F113106,0.45392978237869863
F101545,0.46280059049219907
F121559,0.5152032415250778
F104337,0.540852164419011
F122298,0.32930262791826764
F118818,0.4833942294677457
F121191,0.46828395105385195
F110094,0.39996942730108365
F117833,0.5424170201605674
F118565,0.48462741998796155
F105137,0.4595501107345374
F102304,0.44746621350609583
F101992,0.4657483690621756
F105940,0.42051157353213225
F120312,0.3798854582966247
F122523,0.5145972763087491
F105644,0.37818708849947386
F114930,0.5927990631254849
F102055,0.5221393127443618
F101865,0.4750684968795021
F113006,0.5928424576231808
F111517,0.4794102576483962
F107205,0.4196475753239014
F100281,0.4597896576523027
F106249,0.32458467533875834
F101795,0.4744900662783751
F123338,0.49732329989985086
F100417,0.5182907747055399
F107552,0.2958501657634861
F100421,0.5265836142609917
F122717,0.4700705612773513
F110029,0.4423751374738998
F116213,0.42404799958663814
F120203,0.4532314376624512
F121400,0.42063931439872
F102410,0.4569697149122292
F113164,0.5533818004957792
F112430,0.5676686468708316
F110772,0.48707169018975294
F107726,0.5878504081678397
F115940,0.36357575472360826
F102875,0.4923911727944195
F119355,0.4202173599359266
F113306,0.5603990297924738
F105384,0.3654134404139493
F123072,0.5210566304727224
F109979,0.41043017412039934
F113891,0.4164225214637604
F109099,0.4687035876028691
F108435,0.4116897411768923
F123416,0.4069672197178484
F101919,0.5129872247452298
F101766,0.6130983092164062
F115238,0.6923377428477789
F119887,0.5188184159040857
F118656,0.6219168359661025
F111062,0.43593308087571936
F124530,0.44336132720027005
F107975,0.49205993800836006
F104548,0.5739111580612266
F110843,0.5472474408393184
F110256,0.4260848686922891
F109074,0.3814398467884568
F124484,0.4769534199318579
F120196,0.4860268084890042
F104294,0.6930923460287266
F107467,0.49857162101396846
F120244,0.5109520870595113
F123187,0.4704550827005556
F112771,0.4535195953583939
F117023,0.39311178657165763
F119213,0.4025479525361468
F113098,0.499913171849284
F116855,0.5087230814185579
F101306,0.45605337474046825
F100909,0.5733478305657499
F114368,0.6304966572948754
F114371,0.5968500171968897
F120980,0.44487371860199726
F118550,0.45544196276381077
F104843,0.5625618595995713
F118498,0.6441809737021826
F104761,0.4162742245055942
F113347,0.43803822970404616
F110363,0.37724651441281754
F102342,0.5241805391935761
F102609,0.6515427670242068
F114479,0.3497049550216982
F108351,0.4056010488246933
F112614,0.41617417583226346
F112204,0.44908387246817993
F119447,0.5133569694787046
F109298,0.459945569696831
F116652,0.52220490638951
F119068,0.5547744509790924
F105089,0.5491547834072766
F101636,0.5261550215888148
F106619,0.7132500313950892
F118108,0.5051873583037897
F112851,0.5627935696172994
F115111,0.5326763008458104
F111622,0.5334800888957104
F108793,0.516407770447719
F118800,0.4982601763251639
F115275,0.47716672650122277
F102362,0.5039920058819519
F107284,0.42377299952086805
F120471,0.5729607226694506
F123050,0.5421209586495422
F119940,0.5417051928475517
F121582,0.4380283819525478
F114972,0.47204842848242934
F108065,0.5077239472557552
F120580,0.43808784401919093
F114945,0.3906955308947746
F102408,0.5022901692554161
F110431,0.46800305283163174
F103669,0.545387696159764
F123781,0.6662688855353659
F115715,0.34445341809514174
F108380,0.4209637149517085
F106089,0.4158663892489152
F113793,0.46773437588167915
F103269,0.602327503281592
F110531,0.4178177513540056
F103529,0.40193161654065396
F109149,0.5839040747233323
F117568,0.4952884456293778
F122152,0.4178117987774777
F106396,0.4200630581265647
F101797,0.5101315371435181
F112318,0.4821254775080767
F103122,0.49575605830826763
F124064,0.5004012775303115
F118639,0.5553606884708997
F115913,0.5665630689730206
F109873,0.4592220090904178
F120091,0.6328371515599693
F112609,0.3841889751490686
F114961,0.46200045920557653
F119734,0.5651652874883811
F114566,0.5438614216858721
F117003,0.42989252214919865
F105055,0.47551862312943904
F102011,0.42786693473962983
F100934,0.6106760910309571
F111696,0.36519807304657925
F108316,0.4522149656018347
F115710,0.5057777322788376
F108210,0.502238766327926
F101403,0.38570342347829006
F114763,0.4635148449650155
F103191,0.6360128394735454
F112148,0.6080975507447899
F112365,0.508031418270615
F110678,0.49390608080240134
F108746,0.5336165451616733
F124293,0.5031076019307649
F109222,0.5411313178750214
F103183,0.32410312641361017
F101183,0.5119691852240477
F107095,0.39058228074616375
F110704,0.46258086197695
F122267,0.5466086635723094
F101657,0.37629361758899066
F106951,0.5753579333654381
F124399,0.4448610092608227
F112526,0.6083342775749372
F119013,0.46808137532184607
F117862,0.6174815840669642
F122016,0.5441111387141646
F119088,0.4304586412668058
F107519,0.46876604000276867
F122224,0.40075025377888407
F114056,0.6236781427756993
F106801,0.5170947780415068
F110016,0.5281801741900073
F111578,0.4249991804080333
F113671,0.4863554384223829
F100966,0.3464539766023338
F121428,0.5767737232151611
F123633,0.5476281093091452
F102981,0.5161420073278614
F108192,0.44294123046158995
F106415,0.4560866504826332
F105420,0.586834359918247
F102891,0.38312193507301356
F112864,0.4969031992494204
F119796,0.3884044727259723
F122286,0.5592538277985151
F111968,0.44290327876437474
F119271,0.45973200585841945
F121319,0.6453746137080342
F122989,0.365093587440682
F110587,0.754367742592575
F119835,0.4741101199165764
F113804,0.48225406450439057
F120608,0.5202830552822135
F100063,0.47807231953993595
F111602,0.34942906039655863
F107242,0.5747052194178364
F111447,0.458405586339913
F106101,0.49608168334466657
F120610,0.5232209756771053
F111823,0.4681741356450073
F110848,0.3536017647848628
F104147,0.4631280386744827
F120801,0.46877885017851695
F108269,0.5472640117133699
F122035,0.5890615544411737
F102387,0.5081336923751455
F124608,0.587797517917641
F117790,0.34828746253379417
F104029,0.5106634387145904
F115235,0.6771266680365673
F110891,0.48068174352404636
F122291,0.36847709389843636
F114721,0.4588730915666555
F109328,0.5106122290228607
F107995,0.6262851793751859
F121056,0.5418270175021709
F111933,0.48665916704948625
F117608,0.49810048196026824
F107155,0.5794667975297905
F108926,0.42988302929156536
F106237,0.5791600719630581
F112467,0.4476494498252996
F117632,0.3976019951416898
F101380,0.5381536965425625
F101621,0.37824833878219694
F115108,0.4778603880729653
F122264,0.4330401604370099
F100303,0.506736465568653
F105445,0.49954070361014297
F102267,0.43874518626219483
F119046,0.6099837793336752
F122308,0.4809937690322358
F107153,0.5879493239809491
F117843,0.33880297657409164
F101910,0.5549898284821354
F114196,0.6486591916845589
F105769,0.4600864475417432
F119541,0.43227948820120865
F114088,0.5875307943961294
F115915,0.4891403381736596
F119736,0.5623630832394831
F111740,0.4090179262874981
F114594,0.48971676451711693
F116558,0.42870695009100135
F113078,0.6313974414229112
F100369,0.48182075807077107
F110194,0.2994130806295091
F105193,0.4211775825916182
F124542,0.601965275971614
F104589,0.5272117905430576
F104361,0.4729445846671883
F116568,0.47627561975341065
F117695,0.3027670241932775
F104183,0.3916689304347418
F103675,0.4347322806530718
F102368,0.5283649240101482
F113625,0.5187441920146797
F118503,0.5541589813654799
F122740,0.5290242010163524
F106321,0.38051317274912444
F110321,0.47875840711127243
F103934,0.4218795430018933
F121797,0.5571789806788005
F102651,0.4516651560793027
F120766,0.5302489410895999
F118858,0.5767727375663958
F104815,0.46352525582714127
F115827,0.5320042685042851
F101686,0.4239949847651456
F114701,0.46050335160238953
F114078,0.6404769650595272
F117801,0.4150934127699179
F122684,0.5016748995290184
F123855,0.44807647794637845
F108565,0.5595958980126525
F114810,0.6315846595384629
F105579,0.5347295214312551
F106859,0.4588806072953569
F105364,0.5183358019800723
F116307,0.43258830205579496
F121889,0.5276889701069514
F122442,0.45155106613481766
F123936,0.48868478028595175
F121631,0.49271757114791753
F117055,0.5582696653053159
F109654,0.5527577191826026
F124546,0.5796205996822701
F113811,0.4304006661473126
F118936,0.4861941238271567
F124526,0.40647421031812925
F116075,0.4158085909481367
F117880,0.5075259125685235
F100117,0.5303512389770949
F101966,0.4885278509008597
F114404,0.5917305563132726
F115372,0.41789135298764013
F109898,0.5375952854616498
F113034,0.5480801834569611
F111045,0.4652526306999891
F109096,0.6598207234669867
F108596,0.47565341230625063
F119689,0.45436920700666633
F102311,0.5041995449538551
F108047,0.592122341687008
F116621,0.4328924426124704
F101279,0.5966783401601572
F102314,0.5260726683462797
F122908,0.3915761701224662
F109229,0.5433039033383988
F111778,0.3242843351080993
F124529,0.5328122217840414
F101674,0.4335903997524701
F110878,0.514182119976795
F101942,0.4670977946739596
F100662,0.4077326573996629
F114234,0.2924352401604698
F119443,0.4866671142216347
F116400,0.49428938092311764
F106975,0.49380660259685494
F102758,0.6373223801362644
F109727,0.41380827383876684
F107258,0.48861721413049747
F102979,0.38168829896680007
F115578,0.45134572685854013
F107711,0.4649578496271423
F103091,0.6234657041755871
F117680,0.49663569901589694
F101508,0.43810937196845
F115284,0.5384554286976209
F109277,0.4175792707153027
F107648,0.4709625407519177
F102072,0.4114611530921061
F110092,0.4413163562062697
F116611,0.5834585756383033
F103080,0.4465027312217202
F101913,0.5288251111825123
F122131,0.44597598512195863
F124057,0.5573694902738546
F112930,0.5993334366041794
F105262,0.5059558556897896
F117660,0.4848893472093016
F102962,0.4833652436765872
F110450,0.6898241315154559
F117292,0.40039821515331353
F100124,0.48637667281843255
F107355,0.46546207303626924
F100676,0.49811915164582526
F118568,0.4753668344262794
F121315,0.5349288139286995
F105243,0.6417033253190854
F115486,0.538397878460355
F105536,0.4410102189018182
F122476,0.47464092174573236
F114635,0.5713251486352344
F114860,0.5267323068238529
F120946,0.4755089572048983
F107566,0.6300562183362977
F113521,0.6384248252564017
F106032,0.4156546642003595
F100430,0.6482069457464237
F108705,0.42543818130992894
F114616,0.46149078599307597
F117673,0.5644775365567295
F111701,0.41137937421878135
F120700,0.4451817917570991
F123090,0.5849939735606773
F115296,0.4706093000894613
F119856,0.4176894143984202
F105403,0.520750556359278
F102948,0.5271492972244409
F119484,0.5224356344239438
F111890,0.4921150473926455
F120961,0.3953359014006731
F103322,0.45132448795428576
F101204,0.3851478190425451
F100381,0.5650646834554781
F111363,0.41221834826835513
F108761,0.4333446406335206
F106107,0.532600922708057
F101048,0.4862148570664498
F113832,0.5835867247049008
F103620,0.5031785423349776
F120874,0.4914597275182211
F108396,0.6692289389642992
F103921,0.4722710468464643
F114217,0.5851011122384545
F118553,0.5666891752390442
F102942,0.5007374859774137
F111745,0.3812930248487822
F124294,0.5139508962013002
F117821,0.46204592299757485
F102501,0.486116139799209
F121007,0.5023783785915734
F109120,0.6053048917341382
F124906,0.5402364644228507
F110934,0.4873930480322348
F103892,0.5619278851094023
F101988,0.3270675746141414
F117297,0.4066877673111521
F103333,0.3766616618986645
F124532,0.6566570255432504
F110317,0.46947699003535837
F101326,0.5046948836007781
F123640,0.5155845135390236
F122450,0.5187533992957958
F121658,0.44822992818678425
F105792,0.5886783391539184
F104454,0.5414630850782786
F120705,0.46303008528571316
F111750,0.45516673381903094
F109324,0.4402079455990302
F106103,0.389290770815649
F107508,0.5365010990862856
F116292,0.4141307612269058
F110812,0.6006809263698561
F118252,0.5760039672862082
F110876,0.4764682279107478
F115199,0.6226842264895271
F111179,0.5433463504417916
F124475,0.5123445729849347
F103147,0.4009623827345641
F100344,0.4675530184384004
F116474,0.4341654521739554
F109615,0.388568214149336
F108437,0.396713049487299
F107824,0.4503970129471451
F122006,0.4491256068613902
F112927,0.6208052881197539
F112746,0.5650034753516019
F110474,0.4524076270019652
F124709,0.5835096037186395
F115106,0.47669106720389615
F123513,0.3653380518995125
F118216,0.48863647458427706
F112998,0.5333219914342333
F105529,0.6377575914048961
F108501,0.5631019888083051
F108282,0.4862769900627144
F113583,0.36037014031079423
F100574,0.500755612312513
F118499,0.5173057382171178
F109104,0.5365156691413733
F122637,0.49799851460280564
F122437,0.576853668380772
F124901,0.4733617759438559
F106283,0.4458235920975342
F110003,0.45472197056081337
F124217,0.20554933399587572
F101199,0.4851724346151117
F102781,0.49817976174494494
F110469,0.5181535074549256
F109133,0.6079649288550711
F124950,0.5359197085011622
F120339,0.4050078342548805
F105887,0.5181377799732236
F112225,0.4121807744375074
F107370,0.4456716788614451
F103559,0.46059804120184966
F107478,0.326965809081456
F104308,0.440758044961596
F104732,0.4657007144205766
F115187,0.4324094479412389
F118012,0.5518633469691113
F117228,0.5789948141752403
F116614,0.48482038028968505
F107910,0.46944432907383754
F116998,0.3579009079020686
F115046,0.466710645083759
F110361,0.4587050179966818
F118665,0.5094979500300267
F109652,0.49448760715365186
F114497,0.3909941861895311
F104957,0.49606124967472354
F101949,0.5585816657351474
F123522,0.39658106880412014
F117038,0.4774724792998728
F102234,0.6242061464173405
F116997,0.4732317166808796
F107715,0.6645440147838789
F106209,0.46548039624013465
F114631,0.5418832934917002
F111047,0.3892438825771656
F107722,0.6737558248133039
F123629,0.48892764003753053
F105307,0.6617128852449128
F100276,0.559266413266086
F120474,0.5149992080455871
F114160,0.39530056215870485
F110975,0.45447350429794964
F118874,0.4373117938163733
F104088,0.6597216511003007
F100779,0.4705420107551524
F109610,0.49202920757017116
F102568,0.5786297739728365
F122318,0.3627134007724092
F107513,0.3933731955735742
F121989,0.5041917819537036
F105505,0.5719661769568053
F116533,0.46011019172493073
F106849,0.3278428875413214
F106802,0.4717253296477084
F124883,0.5977065874931818
F103571,0.4566970778546862
F112567,0.4684254100867099
F113994,0.5843533770893824
F122663,0.4813851629639884
F122659,0.39351069010955625
F108701,0.4628145926180559
F102880,0.32293610728601363
F108569,0.48277646986978934
F121717,0.3452931361505701
F109974,0.5085710428426842
F120370,0.5539030107044756
F117473,0.3572646636681287
F112693,0.3242709410586462
F105000,0.3648157646045005
F100285,0.4439413307301509
F114122,0.34546493711218745
F105751,0.4425760726386638
F107788,0.5011165957114476
F115467,0.4511581047182656
F102622,0.47893760804196206
F107899,0.35142289244603253
F102079,0.5862775684171455
F109416,0.5199685008973283
F104238,0.4458692457104282
F100461,0.4450493377496506
F112622,0.5357675762432957
F110160,0.47193177830667893
F112915,0.4659647906758329
F114018,0.45335208586981735
F113896,0.511982412256553
F120170,0.5103741768712405
F113854,0.46371806795727144
F103818,0.6691496985848754
F106810,0.30092305695220795
F113124,0.3971281615394845
F100838,0.5785193897320188
F102996,0.41504654515162365
F115842,0.6348782181172057
F114888,0.3392690600381032
F101293,0.5427003917459416
F115443,0.5370971444979131
F107521,0.5593561404848529
F115413,0.5787302621631965
F114250,0.5072825819614529
F118786,0.5028437390602447
F122254,0.5429403727234289
F121689,0.4648160352049944
F117848,0.52651660886377
F100852,0.37002776082456046
F122845,0.5547207202905325
F123435,0.44350174229594386
F111311,0.526363834392553
F115693,0.5066779022486878
F114977,0.4313436762366333
F104897,0.464080625337322
F104821,0.5956470919515673
F114993,0.5822707904671874
F100904,0.3543543601176473
F103244,0.6251497660062232
F107784,0.49102538675708707
F112491,0.40900843840507345
F116895,0.4167249193348034
F100545,0.4596657839988081
F104812,0.5247250858175501
F107098,0.3766728204614419
F124363,0.4860359495009834
F116584,0.5445347294712557
F107171,0.5897409653991409
F122313,0.46171594550773215
F106383,0.3863087657497454
F104226,0.4611467797018573
F115928,0.2592336460920575
F121080,0.45061002544273987
F124138,0.4395513845161553
F112198,0.5053574160922594
F103361,0.5189508281198884
F114204,0.5337745726485619
F117323,0.3906334050729514
F108519,0.4532015192671985
F116883,0.322691992404282
F112759,0.4467769464636645
F111901,0.5547082924921325
F120650,0.4069565043949852
F103826,0.6447389254317895
F112527,0.5038749206661223
F122498,0.5343280046707206
F124072,0.5527297621643857
F103159,0.5363227423444196
F108242,0.5498697230625839
F119219,0.6167205973296012
F120620,0.5109272120295762
F116601,0.4232907857425849
F112813,0.4613663407607335
F121489,0.3921560306581298
F112435,0.47069503225934567
F113841,0.3178801009443867
F106438,0.5019991680875303
F119840,0.4712229675749356
F114199,0.41990727683492113
F111612,0.4397026929460706
F117617,0.49088505159591217
F121901,0.4356630373680725
F108459,0.6509085244786681
F124668,0.5490741478393425
F118354,0.4564861018812592
F100578,0.3353966903809166
F104874,0.41425901428432965
F108094,0.5101029414305142
F119640,0.5080846795949476
F121313,0.4828752177248289
F108467,0.6358533793356158
F121072,0.44627836052385045
F113024,0.5906317719882889
F118961,0.27308491073865865
F112331,0.3893622035926608
F111393,0.4169814072144436
F118824,0.587497737609812
F104630,0.4645455303459683
F119694,0.4961370866126733
F115168,0.5838458567161925
F113160,0.4551787877656047
F112047,0.42869780674911534
F119427,0.4360124370964344
F101595,0.519559344078616
F109179,0.5379531542223552
F100275,0.5052508674522699
F111079,0.5662229267704317
F109465,0.44263346180942015
F112919,0.4411994872043537
F124460,0.36253823923146483
F115813,0.5502063658838675
F121070,0.5488120883172164
F105662,0.499398029091151
F109958,0.4961177545524884
F114149,0.37419020287705185
F114380,0.4896212781680002
F111485,0.591631159328523
F101685,0.5270592680947112
F117721,0.43372203300289575
F107967,0.4452623901956154
F119972,0.525647799496135
F122321,0.5177910804476643
F100012,0.43072854085524864
F119093,0.6350509557141668
F100667,0.5566416151595484
F110167,0.4315714993290046
F123985,0.700175662803407
F123465,0.5784619919616031
F123655,0.3315123066562864
F124835,0.5222383814829722
F103445,0.40353060467802526
F115195,0.4797746105690904
F120478,0.3820258639566214
F101017,0.5899738476040858
F124732,0.5115265640726455
F110965,0.44595285028691767
F118844,0.634699477649735
F107954,0.4294603376888382
F111156,0.42729516634978
F100623,0.5570776725501712
F104855,0.5698003655071877
F119661,0.45131276979540186
F100599,0.4135560494465751
F103358,0.5003502113251312
F107994,0.624752390137822
F117248,0.4178065358805541
F103476,0.46323462848762526
F102399,0.5145529124954973
F119623,0.3411084133521721
F111593,0.5698112528994755
F122377,0.5490691481482769
F120253,0.5192156881568236
F122347,0.5074085539543988
F124561,0.579595662425847
F108281,0.4373975248049563
F106031,0.5890712840578491
F112641,0.4730814368681012
F114279,0.5141417518660345
F114552,0.4380670050827417
F113767,0.4331145008399315
F114432,0.4356328564846096
F106840,0.507728919353211
F107323,0.4224029068820168
F115626,0.4388862522174389
F109540,0.5328146286656674
F114980,0.5567191279430721
F118205,0.6171957573469569
F124755,0.49881708793385726
F115152,0.6545868071919598
F101796,0.3477398943804848
F113981,0.609124955037389
F112050,0.38766310537294696
F119564,0.3871399915966236
F116438,0.5654434588778002
F109893,0.5856798214083744
F106047,0.5655021691659008
F102657,0.4935265894460672
F111568,0.36383977159457115
F121907,0.4843008665036254
F124040,0.562551214187432
F109261,0.3677123559337412
F112642,0.5013026860378503
F105759,0.36902114399794445
F120095,0.4651398918054061
F118721,0.5112841173486311
F123330,0.4418892758732239
F123851,0.49596521425640233
F124150,0.6238731002325559
F114705,0.5875234353440839
F101299,0.3759198430035169
F124749,0.4200525451301687
F115566,0.6323153184881256
F104414,0.5105621189658842
F103154,0.474549997372438
F117644,0.46479232292847
F117213,0.45535491537410916
F103504,0.5173789886474742
F109589,0.4141395773691585
F123196,0.5415596137270955
F119529,0.4395983732253272
F116689,0.3730816114337035
F106997,0.3273248392627338
F107128,0.36286719585966093
F116356,0.5281429284648678
F104563,0.5124324035901101
F114657,0.4037045459170478
F115824,0.34927493019575995
F110572,0.5696525813564426
F115702,0.6379923295789107
F122399,0.40848010361060133
F110201,0.50653400302883
F102157,0.4466069179515796
F109472,0.5778848338416261
F103211,0.4723967474934984
F122265,0.4291145397473151
F102927,0.38045331591674003
F111582,0.4882645251359967
F121411,0.4623122981866131
F114336,0.4703718830852051
F107007,0.5691430093592585
F111569,0.5355314753046423
F105846,0.3230775633334284
F101168,0.5662357972786078
F115923,0.5331959926465261
F102593,0.5690105237401138
F113640,0.46922807470621697
F121066,0.5168904713327512
F124919,0.49272193382274865
F114084,0.5252987527999448
F106809,0.37522725082677383
F104024,0.5143215595971683
F105616,0.48064708924395566
F111082,0.3880476772476189
F105244,0.4136103143346932
F111099,0.4413593489050794
F109961,0.45816502234023554
F103033,0.4737662017139507
F102794,0.5541053446765167
F112356,0.5699918931027352
F113831,0.4027843804804949
F104280,0.5284653403680688
F109521,0.40104193697716684
F123888,0.4920509166281066
F112485,0.26757954969445763
F109273,0.6375642308256121
F118391,0.4210439285226596
F103822,0.31237550975098977
F100116,0.6830954588839665
F113084,0.5029329446708573
F107233,0.4950802369464046
F107585,0.49864652897691863
F117529,0.46123481452192333
F121589,0.7207906730178115
F103116,0.5087292642248088
F122459,0.5060991047669439
F107724,0.387216167501358
F117749,0.4703716848265753
F116278,0.5092497037916125
F101629,0.38548341505821115
F101577,0.4791598185484059
F120763,0.44898931592363683
F112218,0.3674011880806638
F108583,0.4010355587546302
F103258,0.48143249052565806
F100848,0.4131522914461564
F122727,0.48724188316598693
F117009,0.5345726973271424
F118990,0.4704438538094885
F104102,0.41911483622688084
F115599,0.4082091949411801
F118788,0.48078406253570133
F112935,0.522582655671479
F118331,0.3880368293560491
F114359,0.5510888668744044
F100246,0.48848572051109906
F116622,0.38117233343905405
F108938,0.5225420260673941
F104396,0.5375332932623793
F117056,0.47579030060261374
F123896,0.6056527646893239
F120726,0.44808392718282103
F121823,0.5176081014433509
F113548,0.4460303966860961
F120616,0.44977091480198367
F116391,0.3456523414027943
F113049,0.5354150095392718
F113818,0.49879846195185784
F110072,0.48884694626419234
F109588,0.43264313427083845
F115906,0.41355690385508365
F120576,0.55450647556588
F118413,0.5012311258560144
F113174,0.5624864521042825
F108700,0.5402303489754609
F120069,0.5462356084155344
F117480,0.49733069951542774
F117064,0.4976020890377013
F112404,0.3544530204754573
F112863,0.5512004048431269
F103935,0.5793048498081597
F124344,0.4718970933186068
F118087,0.46322802178631467
F107237,0.5362614692477127
F113866,0.5517684005506764
F120676,0.517731973438484
F106787,0.5174351298138445
F105649,0.432429454275414
F124100,0.34911231840726736
F115945,0.5991390654631438
F100441,0.47201361063213176
F102525,0.6053123990426508
F122088,0.521512953548723
F118867,0.4681165019733913
F107232,0.2787256566833925
F102769,0.5765045743036239
F110807,0.5224271568771479
F100438,0.6455202853686924
F121910,0.35310030157918787
F111480,0.557982080991646
F123340,0.3423347584614153
F103042,0.5500200985836753
F107596,0.5202854660877358
F115776,0.4307247596095812
F102502,0.5861876918235956
F111318,0.5515565697165697
F112062,0.5420022345011284
F124792,0.529058620703931
F122966,0.4561901516116172
F110465,0.3978602962496084
F116038,0.5616370606575425
F102188,0.5457004347414797
F122326,0.4186797766617963
F114610,0.5304943195461068
F112674,0.4689498500101576
F113381,0.3772467545553443
F115351,0.4408378637917594
F100891,0.3844974081025232
F112199,0.39280547603987453
F119698,0.3851725654615222
F123440,0.46862919264963043
F101164,0.5240070486962676
F108790,0.30829468571544943
F109130,0.5552254468526786
F123152,0.4160798706430764
F101544,0.5640289627779651
F103474,0.5280123273572426
F109574,0.4319729371074895
F121431,0.5709764521055037
F114966,0.48154501539526745
F119928,0.5356163118342289
F113901,0.47318870303979843
F100133,0.4850209374298691
F114828,0.457810433516147
F115554,0.4969299406643167
F105903,0.4254270429918645
F123392,0.4833128523145282
F109145,0.506076155734213
F105656,0.44736467590560675
F111280,0.5169892999573589
F107504,0.44267714993894286
F105564,0.45685632063055953
F106909,0.4859247878482552
F116486,0.5472697411259406
F124281,0.4992557268731706
F111436,0.5063564974915257
F123782,0.43726108655521795
F107371,0.6052969664765719
F115651,0.4229509277941473
F116494,0.6104393627061441
F108845,0.3064486450805963
F115890,0.562121874117228
F119552,0.4183117427465418
F111516,0.6025345478679887
F112465,0.5260025010997689
F100643,0.5967702730524417
F123291,0.413825133332582
F108470,0.44805270546278586
F106417,0.4263376556737344
F103424,0.586372936698442
F119908,0.403219422202774
F105719,0.4181253837697082
F113530,0.5167640554604869
F120259,0.4757122218291005
F101281,0.3854914182756227
F111685,0.33540823704556744
F105203,0.4154953072916132
F107678,0.2885391204282167
F119335,0.5136531920997848
F103601,0.42505882651033666
F118229,0.4261761721296808
F116112,0.589093158950794
F111818,0.5122384641436116
F105707,0.42763196742936016
F112311,0.44279911164954466
F115246,0.3347090010306695
F103359,0.45351689714847754
F120089,0.5664109858025921
F120875,0.5651556238952435
F104362,0.32467423364707126
F114442,0.6469629595539814
F114182,0.6355098388332385
F110118,0.4122644745165602
F106175,0.30666386272555746
F108537,0.693472144298271
F103204,0.42263910020483275
F124978,0.5438982781756228
F122021,0.5606972897735173
F118039,0.3874138164342046
F101238,0.4688951681210299
F113274,0.4299718941738873
F104550,0.3907210782327089
F101330,0.48155283184559466
F116399,0.43250805057335995
F116644,0.5346950280620237
F116854,0.46832672485383126
F104164,0.4796788020576536
F116185,0.38770546485375906
F105730,0.40115991000097634
F114152,0.3702636638959786
F111128,0.4087059701240797
F108709,0.5469796068755338
F115912,0.5238717181048071
F119894,0.44899404879641386
F106493,0.4925360754803441
F101189,0.4754366754560671
F111139,0.5670078107467413
F111006,0.47423686213146193
F107577,0.5695006458973093
F117510,0.47322656435196775
F120494,0.5632993312833772
F117719,0.4566143645721416
F122879,0.4639989163059502
F107625,0.597996412308721
F105437,0.4113949203913294
F118010,0.476472084927696
F116881,0.49844031570533315
F100187,0.49724639636135193
F121376,0.49999017676877766
F109587,0.5798017327028894
F103688,0.43317890391014435
F121488,0.46172088138969103
F117629,0.4746207645750007
F105425,0.5803356579785407
F121404,0.4748736085434962
F118337,0.3958705772039733
F104030,0.5222876523100555
F115256,0.36438090074864493
F123740,0.5703084626074665
F109670,0.5594083198072419
F110823,0.5264138355303514
F103197,0.43898858323076645
F115021,0.34173600268755544
F100459,0.3993536106128952
F122047,0.35625016861671077
F113025,0.4561050324935745
F120777,0.5068353628053315
F102882,0.44163120822224256
F105070,0.518762400638164
F114682,0.4601945963229765
F116192,0.4937307611188126
F104397,0.6101215509204796
F120524,0.487087046139191
F119934,0.41841575895169913
F110929,0.38297902938872097
F102859,0.6011945806226977
F124754,0.3831603346388459
F101087,0.5619251351148564
F109233,0.4850959016746658
F112119,0.39320680564562915
F122242,0.487168272710255
F120785,0.7563962459845558
F124559,0.525486663285925
F110824,0.5931505593123743
F118459,0.4468039841510738
F103051,0.32806190722405904
F105150,0.5141062010143553
F124944,0.45433435935006955
F103363,0.5239504853674553
F101489,0.431941143248334
F109369,0.48002224220733286
F104904,0.48542749312571487
F111766,0.546945373798334
F111931,0.5341391049928049
F103979,0.44875685511411884
F110559,0.47462678434848754
F122549,0.48823600078251006
F119047,0.3412160665476626
F106513,0.3684897985611974
F100803,0.372041805613187
F110961,0.3794021466119296
F107236,0.46565344528722186
F109756,0.466786875687752
F105762,0.36547730383360044
F110064,0.43798305796280435
F117417,0.49272855727754833
F100074,0.631238894459132
F109326,0.37053330087115055
F114621,0.44983517902372827
F104151,0.5290040912803795
F118524,0.502859066855409
F103836,0.35396734240437044
F113787,0.6228198034817647
F105820,0.5488009086861124
F103783,0.41575080078076865
F108993,0.4388782684480647
F100775,0.613675494565357
F107481,0.44220471861359045
F111112,0.45023477508512655
F117751,0.4659586820829885
F112203,0.472191095666763
F111119,0.5285724403610278
F117114,0.44830411430782535
F111458,0.5417273817177239
F115086,0.5807028629811275
F107349,0.40013761997519937
F103152,0.4640538815188115
F103723,0.46795821966962314
F110188,0.3800535476350799
F121282,0.5545834434702325
F111781,0.48091741787184783
F110537,0.4829073858144355
F114249,0.3493969141034766
F103527,0.54928676243492
F115596,0.36911557119877736
F121388,0.4938080391595888
F104942,0.45808869877830655
F116910,0.408215703622326
F106905,0.5716540191461179
F112994,0.5179375085357575
F120535,0.5545692213277249
F105123,0.4303176390012917
F114679,0.36909489594665634
F101779,0.5161439880690168
F118270,0.5730093060084303
F123714,0.45823481884085204
F112307,0.40804374598808807
F115870,0.50517927475714
F113144,0.22588283150136318
F123133,0.45528355271299586
F114349,0.4481509429518553
F121855,0.3871658842283107
F111044,0.4269479015430423
F108224,0.34362701083790725
F102671,0.5200308375580348
F113859,0.42385433530240674
F120245,0.5853516425471046
F106290,0.42420435725114863
F105685,0.47515436123610594
F105097,0.4944162742890893
F110498,0.5359128636478244
F106123,0.5539292429982396
F122927,0.5062107912786243
F115219,0.38644096359882835
F101377,0.5348068950904086
F117468,0.5419614393814819
F118829,0.5129714330551507
F112690,0.49453982796245444
F114255,0.4524063037715762
F111474,0.5544922502685797
F121971,0.4833332895873052
F108844,0.4118349958335419
F113348,0.4466800709931875
F104569,0.3585632996912973
F120611,0.4677424241395012
F113173,0.48099590156694677
F118633,0.4895940344673854
F104251,0.6546829069149831
F104671,0.41295480261829165
F123798,0.5825141480610614
F116010,0.48417462189867233
F117979,0.6313606366181845
F122376,0.558563048727643
F108669,0.3999874894826576
F115302,0.41794374250525007
F122815,0.41281896004973384
F119004,0.5234522095701367
F118644,0.5385630067847025
F124540,0.6143606479008741
F121332,0.38844273883043173
F109027,0.5952556969473144
F119425,0.43664301719148757
F107040,0.5039546108655386
F112722,0.6441214561328216
F100681,0.4714861074397447
F120514,0.580073512707977
F101855,0.4534003858928849
F123344,0.5253263325088284
F101123,0.4657088362154517
F108986,0.474424080954312
F122938,0.5401793264207485
F116817,0.537035404579871
F109201,0.4717454555827345
F103697,0.7398461558888108
F115502,0.4083326557677749
F118720,0.5803459013804704
F102464,0.6134540443272118
F113800,0.4648097376076087
F119446,0.38584196020241746
F105054,0.5365196029017918
F124894,0.4216283041704099
F115433,0.4464873541295517
F119757,0.4131796795747531
F120112,0.5445626398417535
F118927,0.5383414180654738
F120805,0.5534938867712045
F112273,0.5221425608337067
F116197,0.436422752899505
F114863,0.5004065225192326
F118241,0.4956984863546185
F119729,0.47625425364359264
F122423,0.3595482032575087
F105359,0.43922669997244773
F123129,0.487092108534032
F108755,0.4556166210341096
F109675,0.4469032420085438
F110349,0.4181539820228488
F120381,0.46230028720600286
F124501,0.44038884595327615
F104682,0.5865212693023153
F124009,0.40105494016055254
F108849,0.38382718927268766
F115855,0.40152916310412634
F111929,0.35585852649454003
F116938,0.6101185040950476
F113587,0.477657807385196
F102665,0.4124294479305857
F106210,0.5838254423145129
F121703,0.520660506484461
F112925,0.5187647619046525
F116899,0.39504628261635794
F124171,0.5189869938793454
F124990,0.45697972837101386
F120039,0.37006755392885493
F111382,0.5199832850775576
F108213,0.4200067442547661
F107820,0.4594744573249651
F115509,0.43272995313418067
F118349,0.49572609906280335
F104318,0.28596844326480664
F118304,0.6040881195133523
F111005,0.5291401188200471
F106972,0.29593563176014204
F109404,0.455407021404534
F124981,0.4187561137140309
F122758,0.3739551639959472
F120098,0.6160334585571303
F111347,0.6491647037400604
F115655,0.5571864947068894
F121415,0.5217115686687047
F110492,0.4161639740283385
F106495,0.4371063329901332
F120074,0.5950464640489698
F102440,0.5091396820173364
F123489,0.4857381816606436
F108096,0.6040686960744569
F108872,0.557642590842937
F119904,0.43350878171494844
F112636,0.5819043741666957
F106662,0.4456867225757048
F115898,0.5433858478762145
F112108,0.5973377403021548
F121024,0.5222222618573019
F112774,0.4369236593828274
F111413,0.6077977059069828
F109759,0.5829758914102496
F100772,0.4307727284101868
F112389,0.4854212389565832
F122276,0.604877333419838
F105336,0.5275617099237916
F101607,0.5325956190952886
F121295,0.4285941164257743
F124818,0.5020886974639659
F112531,0.5082344674684312
F121503,0.4813929409745379
F113282,0.5604465842311204
F106428,0.40115151427484574
F123390,0.4357924129849383
F100274,0.45665195785974544
F123460,0.6066183421732432
F105884,0.4933614853370857
F116602,0.5357198950555884
F101451,0.338232822364429
F105282,0.4894518705813989
F110639,0.5189278445833624
F123126,0.5338768764575973
F122571,0.5839580672573429
F105726,0.6567241603502454
F121789,0.3525796404088722
F117998,0.45525660945979685
F101634,0.4310654431990465
F122216,0.5564937119555632
F122406,0.4926751986021608
F101560,0.4626784944759171
F116183,0.40057042778859353
F120127,0.27914708097359286
F118436,0.4670358829605378
F113853,0.556440212972524
F119350,0.7273389651682836
F121868,0.5354206541173121
F118879,0.4796166394926352
F112708,0.35821602544900427
F109637,0.5636875746365593
F102757,0.4395668486763378
F124866,0.33281759822867596
F102873,0.5366853472081402
F109215,0.5270579186608904
F123681,0.47365502703450424
F117392,0.4899974508858153
F104750,0.44437918383737124
F117615,0.42548491050343784
F106295,0.5518005312904788
F104877,0.6268184080371744
F101582,0.2992739558223444
F119339,0.4451453078059424
F121141,0.6036143865623929
F120774,0.29114536083957243
F114494,0.41016382537686646
F122672,0.582003899125235
F120362,0.43211894537232115
F110151,0.38008261902792423
F108911,0.520116136633365
F118926,0.48537499274272594
F117352,0.4980289807313129
F103991,0.4317569562575433
F107315,0.46146717647273866
F104856,0.5359714880257187
F123322,0.5696856165225045
F103486,0.4877043101441254
F110563,0.4254423255839467
F111624,0.3821000672295735
F121013,0.3005262296703658
F114715,0.613085260869014
F118999,0.44137623919413727
F107957,0.4652786988764128
F118045,0.5236318083226588
F122002,0.571728685955113
F103326,0.5381517766337428
F110651,0.4529604722908445
F121518,0.3894822683516232
F104349,0.39631896561580426
F121134,0.472130922162099
F114934,0.5226974946487492
F102900,0.49158600836072097
F113777,0.4849205330441674
F120023,0.4845940164993132
F101205,0.5134964868577926
F115040,0.532317950411513
F123546,0.36012587037162047
F108218,0.49981843658255637
F108033,0.6047798498307762
F107014,0.5405517893142087
F121079,0.46454441231263016
F105514,0.34406646753898484
F104662,0.3461774641944614
F119205,0.4425734208724465
F123188,0.557737934279556
F112304,0.47967819041727633
F122885,0.5428203488458998
F124825,0.36527517255677
F104777,0.5366920637617614
F108969,0.4790526064015748
F116859,0.6351110705892706
F117296,0.5917619530415823
F110562,0.5909570454755492
F122435,0.5789600195051627
F114589,0.39130699906732314
F117083,0.5716099916862896
F103683,0.540569783824462
F120173,0.5941331562873771
F107869,0.3716622871083108
F109736,0.601749450485382
F115522,0.46668639410914586
F113163,0.36058351498210256
F110841,0.5341273845171493
F119566,0.4335609537996987
F113638,0.5472382896630393
F116398,0.46577081566681783
F109054,0.4130376464267648
F121206,0.5024024585161364
F114011,0.631981730479675
F108561,0.5533138764911961
F112178,0.5027385968204009
F103775,0.47900885507364854
F117690,0.4625775421015646
F110297,0.5103616842215125
F109301,0.6342434335901785
F113691,0.4666298609592037
F108570,0.25292626627631243
F110817,0.5964680875988706
F102335,0.5853594868446097
F107243,0.5720657376834003
F102543,0.5608757291012161
F112852,0.4694607265052683
F124523,0.4978250293313655
F117169,0.5030820378773375
F122369,0.5167482570506696
F121303,0.3891813607838458
F113914,0.5582596579633269
F105755,0.49641930110720495
F107263,0.5102731758522466
F118103,0.6171205747522563
F114588,0.42938210377573643
F118190,0.46151577571810715
F113620,0.5014668152432783
F112699,0.41910755326926596
F117741,0.4659673094760832
F112564,0.4285292219350867
F108405,0.4546284346059804
F101225,0.6585027553269485
F114620,0.44435315253771307
F101537,0.546739080578635
F112840,0.4586400893394798
F124469,0.643446501809545
F103839,0.5391472334570372
F102778,0.3429272537142676
F100456,0.5028956868276913
F102175,0.6143011951056836
F102961,0.47657442514526593
F110479,0.5596527334474425
F116285,0.5632447041138486
F105600,0.4604322816125297
F104202,0.45579391708806866
F107740,0.5756845605933641
F102813,0.5671494545106234
F109985,0.44875045384024415
F121652,0.49584998283263193
F117217,0.5110429498279493
F113204,0.49921841014149126
F123432,0.5276920953207255
F124423,0.6527453561492481
F104231,0.5006871738887949
F123691,0.48068467756552585
F102716,0.5695754544493229
F115196,0.5451629349985905
F121973,0.36388814898944927
F122877,0.5644973881437199
F113118,0.4457975841135117
F121209,0.3854394618157258
F124144,0.6141071247051959
F121200,0.5244854529208471
F111646,0.5558027996120487
F116909,0.4458775251756998
F102684,0.37567016104007933
F120306,0.4735533991531175
F117528,0.4854640600109582
F112964,0.5224890227502894
F119204,0.5889048001610451
F103012,0.5363135417689202
F116878,0.4660142536174416
F115026,0.48985179607098495
F104929,0.5644541791671209
F122917,0.3018612316588421
F118178,0.5081615126255806
F103158,0.4678029142953415
F120762,0.7273693275168576
F118876,0.27552932488637516
F102203,0.3926948920317832
F104143,0.42238253023249916
F110444,0.4364341637215498
F102595,0.4525290887086182
F106825,0.37747876176694545
F122839,0.5397097099765973
F117499,0.48615901519980664
F121366,0.6605914708739342
F124345,0.528613206929671
F123666,0.5446944612193334
F124745,0.4425438955888963
F112321,0.5780108467095963
F114231,0.48236487750007573
F123891,0.5395743587438804
F100990,0.7521398770546475
F101219,0.5159577261405501
F109500,0.4776298639259258
F106709,0.5241553702299558
F119979,0.4162414530223122
F122162,0.6144141818077421
F108408,0.1964644698660561
F121187,0.6296757456463281
F108410,0.4045110297424157
F117014,0.47313754286571097
F105706,0.45056256971803105
F115869,0.27039661514937835
F119559,0.43054151467697666
F117107,0.4175208329199437
F101367,0.2387430216640869
F108168,0.5721184740865802
F118918,0.48374606933922665
F124110,0.6843803866472498
F107400,0.47210657398608125
F122033,0.48468594853286473
F104052,0.47324082932625067
F113350,0.4417513735600882
F111725,0.5704884445467476
F109860,0.6376207051279752
F115017,0.37282292523819627
F115259,0.4778579674807278
F110154,0.39131322324553913
F100926,0.45305505998748496
F102228,0.388462391604623
F107046,0.557622047293626
F108203,0.5355857274113882
F110248,0.48991284556360376
F117460,0.4864414668580708
F111352,0.5334542907458655
F116243,0.3326965821232083
F116045,0.46711103972999424
F115608,0.4937845312938419
F120168,0.4903006260926208
F105327,0.491928411712416
F121735,0.5437165447178459
F102094,0.49550338000612454
F106989,0.6165727151458558
F122140,0.42520521176524784
F124227,0.6706720651056207
F113251,0.4856033052036143
F114648,0.4617541188140511
F104090,0.30223495674121426
F115262,0.3954215707059383
F121671,0.5871412220811295
F114856,0.4240007149125296
F104690,0.3598970538122676
F115407,0.43154002551306264
F117034,0.45291003869500046
F100882,0.5616258105727974
F104773,0.4040563299861816
F118047,0.524651325334169
F106758,0.6385281545520486
F119275,0.44435304888115956
F119227,0.5134346086389713
F100915,0.34308662244504595
F117889,0.4807612977237732
F110862,0.4317942566844121
F115950,0.5102111924540331
F110491,0.4719712622233078
F113388,0.5174404426646383
F105406,0.49447424886241076
F112585,0.5500761678121321
F113425,0.3602988288632533
F119657,0.551394266321977
F114015,0.5595393309495715
F122278,0.4361335767732543
F117549,0.28796544035011606
F117269,0.51026240837949
F102282,0.5730498197493719
F112632,0.4582735314203963
F106548,0.37135026395441517
F113371,0.608752658571116
F100565,0.47819245044306424
F105824,0.5255801599698193
F112686,0.49294811514697273
F100313,0.45329117296191646
F102864,0.46010618853691615
F102561,0.5695178020910678
F117260,0.5003863929960074
F106273,0.46970474213333874
F111251,0.48603561710207266
F100923,0.4154254877910347
F113779,0.3562119757790726
F111997,0.4848518658900114
F113741,0.49566691981180155
F110888,0.5265279963681349
F111977,0.4433424127919518
F123528,0.48917397746745955
F106677,0.5378837531800222
F100661,0.698065811129434
F100583,0.31343572572834577
F123555,0.5722394477391327
F102949,0.5627287744733438
F110984,0.5313423848027832
F120760,0.4833362217794915
F114992,0.5127044510223402
F105399,0.45011884556000403
F101361,0.5478646639188407
F115286,0.4446938821722738
F123603,0.4843880297020485
F112157,0.5299949824979027
F103395,0.3407509278208369
F122546,0.6237701497493606
F115818,0.56528188974029
F101579,0.47159396951248667
F102826,0.47086986202502595
F112030,0.5134591803082317
F118090,0.5994167994949048
F104717,0.5702547758977895
F107042,0.41597672452775236
F100914,0.35486497598836675
F121925,0.48650705909882797
F124403,0.5169980433813182
F122063,0.3613402082814857
F111873,0.38263237771661324
F106543,0.34734022525569985
F120447,0.5116428083142488
F105278,0.633749376658241
F103430,0.4891120958138263
F121005,0.4748878347739816
F102069,0.4778180495357308
F119160,0.412029776339907
F113088,0.3964297086044926
F105670,0.37528088778209123
F117836,0.36263215117947917
F121697,0.5206734881022476
F116829,0.4632709709853122
F117196,0.5670912678853068
F120476,0.3609070856734379
F107450,0.3374167165069356
F101113,0.5542766943158631
F119438,0.441002997674398
F107608,0.3215982428413252
F104380,0.5232312325316968
F113557,0.3901329672417633
F119095,0.4695558185749045
F117873,0.451843792165341
F116469,0.4686810026982136
F109576,0.6900699552510206
F117267,0.481772017936384
F108617,0.5381980298237395
F113710,0.5848961612797658
F106581,0.5515626545634142
F123084,0.4959288360427313
F122281,0.5350792436289238
F121761,0.5350874990743365
F100696,0.28369200233207753
F114106,0.45269775155789976
F106806,0.6281622982437776
F111904,0.43357679621566964
F104250,0.3252446186601068
F106718,0.6051543329643251
F113600,0.5485534225312264
F105276,0.5284489570745157
F113977,0.5261579804460599
F117702,0.3607083846340964
F122564,0.4177304377125307
F110176,0.41618025783532064
F108426,0.5433001797123863
F105515,0.4019032002773269
F103742,0.5870373277593043
F113197,0.4118330769672535
F111826,0.45995353029899233
F105450,0.479666427291699
F119543,0.4950842322635164
F112551,0.44292692368767944
F110488,0.42758904182885177
F115910,0.5484125740850696
F100084,0.6717567790024498
F114669,0.4014448518448367
F113029,0.5060225387378444
F115540,0.5137205475467425
F101528,0.479470437345225
F100092,0.5818154128557764
F121075,0.3876606609454999
F116053,0.5052055432370949
F105195,0.5121053204413253
F115779,0.3537589578708991
F118320,0.3809692087019598
F113937,0.48485232413429424
F107999,0.670659434089161
F109671,0.4161877149832801
F119267,0.5848882269121146
F115338,0.5409303582659694
F101746,0.4312749156139603
F123963,0.37570050354562623
F124023,0.4196542995128528
F120213,0.45972518494039727
F122848,0.45978050789986974
F103793,0.4478491394695519
F122575,0.5399653267750079
F101210,0.46183813165090515
F111055,0.5483698913496198
F103271,0.4098042572833717
F118329,0.46016106388225786
F115167,0.4880816846716005
F121921,0.3887113497726165
F118460,0.49821084150090217
F123992,0.4245846192823197
F119948,0.44812823987402495
F113756,0.43513052301581817
F121581,0.6241762638322483
F104847,0.49778665808246153
F100079,0.44347486356601784
F118513,0.33560604767008756
F105053,0.4501694029329121
F107072,0.49040973580541264
F109164,0.40265656521623827
F115544,0.5782151446957274
F115440,0.3213380148699324
F109406,0.4710052574310936
F123244,0.5290004310402092
F102173,0.43905783271786364
F109606,0.512131972068348
F103450,0.41705559499643846
F117442,0.5163401255877298
F124027,0.4881469569026162
F107438,0.48043824745667874
F108206,0.5634836149278545
F110530,0.45524341647130884
F105180,0.44213161227578246
F101475,0.46592129440507496
F120643,0.35223047339515956
F101971,0.42382277574789323
F110419,0.48915669987118254
F108208,0.488778118908893
F103955,0.46777463343841447
F102199,0.39605343644920377
F102866,0.5424596921914244
F101469,0.49822574216819693
F120884,0.4917682525867494
F120979,0.4301343665681502
F113138,0.6264718122222955
F108392,0.507884850709516
F112571,0.5842184180694013
F116366,0.4838672663845257
F115051,0.5472613817397718
F114071,0.6173578992839448
F123677,0.6140676424633401
F100632,0.5990704187114241
F111189,0.45284433770490456
F111096,0.6188311278676994
F102899,0.5697616714664248
F103525,0.5677917053437441
F114179,0.5142627600909702
F116692,0.5714985285486779
F122962,0.634789485918859
F122941,0.48494821533238425
F116922,0.5129181335206016
F113151,0.4894804065702531
F117317,0.6276293370517003
F108468,0.5124734070801125
F109959,0.5882402975965982
F116262,0.5324542356491789
F124497,0.4267770052201081
F123433,0.3522986881565052
F114656,0.4631291994482895
F104118,0.45547537795546794
F101713,0.3583033672131108
F116143,0.43847751228870846
F103943,0.5733176636723832
F109080,0.46543903566899275
F113195,0.44599064125905685
F100613,0.4307062612775912
F102489,0.4010287421572889
F108495,0.6042180321114142
F119986,0.4630915126608694
F103849,0.37078910693508293
F123067,0.2935393745492329
F100929,0.5897273092206607
F110998,0.43883181986095654
F120261,0.4051157954540418
F118143,0.4420425778745637
F114265,0.37648896460397707
F122816,0.6384781240595179
F123170,0.4310801716217208
F116737,0.4983871663995872
F101474,0.5558945657617218
F100949,0.41319523216846027
F105609,0.5670372879115291
F109628,0.4415007372105792
F100974,0.6459234248268312
F117677,0.46225503254181693
F123325,0.4748096918186533
F111536,0.509105716715863
F100026,0.4203143719925593
F100237,0.5176858183551737
F102154,0.5539569420067677
F107227,0.522793367206406
F113643,0.4898652138657159
F119359,0.5250704046533139
F108239,0.5023431627061419
F101853,0.5501793116937117
F111985,0.3786240402958454
F106842,0.34167147174390833
F102316,0.47914076389040827
F109925,0.6091175651386812
F119589,0.49541944309601205
F121088,0.4293957385379418
F107139,0.5028293923318662
F105227,0.5158639193163025
F113754,0.49968796304405455
F108352,0.4131943158697532
F111743,0.4355000060725695
F104193,0.3397000526669972
F122728,0.42693382448601136
F116575,0.46527418905358287
F104657,0.6146136351958775
F104363,0.5393868092540773
F114139,0.4861644802322107
F108645,0.4254310925406213
F115289,0.5474572408505146
F111505,0.47780931328190135
F119668,0.5140177552071612
F109619,0.44974006860647986
F104399,0.45081609139607975
F116968,0.48559926538086556
F112287,0.43357771304866277
F119242,0.5218539411555331
F123830,0.654858817754144
F122770,0.6291172688938675
F107403,0.42707457748814726
F107791,0.4450476805622649
F123172,0.4308116793224315
F103170,0.4021932490730717
F123835,0.5440429821381242
F107829,0.5127717918764121
F106679,0.5328547064202805
F100267,0.43377551326619473
F117435,0.40779029538631895
F121772,0.43752627369438846
F105883,0.5263589663904522
F102508,0.4982869072560994
F124870,0.62490154153438
F122787,0.5312738961984075
F116775,0.4655793486603643
F102960,0.39235793051478196
F108697,0.3673901850023674
F105934,0.5508083308297622
F102818,0.43800027533787783
F106076,0.5678418673250902
F104222,0.6791924241293661
F123272,0.5842713695815238
F112958,0.6131813542248323
F114957,0.3416669489141882
F119503,0.5392380116862301
F111915,0.4733867786565809
F124101,0.37512607330773345
F108702,0.4132103653831927
F110112,0.6020043713043524
F117032,0.3859885044814947
F114132,0.6596306830692786
F119528,0.40486526353977104
F103129,0.6849544606525846
F123730,0.5613869088797545
F112748,0.5078980779789988
F107833,0.42516400852551084
F111917,0.3841923154001593
F109988,0.42572321811058844
F114960,0.4781290533867428
F105397,0.4501111261418969
F117747,0.47477199470846
F108199,0.6589231753376287
F107145,0.5109493478433705
F115759,0.581976298620404
F100468,0.4439444357342546
F119121,0.4807668877355133
F108262,0.6153507637505362
F103408,0.4433024627564737
F101847,0.6065969087567713
F121670,0.5518321149528561
F112737,0.5237388247542971
F114503,0.5317814862876441
F109783,0.4710275644061261
F103803,0.5668413908057458
F124502,0.3785846578790568
F107060,0.5547745223356914
F113618,0.4648941012500857
F110554,0.3497196642872339
F124142,0.4532322110645931
F111529,0.5320178137351486
F120527,0.5680808106658108
F105910,0.3950776580606582
F123274,0.5693334876856595
F111962,0.5610077651993867
F117302,0.45086336009908906
F101737,0.4621388120890339
F101042,0.3657958982610231
F107198,0.5947705066464314
F103209,0.6080773025390005
F103520,0.605905041396844
F106450,0.5140099835486233
F101965,0.31548483276996775
F101960,0.3628482935827965
F103817,0.5236868571268225
F121375,0.5083057794091518
F120557,0.46609060409337544
F112409,0.45492550828384337
F113466,0.6575222486146901
F124133,0.6481732156957491
F119075,0.5440253753293095
F117661,0.4531388308042285
F110507,0.3969595211470152
F119758,0.514845222310782
F101457,0.6402056941014818
F123685,0.5081466389469941
F110241,0.693420220973948
F114878,0.4066800201161879
F117812,0.5983227681355114
F108721,0.30292110202504313
F103700,0.4075100164779516
F110476,0.5723543178431885
F109487,0.31245026432288014
F115127,0.5791975161025139
F110759,0.5439771789250835
F103714,0.5151913205737817
F104323,0.41706709481219784
F115758,0.41629760074432204
F120952,0.45930706006703476
F101923,0.5491796931318217
F115011,0.40912604877841185
F112113,0.423716254761925
F122248,0.5916916824548479
F122490,0.503807655265934
F123819,0.569352947588043
F114743,0.6391782797215004
F124820,0.4786524932616308
F107639,0.5275857439295915
F117117,0.5152224384240651
F104612,0.4333156623212738
F116397,0.5986505807729836
F103469,0.4215339295731695
F105969,0.4947133264710251
F116203,0.3719914647607233
F118077,0.7035146082641015
F117563,0.4304182214068221
F116407,0.5705059937947453
F122795,0.5812142498798228
F102453,0.5980914181901477
F114999,0.43939429394948926
F109520,0.5523222510140284
F101513,0.4893024511572519
F113423,0.5435916068819441
F104413,0.4875656881067679
F101891,0.41578413083085697
F106597,0.5537422140970114
F109864,0.330781163250623
F115201,0.4995754751107247
F121122,0.40001618852061116
F118055,0.35814263454403433
F118135,0.3935503317422017
F108868,0.3862111547230823
F117319,0.653003005684013
F116707,0.5269793228152674
F108555,0.46494944064242283
F120365,0.44392837140257235
F118616,0.5932736040058426
F101170,0.593699595552682
F104868,0.4799009874972166
F103136,0.47921100679831563
F112200,0.6372060936140571
F104466,0.38800157743736896
F100659,0.5963458763334337
F120018,0.6156970020541389
F101718,0.6037946026534899
F102476,0.4273597221202926
F123173,0.47244608067782834
F100338,0.5888964838523183
F111262,0.34057093031074354
F110898,0.5521308662206736
F101767,0.3454142693373929
F120823,0.48431617907772107
F108292,0.5619320458205963
F107528,0.4930698853193277
F112036,0.5481817969456623
F123031,0.37171957304510467
F123116,0.4984497460396129
F119994,0.5833719777029046
F105513,0.5785403216403434
F115625,0.5380943209668214
F102366,0.5095293819447065
F123791,0.5143204056554652
F117502,0.5411896398154679
F105738,0.4973058258700726
F100399,0.460159286202053
F113562,0.6142353776844657
F124235,0.5561610451655349
F122241,0.4446028236986571
F109285,0.45377954135847476
F124489,0.6000791429563193
F118501,0.5550007334359076
F104964,0.5400004852632185
F110120,0.5289489473248786
F110175,0.48530828478384225
F112288,0.5669728818022504
F122352,0.5238828885092315
F119842,0.5129712619353799
F124660,0.44061574716408536
F116457,0.4653010944991959
F106012,0.47629294010357465
F107035,0.4624255298843206
F117519,0.43426081112103476
F105345,0.4775028421501898
F113659,0.5495712491028155
F100507,0.5907629030256296
F104165,0.47328757605889976
F105789,0.48802843864000084
F104705,0.40609626609135496
F107966,0.4628773396886601
F121867,0.4556739820301761
F123175,0.5631613926542548
F102857,0.5143640258424044
F105255,0.6245228930110851
F118790,0.4245215383649376
F119545,0.4459527057907605
F106294,0.5970239753019626
F112249,0.5967941855675487
F119245,0.45264335713765486
F123237,0.3252974208700614
F106545,0.6218498820003419
F113494,0.5768478032053881
F122854,0.3966059788680206
F115410,0.540626616882141
F106678,0.41792695101453076
F124022,0.4590536079570137
F122045,0.4790183363573993
F115878,0.4848808925354165
F111462,0.4802694249452466
F106121,0.525530976587587
F114443,0.5660512303391593
F116687,0.4873171526501257
F107590,0.4837260533714378
F103603,0.42329747444158394
F105834,0.6521826911590535
F118871,0.5026690990531061
F121666,0.4645195203242863
F103565,0.40954872627676714
F114849,0.39945498727793544
F124988,0.5525906111710812
F115649,0.5550800297753377
F105801,0.49196398436625305
F109034,0.47053320033947765
F120938,0.491727668971342
F104769,0.6748424894950262
F101860,0.3637048618452119
F100455,0.5310256227284358
F110707,0.5308427334504924
F114263,0.4781409583365855
F103345,0.6814943669302943
F124426,0.6350175466613193
F109118,0.4794681034543446
F101844,0.645818279500584
F100306,0.4196542608740902
F101166,0.5852560784043885
F117542,0.4764105482143029
F102326,0.35308359707549913
F122480,0.4887084787868416
F103442,0.6371875667821951
F122230,0.4861412391112409
F103327,0.5160689072150693
F111141,0.5004623040209086
F105312,0.5571143930118805
F106891,0.4450660535742766
F120222,0.37838632547379136
F107630,0.5121622862800284
F110123,0.6300150162312096
F104846,0.3933174822188358
F104093,0.4526559840360131
F108154,0.7069048378531396
F115947,0.5534902035044856
F124909,0.4194050261915264
F116388,0.4330087194646023
F124153,0.5466866520664632
F113554,0.37289977743974545
F122504,0.5175317605069168
F122056,0.49849604494478705
F123752,0.688994037711387
F122945,0.5316731573680714
F107968,0.5099563477878792
F122066,0.5242268907345262
F120998,0.5634410264331682
F111080,0.49516032134240223
F109249,0.5914769766060043
F101171,0.3956376065849182
F121221,0.5369945534956271
F119924,0.5923670192801825
F108453,0.46982855314638494
F117250,0.49450289209406345
F107656,0.4565600600506792
F105847,0.5386810589341687
F121429,0.5726330115764353
F112384,0.5709202218169617
F113551,0.5934256386712546
F100586,0.41138970023788207
F115434,0.4652429075868092
F114352,0.4194352079468944
F113218,0.5146132360389253
F109863,0.49281519456320705
F112751,0.6951260708794104
F115669,0.5756002295751261
F119230,0.39958204626533733
F120634,0.6202436298453553
F116680,0.5697145437714749
F124700,0.5157040180146986
F119492,0.41580584397887843
F103881,0.38284849740055615
F118149,0.45252280997320216
F123376,0.38000838739528325
F113575,0.5771365497510712
F124869,0.442341043205584
F110865,0.4583315812821056
F114491,0.3725245544752435
F118014,0.43112001614478535
F106623,0.499481629097902
F114203,0.6046384225391928
F105485,0.37193599378444164
F124876,0.4290397230800583
F115428,0.548776535454354
F107330,0.7071054330185796
F105082,0.5694906575222684
F101920,0.43040638583382146
F115153,0.46952549314818826
F120704,0.4797697898739429
F115409,0.4461695666270678
F113827,0.3506436134334545
F122559,0.5110557326333206
F110323,0.4199369229162311
F101292,0.5336472931733561
F102798,0.48863642479955505
F110262,0.3896330921729618
F120737,0.6330691904187242
F108412,0.3945158309974517
F100467,0.4273462184868849
F121988,0.5437574971305945
F110964,0.5637113778830425
F107733,0.43665323032385517
F114591,0.39162916463138864
F111805,0.45331936543100504
F124251,0.3786420640099016
F104572,0.5173232483921636
F120283,0.2889232113158142
F120083,0.6523512886100129
F113123,0.5823206564764742
F103125,0.7063604123065661
F102432,0.3955372594953997
F100413,0.5885753276747122
F116279,0.350568767419724
F111647,0.34331530035978364
F113260,0.43054147876981813
F121527,0.5916203457414704
F106833,0.447420086441641
F116173,0.4399865272362674
F106920,0.4299778618184734
F118448,0.5278396334417828
F106072,0.4771644168262722
F118428,0.5688045247624329
F109286,0.45512975616096724
F112379,0.5959618897142243
F107259,0.5501326520391165
F102615,0.50849501200623
F104515,0.6334481260520848
F115088,0.5340082876576484
F100617,0.4979371449961101
F123845,0.3651479400179234
F119233,0.45150573296438806
F111906,0.5373433099855203
F101694,0.5936787053066148
F106459,0.3312273185812388
F102887,0.6125948566926683
F118363,0.46425074860022636
F120728,0.43939409726510437
F107896,0.3914239115975292
F120640,0.5494201007945954
F110909,0.46357832641101093
F113498,0.42477574520978456
F106596,0.5654656789851975
F124318,0.5609986049913399
F110727,0.4609609426996535
F124476,0.4304111857227518
F108549,0.49505977698181863
F102172,0.5497621414844373
F111235,0.5824225931780155
F106899,0.6236584327525674
F117025,0.5044031291360852
F108461,0.3689839163365354
F105581,0.5070004588514333
F123577,0.48642217092319157
F124032,0.630671136255563
F119287,0.5116781437912716
F119765,0.44692273018924034
F108576,0.5682380142387321
F116957,0.5993643991943566
F106267,0.6236634843652984
F118728,0.44664305255707387
F115729,0.33841063072554056
F108338,0.4433971755767273
F106730,0.4893928152586828
F100686,0.48547149133997214
F119228,0.5935561111589555
F114238,0.5142371255766881
F115521,0.3962338135823056
F113826,0.5081933854551355
F119402,0.579451381090709
F100572,0.426409629332847
F101927,0.2762118933137512
F119949,0.41261625903533306
F105291,0.4105137583549875
F116437,0.6424156485291919
F112560,0.5772554420628486
F120251,0.4732281775707249
F116802,0.4770276788964351
F119389,0.4116247777627809
F123820,0.4677644100072806
F115258,0.5807309250867322
F108717,0.3919579151567123
F124873,0.5418137461412791
F114476,0.6366957170434726
F120990,0.4904276362902027
F110280,0.6701627868841181
F118657,0.6001474479204202
F113653,0.46833285023655746
F111032,0.4875686372004184
F113290,0.5980665258066402
F107206,0.47904512767694735
F124491,0.4627221621296319
F119960,0.5251587725016642
F121826,0.450855491505912
F123661,0.45473357005987985
F108671,0.46389057011128454
F115223,0.5138701938845578
F121220,0.4916798775975151
F114086,0.4465185736998848
F117521,0.4887153050980201
F118466,0.34901510553285753
F116683,0.3584255492909663
F118171,0.4478583359055599
F110166,0.4628869851632787
F112793,0.6049722955692907
F113420,0.6731655540563477
F102694,0.42812488924934666
F102964,0.5786340206132501
F123215,0.5907753322844778
F118699,0.5047999508157709
F102270,0.4562443793703673
F104899,0.571131666661781
F108538,0.6342925990488754
F104794,0.4300663411809998
F122203,0.5242695124764286
F112607,0.5201284473605644
F111541,0.47840957372077386
F113437,0.4932990348400982
F123049,0.3794861226138661
F119923,0.559539100448179
F120368,0.5597892238121399
F118895,0.4340116412162042
F105660,0.5584642180531442
F124404,0.5790459250065918
F109421,0.5021134764652713
F104861,0.399806250080454
F106728,0.5185749816816804
F111376,0.5281347158530928
F111401,0.4992429699858985
F100055,0.5019562656292009
F111959,0.300909979917252
F106361,0.3634847467237585
F120508,0.49062995604309667
F113449,0.33234861640746693
F118005,0.4751003447601069
F122601,0.4716896040532364
F108612,0.37516641096422193
F103755,0.24942147989886815
F121622,0.6215894926928863
F111010,0.47282822019715565
F119381,0.3469453133605472
F122703,0.5089257844659412
F122400,0.48975953032056996
F110796,0.7218535705619559
F113331,0.31323374553649236
F101594,0.43516417494772724
F107465,0.6010804430699587
F115404,0.492621672133032
F119621,0.5009434064117743
F106096,0.46654259696396155
F104825,0.5200126051946118
F109950,0.4419968202026055
F103011,0.6425361754775375
F124445,0.4613319089057264
F113394,0.523243327111795
F116310,0.4936137979818204
F109653,0.6172471728289243
F101906,0.4437122660169291
F124258,0.43476986374839866
F124771,0.5205440311841779
F104353,0.46078285974160393
F111615,0.5230199503602269
F122025,0.3844447961519875
F105961,0.4490445453572205
F109044,0.4301474535661553
F111966,0.5134255338308191
F113616,0.3331764421196489
F119714,0.6096280815026669
F123900,0.501493663551761
F119073,0.5593740763690874
F117729,0.34764810789045775
F124451,0.5216236112046826
F107197,0.37829541058512806
F120751,0.48538896020762984
F122533,0.6042942539961471
F102762,0.4341590285213991
F112275,0.3526366919541048
F122233,0.5717302668540956
F117584,0.3797392798143963
F104269,0.5915248672987561
F105982,0.4288313387597783
F103443,0.49469545224741207
F103575,0.4168736810151028
F119326,0.48446100320256924
F112593,0.4317031933317721
F122920,0.45114971786337726
F113150,0.5196083485129709
F119218,0.34872222585734625
F123532,0.48506576228156345
F108517,0.555592484051632
F103185,0.6768410583745653
F120372,0.4369104455036933
F120711,0.5579563494200783
F122751,0.5658546189843786
F117148,0.4770131460431257
F101382,0.3544286118145288
F101336,0.5371722488442233
F114429,0.5796096818417638
F124005,0.4711654959222933
F121138,0.3662139937635822
F109305,0.32142332248656685
F119626,0.6127809791207062
F117122,0.4013232831951845
F111279,0.5435303404631103
F118491,0.6119307092618874
F102456,0.4870062329479555
F110852,0.4853819313673549
F100668,0.4438954599920261
F112299,0.5028687042052095
F102114,0.5354505697511438
F106204,0.5799012756064396
F118897,0.3509480161760791
F116517,0.5515793758087031
F113990,0.5415884402885678
F114506,0.4560679958002831
F111654,0.5013485213552127
F106633,0.4936745290631105
F122762,0.5472701068338723
F100699,0.6544723308310632
F109879,0.46409266918101716
F120356,0.367744737401779
F118778,0.4786374366418271
F116747,0.3627165523425794
F110375,0.35266025287900793
F123738,0.4511817303750202
F105665,0.4240503165947229
F105816,0.4636375186044331
F110774,0.5284116354318856
F116115,0.4012397791237238
F109791,0.5023635401708587
F107067,0.49483814448728203
F100460,0.5155348130133937
F102418,0.4248083483479613
F124231,0.5005219874606343
F114886,0.6630730583428381
F106252,0.42309441426114275
F100257,0.529922814225446
F104943,0.4607141517596702
F121152,0.41461771220189847
F104356,0.5076180951986632
F109046,0.6001984102998911
F107920,0.31323189134719837
F117808,0.643937178701316
F103777,0.44492952268870595
F111618,0.4704933880447847
F115354,0.5092529730159198
F123315,0.4725153978429804
F115553,0.6005840925561935
F116526,0.5117736746636987
F105329,0.3696639582376671
F108922,0.527517215148329
F100893,0.35270505878091063
F108787,0.5146262194284851
F108348,0.5222231077663501
F110392,0.46971523736494575
F110074,0.5932396268365505
F111830,0.524613167177775
F120265,0.5782086700087878
F115731,0.5441228700546165
F102463,0.5730288643621678
F105099,0.5814826353146871
F107372,0.4427117223511949
F120004,0.5578058664085933
F123034,0.444853647931921
F103792,0.44130868398663703
F107862,0.38602312780368636
F101764,0.6019329678078074
F123095,0.4525543170704527
F115157,0.38865527342095885
F105695,0.4093640016371066
F108869,0.48320046887092966
F100805,0.508555472665396
F106507,0.5529311210394838
F103990,0.39611500851129516
F100408,0.4851035422595845
F123377,0.4363467090806447
F113528,0.6265169582143444
F121163,0.5642963250131652
F123739,0.43611184514986495
F108321,0.6616743052531515
F124918,0.6095096032826786
F104700,0.33939582515724764
F101840,0.5688814466944069
F123321,0.39355235345618056
F102877,0.6195873172563848
F107592,0.5323083890066513
F114582,0.4369103133142682
F106039,0.4323259951768252
F112757,0.5333998190264536
F107563,0.4475480348679221
F117984,0.5552800794554335
F105387,0.4060783639553578
F112488,0.404633029373803
F106570,0.5135974477770046
F110540,0.4240899054496138
F109644,0.5321675473817606
F100400,0.42527290608733753
F106529,0.3814268836574099
F108678,0.3694738932719629
F104019,0.4940365099765052
F115149,0.3506621311952327
F114767,0.4610398662613393
F103317,0.6242477246760872
F120789,0.49422360186502
F113443,0.4907001734569577
F115974,0.5587417744204339
F114782,0.559176959875893
F119745,0.48127636957685666
F116956,0.4505036878216828
F115065,0.551540885224314
F110714,0.3958783826270586
F117141,0.42526699004949337
F118792,0.5058649719511209
F122720,0.5216621863780966
F113797,0.5240613126302092
F104571,0.6070539100840685
F110673,0.34338322868499255
F123743,0.6146675511117665
F109381,0.46840589500744634
F108237,0.4261507740511755
F118188,0.4359761587712705
F115807,0.4491885161272209
F102869,0.5113410189541095
F110114,0.49690534957240085
F113857,0.6180293809044137
F124597,0.5848534637450028
F114156,0.5267346701579245
F113250,0.46292947776249255
F111792,0.5975122973852915
F120739,0.5319131202537808
F124167,0.4628993973146329
F100259,0.49613601779078387
F113089,0.4260155026615257
F108918,0.4669466037867887
F110007,0.42549934006044465
F106111,0.626754937413283
F110720,0.5585436156812607
F110040,0.6475892566681615
F118599,0.5204783750050649
F102617,0.48904511687716756
F103444,0.605800640158247
F120318,0.40886418876743663
F108864,0.46906023186001294
F110043,0.5976777105555569
F106282,0.4783448878080187
F112276,0.4183716170643851
F100776,0.7469309953346236
F104307,0.4759324951256127
F122548,0.5040078444302732
F118663,0.4909120886837206
F114708,0.45419439334263373
F124741,0.5486041033917461
F104456,0.34885897575491764
F122574,0.3892482182966541
F101496,0.5573679555520756
F108394,0.3311771253907836
F116509,0.5789187916292589
F106097,0.5706224027061609
F113324,0.41393683132262993
F118593,0.5544692442841447
F113086,0.5227887392896781
F110808,0.5541836032674391
F100136,0.3339463408914899
F101989,0.5452303159385867
F109684,0.516187997657676
F103649,0.3233665111804648
F100141,0.44959490418203146
F109178,0.501693347402068
F109905,0.4696505588080259
F101922,0.32894259530261216
F101696,0.4151308392818548
F115422,0.41235821076112467
F124874,0.47863287507737556
F116487,0.5589001108912823
F119951,0.5347372058084106
F124326,0.3963776002575511
F120829,0.5047213993181157
F119119,0.6250411249274255
F114796,0.5118891119023952
F118840,0.5533779912208115
F124248,0.46118041668618803
F109580,0.564213705792073
F107136,0.47306820373250735
F104787,0.730717291486493
F115471,0.5248159727724395
F123749,0.4917842711327573
F114393,0.4575755236241812
F107114,0.611531044428767
F117290,0.5224751969825232
F113147,0.5041960764815663
F109220,0.5516142783354983
F113488,0.4810254809635933
F105614,0.4032730472471451
F117192,0.5543229315148875
F104578,0.6389870267421074
F106195,0.4224857652338956
F122859,0.5751886227357581
F114905,0.50754362099953
F109680,0.5778503000682431
F109739,0.4175201551443452
F108604,0.3919757963766198
F119926,0.2531894308535072
F110659,0.5501016348720792
F101133,0.4908555241418294
F102359,0.5056082112000406
F115119,0.6012396915112534
F100481,0.34968564845270844
F117859,0.2617623532592597
F111367,0.43955937905367937
F120758,0.6048700641677963
F124992,0.4587690688385371
F114467,0.5274447697989015
F120538,0.5733317353867535
F110162,0.43806987343631715
F119008,0.39045788545039634
F122180,0.47818606513263806
F106379,0.5421137242141729
F110006,0.36003963244939174
F110663,0.48153704875774633
F100436,0.4263555297212363
F112795,0.48696742762311745
F101091,0.549836447560432
F118900,0.436041473547115
F101816,0.5388733499375992
F112398,0.4854553727818441
F106224,0.545968301000197
F123501,0.3660932518490375
F103475,0.46087751606437233
F102363,0.4153956623538589
F105358,0.4231033497163637
F104829,0.5882038676169705
F100457,0.4564144563368957
F107272,0.5758986100068209
F102041,0.6072825108307961
F111053,0.5652170448280222
F100347,0.4654910631948006
F123204,0.5171288783786346
F108279,0.5792271376236156
F100616,0.5694824740497731
F108313,0.3926840866514425
F123197,0.4801428852891884
F118854,0.5619780757932301
F100132,0.537697684487106
F112656,0.38842481278420504
F103975,0.5233948595116074
F119818,0.5584043036839672
F121143,0.43665300680314584
F107244,0.5247934918578261
F108060,0.502428842243687
F122894,0.5320430897816865
F111741,0.6014808136887438
F100069,0.5472536036592734
F106307,0.5578126860292517
F115312,0.5278927379427486
F105512,0.3335836408563412
F106320,0.48347946171246575
F113802,0.500737068054504
F121722,0.5972580735920408
F118239,0.49425064333505025
F111846,0.4757757348309399
F102514,0.6136245015858813
F121294,0.26661837570183566
F111037,0.5260042859145815
F115006,0.5914829762101035
F107019,0.4182247102915078
F113761,0.5420154595518252
F111747,0.48298313825430944
F105680,0.5099001415935782
F111048,0.5087555979736214
F124061,0.5198006158513472
F115904,0.42509022838619637
F118516,0.401126669046309
F123588,0.4273751675127861
F120515,0.5341011288239754
F111559,0.44499002598751386
F106530,0.427537268115667
F103372,0.4550529209939546
F111819,0.5422154776162998
F121033,0.5688702994424999
F108710,0.5624696145413849
F107884,0.5267272207408725
F100319,0.5020672041607523
F105786,0.4974721131188413
F102699,0.5042755736331583
F113881,0.412621761170542
F117405,0.6078523049507287
F114220,0.4533848685471637
F113586,0.2837739943384474
F106525,0.543567776130222
F110030,0.6065596450763927
F115547,0.568670585234609
F118093,0.4825965324542894
F118288,0.5140797184815251
F117867,0.4778043855185617
F110432,0.518046627329488
F106511,0.48010266600743323
F103281,0.5447817640787328
F104923,0.4729808729736545
F111180,0.4653262885207251
F105481,0.3976819240469848
F108121,0.5289752689433005
F114918,0.536483898945168
F109409,0.3332826484171477
F116426,0.49672730774725593
F117672,0.6361789660533903
F101721,0.5688583276088263
F109833,0.6249805726423736
F111326,0.3392520374878833
F123753,0.46611563225895347
F113958,0.4647153171591828
F100596,0.5811625669347831
F113235,0.3986884518449128
F114019,0.3705087601844632
F115717,0.5337481873514687
F100113,0.4355117697910022
F103440,0.5144465955263733
F121111,0.38083601271957124
F124067,0.4401722131933768
F113172,0.4049323232295124
F123524,0.513232919052795
F114516,0.37070018298730517
F101435,0.4518579847002441
F120671,0.5110605902015898
F115009,0.3718328316248757
F106993,0.45552245853125267
F117466,0.51342209514398
F115617,0.524483265367262
F105878,0.3953169699360552
F123053,0.5428208618398772
F123785,0.3666173622108594
F114574,0.39180478934118596
F107437,0.3802082679768187
F119096,0.4915946100770028
F104087,0.3684497102954497
F117074,0.5101736459600337
F122044,0.40055549252049505
F100786,0.570049505962267
F120152,0.45254084047594817
F112490,0.6098962905153071
F119390,0.5919916717820629
F111026,0.41581082694188
F122510,0.39329267750406977
F109558,0.4922997116811144
F111445,0.48112473280219525
F117942,0.5373262892040706
F104579,0.49487262299803697
F103727,0.26437279857364504
F106317,0.40047328066326254
F103178,0.5171896955591275
F117328,0.3748560302531272
F107768,0.4193050644479906
F106182,0.5088029513309731
F121044,0.5430635837296595
F102099,0.4996048798400341
F100232,0.4953160721787801
F112679,0.43311959334216604
F102509,0.4416996708924622
F113624,0.5490761315459827
F114772,0.48221752797682566
F110692,0.5342438644081703
F104192,0.5882893972993416
F113629,0.4893499075353851
F102074,0.4197824110341957
F121676,0.48581965106540004
F111755,0.5416585456730134
F114514,0.5469663303992096
F120982,0.5306778519038734
F112752,0.6271072323057438
F120043,0.4606709767865622
F108265,0.42966153812779423
F124681,0.3115933478305568
F108606,0.4016353461373103
F112858,0.4316216062439026
F121092,0.5998227928972034
F101178,0.4097712114252504
F107149,0.3223623711039015
F104620,0.4493366429918102
F108318,0.5406247112684915
F107654,0.3007344899854357
F124896,0.48823968050167077
F116837,0.35448456193761957
F117222,0.4542986316801752
F120007,0.51126494624839
F102435,0.39355379385264544
F123038,0.558396589477724
F116970,0.5816667418254928
F113000,0.4850956192591841
F108487,0.45669759106032753
F120673,0.35609071791454877
F120239,0.7059470717485967
F117180,0.607243658935585
F122650,0.5583112662749364
F106958,0.5804688234203312
F114174,0.4076836590718296
F121865,0.40841886960102264
F117237,0.456533781373188
F106635,0.48930305499674254
F124182,0.43368361033147207
F120917,0.5221427104435716
F110858,0.46211772138915946
F119426,0.39384347491834565
F110089,0.6105873271939883
F122620,0.5237902629788911
F101935,0.6327109707859114
F104613,0.6482508880438702
F102298,0.5829286963928645
F120586,0.4893324998776208
F100046,0.46168533474123097
F100068,0.4409764100191333
F102329,0.4295676555757046
F105785,0.6661528061844986
F112586,0.4558224321392422
F105272,0.565969359454803
F121977,0.486193262916963
F120410,0.4790557373756012
F115283,0.6604295268098633
F108848,0.5112254194686632
F115528,0.42492433232158233
F108267,0.4613972436884031
F112105,0.42649864088296696
F101488,0.4982005628202043
F114547,0.6184413690364299
F102462,0.578469703766153
F102570,0.542388361091837
F101198,0.37723531711968294
F121192,0.3215017604832353
F117306,0.5108142480685437
F117285,0.49034959346599677
F107695,0.4876806846995524
F124003,0.40198758877878077
F123512,0.5208963727197399
F118443,0.49952367789076235
F124277,0.5778048486041203
F112461,0.5490549971208398
F110384,0.5904038208058692
F114740,0.4962316765329299
F113960,0.4147953202007887
F103179,0.47211835012562087
F117723,0.6017894870442507
F120387,0.49517699170785573
F100111,0.596744378513817
F112568,0.45201844426720716
F107646,0.6643051860027156
F106897,0.45972310565338964
F100238,0.3139619216683783
F103622,0.4426822491720562
F111812,0.455370829520142
F103416,0.4838868171706029
F123299,0.550509005961827
F107544,0.43286970419547277
F110978,0.6419412445179533
F106090,0.3755359443287078
F108764,0.4515668424381129
F100397,0.5185019210687449
F116463,0.6051698257483948
F116126,0.5517816834393714
F120209,0.4145455999408509
F123346,0.5252317386785625
F101739,0.5624027629476217
F108434,0.5088321927720729
F115005,0.5026295978917141
F123862,0.4176895292821305
F124180,0.6402316296823044
F124448,0.42925830923840924
F114337,0.550664052732071
F103674,0.33725599207008067
F108345,0.4946398760655348
F115688,0.568741350134859
F110266,0.4468142677659718
F100735,0.5325800220413293
F116776,0.5632850433410356
F117603,0.46485504181754334
F109916,0.41338657019869496
F105859,0.5143481105267684
F120267,0.6267696006819835
F100041,0.36998850995610827
F114112,0.5588049619998364
F122517,0.5616459703701641
F109629,0.418588580813913
F112903,0.3752934833532069
F108998,0.42963604825587426
F108069,0.2890020942444851
F116501,0.47226681016831135
F105122,0.4795348000518356
F112860,0.49785061025589455
F118610,0.5121722217122018
F105353,0.39740585195481337
F123045,0.3896336244885321
F107278,0.47505874878328136
F100318,0.522279751195667
F109681,0.47435268365383787
F101889,0.4727067043592311
F100483,0.5380930566574293
F118673,0.4879184859840035
F116600,0.3437648996649834
F116252,0.458628113416151
F112777,0.35501209753618745
F115402,0.44376521162083565
F113566,0.5717727331545561
F119293,0.6034506560364268
F110165,0.56403951794916
F103713,0.6365517994585732
F105509,0.4297036465467009
F120449,0.43756792668265815
F120972,0.6343415315993332
F104940,0.3717711748868221
F124352,0.5010660050929594
F119526,0.4597829908013964
F106770,0.452896641036219
F104770,0.42227920206379166
F109952,0.48395678753499877
F116873,0.5752335689227084
F101875,0.571717205153508
F111046,0.5963821389078385
F117438,0.48435397020043885
F106212,0.6014182111294215
F109351,0.3947247399580255
F110387,0.5529487291939236
F108809,0.611128037398268
F119580,0.3654540666604773
F114125,0.5167412681860264
F112232,0.5702576279696263
F113903,0.5002482460872159
F120591,0.5677902561354754
F114403,0.5854818318715868
F105295,0.5153042414351506
F112464,0.519876298836273
F117381,0.4988719496189997
F110755,0.48891877613340134
F118218,0.7054122711969977
F113302,0.3774352669586207
F106722,0.4596758066557257
F124082,0.4339402483949857
F113021,0.6332030708666438
F102532,0.47723766137085516
F121063,0.505347538017451
F101080,0.5044321871075428
F104395,0.47647909996655274
F103376,0.4429822912932605
F110041,0.4746578600161214
F111916,0.4303017068422752
F116200,0.4872768560732286
F103431,0.40122107522609757
F118538,0.34536018706693483
F123514,0.5614845457205051
F104533,0.3725569218702216
F103570,0.5374610324792829
F109084,0.48338987416704854
F114609,0.6134688298407438
F108504,0.5095892446212482
F116434,0.627116806652446
F108227,0.5296994118456445
F100127,0.6219044740115405
F101259,0.43701943942204824
F107802,0.4923436313931046
F123662,0.5977105048280398
F123505,0.435739103823398
F103341,0.47204312688642963
F101878,0.385717747554428
F122335,0.6284173498499068
F114926,0.4376233112973729
F112749,0.41657889574374324
F120743,0.5920343539321518
F102372,0.4197826855839341
F120013,0.6190129175993557
F102001,0.45718095021774663
F100244,0.5850292686462307
F113693,0.4527169563770497
F115722,0.34630904617697883
F101725,0.6392211727223842
F114785,0.4874827537311375
F124588,0.40714354338448555
F118819,0.491031454337236
F103671,0.5596466951172142
F111594,0.5587100195224779
F124455,0.6431658159322986
F121918,0.41597258623845057
F122591,0.5129834549790941
F113369,0.5007303508795555
F118722,0.48427556144003525
F116016,0.4781655420631537
F113935,0.5408173756531769
F109356,0.46742891355087357
F111987,0.654639757316964
F110258,0.49822584150608457
F107097,0.48272959994043124
F112730,0.5241568909563179
F103556,0.360688398158135
F123019,0.5230852784333512
F110793,0.4401711963497127
F103710,0.5750417016746194
F118667,0.6430865352623814
F108881,0.47941543352685767
F100493,0.4412375304868087
F103069,0.512831376492064
F121785,0.5812304086120194
F113336,0.5775111736450639
F114546,0.48588302647328657
F105586,0.3065369556124864
F104295,0.451606132356274
F102582,0.46333333166581603
F109445,0.46643342940035737
F103267,0.41039314511494507
F107720,0.23356698532051554
F120164,0.42277397902056113
F113248,0.514028953971641
F122136,0.6361290147848685
F107342,0.531924709298853
F124093,0.48556799927746536
F113243,0.7073418063834593
F120506,0.33593752177731506
F102954,0.40872237512442855
F112163,0.5158125642462105
F115510,0.4180074017485397
F118183,0.5194746039472421
F121201,0.3339432707993425
F101329,0.5579407017376927
F100788,0.3699377672225713
F119650,0.601930249262163
F102550,0.6404185313256501
F107739,0.4155377635084347
F114153,0.4049196672538281
F109546,0.5856557041747756
F117778,0.5898189286174181
F103118,0.5202284057585751
F111196,0.38924453132639325
F122656,0.36139413102480544
F115843,0.6390739584007963
F124569,0.5779000024509747
F108409,0.47367138490464605
F124571,0.4850055380768133
F114093,0.5228856314932274
F103005,0.405635700100005
F110783,0.4786482231477964
F110012,0.620900546613859
F113210,0.41110196636621976
F105146,0.38931086040831875
F105652,0.5315405872989878
F111864,0.5951829329331629
F121625,0.39835708660321445
F108092,0.4205598291440546
F119396,0.4065513370237889
F107290,0.5426832402553456
F109707,0.4334710549047883
F103049,0.4054103748035849
F118042,0.5742253582918115
F121709,0.5661269888283093
F122875,0.5504262474203767
F115222,0.2754337531062009
F124603,0.5589117147038339
F115790,0.27806717227264655
F115559,0.2971468850832315
F122931,0.4482342760661682
F123003,0.5023468039244463
F120315,0.39756627802595934
F106856,0.5274155807887
F105944,0.5129542151557315
F119016,0.5840856823782944
F120432,0.3288480862595922
F103390,0.45109394737683073
F123832,0.47040669565335924
F104267,0.5461873103952638
F124155,0.4665134678553936
F122499,0.48117594834906235
F112590,0.35265391071719604
F108794,0.5345963777763943
F117884,0.566864671828744
F101414,0.45568052978818674
F124838,0.48140399349159324
F120618,0.540999762891115
F114940,0.5148275985120078
F116288,0.38844279946833327
F104706,0.4752591594189915
F119711,0.4471140407090221
F121160,0.5699732892030506
F119881,0.5427576089767558
F110371,0.5298196170102412
F110281,0.4205596325448908
F121284,0.4246404948025882
F114100,0.5085255955505307
F120596,0.4667630632688263
F109962,0.5455788073397547
F102036,0.4892999437336665
F113259,0.5112819297639815
F112953,0.42747576505638774
F118878,0.4231865456900537
F108423,0.4263262071538744
F106936,0.5461877869560552
F100189,0.570301497322968
F123756,0.5613993905217588
F124602,0.5649445806895841
F106319,0.5582071590443242
F110584,0.5400478894351365
F118770,0.39179182650303596
F101006,0.48573740798975934
F107568,0.5994545989371678
F124706,0.46334627688245456
F106804,0.4211378893511902
F117933,0.33521322852403873
F122431,0.5036082769240435
F123497,0.5167235795494848
F113675,0.46366264940222535
F119945,0.40248513490842797
F116032,0.4149766127971692
F121432,0.4160478398501853
F103034,0.5098075728618366
F102413,0.41510880358707347
F123265,0.47570052125307005
F115676,0.5596500056924827
F118594,0.5253566809918547
F124788,0.5966724825474796
F117485,0.481162826248962
F102109,0.519348202766363
F105283,0.468918761571363
F105569,0.4296145828516379
F123605,0.6393085229130989
F122857,0.5116979570231097
F118086,0.5250841870373029
F106134,0.4185117346542623
F103631,0.4859604444812361
F112675,0.5465517704479292
F116646,0.395978292124648
F115298,0.393084973033338
F115971,0.4625213181836334
F120695,0.41636546496423316
F101541,0.4030690282327522
F104516,0.41798825486389957
F124852,0.5151116189738679
F117490,0.4696159085341364
F123294,0.47286173867100995
F116042,0.5056397327116869
F115598,0.5024786496317484
F124606,0.4974028888531236
F123131,0.5629317350259091
F114418,0.4477039335474709
F102839,0.4727516849822207
F121594,0.5332807358255546
F112979,0.4770078924334291
F122535,0.48864942588992927
F122674,0.4604728055426291
F105220,0.31208851499970414
F105256,0.4654884219348899
F122730,0.5497230327750208
F108822,0.32568293152781774
F111793,0.38269545888306855
F123812,0.6563008602442822
F118476,0.422450055603828
F120551,0.5382936773198068
F121677,0.4587709868863483
F123876,0.5434724038274853
F121835,0.4926546717892684
F100352,0.42666109218586845
F107783,0.5369857417781697
F119602,0.6447834851295786
F111614,0.40922241051311703
F112908,0.4566945085811875
F121458,0.2536038986192816
F116574,0.38257109538152406
F122101,0.4850142264303215
F110102,0.4245054441572351
F113364,0.5002134602778583
F119090,0.5284711837944168
F117669,0.4613523524916909
F107548,0.6523157241557364
F111353,0.34020778082627967
F107793,0.41769401321183963
F109456,0.42326546378312196
F119190,0.5549776087032762
F100871,0.4924181112113631
F124789,0.4534878372281395
F122820,0.4596798090112481
F116446,0.4765659249809209
F101547,0.4899876306515601
F121456,0.4862795987936666
F108139,0.6225556630125819
F102688,0.5129981245385696
F100211,0.5428247997058345
F120738,0.44751359504770394
F109492,0.6725367110315619
F105571,0.6468285952501867
F113667,0.5734190073874457
F109585,0.47095574374954374
F114159,0.4517940865767586
F115270,0.5160783927463602
F117514,0.5392051549750736
F114057,0.5219714452576026
F111332,0.6714223632623526
F114967,0.6490747914656456
F122004,0.4269636163331802
F108552,0.3827933830497394
F101761,0.5586055466693465
F119131,0.5906217606759634
F102445,0.5780944770561441
F110385,0.5089399233670159
F123025,0.4852248129364145
F103895,0.5274918734125952
F100394,0.49865588222102974
F123103,0.47435838089398574
F124655,0.4881383359160515
F106034,0.5294562752344959
F109975,0.487420769331105
F100749,0.5581653998534717
F124485,0.573624044214725
F121707,0.4608183921874688
F101121,0.5724361573755495
F105246,0.505324555633421
F102499,0.47769259991001184
F102212,0.5233795744239393
F115575,0.562337117278589
F113552,0.47737265782606847
F105535,0.42929492914177936
F113396,0.5352550935175506
F101324,0.4640995833142167
F120553,0.5671747242826877
F104704,0.5957936578601943
F121960,0.3840897468903546
F112070,0.5275791588849229
F121825,0.5124716568425984
F121673,0.30367658741239834
F103434,0.400185042579649
F105296,0.3784770617776357
F122516,0.4242592928662603
F100670,0.5183304829194438
F104567,0.5016504426950414
F108055,0.44001524660131613
F106746,0.48495174416568443
F100150,0.4397298930365838
F116429,0.4335146352784557
F111914,0.4202777911357999
F101880,0.44627560319167486
F110294,0.5246830682105695
F106303,0.5190322783918193
F122586,0.41952741132199767
F102804,0.5886497969511382
F104494,0.42570710677306384
F117225,0.5652703780600945
F104177,0.5583163802956108
F107056,0.5071377604628138
F100299,0.3622254366188104
F112302,0.3605243141351671
F114859,0.39385722844522597
F121982,0.6182438989511351
F116403,0.5986342659543753
F119557,0.5630771654117082
F104582,0.5216989137348872
F102354,0.4000241400050929
F122838,0.5573020498289833
F105431,0.42526541627120334
F123713,0.5599316681243703
F106613,0.5213569524148246
F105958,0.37856529479277756
F101181,0.5968956019604205
F104204,0.4705653447606131
F105710,0.5246181043440674
F107665,0.552499509406121
F124567,0.418253739243524
F123109,0.55778592495675
F103918,0.4233232165468975
F124696,0.3628085688686563
F117096,0.4820637284504645
F105187,0.4871847744996524
F122220,0.5227190500280993
F114107,0.46322814074451624
F112136,0.5004255289519751
F118032,0.4556556903525765
F109142,0.41735578773744575
F106222,0.4198779615733692
F106298,0.46855602010530495
F101655,0.6100994505014634
F108665,0.44656605578141106
F104263,0.6245440973052747
F123869,0.5350168799547718
F124312,0.5376566537086067
F120942,0.29321090775556224
F107799,0.42016279675825474
F105173,0.5278089739685752
F119324,0.43822884771238485
F120332,0.590658777252567
F114902,0.49738214258686636
F105902,0.48108760087555674
F101001,0.32527058216466187
F111473,0.5000426267426951
F110267,0.4399748827871864
F102348,0.4211242839068568
F118913,0.4993309035844706
F116563,0.5048584790617939
F110458,0.505410149389961
F110179,0.4917704515064104
F108014,0.6142229199876049
F102159,0.41688411299160255
F118487,0.46853344026042976
F114608,0.6085569926735948
F110313,0.4463164736554704
F124704,0.3385891247086755
F102057,0.4589948186024205
F100241,0.4651973120483543
F121196,0.5346104013712545
F107331,0.79395929016626
F116932,0.49674129788969074
F113258,0.5680853849453539
F109453,0.4763386324283915
F110831,0.45087366705052934
F116694,0.6142272318517237
F100843,0.4327532732987218
F104817,0.5279385994881443
F103448,0.37194208413102203
F109161,0.563376370477889
F112255,0.49492445540434127
F118347,0.6036813264084556
F108525,0.5439066190704691
F121777,0.5733903108701871
F110202,0.4835836619997267
F122209,0.26730738280644645
F119286,0.46588686677185
F110827,0.5245430103035222
F105330,0.4149506573583665
F106960,0.43718946352197285
F116733,0.4516867202897624
F114348,0.5052479928305765
F109408,0.46364289615586873
F109497,0.4350376441773928
F105552,0.4509647312077183
F109376,0.49264320574557147
F115208,0.4535358907597464
F103353,0.48310800219845873
F104806,0.43232168210743127
F103276,0.6229503681550028
F117153,0.5145855035405448
F109447,0.48015156529883757
F117572,0.617488075618857
F120533,0.3792161989542435
F102829,0.44401030150135157
F123721,0.44393986167759747
F117607,0.5703667782607463
F121646,0.47807206013790116
F108865,0.4733513340721621
F118222,0.473264697618931
F116585,0.546662105648178
F100804,0.5260882342158208
F109867,0.4325297294564046
F104274,0.44669675802259246
F122752,0.6269021941324917
F108635,0.425895245078373
F115699,0.3875740375193032
F109846,0.30014839120370973
F103151,0.4440267472400472
F121216,0.555530333487499
F100833,0.5028088544342715
F103664,0.41618801366887537
F114986,0.44809317086368977
F106330,0.5402409695241012
F112616,0.4010425808311159
F117516,0.33415970190114264
F103206,0.2983683783515305
F102168,0.41320164498971473
F119550,0.34500245922564493
F117544,0.5236172875505857
F111964,0.34011862383542424
F108758,0.42931301368453506
F122380,0.45474424886858383
F108388,0.6173928134147829
F105221,0.43811027300698724
F112011,0.5067607643708877
F122060,0.5627816632367469
F119625,0.4985437294974799
F116159,0.505812222475515
F118197,0.6086921121657558
F122855,0.48853279685987094
F103280,0.4550163066660443
F123066,0.47268068219478837
F114489,0.5609627485004514
F113341,0.479916356433011
F123104,0.296640436359228
F121913,0.6757399260776773
F116967,0.4926883796535997
F117692,0.5424269047946726
F114449,0.6914161598839125
F114917,0.4092500745760628
F106626,0.685821197849561
F105752,0.4180199651163953
F110180,0.4190668136820046
F122579,0.5341242340522964
F104771,0.32380832762786715
F122049,0.6320599332387913
F121834,0.6112106051203012
F105643,0.4070476023738483
F103538,0.41422936003746214
F104641,0.4365911107783509
F105709,0.5548008390684521
F103610,0.42140808294813076
F120886,0.38373849594076226
F114229,0.5735445324921187
F124875,0.4861073833240507
F110680,0.6575164520969058
F101671,0.4937383540735807
F112428,0.503303996527032
F102048,0.543371594424031
F121862,0.5763322436180173
F106191,0.6223838475698338
F104268,0.5830649507552276
F121265,0.45151529403073826
F110088,0.42527557842880187
F116110,0.5027324472504161
F124891,0.4548341986864858
F110683,0.5408604990959341
F100801,0.36038315463375686
F104725,0.4037372258583199
F105176,0.39466411165978826
F108128,0.5697661858754024
F120237,0.3804099873386846
F100023,0.510881056194162
F110705,0.497226697761347
F115600,0.4416662627053827
F124518,0.4131839320780373
F120303,0.4373956107232968
F123287,0.5198699693725582
F120924,0.6157207350362398
F109199,0.45550997264461834
F102014,0.5062648097553222
F105763,0.3938750348123972
F105638,0.30250417694417053
F112786,0.49059340781638294
F120516,0.5899146010469287
F107868,0.46248529267246047
F115045,0.41394334984368086
F103465,0.4744586182843681
F115988,0.5980964578144443
F100205,0.5765701882076023
F113413,0.4727453888251074
F113198,0.40397536493313185
F101460,0.5154778985038502
F106150,0.5935450834758933
F110552,0.5029861034482139
F114387,0.42137408284862055
F116026,0.4846966026145337
F100626,0.6469866588895162
F123500,0.5147179517661947
F103668,0.48677853430371426
F101415,0.5757190849421727
F118214,0.5389729404370273
F116914,0.4217742710454053
F111586,0.33660411477387975
F101520,0.4247613263591464
F113776,0.5612139649360695
F100242,0.46371909692448166
F121541,0.6704137270118239
F114306,0.4268521347985634
F104640,0.5112815182743189
F115144,0.5448505151488925
F117476,0.33269586585289107
F119201,0.335470861717564
F119942,0.40977959432465677
F121040,0.47001416631502574
F106973,0.3613433089516378
F118779,0.4676254022943013
F122201,0.5290648643472982
F116886,0.4991336632823044
F102466,0.5731462937380857
F102121,0.4176989468154963
F108853,0.5353435928635462
F117553,0.39380926503537017
F104284,0.48054796305288106
F116616,0.36128014568132294
F117409,0.5494472357159805
F111888,0.5849767595064862
F106624,0.4502297544566841
F120501,0.4143233729955384
F101295,0.4849344642087666
F124986,0.34069309577522267
F109667,0.48875600637718597
F124245,0.47245893585335563
F102754,0.5857104016338806
F118902,0.3136048173415258
F100537,0.5137941431809402
F114802,0.6096760980089375
F124943,0.5236445488477515
F107886,0.5423068109687949
F122870,0.45081678216585536
F112378,0.46816021395419216
F100221,0.35654275655274953
F113208,0.5477291912848596
F104351,0.49172311768215726
F115314,0.4891772126426943
F117939,0.5935085426939052
F109436,0.5827324946505121
F116634,0.5486305495767227
F115383,0.37416021608697164
F107327,0.4428369656896198
F108158,0.5465575000790828
F114614,0.5861750787135311
F123110,0.3884654357198
F108691,0.6399576926736332
F107857,0.5322918762670705
F107919,0.5586724956818743
F115243,0.7229637534694922
F123530,0.5765642891502066
F103297,0.48862356919650857
F108000,0.5344240587558698
F100174,0.5101543195177505
F110677,0.539840554478172
F123806,0.5121240308268759
F104614,0.39685858816824116
F106828,0.39998918004324097
F118335,0.4505705432622217
F116127,0.48067422444254565
F106574,0.5042061176487042
F114778,0.333855417662031
F122104,0.5257599197832996
F111475,0.445546064699013
F104444,0.7113383173692179
F116934,0.545156777290781
F122685,0.27857645801870884
F106771,0.48855657199796065
F114030,0.59520127491817
F114040,0.5656906605784248
F123008,0.5210224625395057
F117483,0.4007718004224529
F123134,0.5109128454851026
F109641,0.5202252245274721
F100021,0.38665529469877624
F102331,0.47984012060227255
F110192,0.4890281071572732
F112160,0.4839509393852606
F114617,0.4108100790976604
F101262,0.5420454681979594
F102042,0.5169521390809635
F114016,0.5590771826080029
F105974,0.42838266441257333
F121644,0.5651931670225508
F115526,0.4596421955971793
F120734,0.5179486365058801
F119489,0.4210319272813635
F108299,0.5155022224401312
F124615,0.43348286598059393
F102652,0.4533422223840565
F117699,0.47158975278163573
F118761,0.4460022501435231
F123637,0.3117418066883909
F108355,0.45459339745143323
F100950,0.4069446506453588
F116741,0.5344980812096249
F112787,0.5195390293311392
F109995,0.4232632635935226
F113120,0.39268155828712686
F106926,0.45925228534393964
F119874,0.6393209790948808
F117045,0.4612561221773706
F107271,0.6050933234673586
F100737,0.39743341646093666
F115949,0.4214988009740396
F100611,0.5237210075648189
F111171,0.5375363522814094
F110406,0.5007900720380574
F117598,0.38216404124697023
F102524,0.4113468055591021
F114340,0.4321656783112119
F106448,0.4727665901388691
F115408,0.5379963720722406
F112179,0.49673821464289253
F121369,0.5476538811942425
F110713,0.4607530843094306
F102955,0.41505509551686426
F105074,0.40790234009014437
F117019,0.4053264423305369
F101572,0.44915322606276353
F117916,0.49262884977290206
F120541,0.40986333308894823
F116099,0.5269189744682692
F115933,0.4393153236829578
F104099,0.330336598594818
F111550,0.6311140828184161
F116738,0.3305904095914758
F114550,0.4819976660455053
F120782,0.5092373031646793
F109113,0.4779606815791425
F123023,0.5088046379671181
F107213,0.5503720565939306
F123540,0.4907396556385657
F113169,0.44137093281315243
F105377,0.40382341709904923
F107084,0.49882684140049816
F103456,0.640323118956037
F103227,0.5352673656543119
F120513,0.5660820771210503
F100015,0.457443126914302
F122876,0.6186438261383159
F116229,0.478010827875171
F119012,0.5597696359046509
F112286,0.4717109069030429
F107104,0.39326522587376694
F101822,0.4675669115957643
F109747,0.5222120363550629
F101029,0.3508463147204369
F115060,0.614193926350561
F117560,0.3473535626914591
F119779,0.3318988522357901
F104595,0.5245876689286276
F114554,0.4625964926260219
F101801,0.4552333774654467
F117575,0.5172766087922557
F112592,0.44668595286745644
F118845,0.4656086821213876
F102220,0.34832379586129186
F124831,0.5171253753541175
F119264,0.44707105331400926
F122355,0.5570350336631649
F108102,0.4294223597808521
F120918,0.4578668059698095
F123443,0.554591458452276
F106225,0.5409664373674505
F104738,0.544727084401458
F114417,0.46300891107109327
F121976,0.5341425935816678
F106774,0.6065907112353438
F104638,0.49339845830362655
F119039,0.4472518833720007
F111484,0.497783377009423
F110971,0.5664917860087362
F117772,0.41569588561294835
F122712,0.5095629604990914
F108402,0.504461081457861
F100396,0.5296628431217879
F101740,0.5253081355380291
F103705,0.4647296801497778
F111554,0.36538177404458205
F106067,0.4942587655243654
F100543,0.3864747187779496
F113299,0.5405293555733088
F124487,0.47411285979457823
F103540,0.45077889941132016
F104227,0.5077987768281755
F124262,0.3646870085248969
F106168,0.40060540025647473
F121499,0.4754144322777931
F107348,0.46742837045418417
F115613,0.4887625335012947
F100972,0.5146822691181108
F114882,0.3407869576604162
F101137,0.5115672172080571
F106247,0.5920888111438027
F113304,0.4477278979642751
F123030,0.46327607934399234
F105610,0.5346216400198188
F112978,0.5992050696847112
F116077,0.5733886543726049
F118456,0.47835104332446937
F103194,0.5051424396158994
F115574,0.5869577739158708
F112544,0.5148682507222978
F119809,0.4764645205868382
F114611,0.5622717661573537
F108134,0.5203414878707582
F100329,0.40985789715208776
F108247,0.4327071029893052
F123227,0.6071434895634609
F121253,0.6106107489310328
F104626,0.40816498553277986
F124350,0.4418834877262572
F113339,0.5639803759113604
F102915,0.5822570749886339
F114654,0.32658152183190736
F105273,0.3469271204281957
F100033,0.4452591456740007
F102742,0.43284820734669116
F120354,0.5024520579361329
F124715,0.578599188795222
F110031,0.5413585719114642
F107906,0.41353104190037326
F120793,0.48417369420238277
F111450,0.40712460070337264
F118964,0.40227727735813856
F114254,0.46101097898774746
F106058,0.3348351891609743
F120668,0.4728229737963966
F120913,0.387630268961859
F117160,0.4342426211639784
F106648,0.6181611348527285
F116726,0.5815162777798295
F124577,0.4117056199951765
F111525,0.38497327014604066
F112745,0.5844496879776119
F119702,0.4848381852262365
F102116,0.4158013264907159
F108772,0.4899836348212071
F107424,0.6483906062839702
F103479,0.5842007320416777
F123149,0.572635748655771
F111072,0.46054046215578953
F122097,0.5643575671643306
F114087,0.5556422600489287
F104809,0.6007455429417774
F114098,0.28388183970469894
F116880,0.627558644745581
F100450,0.45759656379143104
F119057,0.48965841187566866
F103666,0.25947713197764566
F120106,0.3949604875409718
F106571,0.48175828301123164
F103970,0.48346785639463863
F123969,0.547138744833169
F111255,0.523909411219927
F103344,0.6071047883377119
F119143,0.5303899790942006
F116577,0.3375746369071173
F114734,0.548411274572734
F111250,0.3828662593270864
F115135,0.53489442992427
F117362,0.5469054708770399
F122260,0.5223880018648812
F121277,0.6435356716252723
F114783,0.5850630100892573
F118109,0.47661799756549117
F100387,0.4965261111255593
F116031,0.34392166474384633
F109014,0.5267193143080497
F117456,0.5675041549989728
F113480,0.5633740294732865
F110667,0.5861962882753561
F101209,0.48907214517637493
F117971,0.5331790554086155
F112292,0.4579556802631948
F117732,0.5648692265312956
F120448,0.37916724916644595
F119957,0.41820373019905793
F102918,0.4468911758877146
F122528,0.5069147223440503
F106419,0.47783024823618125
F106697,0.5019691737784036
F109567,0.5277520719010996
F104619,0.48078747763357277
F102647,0.38882304947964175
F123916,0.5739017021009618
F109131,0.5604606664371005
F108962,0.5355639190679385
F104775,0.5590524599392238
F110756,0.4182669555165588
F113157,0.40483049970584
F102997,0.46931139490449997
F110631,0.47151154954801927
F115863,0.4970203026784754
F118447,0.4011990381454331
F121168,0.5550569893259194
F111636,0.4591242281684016
F117868,0.5745716113424298
F111859,0.42423563320474256
F109735,0.5900314930319928
F105767,0.617333438720911
F117143,0.5170893928541452
F116763,0.5019892429377367
F106437,0.5530904793492205
F102046,0.4380531302440417
F107609,0.4831314369172465
F110945,0.46995799464644794
F105453,0.4492284250258082
F105821,0.5153200828667098
F116964,0.38957269801946826
F119609,0.5145859914234425
F120583,0.38478976510837387
F106125,0.5018568819273688
F123144,0.5629373803811817
F119423,0.5795557820160627
F100607,0.30358406891337053
F116199,0.4359838264055434
F101866,0.5667307334298413
F104493,0.4844607956603387
F116889,0.45772996157007595
F109869,0.4739042376917242
F112334,0.5842627224272369
F119889,0.3700163022319216
F122065,0.28249452633986316
F100180,0.3277297770921326
F115350,0.46214797878712854
F109477,0.5117152421325475
F107499,0.4520990617222392
F105684,0.5019609947837224
F100048,0.466558131484803
F113232,0.4372500486374553
F108315,0.5286380365990547
F118372,0.5577728069676331
F110926,0.4554524710018216
F118041,0.5677533226702521
F104956,0.6154866448572056
F122913,0.47658003332366544
F116989,0.3897762887819632
F111260,0.3357500576105338
F105667,0.37584640271292824
F100714,0.39578596847053915
F122146,0.49229346833166304
F119385,0.5235362864995746
F103670,0.4606359717513867
F111921,0.30930653491662363
F107414,0.36379246549635536
F110289,0.5871426212424186
F104935,0.4847205388474016
F115644,0.36064384301643665
F118561,0.4428657156236899
F100682,0.4433453935214217
F119620,0.42708428342013266
F102396,0.6809867726240011
F100888,0.4529599956465215
F124987,0.42965475787057555
F123840,0.6237572152685285
F120103,0.49727289615785664
F102143,0.4129166681088193
F112685,0.5041014522580952
F101695,0.5118550294632953
F111547,0.456417196663549
F106878,0.34808050795716783
F105463,0.4247180640790228
F109522,0.4632535222917279
F111452,0.41768906883236817
F111170,0.48005396297959707
F114262,0.41693890736749945
F120833,0.4827599308838758
F102365,0.44537676956988753
F121002,0.42592704913934826
F109692,0.3465683508071993
F105334,0.6150076108502129
F106531,0.42159488857428695
F109518,0.6161816619980478
F120188,0.4600620744078651
F122584,0.4703503672090025
F115206,0.4904504127284736
F107333,0.45065698282296696
F116085,0.45677417612707777
F121053,0.501461975920262
F120289,0.5522590879346401
F102184,0.40066418414871735
F114959,0.5057348841643203
F110254,0.5330254759384974
F105043,0.5743464682893483
F119184,0.6340651289612309
F109940,0.4159715943167729
F108876,0.44184673264725866
F122769,0.5960743614052081
F123482,0.47654018869657544
F120725,0.4369385173608676
F106669,0.479574549542844
F116794,0.5825231030324913
F104178,0.4256771307324035
F105928,0.47818482475797514
F115701,0.4078889872640654
F108235,0.3686419068438719
F116928,0.5000443406563252
F118749,0.5752341379240271
F121008,0.42767096219144635
F103694,0.4298962077418286
F114240,0.57615745265079
F120027,0.6602565352765228
F124782,0.561068258893827
F116378,0.4443876765209363
F105209,0.5013809605092171
F112018,0.5544007919280591
F106250,0.6917074244315413
F109953,0.35147316128096434
F101543,0.29580761916863574
F121509,0.5844993385140411
F105628,0.423022192058502
F115546,0.467046908493018
F100704,0.5389366845597867
F110368,0.49698446980881056
F121528,0.4947010287340784
F101100,0.48608811289381043
F112525,0.4169994612500178
F121356,0.5885372304392222
F115951,0.5394224986407538
F107795,0.27812144912392195
F108817,0.620727520650629
F111387,0.4395491674187897
F117804,0.5205111486870012
F110936,0.64039779169499
F114004,0.39205556553695686
F107270,0.5678114679341488
F119956,0.725698234044496
F111828,0.4290973286018994
F107203,0.4062068128776393
F116496,0.5882545805851558
F119361,0.411632317441414
F115552,0.49202499115889214
F113702,0.49557565802817294
F111225,0.26535693689451845
F116943,0.5636482434516172
F111429,0.5109753782299178
F113806,0.4297333718297511
F123307,0.49392463944494475
F119728,0.566048022039955
F103180,0.34958769748846175
F108160,0.6288137011723002
F119338,0.5097884638532698
F105024,0.5951743988453062
F100983,0.4953450112757438
F118064,0.3596763286198636
F108152,0.4473809619207765
F102301,0.44541481744669725
F107420,0.5594605049959833
F112453,0.4663013884979216
F121252,0.5056609442811921
F103182,0.6685262498191701
F102746,0.36593111242449916
F110087,0.38176009643960584
F106141,0.41192117226562613
F107022,0.34087664415843044
F103397,0.5126665566393149
F118137,0.4578084875957863
F122022,0.6028652012569363
F116906,0.5116778239208918
F123841,0.41122830415047895
F100930,0.7495593155388057
F119076,0.3539919319895061
F120302,0.4851402066663549
F105583,0.5098591860021513
F100630,0.4230933002878787
F108776,0.5867281341905545
F119459,0.523000195650512
F112620,0.49219419002677783
F108675,0.569191665248435
F115164,0.398869519954955
F116255,0.4253828625976193
F108207,0.5443169713993937
F121915,0.44143673088467045
F122673,0.5472609340927673
F122512,0.46224537056055776
F105207,0.6210502809495759
F112600,0.43623588493054666
F109251,0.6232760012393761
F124775,0.5242576252463654
F107159,0.5708901513001623
F114438,0.40761561980122124
F116936,0.32067536024461074
F109971,0.47298010560827436
F107529,0.3578321818790164
F105347,0.462031680263209
F119872,0.4500927411107317
F124963,0.5113220292461438
F101527,0.479992431287953
F123725,0.4304517448121168
F109802,0.42857078104719204
F105605,0.48216372063168644
F114987,0.49815854468598464
F120330,0.4690283074789793
F112090,0.39996937591383874
F106455,0.44738591015594664
F111162,0.46685379724217985
F113014,0.4587630551104902
F103680,0.492303207108822
F115260,0.39187835720230135
F118706,0.49849990323831533
F108389,0.4412108353347194
F108743,0.5485654651428185
F120572,0.5817681331255786
F102141,0.3898245122477684
F102149,0.5089711840649688
F107157,0.36780062944021674
F106026,0.45850754919146625
F122189,0.5937101634633143
F102726,0.6133928097759211
F114612,0.4606635494276098
F104564,0.5698273014386042
F116599,0.48436896362400467
F120026,0.5561730708193113
F114143,0.540486966144889
F114824,0.5242330962732528
F108145,0.39380904118592175
F118207,0.516559779608902
F120984,0.42628448453629764
F107103,0.565759610027605
F111360,0.49412912152790567
F109123,0.5293030321071952
F103665,0.6368548443869286
F114115,0.4014922139518026
F120105,0.49240985472941934
F102511,0.44906011008928576
F119174,0.39157199171454604
F123222,0.5626529507907105
F102727,0.3454373050359494
F106054,0.6413316892490288
F108133,0.5073769920913845
F102594,0.371989690489848
F102784,0.5474339508868582
F102210,0.6479110340655665
F110644,0.3784630772701634
F108530,0.5586620465716776
F122155,0.6637635325213695
F122742,0.4045404550064376
F124974,0.5536035784464448
F115568,0.4320941248506823
F120682,0.39697804135536136
F116180,0.42353234714438925
F106255,0.40730584559239036
F121255,0.46408799623168395
F111424,0.49121845592645463
F114445,0.5230361321687601
F117142,0.4954177060290877
F119968,0.45710894526859963
F110742,0.49100442344113093
F116012,0.5313644148948411
F109110,0.48212421207077777
F116905,0.6369068754058524
F103635,0.47701675939638705
F101384,0.5932580976304482
F120545,0.45618294423770167
F124205,0.29308784103029517
F116805,0.5870019391995691
F118784,0.6239690473574545
F119155,0.5337868501975047
F118983,0.5186352854665979
F116295,0.4740504641129658
F118537,0.34298101082288335
F123906,0.5525123346173725
F121359,0.606936267094365
F123295,0.3501883004316274
F121403,0.49326361799417584
F105128,0.4874353652758245
F111939,0.38712258951821726
F107201,0.41709386194658715
F117098,0.32786395269505264
F124004,0.5339663617642874
F115084,0.6028277281305093
F104987,0.5315330327343597
F124186,0.4481531275945653
F124105,0.5945658537436107
F100614,0.6339950143056396
F115920,0.44986557504590374
F107100,0.5626606076232673
F104083,0.520341059009674
F110329,0.4360524258048187
F113009,0.5953580537031323
F116174,0.5293497001515345
F103588,0.6219071885722751
F124689,0.4475811661422205
F104814,0.542763154780117
F100589,0.6323067666717428
F104918,0.571131214695688
F119414,0.5994591697138337
F113072,0.4374552008301582
F109966,0.4802181971459452
F102358,0.3759729957312719
F114326,0.3339934195887665
F102052,0.6122184098371843
F121229,0.32464606862420425
F115500,0.4918195532466952
F117940,0.44427792055426296
F100940,0.5561639969369696
F105314,0.3996767981639424
F105479,0.637726531221572
F115016,0.4558455812153028
F114400,0.5348484400366342
F118291,0.5170087292157836
F112755,0.535575425589939
F113345,0.4092854172869623
F111589,0.45234168786884293
F112817,0.4829399182125319
F115899,0.3238446583429424
F122372,0.5067136620121598
F107231,0.40751745977970455
F121736,0.4509436178490918
F103552,0.46838646573750453
F102797,0.4163366101952913
F107172,0.561150934888974
F121740,0.497733393997015
F113209,0.654643150103586
F120175,0.5019178251923858
F114435,0.3788728818848205
F122370,0.4127661182967714
F116097,0.5140231825177524
F101462,0.5457435771087683
F114465,0.5335027710755202
F107880,0.5356666958707098
F101812,0.5219840948940638
F114561,0.37018292454808355
F107367,0.5009189371488038
F115881,0.46619256830140765
F118184,0.5895209065557632
F118435,0.5633656696772865
F102307,0.44249931694779465
F110456,0.6191213863628814
F114310,0.38177415281460014
F104179,0.3289317703869675
F103967,0.5403545289131417
F104053,0.48172581094297956
F102255,0.3608468984967425
F108364,0.4718220540845039
F109601,0.5387247035998417
F121027,0.5610962311504403
F117743,0.5878932473744283
F112974,0.44572539110558934
F102817,0.43381298289215203
F110737,0.6151023289400437
F118258,0.346974949225798
F116592,0.43087791430862143
F104465,0.43057240639324196
F104411,0.3850013436000159
F113596,0.49327094748174666
F105423,0.5744006600795835
F110800,0.5789468038181486
F111584,0.4276883089238666
F110762,0.4229973205995344
F102313,0.3448548923850546
F102883,0.36363497493415364
F118260,0.5941126321407676
F105371,0.4906495574944598
F112383,0.4955716228743194
F111663,0.5517581484367401
F105549,0.5057674657861074
F102976,0.5870894990290626
F122624,0.6008576556914016
F108589,0.485376944181657
F120051,0.544078142373285
F121364,0.5691457421358507
F119616,0.5469420252175796
F110951,0.38496161618901037
F113261,0.5362283214224359
F111331,0.518026788025633
F124854,0.6278670833807499
F101161,0.4710239365178537
F113519,0.49747124290918354
F119417,0.42916807790997674
F106192,0.38703113030283454
F124302,0.6150720773956249
F112169,0.6315087125216678
F118414,0.535823467325948
F123504,0.4769720445261227
F115492,0.5853245844000745
F110027,0.28175616453118374
F122387,0.61100518964442
F102191,0.3900055772367249
F111469,0.6507311103829104
F107154,0.5799679170970397
F113256,0.3811244620373691
F109932,0.41181275334120815
F113897,0.506677765188612
F110652,0.3333358116481745
F100218,0.46682586682839106
F105126,0.43822352450758595
F124361,0.37831881049479543
F111427,0.40621269534341176
F109730,0.5514082718630322
F119762,0.509296854812313
F106408,0.5043597698056587
F103626,0.42863371418905555
F119134,0.5678677665172845
F110594,0.4559336381107625
F116242,0.5211794698454374
F121193,0.4852634877146215
F118548,0.2353219259165063
F105835,0.5846571364284897
F105554,0.5737936290672414
F109858,0.5209755680142654
F116096,0.5749289914824077
F105882,0.36983379694337937
F110250,0.526810130407994
F103660,0.45351491931740284
F113137,0.5083289351957906
F116179,0.5792452712824248
F123870,0.4224705917845364
F102689,0.588908942943506
F103467,0.47123958547981526
F110717,0.5038073882129042
F112042,0.36296872251006396
F123857,0.6234925149190336
F103893,0.5629459621295528
F116119,0.5267493649097991
F109816,0.5730225822584873
F108243,0.27302277382815243
F119586,0.4727160656952171
F108493,0.4533174967491477
F102503,0.5323340031146296
F101400,0.601603793684176
F113180,0.5847556320785885
F110497,0.5188590390059213
F121430,0.5511879507125521
F110788,0.39285913752381046
F107997,0.3981222563573097
F121538,0.495232493592472
F103869,0.3327644765152668
F107074,0.37631222720937485
F111782,0.6297858981029061
F100715,0.4707733085664892
F118689,0.510899029891968
F116342,0.40291937573200026
F102560,0.5172658336521623
F112439,0.5055759709562532
F100383,0.438935903730212
F109612,0.5303454412850583
F123239,0.5120872252743531
F103939,0.3686426383754243
F104109,0.47126586023286476
F121393,0.4529426052673251
F112802,0.5288261137074275
F109757,0.31115099829926696
F106243,0.4273079416646408
F114576,0.6648409173864203
F120764,0.3927007095199649
F108968,0.3990406082243596
F122636,0.5490755994922019
F122776,0.41616690336109446
F106149,0.6461028682709665
F102986,0.5907690424640473
F109255,0.365040925423244
