record_id,flood_risk_score
F104559,0.4735406153124219
F100765,0.49555814419078126
F107573,0.4882138989103869
F110345,0.4815826148642406
F118850,0.5029536662947551
F118228,0.47392030287758213
F107230,0.48232712825893614
F118529,0.45822083510531947
F100418,0.4892277537240749
F104883,0.5159075254343425
F111040,0.5380608828634185
F108454,0.48421579808436643
F110834,0.5181322238541517
F100969,0.4767977939098181
F109368,0.4922457442307494
F102545,0.4525849615215848
F122488,0.441655901173135
F103894,0.4919979217422303
F105408,0.5007478030239584
F112579,0.48496201574509684
F103663,0.5035410178166942
F120363,0.5019263687949822
F124722,0.47117409508099467
F116480,0.4900198640422777
F114951,0.4769323534989644
F100738,0.49571526061668036
F110536,0.46530522590830425
F122026,0.5199653476760505
F105117,0.5275674336841656
F108958,0.4779075471104169
F116660,0.4531571427172313
F114422,0.46239011496836324
F120962,0.4698626208159355
F111174,0.5028775650827407
F113429,0.4897499525720532
F124188,0.481897216845869
F117761,0.48700257958822796
F118236,0.44122035777518714
F107714,0.43966259389753687
F118833,0.516508625550046
F100761,0.474849552011169
F120268,0.4948340912286445
F109138,0.46319786783052735
F124412,0.4965408525014833
F120691,0.4709247322104652
F124661,0.48162759059819754
F108890,0.48928197549960795
F121417,0.45691936789712495
F118138,0.5128648399189653
F121512,0.4725964486628824
F108954,0.5043041621705799
F113146,0.4767346426448798
F105087,0.5462088288315821
F121469,0.5086471719543375
F102542,0.4926135274732635
F100209,0.5192220393189853
F124632,0.42138562312472816
F107038,0.4971181295107537
F100938,0.5128214873622472
F107925,0.47250326581371166
F105361,0.4891037119362391
F105697,0.46489063988369794
F115744,0.4735858381825025
F107426,0.46154319187363096
F124172,0.48741287869040983
F104946,0.5277952391138799
F102095,0.476338911149385
F123356,0.47887750080842023
F102650,0.4665330248565635
F106539,0.4807451156476613
F112891,0.4522689960756438
F108289,0.4642556240993429
F115077,0.4187144248401128
F122323,0.48511912749029873
F107204,0.49249260503789977
F113309,0.4518632134757868
F105741,0.4963779895074783
F113925,0.47578372980917866
F103318,0.4691694267746979
F105950,0.4861256075528178
F119672,0.47905701255511374
F109242,0.499095794333547
F122020,0.44065869598782725
F111466,0.4652799940585692
F119578,0.46915625478422757
F104122,0.519414279270264
F117075,0.5243776192143874
F119337,0.4925889151719067
F104315,0.46076624626103163
F115990,0.46751355154230134
F121530,0.47166996529106253
F107744,0.4570965500426727
F121368,0.4978809253437648
F104624,0.4350726757819784
F104063,0.4669018449082146
F104344,0.49496180012041047
F118253,0.4979094658491444
F103315,0.47279328671955795
F119431,0.48031753137677596
F112167,0.4671343729086579
F116395,0.48051681867902973
F107209,0.46018513163646585
F106831,0.5092919506845677
F110362,0.5108733852765966
F123715,0.550702387492767
F114686,0.48060698830726284
F100236,0.4151433543860954
F105475,0.48838174933277106
F119724,0.48595888596856335
F121653,0.5042651988218334
F110182,0.46266074031989934
F124466,0.4900072297763208
F109994,0.5052160049168548
F101098,0.50415466814836
F110819,0.505423861840014
F124937,0.44881853334663124
F105167,0.5355235283268288
F109738,0.5399594548543007
F117504,0.484552346498946
F123201,0.49626833455841113
F104276,0.4852089202499765
F106674,0.46544676251323797
F102033,0.5469355835817082
F114776,0.5058253348965388
F106675,0.511328555224239
F107195,0.5234561029239072
F115966,0.4511966223254425
F110078,0.4826578992970464
F101644,0.5220185784637241
F100635,0.4167323486273282
F106895,0.48454342548101664
F115420,0.4817832813054545
F122657,0.49092360527202766
F121159,0.4515798344170854
F106498,0.5115770678882126
F123880,0.47157760586458686
F121738,0.4929012333718191
F103530,0.48268327467398886
F118037,0.5094078332837931
F121887,0.4913783485856635
F117474,0.44159639778811366
F108838,0.5177794257243079
F110850,0.4576906814778711
F108920,0.4265817829751845
F116417,0.5268383905449322
F123163,0.4806061273262387
F114455,0.4623355980054693
F101247,0.48802742587506126
F104992,0.4618487204255817
F118511,0.41381370481204416
F114644,0.49706445022252577
F102251,0.47324270598660123
F109818,0.4720251475661753
F111847,0.46811590818365023
F104955,0.4688869978099918
F119652,0.5102629185964189
F122133,0.46437636346875244
F104993,0.45669962167085887
F113510,0.4887089361694292
F123557,0.47780921043401453
F113962,0.4324248125534725
F105947,0.46671475136607404
F106911,0.5043723692312672
F100652,0.47068103258286814
F109685,0.46212473206568844
F116475,0.5052579447197207
F104565,0.4885788840738123
F124062,0.47303250662959023
F115932,0.4413170799836561
F109613,0.4605930099669378
F102386,0.4645477054488314
F113483,0.443448843816409
F117088,0.49697713543133976
F101277,0.48045972687052596
F124674,0.47548970193734447
F118679,0.49579246008064615
F100697,0.4895490179191885
F107785,0.42643675884049864
F109642,0.48166199912154545
F119574,0.42272943036384075
F114841,0.479126612035067
F112762,0.5483978319426399
F123792,0.4510966850006105
F107168,0.4956446392693829
F120641,0.5274738961553089
F108273,0.48074379130214734
F124407,0.5431718783612008
F114604,0.5118786898212561
F102970,0.49470661180704806
F122148,0.46954998352528776
F108010,0.4957381827426218
F117610,0.45938634440959214
F100140,0.4483877504487237
F113938,0.43275042700718347
F121084,0.4752097359356974
F101060,0.47037082064889646
F108562,0.480581971124918
F110164,0.4534889510774281
F110472,0.5126864590703134
F114543,0.46708239839096494
F122852,0.5026071253544775
F123987,0.5153243074866707
F106836,0.49485414357636737
F101754,0.4286346459311647
F113931,0.4504497045865195
F124553,0.4571671217729649
F102295,0.4706756192727141
F112168,0.49490893255580676
F119601,0.4725058151953459
F114744,0.5088075872057531
F102112,0.4504353147549541
F113311,0.48438728129838693
F101833,0.5011974962877016
F103038,0.4390030274502523
F120560,0.4592115676601609
F112035,0.48941918291110026
F111041,0.45443423051756826
F106820,0.411886983979838
F122282,0.5243548509484334
F122812,0.43498129738362473
F121959,0.4866615131301246
F111241,0.50011663647906
F115679,0.4932149892866744
F100487,0.5077317983425185
F110726,0.49896455855647964
F117027,0.465077534494168
F111810,0.4270175016632819
F112058,0.4958791381816362
F112471,0.5117501228550544
F103296,0.48890108791594233
F115646,0.48516938064004633
F103349,0.4864035224393037
F122192,0.4860557951893384
F107979,0.5027469175331144
F124864,0.49853108603275714
F122862,0.46489534261125826
F118545,0.4956449958894038
F123305,0.4459201776372383
F110767,0.4882480495764406
F103752,0.4696100407075923
F121115,0.45382511494166144
F109639,0.5354478135779033
F101751,0.4632673461173934
F114586,0.4869851434719335
F112250,0.42662416367378075
F108536,0.4918831929778455
F116656,0.493492334909002
F121706,0.49739574772912615
F118536,0.4730782173695568
F105191,0.5345889857859478
F104561,0.47321671219703026
F101998,0.5015441632032738
F115774,0.4932795865011118
F115983,0.47251447729812396
F123259,0.4861991613765287
F100753,0.4687474772040392
F123982,0.46639975687604357
F116710,0.5357692435479346
F102019,0.4877946020275643
F123612,0.47748158712820044
F115548,0.49016294434888363
F114793,0.471966812579197
F101753,0.5252871033884804
F104066,0.4825715603377093
F107166,0.48823621643750287
F104321,0.4333795266359143
F105839,0.523738460110463
F118851,0.4719697012869158
F109929,0.4279046154681379
F118079,0.5341057786598056
F106387,0.44151759142694347
F117429,0.4621225010533422
F112211,0.47891755457104057
F101550,0.46782438913010277
F121466,0.4775342649850397
F107148,0.5192815179353419
F118450,0.4502522373979376
F111865,0.4548650393739176
F110969,0.4842085416342049
F109782,0.4323804114020591
F111408,0.4668312168938819
F108063,0.4747248837643401
F120971,0.5217034801476145
F123231,0.4790804091181677
F122302,0.46555250345060706
F121337,0.4926561389676551
F119311,0.4283212201378664
F124628,0.47769250595918483
F113156,0.4581382921701652
F122818,0.49385992364135395
F116061,0.43750149741085376
F114676,0.45666854004290663
F105188,0.48005562414775194
F109111,0.49541299957043516
F108985,0.46558489008889997
F118123,0.5136086394042335
F116826,0.5153247846823816
F111800,0.5055421771145792
F110853,0.4584839121844966
F110615,0.4924697190574581
F107116,0.45749228792379915
F121710,0.4596415483649249
F100340,0.5017764086502816
F101311,0.46223265564505384
F106219,0.4769909788102395
F114711,0.4930146649797141
F102516,0.5295794257832259
F124145,0.4725509421714911
F110628,0.4650509692918455
F104011,0.5058658570282937
F105525,0.47982045107234894
F120431,0.44696379591826935
F109437,0.47660166838655765
F120177,0.45118780104628076
F112433,0.504744997575634
F100873,0.48479869635772443
F123892,0.4611410941671809
F100488,0.451424826029569
F123556,0.4994068048081792
F107354,0.5395858069593156
F123503,0.4768517728281002
F119966,0.48425554904534934
F117678,0.5009651402280703
F121895,0.5468111932785065
F122053,0.48385549047240606
F112917,0.4636220320844736
F106363,0.505663334224026
F102370,0.43445003780585256
F117001,0.48989889150575894
F101693,0.493343330767035
F105339,0.4972774733061796
F107942,0.4431628731734353
F101824,0.45217350321476246
F106272,0.46020607346384246
F124074,0.44458486977608286
F106358,0.4852677619792274
F119832,0.4999394575927366
F110240,0.4761634876625133
F119296,0.5094602976275202
F109476,0.44867309458211
F107789,0.5321930509711131
F100736,0.5081229148068745
F116588,0.489086292343592
F122290,0.4843924167307401
F101154,0.5088771807702445
F102389,0.5047930464253413
F117811,0.45216826463458437
F111868,0.5109328551738904
F101781,0.5296738089441214
F116332,0.45334671662519
F111610,0.44093112504804416
F122095,0.49586866554943276
F109282,0.4867598205334763
F105010,0.46943212869522816
F119399,0.49610905107263775
F101522,0.5067037351943988
F119679,0.4610132628917951
F122804,0.5439069171729587
F108115,0.4523793679022914
F119513,0.5211026978622528
F115012,0.4885410633389523
F106658,0.5043999987755895
F119250,0.4880225358109929
F118688,0.49950607095380334
F117432,0.4513525719194479
F114870,0.47429318798353143
F103602,0.4908590390302886
F101598,0.4625010116746724
F109441,0.5002316857796864
F124954,0.5073442524651087
F115780,0.46645715836036344
F122592,0.49604301316489513
F109049,0.4156576188015488
F114002,0.47337440565447547
F114251,0.4926255837907234
F117006,0.49665333990660615
F115034,0.49273910079554084
F104720,0.44309315069660976
F109984,0.5069003924780742
F119430,0.4562263285197394
F105198,0.4990486344016509
F103837,0.5083701304955749
F114551,0.4383597058459693
F103104,0.4885719856269405
F120376,0.47445876314167174
F104851,0.4883430812430699
F120183,0.4862094237802177
F124885,0.5015632161546879
F102201,0.48198287947402224
F119491,0.4966807832298454
F104606,0.46087156280415126
F116372,0.5281002236832232
F119040,0.5520244062396589
F101915,0.5090567657904376
F109175,0.46206074999881414
F115685,0.5022256966269949
F111428,0.4674429118507793
F103111,0.491771989359755
F110873,0.4504993699534865
F107633,0.4709685008038982
F107787,0.5168474051130793
F117530,0.47552402953603334
F111396,0.4923686445196759
F100767,0.5281844166272504
F123768,0.4704636913634721
F119595,0.5063732840938547
F120457,0.5194482467977861
F100411,0.49900143076498543
F124692,0.5134047695866938
F121841,0.4861377702078457
F120055,0.42554991064876885
F109741,0.488857344341276
F116870,0.46902892969519244
F105897,0.48675871623272987
F111705,0.4940210511115168
F111019,0.4359409625231591
F112687,0.4475677386611266
F120794,0.4885103000241471
F108983,0.47346861191523515
F104288,0.49996690765347696
F104780,0.508887426529366
F111451,0.47813644236247566
F101955,0.4846130724880326
F108150,0.5020913676882519
F116150,0.4782370241675885
F100183,0.5065668414363653
F117639,0.5005439043629705
F121714,0.4801202593557993
F120937,0.46635651329878686
F113890,0.445700802885889
F108932,0.48799774244539035
F122822,0.5067245073541683
F109135,0.516389480736185
F100552,0.509353765427441
F101261,0.5258825732831621
F100114,0.5043539474223662
F117108,0.47466447936577677
F123679,0.4597084811704794
F111243,0.4549317795978599
F113133,0.48825342793877674
F104645,0.4578481317818756
F105874,0.5045748874679332
F119181,0.4744890094983402
F101394,0.4491257707566149
F124488,0.49117082133690515
F116999,0.5422083719866947
F116068,0.5275020083858618
F118719,0.4537137982924336
F120589,0.5010828265306772
F116146,0.4885506766948347
F119080,0.5115083120856517
F122698,0.47724187790273653
F121018,0.49317198359123277
F123107,0.53129520274334
F122501,0.47485976054358026
F102275,0.48664959848430983
F108923,0.4514867195904783
F108770,0.4908426745257312
F118911,0.4972550702830647
F118847,0.4905911219499445
F107313,0.49165029812054584
F100472,0.4893585970606211
F101105,0.4787498544619999
F119002,0.4650417604144519
F122076,0.5251506518769091
F107518,0.5095618276696168
F101013,0.5227242844681085
F114054,0.4694832307227342
F111988,0.5468806181045703
F105303,0.48408645394540983
F118549,0.47201209205951944
F115072,0.4954321738143569
F103483,0.4639222415610728
F108248,0.42261293541006756
F107192,0.4532400558188485
F104489,0.4746997949027443
F115885,0.4529213762428737
F123246,0.5362650845036807
F124020,0.5011554391007783
F106433,0.4357701076964081
F108155,0.5000965401893182
F104023,0.49517690000907366
F105426,0.4685719534256477
F106140,0.48123914879663926
F120579,0.4941367151722644
F109403,0.47865695303422096
F103161,0.4742862293331853
F120903,0.46898319086535484
F114267,0.5038251554900398
F114603,0.48192144271643594
F101173,0.47413789410998775
F118312,0.48830341535226757
F112957,0.47590407085103265
F108174,0.4328460769075963
F107679,0.4875576278022158
F106552,0.48660509661886303
F123409,0.5323672708454231
F124647,0.4988464718499114
F116742,0.41629359701914626
F117931,0.5144084710194334
F116665,0.4594600028580075
F115205,0.5124953477389038
F100312,0.4690799545642197
F116986,0.4911855030107894
F111842,0.5091403297040183
F124289,0.47386337542694723
F123926,0.4809667459596649
F121069,0.4959650138158483
F122330,0.4652191441613719
F102060,0.49152668568469077
F120022,0.4665998233440733
F120754,0.5057906786247167
F100793,0.41005500543060525
F103998,0.4145089156069718
F118846,0.4917578859066961
F110851,0.49141647459906823
F121612,0.4793797240179903
F118155,0.4919892899643961
F108002,0.47196388805651873
F122670,0.5629717050051092
F124458,0.4222706306414467
F103392,0.5174674171224107
F114535,0.4777280155142481
F116547,0.4569338382806774
F102145,0.44393165678254676
F105687,0.4907818623028399
F109473,0.5170151417086756
F121006,0.5155101610725996
F112627,0.5797396047638922
F113522,0.4321241443617063
F118369,0.5024571573192406
F106945,0.5066047928693642
F102604,0.44437218659350053
F100080,0.4912266891470569
F111323,0.4171422720539215
F117613,0.47106372748758524
F110569,0.5007286565285592
F104756,0.40535004766830895
F118393,0.49240507724804417
F114181,0.45646606340819323
F124170,0.4654176143196336
F101428,0.4882363181221287
F111588,0.4461381962691017
F117567,0.5347147512377665
F105661,0.47688514837237694
F124355,0.549656669274527
F114965,0.4633845055513293
F120057,0.49138575092413705
F122212,0.4510446997610492
F116977,0.5231876976602996
F112559,0.4414227060382924
F105212,0.48087802927015627
F100954,0.4824630337666099
F121941,0.4829026069005714
F115462,0.531766462340567
F116974,0.4967476997898491
F106977,0.4909373262679205
F113158,0.4855781720019264
F104864,0.41939183377885536
F105837,0.44983080599038394
F114309,0.4890725864160309
F114564,0.45647429296329495
F106157,0.488862767159525
F105206,0.5133115504831366
F107052,0.46225725900924186
F107894,0.5049666315578653
F120568,0.5132205925311993
F119555,0.5093531272748154
F110716,0.4515163014474814
F112055,0.4737458470814013
F120856,0.4707555801606742
F109446,0.5150436715224316
F105342,0.4775588686069117
F112668,0.4872376860306059
F107650,0.4547496157964035
F111844,0.42053659309198566
F115697,0.44436106350146165
F112253,0.4465744580247998
F106643,0.4634419553106164
F116282,0.46827784578158144
F106165,0.4278315953932821
F120271,0.5079511815182147
F123729,0.4960197741349437
F100377,0.44727524611823266
F108642,0.4419856673474843
F112115,0.4910793738189115
F102438,0.4588090432136631
F116606,0.4742197326449006
F118051,0.4169973677187564
F101272,0.4336364545754899
F122322,0.5018368936589436
F108021,0.49284082458140294
F109367,0.4734940977534378
F122111,0.5245893152395408
F112812,0.46816075076006386
F100908,0.501045480448134
F113094,0.4612963445453224
F100501,0.43641333063334725
F118716,0.46233012522827244
F124793,0.5256883317400449
F107085,0.4615783927212887
F107738,0.47550674274275073
F110914,0.5157327016319215
F117788,0.451120725311327
F118159,0.4654286456382637
F108667,0.4545501505896306
F108071,0.4662833786594276
F103657,0.46354330753285444
F119748,0.4930957835285624
F101308,0.4775481233449498
F116569,0.4690443104054826
F100038,0.4900089248980417
F112205,0.46064935336901597
F103240,0.4580922996874671
F113950,0.4460495360563736
F100517,0.47334317648903895
F118227,0.40866362519344457
F106284,0.456914583926209
F107250,0.4718434428260344
F108987,0.4259742350018721
F115171,0.5193628699499583
F105144,0.4950285192287999
F106889,0.4814111762282909
F108820,0.5262259338346674
F117312,0.48776412590128443
F106690,0.4989989465611435
F109425,0.5192421052193602
F106041,0.506833005725729
F112476,0.4809589863596088
F117231,0.5022263561516934
F105013,0.4315163777974025
F103834,0.4190107886857396
F122912,0.42794964276156783
F124120,0.483891345527058
F116850,0.47870448666712334
F116021,0.4935659211354714
F102974,0.5240428899868649
F119415,0.42636128270527585
F106844,0.4708722862156742
F112212,0.5106387921344793
F105832,0.4111383049799796
F121947,0.46472138488701226
F101841,0.4774652317140314
F115295,0.5219337061825996
F102786,0.446590436297894
F108739,0.4905256634490677
F124052,0.49332751802305436
F112033,0.47682135193659303
F109200,0.48401184643104767
F101307,0.46889064599333097
F116142,0.5002715061817551
F116923,0.4471691625038081
F112328,0.5178117847121223
F109744,0.5059677951962054
F112901,0.4973683108804774
F100297,0.47055238904009317
F106331,0.5166538291078537
F108745,0.5112814339054935
F118987,0.4678170484377861
F109362,0.4851822509871975
F110804,0.4468680866561277
F107474,0.474595824417149
F114558,0.47317397315975196
F116890,0.4891430335358911
F113360,0.4797087288085326
F115612,0.4972527724387989
F110049,0.48391586055082847
F108747,0.520118400240801
F105182,0.46864560452799275
F104033,0.494246587617808
F111015,0.5044947774556747
F115764,0.43212114291619175
F111029,0.46805293282478955
F115056,0.4834305962820554
F109302,0.49304727847782104
F122737,0.4707427180837043
F100416,0.4820732489974665
F108765,0.46502414057959357
F100382,0.5004879642164335
F119964,0.48487827353724305
F118924,0.4432861609488839
F119687,0.48409242802554375
F121773,0.5029422508085718
F103119,0.46511904798667697
F124159,0.4569655151832293
F113540,0.4551434160024002
F119690,0.496455758724575
F124124,0.45251905244791496
F106874,0.4761815842019843
F124254,0.43565100341220253
F117206,0.4604206654818398
F116103,0.4712157554699993
F122415,0.5102460561043969
F114830,0.4844088605349887
F100470,0.44746371475154656
F119810,0.4875140035099027
F107705,0.531208484017055
F122443,0.4991351238187062
F101447,0.48890390857836497
F110636,0.43050867444669105
F118571,0.4385163027719216
F124080,0.4901057422284127
F109930,0.4355269316157878
F108900,0.49690834967458125
F116182,0.48745424447249625
F107775,0.4488243732857134
F109914,0.4764727040776655
F107440,0.5326251957419901
F111821,0.515250431071823
F116376,0.5029578307108558
F116093,0.41450462891808215
F114477,0.464452220144633
F107480,0.4635914255404976
F111851,0.4642196271592161
F111086,0.440178551892323
F123115,0.4694642970112742
F108151,0.5005940334659008
F105727,0.4783878997506459
F121308,0.49001442628831654
F111963,0.48776091097684676
F120189,0.4835656255948735
F124354,0.47164727000451934
F106821,0.4483778574130054
F104285,0.46105532985942876
F119069,0.4798086546000527
F105983,0.438854695158324
F100970,0.4483519146373234
F112515,0.4662458629476017
F116847,0.5005406848017049
F102872,0.4755928625534553
F120378,0.4856943797076704
F116531,0.4552091423671875
F109448,0.49869935416697025
F116394,0.46483705542675685
F104949,0.4643354988800904
F104022,0.47715052495188337
F109661,0.48950286259069364
F101127,0.5020016730850627
F105458,0.48503160794395095
F111359,0.5343732869041133
F104832,0.49679310444330244
F124194,0.45824126296791456
F105827,0.4807351828703796
F107425,0.4960460438277835
F102306,0.48699991240473933
F119913,0.4430609856111134
F101672,0.570113024313234
F103056,0.5015194717893758
F104382,0.4562131050840845
F118968,0.5687177239308265
F124767,0.4574925969328328
F109725,0.4632047326622253
F102929,0.4786082789388764
F106360,0.45760948563966347
F115541,0.5219915102313097
F123884,0.48982711396424045
F113152,0.4788887115779637
F107913,0.4631796365622137
F109226,0.4992286632316403
F105023,0.4827684957286067
F102322,0.4611063945919595
F103788,0.48590462673612617
F107396,0.5188927161121737
F115281,0.4924736381234414
F100273,0.4652628777539586
F107970,0.4708454694442352
F120773,0.5112776724300482
F112894,0.47316659655876214
F104441,0.4681152383064167
F111676,0.5032784007081363
F113899,0.5157725513762363
F124975,0.48669435766782476
F109944,0.47071155662478315
F118346,0.48195924151458697
F121350,0.489342467959287
F107638,0.44889034496480057
F121517,0.5082536897482546
F116362,0.5044371712822656
F102513,0.4774228686285991
F119158,0.47236850843018874
F119159,0.5097480630993625
F104153,0.4084637239824564
F101120,0.481512932520417
F113681,0.4645132218708217
F121532,0.4605870593021989
F103335,0.49902028757858985
F101237,0.46915807945145394
F122458,0.48564681684522004
F120053,0.42892313300350976
F101349,0.470557331141275
F108195,0.46895034394510826
F106115,0.46628510234940146
F101981,0.4718551527413758
F102653,0.48004996522847315
F111226,0.4516269467479923
F114911,0.4975964031324803
F104370,0.4744739517825863
F103728,0.4721006434440415
F109989,0.4847243017818839
F109136,0.46071745496282007
F109377,0.45709073832422253
F116367,0.5043339657053566
F121974,0.5068802068756102
F122473,0.4683202009740202
F106614,0.4731118640817985
F101124,0.4899453463363535
F115128,0.49534005013042326
F102816,0.49633749509601655
F103041,0.43712332246286945
F116138,0.47944419726458665
F117373,0.4441743220589951
F115252,0.4821825349965064
F124056,0.531613136672814
F119772,0.5087018110570583
F104436,0.48851627733563074
F107423,0.4523082841708553
F100095,0.4904875907662032
F100364,0.4946193067329749
F112038,0.4767008030302537
F104522,0.493701309531203
F113109,0.4925786044377535
F110974,0.46828230473920746
F101872,0.4670117206389677
F101068,0.4566960403710443
F104709,0.48672938534191235
F120644,0.5274935249136712
F110439,0.5003822233261137
F108131,0.4931476762813313
F109717,0.4280317955864155
F109622,0.4642937817915999
F123571,0.4524704882217751
F102686,0.48205254909474754
F119216,0.4659973851712382
F123527,0.486987123988196
F112500,0.4611590987557715
F120660,0.503852226051368
F121830,0.4750700253569453
F104237,0.45218236650827903
F115190,0.49578014895530104
F118920,0.4922843747856084
F116871,0.49535772592802163
F116973,0.4539231738096732
F123010,0.5016158742453584
F114876,0.49309000973167494
F110215,0.5052701068733539
F107723,0.4406055331614333
F108436,0.4519924482753605
F103074,0.49989250647384087
F114136,0.4633373206606105
F120082,0.5021622343065976
F115581,0.504472523428925
F108293,0.5078057506585743
F115417,0.5144457801846747
F116833,0.462850069723808
F100029,0.4848147423397432
F116985,0.46429769608903926
F111833,0.5369501960698053
F120260,0.5001441806505393
F109583,0.4901153473050644
F123693,0.46847260730809004
F115645,0.49418848394594095
F122301,0.5123246694854489
F119206,0.4835788926247053
F100826,0.528100433827865
F111926,0.47285454172619856
F112417,0.47894052262321424
F110403,0.4227947393489051
F119140,0.549785452393113
F104695,0.4729121864131013
F123804,0.4491913618336881
F117199,0.4434234968484333
F114751,0.5079928340903793
F113662,0.5045324942855469
F119786,0.4882875652905058
F109722,0.47357161611514814
F117726,0.49223447834001205
F120605,0.470916587739308
F104546,0.5241298999170361
F119188,0.5087485652930808
F116439,0.44485127395310664
F111002,0.4577792449264199
F123070,0.4658703919044555
F106147,0.4998911149770083
F104932,0.4687357464213592
F109194,0.49598161858390066
F115531,0.4870931847895411
F105641,0.5041083223774065
F112111,0.5140872929936656
F102598,0.4649658299742439
F109342,0.47770532874465393
F118390,0.4615512353898491
F113576,0.46361107690069775
F106199,0.4665401491133032
F116290,0.5010992047028814
F107611,0.4981269223772484
F113223,0.4759902214961604
F118464,0.46530706797327376
F123013,0.49989759095741415
F120006,0.5023424339945544
F116478,0.5088526034825198
F101312,0.41423007949535584
F123042,0.46781278546058924
F100045,0.479980151829937
F113407,0.4535238184662797
F113374,0.47081265367135977
F118256,0.44684909251797217
F104208,0.3991055833131953
F120343,0.47351194041426065
F101762,0.4700034849902935
F108658,0.4721528241200089
F116339,0.43245683009220115
F124368,0.46080465675143445
F103787,0.43268999829678584
F113870,0.4583032519469739
F111713,0.4577251858734375
F118677,0.5077893009774567
F104312,0.4871305915988204
F106606,0.5094216324055804
F118122,0.4717808278404469
F106599,0.518343725898746
F109570,0.5265165441481956
F113081,0.5185838478317444
F105129,0.4831324565856672
F109831,0.4773145835857135
F115161,0.4640112273416585
F122139,0.4836365732992522
F114634,0.4844178313650432
F105517,0.47489952295367344
F114407,0.47855136944869403
F109772,0.41839904515165843
F124495,0.4603324403048075
F103543,0.49763458303507196
F124747,0.45298307747497596
F119084,0.44497534392876154
F115815,0.5286480104153197
F118726,0.4437911183510891
F119478,0.4894725451027443
F122521,0.44969140103055516
F102328,0.4899368478827941
F100842,0.495029757963087
F104040,0.5084417440416719
F123101,0.48748364705572667
F111886,0.46750712241196596
F101212,0.5306115329828005
F116420,0.49930007686700306
F118287,0.5328060658386733
F111054,0.5120319400840858
F100706,0.49624775773679153
F120788,0.4724520647346752
F106477,0.45984473879487975
F116902,0.520470737811003
F124738,0.47446717314328507
F105208,0.48020693116235935
F117963,0.4590034937754098
F119238,0.4920645535920428
F106181,0.4957231224675125
F119735,0.4749619737774825
F122554,0.4750012713679474
F122008,0.48935518511470716
F111317,0.5030476516621497
F123120,0.43902516665309305
F114225,0.4847320473699511
F121985,0.5204281339123891
F110484,0.4794480398194433
F108430,0.47993869648993703
F115305,0.44799876381306225
F124268,0.4499573673515871
F119847,0.5017760801026128
F102738,0.4790617408770105
F109464,0.4600812265816904
F124522,0.5182011467394727
F103969,0.4465354784625313
F109225,0.47763387923078543
F115136,0.5151320137481792
F116931,0.4416494245557433
F122013,0.4665521404821117
F124436,0.44785622957972016
F104149,0.4692463172223417
F110606,0.4713577650519675
F124802,0.45052936126123844
F104345,0.4778063522656881
F114672,0.4435341692797664
F119848,0.4828612824908752
F103290,0.49467323437264554
F104888,0.47385440109049876
F113520,0.45469018803308325
F119168,0.5107913811600804
F104655,0.44321766391689055
F100234,0.4955946419821116
F123659,0.47599004714436766
F121306,0.4588871314860948
F122919,0.47285788683935964
F119185,0.5035632284775051
F114557,0.4471245101463804
F120068,0.506618160456816
F110255,0.47864217454039887
F114668,0.524955940967095
F101784,0.5044009241400108
F123733,0.43762670363780126
F111087,0.5157754849844124
F108592,0.4996384453596701
F110370,0.5153276425259279
F124017,0.4644036045153264
F102724,0.47342657925203957
F100722,0.4994872870413029
F119291,0.5261340123288809
F104360,0.5344776370953328
F120415,0.4523848446221271
F104816,0.4880556958067952
F111397,0.47115695307885413
F112336,0.5117299048800951
F110568,0.45213239161819063
F106576,0.4873217248682749
F100151,0.44462413242797355
F110197,0.4738166240873791
F109336,0.49040866388757937
F124798,0.5087965171848966
F100162,0.47952577057004364
F101699,0.47541707757268115
F112645,0.5059967688243479
F112829,0.5149221851703902
F103331,0.46502284292285373
F120328,0.461459611029819
F104367,0.5231520104213511
F114200,0.4942259461425401
F104673,0.4925416170399731
F122029,0.4723853175096945
F101404,0.4498447588379857
F109571,0.5069474663463394
F117648,0.5058142634412227
F123171,0.5074045380260487
F106429,0.49321032308621227
F119641,0.47559266195003047
F100178,0.48130702848917195
F117139,0.42901176627268045
F109205,0.4570650662767808
F123893,0.43615470206545526
F100733,0.4832678577957508
F105491,0.4807872016804567
F110633,0.5742871743715339
F116553,0.4948271023586926
F105633,0.5121957892124374
F116134,0.4714935196831165
F121291,0.4779979577480532
F107773,0.453772066042394
F108088,0.4876959355904114
F112707,0.5153521299769707
F109569,0.45533348663027257
F120566,0.4926861922958321
F123968,0.4893985400928614
F123283,0.4885863559853364
F121506,0.4954968863732312
F118573,0.5027443410269157
F124881,0.4949120685488395
F103023,0.427822517557416
F121534,0.4837146461614556
F114154,0.5061783882381325
F122007,0.47883765645067955
F104670,0.45280232964116535
F109248,0.4917255700411795
F110905,0.4851539890736206
F117212,0.5202688782091185
F121030,0.4625496910500444
F113457,0.4667279349165026
F109021,0.48482933704015135
F104306,0.46414210317341115
F107503,0.49406363148670573
F119787,0.47449206489941287
F109176,0.4851387554907601
F119859,0.5189666994502211
F123185,0.4541723805843566
F117230,0.49819203303838727
F116635,0.46428897030627886
F111519,0.5111343281105281
F104098,0.4716922446274508
F118801,0.4843433993913767
F116581,0.4984011953374496
F101213,0.4843187115210152
F124269,0.46474837637345917
F106830,0.45375523091348435
F104895,0.500510926901926
F114121,0.4333782179499246
F105776,0.4307265831557589
F119536,0.48225152528180987
F122474,0.5193599996708986
F111688,0.48738088575000427
F107540,0.4926244086605013
F112403,0.4563653318532231
F105677,0.5340571110852442
F124624,0.4146138766461735
F112912,0.42077244742014003
F108372,0.4760514075491189
F120719,0.4421729837892717
F104378,0.5649046005886045
F104813,0.505457810983143
F116535,0.47637000334275614
F111736,0.48510952577471395
F106479,0.47700273073773014
F103242,0.465064972016964
F107847,0.5087656584330085
F103745,0.4344213844192151
F118429,0.4532798801822892
F113004,0.46113203876389697
F119726,0.49006092479462143
F123790,0.4481446719344744
F100034,0.49471171399573277
F120440,0.47267325393947707
F120180,0.5026850218459206
F103656,0.49956478438079954
F112455,0.4880342758345066
F114722,0.4660097386364687
F112118,0.500284836887253
F113876,0.49508659495342044
F118160,0.5072936811664417
F107376,0.48029594429008005
F116340,0.45562157792099023
F122412,0.5562721612785576
F115761,0.4880691538347989
F115139,0.4330745289011438
F119614,0.41156779264725285
F103980,0.48687795447863674
F117948,0.4180013419867923
F114958,0.4533617149807864
F116637,0.4968176544868682
F104803,0.48067704315125287
F109432,0.4730618430257054
F113672,0.4380323482965287
F109842,0.5095740325646153
F108896,0.4504347479484881
F107375,0.5321830536666837
F123387,0.4438336001364553
F109033,0.44801472658950237
F124376,0.45193283271847445
F115318,0.4572744923167149
F119660,0.49508169583019146
F121151,0.5036857687074358
F120631,0.5044745157019885
F114549,0.4954500238433067
F101564,0.514002231451837
F124619,0.47366032498744715
F116778,0.4462175527715902
F101453,0.5182024400113547
F120928,0.5205478279492666
F114264,0.42265847142637103
F112329,0.47423056429684285
F101843,0.47631513186071395
F106051,0.5176358397713701
F115673,0.5035590962601679
F121338,0.4925982865351
F102169,0.49306474526690774
F119965,0.5104678606295286
F112596,0.4958848360522574
F108499,0.44672446169152896
F115880,0.43069070786470387
F123734,0.4848623163489359
F107446,0.49082790479703403
F117816,0.47018625770429023
F105036,0.47478288453861384
F114356,0.47265629702129514
F104341,0.5209447627965296
F120665,0.4814558313355547
F117856,0.4860487478124343
F114709,0.5117321260826773
F114293,0.4977418234021005
F104545,0.4845257715179057
F120020,0.4649142379610033
F116643,0.5170295956543831
F112763,0.4846648405698157
F106407,0.471259991635518
F104724,0.48914139430821124
F118714,0.44436577388763754
F124702,0.4824242534019547
F117532,0.5054468129933191
F111065,0.5076271448087029
F101010,0.4753612464185702
F106494,0.4618633305360687
F117477,0.4630985556998624
F100685,0.48140087526499464
F118386,0.4734596257329929
F119360,0.44593847255679464
F105237,0.47984997108312416
F110277,0.47592678944298816
F111872,0.5169767945030728
F106074,0.4794345557944023
F117047,0.4617926806393742
F121491,0.45740934254849713
F121176,0.5225455892831949
F111292,0.45115533872082786
F123267,0.5336908035306479
F109498,0.4443241518848399
F118709,0.4775512610048358
F103696,0.4039352471819169
F116806,0.5003219445912863
F120702,0.4955583475150653
F104260,0.46460859377659947
F109515,0.49622482424041287
F121169,0.48090166516267907
F113126,0.47818168975298575
F110555,0.4427443447641147
F111033,0.48702357533557866
F107429,0.4694333049607563
F109347,0.498483716514948
F105088,0.547753745206711
F101848,0.4646140257878663
F109353,0.5196963732910895
F119003,0.4908839345093771
F102969,0.46614598084370434
F122274,0.5266900937787838
F104854,0.4517888756532031
F117822,0.5186999718488116
F107891,0.42529939418427576
F105037,0.4827139463348015
F112575,0.4742338033748423
F114509,0.48308918024391906
F106600,0.44393536512898724
F109291,0.4613226268915961
F100317,0.4923072809218231
F110155,0.47601822381901976
F106033,0.4912795227013301
F108058,0.45067217472109045
F100261,0.5263802672259171
F124396,0.48720855982933786
F118697,0.5080964746664474
F102451,0.4922884641560539
F102538,0.48329735010082336
F111894,0.4991349346672915
F121146,0.44545208998900754
F119246,0.47332114114400264
F106764,0.48249932579936206
F117322,0.5137441458311184
F115755,0.4583730342602669
F113605,0.4162904206561368
F102710,0.44127091347890124
F119391,0.4954816421563514
F123996,0.50553188462042
F111637,0.44786652373715163
F115162,0.4984704859146687
F107792,0.49963491983905967
F123145,0.49627162941283026
F114613,0.44532041417078644
F123044,0.4742413498445517
F106749,0.4856343357888072
F100836,0.44588025419780014
F114598,0.47298173815525413
F107653,0.4571845043947601
F116849,0.4336210153063492
F108605,0.44836334841574177
F107383,0.4456622187599409
F123911,0.46355684380111556
F111184,0.49166624883867066
F110214,0.4978195202342612
F123822,0.5191663567092398
F112193,0.5094747319710766
F120841,0.4935756330448653
F117956,0.5157718187842697
F124877,0.4503567730995574
F100062,0.4655159142824202
F101837,0.4897181783980025
F123424,0.4789581479810529
F120509,0.4802627471988461
F120729,0.49037060837432195
F108163,0.460495986927676
F110580,0.5067738587087136
F102803,0.48738072590499865
F122612,0.4934897100978855
F104600,0.46728483126930126
F113106,0.4726642967899222
F101545,0.45347058849430383
F121559,0.4950466565332259
F104337,0.5052359754939071
F122298,0.42280759470276646
F118818,0.4753489371928289
F121191,0.4692881197529396
F110094,0.4603898390349211
F117833,0.5207781700225294
F118565,0.49082654426975586
F105137,0.47306985859753203
F102304,0.46108411739266264
F101992,0.49499789896931756
F105940,0.46119041225295737
F120312,0.4447564286377273
F122523,0.49128089432291605
F105644,0.4532092202753453
F114930,0.49736875022134075
F102055,0.4965207155354247
F101865,0.4694606067983121
F113006,0.5153702425491345
F111517,0.4849570101120737
F107205,0.45249738485476054
F100281,0.4716448067292512
F106249,0.42533276757798316
F101795,0.4823671379769256
F123338,0.49643022554451294
F100417,0.4885056109124684
F107552,0.4294669274393914
F100421,0.4697170098002608
F122717,0.4753548594979503
F110029,0.4634449474533682
F116213,0.4688643538552514
F120203,0.47775746171567635
F121400,0.46770572512361763
F102410,0.468293219158727
F113164,0.5057786714955766
F112430,0.5179069169940145
F110772,0.4852977262799583
F107726,0.5169433340832016
F115940,0.43420298242783323
F102875,0.47673191932523445
F119355,0.44782387069704405
F113306,0.5086342388359383
F105384,0.4568594895774936
F123072,0.4969840994737594
F109979,0.44942844805815924
F113891,0.4655550171144214
F109099,0.47883692548276313
F108435,0.4514008301441115
F123416,0.46179793543900854
F101919,0.4963217305519604
F101766,0.5240261328260949
F115238,0.5291822538273449
F119887,0.49329086929577953
F118656,0.5263771732944215
F111062,0.468288420540653
F124530,0.45849973626108004
F107975,0.4977793625042843
F104548,0.5219728417217432
F110843,0.5162928224919969
F110256,0.4617108506415962
F109074,0.44999955878192405
F124484,0.4621634209765445
F120196,0.47630484490509556
F104294,0.545240358428822
F107467,0.48440778998283307
F120244,0.49908095369328487
F123187,0.46774991941206295
F112771,0.5014043476600653
F117023,0.45219446762366633
F119213,0.4571044570706661
F113098,0.4910764932421506
F116855,0.5023386175103977
F101306,0.4600647075999143
F100909,0.5152440070521742
F114368,0.5354511237042088
F114371,0.5130502334982162
F120980,0.4734680805238487
F118550,0.47268505750034445
F104843,0.48894038607956647
F118498,0.5325474647207247
F104761,0.44956152803678784
F113347,0.47668844548297906
F110363,0.4188595936303827
F102342,0.4878775699902869
F102609,0.5374925560134323
F114479,0.4535893517875691
F108351,0.4634453245658811
F112614,0.46256695921392527
F112204,0.4838881307799949
F119447,0.4851078713424637
F109298,0.47360366192417735
F116652,0.5013955511665017
F119068,0.49628987066008473
F105089,0.49956169347104373
F101636,0.49850566099655713
F106619,0.5495596802786522
F118108,0.49080438708142965
F112851,0.5041159295453979
F115111,0.4966821183204282
F111622,0.49327900773075806
F108793,0.4883828702363296
F118800,0.48881593597135947
F115275,0.46400677863873196
F102362,0.4904464738793915
F107284,0.4625058837002378
F120471,0.5090608308562217
F123050,0.4890685473068422
F119940,0.4805651384286713
F121582,0.47459522339736276
F114972,0.45154900745284215
F108065,0.4954481558708569
F120580,0.46778322139647815
F114945,0.46520546095506526
F102408,0.48890882046289924
F110431,0.48769596207204974
F103669,0.5035690055745332
F123781,0.5405470847367486
F115715,0.4353057769970133
F108380,0.482971368472752
F106089,0.465193063140087
F113793,0.47334305332604804
F103269,0.5103290713689332
F110531,0.4461566736853311
F103529,0.4550978959718889
F109149,0.5165494732990267
F117568,0.4880575019262092
F122152,0.4511356727400616
F106396,0.4598133504735519
F101797,0.4896336257935161
F112318,0.4871041215176819
F103122,0.49244002519498004
F124064,0.4828960475368212
F118639,0.506044915961546
F115913,0.5045006921583987
F109873,0.47366258053088894
F120091,0.5182859524948259
F112609,0.43911218035635385
F114961,0.47877860026580854
F119734,0.5047500746626941
F114566,0.49663998672865334
F117003,0.4577785230423253
F105055,0.47441879393260905
F102011,0.4669970461634379
F100934,0.5220952550223794
F111696,0.44274741757134417
F108316,0.46295369959974636
F115710,0.5049796805662653
F108210,0.49034830181453093
F101403,0.4459555687568471
F114763,0.47352756941581653
F103191,0.5325273610690422
F112148,0.5312449445523748
F112365,0.4932008089591819
F110678,0.49528615641894347
F108746,0.48391349720576127
F124293,0.4633601296009879
F109222,0.49254089605774487
F103183,0.43976236873640007
F101183,0.4875242373630543
F107095,0.4592268614838412
F110704,0.47780462671058477
F122267,0.5250425266411869
F101657,0.4341567855301031
F106951,0.4926065405707689
F124399,0.4914496625947731
F112526,0.5218707004552512
F119013,0.4767033170708586
F117862,0.5193023538593982
F122016,0.498445085663394
F119088,0.4613825344093889
F107519,0.4793690528599511
F122224,0.45781801436883657
F114056,0.5211028391010155
F106801,0.4865201895894157
F110016,0.4865911318879798
F111578,0.4630982342014782
F113671,0.4902365968950357
F100966,0.4264208711825754
F121428,0.510083744398054
F123633,0.49499619094958436
F102981,0.4922158363537852
F108192,0.482357191797705
F106415,0.45456221931562196
F105420,0.5104102884677173
F102891,0.43988403439398616
F112864,0.4981111597249102
F119796,0.464977330970318
F122286,0.5099116327673626
F111968,0.4770002808951094
F119271,0.4671701270487703
F121319,0.5405167675237585
F122989,0.4527194098274198
F110587,0.5621063786416463
F119835,0.484701603997196
F113804,0.49844909487844324
F120608,0.4880707070682561
F100063,0.4773261114377179
F111602,0.42718106672667966
F107242,0.5026643951484583
F111447,0.47043859485332196
F106101,0.479103190180566
F120610,0.498483958497892
F111823,0.47956129856181323
F110848,0.44606764917981595
F104147,0.4939176393532657
F120801,0.47533544138954964
F108269,0.516873850668822
F122035,0.5152370372277563
F102387,0.49075173496225827
F124608,0.5060577384678338
F117790,0.44949525206180274
F104029,0.500130163584924
F115235,0.5321842954045141
F110891,0.471758061618135
F122291,0.4566407376584204
F114721,0.4661460079910107
F109328,0.4796162814496026
F107995,0.5256705097782589
F121056,0.49902653105241956
F111933,0.48366722228022363
F117608,0.48270426787055215
F107155,0.5017215108070382
F108926,0.4773498306310787
F106237,0.5053754289407602
F112467,0.45436337340121064
F117632,0.4434782505293829
F101380,0.48805032725088293
F101621,0.4012825932854721
F115108,0.47326317014922836
F122264,0.4710363477049734
F100303,0.4909137922000515
F105445,0.5100294042762276
F102267,0.4708014762276216
F119046,0.5209948080005161
F122308,0.4711733232868454
F107153,0.524757987487122
F117843,0.44342843859984954
F101910,0.5133806714846326
F114196,0.5333404261356703
F105769,0.4693508103934063
F119541,0.4765090175257094
F114088,0.5132345259554153
F115915,0.47955608915240283
F119736,0.51355590430041
F111740,0.45693680402907144
F114594,0.4833717113209947
F116558,0.46787794009954203
F113078,0.5231410246714554
F100369,0.48166856474825387
F110194,0.43824873612810594
F105193,0.4654512046648574
F124542,0.5276996635911895
F104589,0.48501792197834115
F104361,0.4873815644654408
F116568,0.4778623597144062
F117695,0.43470987619878887
F104183,0.44228492874918696
F103675,0.4555513203813268
F102368,0.508319577836154
F113625,0.5027401806520341
F118503,0.4944313513467814
F122740,0.4942094349354178
F106321,0.4585052976386478
F110321,0.48500314493135804
F103934,0.4877372393448922
F121797,0.5086260180130396
F102651,0.4726046236622031
F120766,0.5165123854632067
F118858,0.5060689014974428
F104815,0.48470173198160343
F115827,0.49810863186741994
F101686,0.46378384993139027
F114701,0.47642056358555324
F114078,0.5279439673175282
F117801,0.4664530664557956
F122684,0.46815039255984536
F123855,0.4638802895469398
F108565,0.5083826666651396
F114810,0.5193768399121848
F105579,0.4950843970637119
F106859,0.47214827584016417
F105364,0.49085710415091827
F116307,0.4734806492439586
F121889,0.49093530067508445
F122442,0.4748876315426803
F123936,0.4998010739820879
F121631,0.4902864359036484
F117055,0.49943041020321277
F109654,0.5078300878854132
F124546,0.5113375076828297
F113811,0.4646172245397119
F118936,0.48433086542235937
F124526,0.4574835327429936
F116075,0.4554772998443919
F117880,0.4847605837464528
F100117,0.5167892383450605
F101966,0.4876143738830255
F114404,0.517384944318182
F115372,0.4775227152032824
F109898,0.49919013433199777
F113034,0.5060680524174324
F111045,0.48056673188658106
F109096,0.5359181487777354
F108596,0.4699489372484251
F119689,0.47551684039547865
F102311,0.47089235369178273
F108047,0.5208505504743777
F116621,0.4791180324697759
F101279,0.5235416707513403
F102314,0.4805868748159728
F122908,0.4588241966108602
F109229,0.4931173607835021
F111778,0.4337847935873736
F124529,0.49452018018130756
F101674,0.4822014403774988
F110878,0.49875848090393127
F101942,0.4753932700944802
F100662,0.4433757820881663
F114234,0.4158616525017535
F119443,0.48056102914665955
F116400,0.48497109580649417
F106975,0.45181043748782257
F102758,0.5229849760331694
F109727,0.4369517262787773
F107258,0.4823246561709449
F102979,0.4436382803284501
F115578,0.4813484756231772
F107711,0.4715925203699101
F103091,0.5293545592677341
F117680,0.47800019883550793
F101508,0.46413347735261284
F115284,0.49130479398603655
F109277,0.4588510189340805
F107648,0.48586549432569137
F102072,0.4568811230193453
F110092,0.46891997203881364
F116611,0.5032935430275144
F103080,0.47333604566257836
F101913,0.4965604760364224
F122131,0.48119622269298207
F124057,0.48922169798643955
F112930,0.5257660749327457
F105262,0.47846349098124924
F117660,0.4915709352479362
F102962,0.47834302550607516
F110450,0.5365921784381703
F117292,0.46044974685546985
F100124,0.4948466953677132
F107355,0.4640569804771588
F100676,0.4858873183566896
F118568,0.48486654153108816
F121315,0.48679621704988446
F105243,0.5160172929296469
F115486,0.4969037564210983
F105536,0.45631428326041834
F122476,0.4675659509462613
F114635,0.5111371075467797
F114860,0.4949140685063644
F120946,0.48154566936326504
F107566,0.5115301606883544
F113521,0.5286563350745881
F106032,0.44335898555825193
F100430,0.5258256016382968
F108705,0.4599326361900848
F114616,0.48326779081895616
F117673,0.504073085055236
F111701,0.43305761229749656
F120700,0.45425738361407486
F123090,0.5059050890803378
F115296,0.47397022007959616
F119856,0.4617899822121965
F105403,0.49461701242423517
F102948,0.5182338027195569
F119484,0.4933692037819963
F111890,0.4765955318532604
F120961,0.46048614452006087
F103322,0.4866790913959911
F101204,0.44958201351268184
F100381,0.5109986117554144
F111363,0.4534612012108478
F108761,0.4703628665854345
F106107,0.49079762073967015
F101048,0.5062272145425063
F113832,0.5193907601768422
F103620,0.48769230322427337
F120874,0.4677100030341612
F108396,0.5321011820444745
F103921,0.4921789817178142
F114217,0.5135216175958384
F118553,0.5051239520609412
F102942,0.49243654885365507
F111745,0.45516543706316626
F124294,0.4981872554421946
F117821,0.4864061192174068
F102501,0.4904699578473406
F121007,0.4879739339069354
F109120,0.5067058154346882
F124906,0.5015871999138904
F110934,0.49258470305979896
F103892,0.5184034244638345
F101988,0.4345070820258792
F117297,0.4609945514143147
F103333,0.4543318992205216
F124532,0.5536068421110922
F110317,0.4740825820738647
F101326,0.5029324246702926
F123640,0.49813504062616554
F122450,0.5232120406720715
F121658,0.474084926140246
F105792,0.5164875742408803
F104454,0.49717627991513247
F120705,0.47308260502187155
F111750,0.4760519252367128
F109324,0.47826750364522264
F106103,0.4443455618801455
F107508,0.48844380346401833
F116292,0.45704692260560753
F110812,0.5145767975475881
F118252,0.5018073562990628
F110876,0.48513705763381226
F115199,0.5177189310930921
F111179,0.5005343989541758
F124475,0.4845979367826003
F103147,0.4583693899604415
F100344,0.4782515600836661
F116474,0.4720781958438899
F109615,0.4445257365277849
F108437,0.4592126068161993
F107824,0.47273349963664907
F122006,0.47013933656895196
F112927,0.5082584403849414
F112746,0.5013914085244058
F110474,0.4787920536957193
F124709,0.5149388924536844
F115106,0.4807281160001842
F123513,0.4508283721448496
F118216,0.4849609718350584
F112998,0.4965539047086278
F105529,0.5181073880137431
F108501,0.4989823590773421
F108282,0.4893345701040301
F113583,0.4251310070863554
F100574,0.49021759145857075
F118499,0.5050586795780365
F109104,0.5018578386749214
F122637,0.49167381011130507
F122437,0.5083928261858108
F124901,0.4793226798285465
F106283,0.4783893514095453
F110003,0.4737403764629537
F124217,0.4002848161343695
F101199,0.4885391297065704
F102781,0.48960410490476486
F110469,0.505599839369348
F109133,0.51366280197087
F124950,0.5042338539720399
F120339,0.4618780077908159
F105887,0.49208475928838313
F112225,0.4476932882755218
F107370,0.4629310863508681
F103559,0.45979101451205023
F107478,0.43221637468024066
F104308,0.46517588847366614
F104732,0.4789336256461866
F115187,0.44032651152269076
F118012,0.5057082601952501
F117228,0.5041020029174499
F116614,0.4951125068797089
F107910,0.481763148125885
F116998,0.44383626559610717
F115046,0.4675143493579677
F110361,0.4653777700017605
F118665,0.4883429705085187
F109652,0.47784074375367214
F114497,0.44727602497279595
F104957,0.5034940786584972
F101949,0.5071912775386948
F123522,0.4459125910098677
F117038,0.48116356882673256
F102234,0.5187365237451378
F116997,0.48459522846346814
F107715,0.5413307714482343
F106209,0.465741326043331
F114631,0.4872110753044054
F111047,0.45912909388231793
F107722,0.5484681344148337
F123629,0.48124881231942557
F105307,0.5325337530949096
F100276,0.4941941227469751
F120474,0.5135984134152296
F114160,0.44862474684406534
F110975,0.4463862179089537
F118874,0.46949644627174203
F104088,0.5410126949074733
F100779,0.4668238428120228
F109610,0.48372883392546784
F102568,0.5330770636955688
F122318,0.45028508053007815
F107513,0.4523622589148316
F121989,0.4934321994828823
F105505,0.5181356931605706
F116533,0.4739871518109641
F106849,0.42780385442350066
F106802,0.4814361408276634
F124883,0.5246026433834579
F103571,0.49329232847552895
F112567,0.4730499405682831
F113994,0.5044202593597951
F122663,0.47922450198369937
F122659,0.4493258697336422
F108701,0.4699018336408592
F102880,0.42157924207690417
F108569,0.4858255298082713
F121717,0.4260754362193602
F109974,0.49314073131353564
F120370,0.499220048015613
F117473,0.44169969279044285
F112693,0.4361277988295747
F105000,0.4517332937991017
F100285,0.4771136065040849
F114122,0.44589610611750463
F105751,0.46217185096763924
F107788,0.47625989768234506
F115467,0.4673142980680486
F102622,0.478699958827631
F107899,0.43118880732791237
F102079,0.5315178404612327
F109416,0.49154133887845974
F104238,0.4626422692452959
F100461,0.47550240378150804
F112622,0.5010553332787583
F110160,0.47278995668309526
F112915,0.48417448310440664
F114018,0.45262975098489283
F113896,0.48736485802752433
F120170,0.4892598050934432
F113854,0.4742618562877359
F103818,0.5329379006084985
F106810,0.41780547639664833
F113124,0.46165043888003865
F100838,0.5217882414689234
F102996,0.46502448394457596
F115842,0.5279066601323387
F114888,0.4359898840273299
F101293,0.5059328062978412
F115443,0.5035801034782738
F107521,0.5139294270722634
F115413,0.516289268546862
F114250,0.48215407477372074
F118786,0.4921984848717248
F122254,0.5020155589692407
F121689,0.46747049738647617
F117848,0.4965075755190131
F100852,0.450682661392299
F122845,0.5070714997550414
F123435,0.4803222624960923
F111311,0.4995722574674023
F115693,0.4800592051482422
F114977,0.4629361794702026
F104897,0.48264034102903247
F104821,0.5368206343117543
F114993,0.5176196260730516
F100904,0.4412779457762638
F103244,0.5341515569547071
F107784,0.4766998591634184
F112491,0.441069334042506
F116895,0.46434295957769717
F100545,0.4707562272036906
F104812,0.498946755115409
F107098,0.4487222678444578
F124363,0.46212321146430524
F116584,0.502719794513326
F107171,0.5126660366659755
F122313,0.48464459627618184
F106383,0.44315808426493175
F104226,0.47977724356684176
F115928,0.4172046999297605
F121080,0.4735362571856305
F124138,0.47230702484190307
F112198,0.47907092903782295
F103361,0.4863545370616339
F114204,0.48971964826217385
F117323,0.4542451539557294
F108519,0.48604800255693975
F116883,0.453259977014276
F112759,0.4563526572064834
F111901,0.4852167617170881
F120650,0.45364138689647665
F103826,0.5291514734769337
F112527,0.4748422545350054
F122498,0.4968256948092242
F124072,0.5175088855042306
F103159,0.5121579539837646
F108242,0.4950584780114752
F119219,0.51903036543241
F120620,0.4723554967882817
F116601,0.4610761191538175
F112813,0.477582602885776
F121489,0.45877090122140757
F112435,0.4683356816996884
F113841,0.43043581011946674
F106438,0.486536256052355
F119840,0.47279854136606575
F114199,0.4581661106592225
F111612,0.4790490903147704
F117617,0.4792132384877112
F121901,0.47630667423097445
F108459,0.5235210553709878
F124668,0.5027129368936417
F118354,0.4774684955361808
F100578,0.4358162728439823
F104874,0.45953563563144684
F108094,0.48348244137867497
F119640,0.48351606496704824
F121313,0.47241694433529985
F108467,0.5421100508818197
F121072,0.47359626053341886
F113024,0.5177840140673374
F118961,0.42187656291695447
F112331,0.45936998579821253
F111393,0.4480285551589701
F118824,0.4974657267845031
F104630,0.47166773881180485
F119694,0.47711607072336726
F115168,0.5264907010224477
F113160,0.48182626837702325
F112047,0.48332588538112453
F119427,0.4679960218963858
F101595,0.5028360436961756
F109179,0.49592574442007825
F100275,0.4758034973294184
F111079,0.5035657910144101
F109465,0.47352486052529
F112919,0.4662289652011854
F124460,0.4223563509306854
F115813,0.49874184115677106
F121070,0.4846537511260742
F105662,0.4572117244968574
F109958,0.48064108383077586
F114149,0.45244489254545434
F114380,0.4863494599639401
F111485,0.5028788224283525
F101685,0.5002866562972271
F117721,0.45521198431423
F107967,0.46658837350688004
F119972,0.4929725501593164
F122321,0.49159347656673225
F100012,0.4765254902218814
F119093,0.5301930609833624
F100667,0.4779609703638997
F110167,0.46370657066313675
F123985,0.5450008169397178
F123465,0.5100459494743185
F123655,0.4320462784702139
F124835,0.49163258286475786
F103445,0.4465013646972197
F115195,0.4748968517632615
F120478,0.44171713898061993
F101017,0.5184645220737341
F124732,0.4923170683326578
F110965,0.4643147347868083
F118844,0.5372506895748108
F107954,0.46479427906937226
F111156,0.4496828757284416
F100623,0.4997185106217073
F104855,0.5115210536869874
F119661,0.47254060783874313
F100599,0.45662398550883093
F103358,0.49633948092583485
F107994,0.530699417643212
F117248,0.44454668324022617
F103476,0.47362085756311745
F102399,0.5215205416671945
F119623,0.3949283285305237
F111593,0.5103546754189984
F122377,0.520118105581771
F120253,0.49123776851623874
F122347,0.4949013239435908
F124561,0.510343033346871
F108281,0.46359603655003173
F106031,0.5185808299090586
F112641,0.48145799139399004
F114279,0.4862385038455969
F114552,0.4667902415920041
F113767,0.45356950787633443
F114432,0.47917388180916776
F106840,0.48828819622679825
F107323,0.4604153811932607
F115626,0.4627434914258207
F109540,0.4954309192325302
F114980,0.5113736686785889
F118205,0.524708039983825
F124755,0.4896584934420117
F115152,0.5288557163757323
F101796,0.4521696771682465
F113981,0.5023647584890121
F112050,0.45619407223175573
F119564,0.44894328572112324
F116438,0.5174122770361697
F109893,0.5135874404880065
F106047,0.511159575623106
F102657,0.4779990978406824
F111568,0.4506006365612266
F121907,0.4885812906665387
F124040,0.5082500695815887
F109261,0.4452769542000119
F112642,0.48305320026137855
F105759,0.44862272224340716
F120095,0.46532925141227144
F118721,0.4888469680186091
F123330,0.4766142063842523
F123851,0.4941910458428665
F124150,0.533833793310569
F114705,0.5211596078782479
F101299,0.42148113226696854
F124749,0.4549694080815915
F115566,0.529598521647495
F104414,0.48644240996714205
F103154,0.4655920493381087
F117644,0.4486313619371483
F117213,0.47335754216455356
F103504,0.5191536988724853
F109589,0.4523653262032889
F123196,0.4916013476333473
F119529,0.46507127782686986
F116689,0.4427721127432751
F106997,0.4406661831668375
F107128,0.4422934095471703
F116356,0.5068437060880608
F104563,0.48818539719196075
F114657,0.4583329122680242
F115824,0.4463213295233156
F110572,0.5072870731582283
F115702,0.540619262375552
F122399,0.42427196998766636
F110201,0.48067235617708665
F102157,0.46526363885482946
F109472,0.5247769836798397
F103211,0.4949906454738095
F122265,0.4677167349774543
F102927,0.46316357062874614
F111582,0.48188611293014155
F121411,0.4586892644111039
F114336,0.464523697441682
F107007,0.5075941887950114
F111569,0.5051709196509231
F105846,0.4333888381582257
F101168,0.5070118115020611
F115923,0.496629653617099
F102593,0.4841847982598501
F113640,0.4703193332354404
F121066,0.4879358447618359
F124919,0.4706221901371044
F114084,0.5074924950752705
F106809,0.435805034687135
F104024,0.49042741883271945
F105616,0.47486699923769576
F111082,0.45188010279823365
F105244,0.46277576947471283
F111099,0.44985999361374435
F109961,0.47130756635005083
F103033,0.48860269616380814
F102794,0.5078004274644059
F112356,0.5116872480015355
F113831,0.4584516104722759
F104280,0.49808174741078803
F109521,0.44830667960049064
F123888,0.48619750232000597
F112485,0.40111465087425596
F109273,0.5254442361592278
F118391,0.44594137664240713
F103822,0.4269772629729086
F100116,0.5494707796814818
F113084,0.4872435468473259
F107233,0.48624769072260593
F107585,0.4838560753945569
F117529,0.46983665857892254
F121589,0.5636377992015833
F103116,0.4918221927708203
F122459,0.4887963531255412
F107724,0.45270062213289347
F117749,0.5026539586273466
F116278,0.4968658875804097
F101629,0.45916520412926265
F101577,0.480857619536062
F120763,0.46908817400589903
F112218,0.4518692089685085
F108583,0.46759027269291914
F103258,0.4806999461478345
F100848,0.4593844547744163
F122727,0.48783481279364294
F117009,0.5009054158473693
F118990,0.472506550421299
F104102,0.46242102728972073
F115599,0.4636692239926993
F118788,0.47208345587785205
F112935,0.4804632647329617
F118331,0.45401056518038196
F114359,0.505015223857188
F100246,0.4759766199527164
F116622,0.4596987912678248
F108938,0.4537002735361652
F104396,0.5042703665584388
F117056,0.47879076572923984
F123896,0.5201123144549091
F120726,0.4582454738696798
F121823,0.49243540172599326
F113548,0.44734269409208716
F120616,0.4680213728945232
F116391,0.445081004926024
F113049,0.5019377910597677
F113818,0.4810440168918484
F110072,0.48338926747295435
F109588,0.46735045782215423
F115906,0.4637663473929673
F120576,0.5174910267242939
F118413,0.5002192062062985
F113174,0.5081360413226637
F108700,0.49530992630636467
F120069,0.5071855120776436
F117480,0.483554670928517
F117064,0.47697781217354446
F112404,0.4344296367824589
F112863,0.4952452301199594
F103935,0.5088292149648809
F124344,0.49407556242049655
F118087,0.49405213587302504
F107237,0.48600182187428376
F113866,0.5055643594828525
F120676,0.47392993797116234
F106787,0.4924596504421752
F105649,0.4559395054000519
F124100,0.4251534061873259
F115945,0.5139763389450482
F100441,0.4973091075846576
F102525,0.5152644131834544
F122088,0.4976955504118017
F118867,0.4730789999012425
F107232,0.3953254323817406
F102769,0.5068179634390755
F110807,0.4919550816789815
F100438,0.5372530795429159
F121910,0.4473388601661036
F111480,0.5078530317299481
F123340,0.43622022441020714
F103042,0.508440655447358
F107596,0.49191203163580355
F115776,0.47674591841153396
F102502,0.5079773780643666
F111318,0.507436998922142
F112062,0.5124499569601161
F124792,0.4827654465251751
F122966,0.4711170867914922
F110465,0.4660558997229326
F116038,0.519477641412944
F102188,0.48756408711017185
F122326,0.4475765393748524
F114610,0.4927724212415428
F112674,0.4844799632442801
F113381,0.429086464227484
F115351,0.48426423340560304
F100891,0.4409245607081858
F112199,0.4486684078836348
F119698,0.41963359708383074
F123440,0.4695799819030411
F101164,0.4938954635409475
F108790,0.43197363715467013
F109130,0.4979588414686556
F123152,0.47196024623047805
F101544,0.48274687438530434
F103474,0.48737100559341534
F109574,0.46911374000338696
F121431,0.5145935002188597
F114966,0.4847271871552584
F119928,0.49441708331577133
F113901,0.4700001987556802
F100133,0.48493688083916864
F114828,0.461562620681428
F115554,0.49024984382655956
F105903,0.4755707171636276
F123392,0.48122561437838823
F109145,0.4898489951004323
F105656,0.47506771660238245
F111280,0.49861635934440074
F107504,0.4578532748366672
F105564,0.4811024357816503
F106909,0.48185746050083506
F116486,0.5104677508126944
F124281,0.4808623336347509
F111436,0.4917692052465444
F123782,0.4830720651687503
F107371,0.5188076044837497
F115651,0.46689189774249634
F116494,0.5127240737090355
F108845,0.41030289559949346
F115890,0.5171441876225559
F119552,0.482710276046906
F111516,0.5306942505118348
F112465,0.4905539642743126
F100643,0.5176251972955963
F123291,0.4499283250063047
F108470,0.4460743618685586
F106417,0.4694618248788336
F103424,0.4999044096106864
F119908,0.4663880537409341
F105719,0.4412530115949713
F113530,0.471495980451599
F120259,0.4475423293194411
F101281,0.44387153593031914
F111685,0.4303457084393739
F105203,0.46497526696657765
F107678,0.42123859602805014
F119335,0.49625993366827126
F103601,0.4648864929508961
F118229,0.475431522127195
F116112,0.5174986029275426
F111818,0.513582675961248
F105707,0.4699043945162369
F112311,0.4730993966422275
F115246,0.4307245110333055
F103359,0.4764261110986788
F120089,0.5363154054925702
F120875,0.51288411039892
F104362,0.43028735689531156
F114442,0.5365570327800813
F114182,0.5245139730105977
F110118,0.4728315586007277
F106175,0.41907405097353634
F108537,0.5472610660859565
F103204,0.45681247981532896
F124978,0.49910702617373487
F122021,0.5101822260964912
F118039,0.4533086725708741
F101238,0.4820631075287943
F113274,0.47537403677822343
F104550,0.4567074974491341
F101330,0.46957677080447086
F116399,0.4795900575984354
F116644,0.49308162056495974
F116854,0.47151642055990417
F104164,0.463598535250335
F116185,0.4591944413680427
F105730,0.458676915881298
F114152,0.44484348015382874
F111128,0.45694590096431403
F108709,0.5018455983373964
F115912,0.5032738861067831
F119894,0.4606447518330182
F106493,0.5044796807317999
F101189,0.48087682494455963
F111139,0.5048751711283107
F111006,0.4777207025001944
F107577,0.5174532999954291
F117510,0.47052829307399496
F120494,0.49549474395235443
F117719,0.4688391755772476
F122879,0.46489006213037987
F107625,0.5047229733943291
F105437,0.4564329983303083
F118010,0.48150995580114386
F116881,0.4891391198461549
F100187,0.49435905159606014
F121376,0.49108714059073405
F109587,0.5165460011768073
F103688,0.46022266964667413
F121488,0.4798293429731884
F117629,0.4992075160734271
F105425,0.5126620280451886
F121404,0.4826707150064559
F118337,0.44170984662546126
F104030,0.48910291080366985
F115256,0.450266776805762
F123740,0.49485601362979736
F109670,0.5045106965712752
F110823,0.4865429021054064
F103197,0.45879127898611916
F115021,0.44173707031074316
F100459,0.4302378183195653
F122047,0.4502783730657684
F113025,0.469675844810764
F120777,0.4855883630911696
F102882,0.48075831032186284
F105070,0.4800518898004284
F114682,0.48086958774008853
F116192,0.4860284151045046
F104397,0.519820537056149
F120524,0.4851586690312531
F119934,0.45697699073978637
F110929,0.4537435231699419
F102859,0.5048234681229711
F124754,0.4549838518796344
F101087,0.4939180755715079
F109233,0.4950626241130139
F112119,0.42024526014172287
F122242,0.4662351145744904
F120785,0.5514820914005699
F124559,0.5016004545984526
F110824,0.5150153375164622
F118459,0.4628063770554529
F103051,0.4303556760701604
F105150,0.47715383982730125
F124944,0.45461146443498135
F103363,0.486458048497067
F101489,0.49112798017243586
F109369,0.48451898616209754
F104904,0.4827852486936122
F111766,0.5054416656833043
F111931,0.4967961788080201
F103979,0.4613313747508281
F110559,0.478941124218635
F122549,0.4812183274306765
F119047,0.4364672708062895
F106513,0.452408115471545
F100803,0.4502684040637136
F110961,0.45438015501070617
F107236,0.45957251315331377
F109756,0.4835139461451399
F105762,0.4476644647164529
F110064,0.4574363684048213
F117417,0.46657882218304836
F100074,0.5250146377475579
F109326,0.4468720793990512
F114621,0.46956187411541356
F104151,0.48070394639370456
F118524,0.46569294740484657
F103836,0.43949787805282253
F113787,0.5251452714489436
F105820,0.49775241737035286
F103783,0.4679811153456342
F108993,0.4774581704335886
F100775,0.5376921794834846
F107481,0.46961717822459564
F111112,0.45993703789215135
F117751,0.4801379317765502
F112203,0.49136722524119747
F111119,0.5017832839682115
F117114,0.471797624175888
F111458,0.49456075455925963
F115086,0.5259504923245086
F107349,0.44971927379560195
F103152,0.47009714682308745
F103723,0.4582405593955914
F110188,0.4456960055033222
F121282,0.5061388377998616
F111781,0.486861500526876
F110537,0.4793159957850425
F114249,0.443917421705482
F103527,0.500990065793201
F115596,0.4053692630321867
F121388,0.4842670491000499
F104942,0.47586846060052196
F116910,0.465160644787725
F106905,0.5120787341427651
F112994,0.5011005780408534
F120535,0.4919691755750244
F105123,0.45651720733002404
F114679,0.4512284441720262
F101779,0.5030909072976733
F118270,0.5192743993075066
F123714,0.48395408171439414
F112307,0.44534779099669247
F115870,0.5110359871129542
F113144,0.4059089167397244
F123133,0.4749224030037466
F114349,0.46365251300779503
F121855,0.43480446202407863
F111044,0.4670724440021876
F108224,0.45233699022370516
F102671,0.4867672529915921
F113859,0.47857528572571906
F120245,0.502826998938378
F106290,0.46965415443646
F105685,0.5006241811409077
F105097,0.4748658619103425
F110498,0.5008900671502582
F106123,0.5014445194206233
F122927,0.4893297475160156
F115219,0.4576491724459793
F101377,0.4932455868691221
F117468,0.4929234635919696
F118829,0.49365053434222583
F112690,0.4842398725856675
F114255,0.4560544953430645
F111474,0.4963234459291482
F121971,0.48856739860805987
F108844,0.4794020789983383
F113348,0.45562328774700733
F104569,0.4492935148275368
F120611,0.4712052000312732
F113173,0.49739983580056985
F118633,0.4863171396226833
F104251,0.5331022996977955
F104671,0.45238967986719936
F123798,0.5170777131536148
F116010,0.48743670255637717
F117979,0.5320696903109435
F122376,0.51290452241934
F108669,0.4463775250537507
F115302,0.4582832749593942
F122815,0.47343626717043275
F119004,0.4852590219672174
F118644,0.5001816698296313
F124540,0.5282111132575883
F121332,0.4530998786471009
F109027,0.5108985900249968
F119425,0.46933243459968893
F107040,0.466581223961941
F112722,0.5228086972745519
F100681,0.4848030907529905
F120514,0.5022516078359246
F101855,0.4679717412486906
F123344,0.5019329113078183
F101123,0.47135585655689605
F108986,0.46509709615375516
F122938,0.48560486754065957
F116817,0.4832746528580743
F109201,0.4665611136998229
F103697,0.5615916530756003
F115502,0.43074850211328547
F118720,0.513954028953019
F102464,0.5355891456453883
F113800,0.47140167949605083
F119446,0.4577171578951034
F105054,0.4847535041910727
F124894,0.458779510966799
F115433,0.46733798593513
F119757,0.4355933314527708
F120112,0.5019267731074947
F118927,0.5080028104326993
F120805,0.5060301286395212
F112273,0.4926740915385824
F116197,0.46703714298861465
F114863,0.48354876665950863
F118241,0.4721159806848317
F119729,0.4986008595487902
F122423,0.4490497568104701
F105359,0.48106952811464965
F123129,0.4852377757924913
F108755,0.4860340736203122
F109675,0.4509205021075167
F110349,0.44880158768755
F120381,0.479077644135787
F124501,0.4686064116609279
F104682,0.5181068213881399
F124009,0.45330031924982334
F108849,0.4509498502883428
F115855,0.44578308472517325
F111929,0.4277159188496906
F116938,0.5137050751393443
F113587,0.4823155583327195
F102665,0.47244831702710666
F106210,0.5088448026709212
F121703,0.515241558567891
F112925,0.4803309683849295
F116899,0.44302268503436004
F124171,0.522618581612624
F124990,0.4691934006652963
F120039,0.44728820677733516
F111382,0.49227997640606014
F108213,0.4592188414285135
F107820,0.47582127829158605
F115509,0.45581137153918844
F118349,0.4679439955092374
F104318,0.4220324262237984
F118304,0.5218917689429324
F111005,0.48281216965585694
F106972,0.44985325498558143
F109404,0.49916065135025944
F124981,0.47672677301501865
F122758,0.4410190983704195
F120098,0.5229913218942067
F111347,0.5312036565683066
F115655,0.4958300912871862
F121415,0.4881319399721218
F110492,0.46901878031167143
F106495,0.4699554647665901
F120074,0.49803094000562464
F102440,0.49111721054768936
F123489,0.46464751288199085
F108096,0.5326022409001332
F108872,0.5030215741668941
F119904,0.478780604187123
F112636,0.5251385778716285
F106662,0.4695318069835541
F115898,0.48390045044630753
F112108,0.5223479825444769
F121024,0.4931731487899749
F112774,0.47724808995478685
F111413,0.5131740626259517
F109759,0.4994136164954138
F100772,0.47174345231403064
F112389,0.46716184251808984
F122276,0.5009433664063291
F105336,0.5017311121703367
F101607,0.49307467109397063
F121295,0.4789612435809842
F124818,0.49641746056331887
F112531,0.4925573227786759
F121503,0.47923546458310395
F113282,0.5068629595448344
F106428,0.45157445784090855
F123390,0.4672595488185987
F100274,0.46213086512932033
F123460,0.5104636997655093
F105884,0.49032403721267764
F116602,0.49917692992286333
F101451,0.4411221446140035
F105282,0.4904792650416331
F110639,0.48807909310845543
F123126,0.4901470272535818
F122571,0.5073751101296193
F105726,0.5282184647124882
F121789,0.45345639422708806
F117998,0.4566667653962257
F101634,0.46458159578371966
F122216,0.5021445083198025
F122406,0.4836492364136651
F101560,0.4835244390664194
F116183,0.44893050803076573
F120127,0.4311780863820561
F118436,0.48013166900172854
F113853,0.496679879523872
F119350,0.5490915924473043
F121868,0.4888095116868609
F118879,0.4802104889533496
F112708,0.4441898193951247
F109637,0.53962609150866
F102757,0.46304530721149095
F124866,0.41855742098295623
F102873,0.5023298226945043
F109215,0.4975811579591972
F123681,0.4779830929042641
F117392,0.4837958849596062
F104750,0.47863075305504477
F117615,0.4513079299877591
F106295,0.4926480699753768
F104877,0.5217374995607977
F101582,0.41799227474044914
F119339,0.4795350802112908
F121141,0.5113197015233696
F120774,0.4293360721849456
F114494,0.4755063884301693
F122672,0.5197043517521329
F120362,0.45640414954946057
F110151,0.4359504851396472
F108911,0.4977416241811891
F118926,0.4812666360900794
F117352,0.48814164576871005
F103991,0.4635850388824635
F107315,0.4700997605208262
F104856,0.5067890706342856
F123322,0.5013216548071866
F103486,0.48243537830588556
F110563,0.454076166680234
F111624,0.4338792834756868
F121013,0.43266505236188474
F114715,0.5249998607890943
F118999,0.46746921506957884
F107957,0.48935196034642153
F118045,0.4815870768861619
F122002,0.4924898787427476
F103326,0.5014509035534219
F110651,0.4706104317883483
F121518,0.44995958661170204
F104349,0.4460341364716567
F121134,0.4725827707120279
F114934,0.4807388655206082
F102900,0.5006174136725849
F113777,0.4793234402229413
F120023,0.4840446839741885
F101205,0.4933510562380229
F115040,0.4857094834611268
F123546,0.441942569046003
F108218,0.48818698421359696
F108033,0.5153161652081995
F107014,0.4880462101067303
F121079,0.4742834094998685
F105514,0.4253370310391697
F104662,0.4391116329867952
F119205,0.4629186526327914
F123188,0.5013917834928595
F112304,0.4849921400218596
F122885,0.50017132444757
F124825,0.4358855269723829
F104777,0.4981324340268005
F108969,0.48145129410653253
F116859,0.5367825283014658
F117296,0.5202375500864271
F110562,0.5336944974513692
F122435,0.5212909049387641
F114589,0.4621981495166227
F117083,0.5113205608778265
F103683,0.49744482691076697
F120173,0.5199838927843387
F107869,0.4529850553028809
F109736,0.516576979946846
F115522,0.4927358331535005
F113163,0.4602601380326544
F110841,0.48827736848128334
F119566,0.4669094979202105
F113638,0.5041281989331153
F116398,0.4719980013030079
F109054,0.4579585776256077
F121206,0.4966802066175124
F114011,0.5164338614413089
F108561,0.49748508244222506
F112178,0.4811601389553081
F103775,0.4801324316793753
F117690,0.47805622856146757
F110297,0.5033710642206624
F109301,0.5339330233410575
F113691,0.46668252547062444
F108570,0.4125036738878305
F110817,0.5263085897645176
F102335,0.5185368515264704
F107243,0.528447964563275
F102543,0.5062242995752108
F112852,0.4723543076971013
F124523,0.4778007081786911
F117169,0.4992356190120173
F122369,0.5077946983067447
F121303,0.44464235287178083
F113914,0.4967242443954719
F105755,0.489552818770291
F107263,0.4864665362811125
F118103,0.5328951698186506
F114588,0.447168501997568
F118190,0.48702700041745445
F113620,0.480196654948194
F112699,0.4606348604226168
F117741,0.4889738235398478
F112564,0.4785574116224889
F108405,0.47450216433257614
F101225,0.5294576960487524
F114620,0.4598984769553071
F101537,0.5109056787094138
F112840,0.48061054595856006
F124469,0.5495653628513265
F103839,0.5065887479755514
F102778,0.4323063963379346
F100456,0.4879433858370073
F102175,0.5251525559474051
F102961,0.47911876359914213
F110479,0.5025197723424193
F116285,0.5068281751419347
F105600,0.4865357452469415
F104202,0.4694013764685197
F107740,0.5049236022999223
F102813,0.5111511307697606
F109985,0.4630867940949953
F121652,0.4769479977205521
F117217,0.48478414657068775
F113204,0.49928473786229804
F123432,0.5046209114500932
F124423,0.5374610101161093
F104231,0.4950720561518417
F123691,0.4814949096892372
F102716,0.5231596910936682
F115196,0.48209141354967583
F121973,0.44219123723766113
F122877,0.4914906431029752
F113118,0.47306187588446635
F121209,0.47307629901337744
F124144,0.5036458539421544
F121200,0.5085423789903482
F111646,0.5191134327202728
F116909,0.46694647895171454
F102684,0.45222238995055425
F120306,0.4759702207089733
F117528,0.45926120342743754
F112964,0.4846299876254201
F119204,0.5205610947176851
F103012,0.48369849449502966
F116878,0.48617422046944647
F115026,0.4754579972807985
F104929,0.49576993964786553
F122917,0.41446407315067624
F118178,0.47314658614508365
F103158,0.46225495762435487
F120762,0.5459151047656399
F118876,0.4236739479156791
F102203,0.4550590774869009
F104143,0.4554656666496021
F110444,0.4633358253534958
F102595,0.4733853565059657
F106825,0.44703786962687053
F122839,0.4955915942883174
F117499,0.48719620477073916
F121366,0.5239392221158319
F124345,0.5066412445677518
F123666,0.5043179452345001
F124745,0.48445145423845465
F112321,0.5195932112819579
F114231,0.47688189305314316
F123891,0.504511956863598
F100990,0.5646952793388909
F101219,0.4930261508871243
F109500,0.4699226852409326
F106709,0.5045529367609554
F119979,0.4604530012221977
F122162,0.5169105279762385
F108408,0.39454558815391405
F121187,0.5244743996355367
F108410,0.46205001226043885
F117014,0.47465181489575553
F105706,0.4598149049448037
F115869,0.417953247703229
F119559,0.4582296886864171
F117107,0.4491130623263733
F101367,0.4033340682608806
F108168,0.5068651662343252
F118918,0.4896121040535719
F124110,0.5648151644108172
F107400,0.4844913597380126
F122033,0.4897163273705817
F104052,0.4828738889087507
F113350,0.4791001642080386
F111725,0.5047623880683454
F109860,0.5367239530653704
F115017,0.44925912304558074
F115259,0.4675928747852194
F110154,0.45549784378740593
F100926,0.4486486542216457
F102228,0.43958365548752465
F107046,0.5051218234136267
F108203,0.5060135888528723
F110248,0.4995233235978183
F117460,0.4822925590490922
F111352,0.49654555513752335
F116243,0.445967813021802
F116045,0.4799034170786633
F115608,0.480855162813508
F120168,0.4764058440973128
F105327,0.48122973730399005
F121735,0.5009908704768048
F102094,0.5036791265563642
F106989,0.5320945394239424
F122140,0.4662172449164045
F124227,0.5342557374400645
F113251,0.47198213048492443
F114648,0.48990969798256406
F104090,0.4236606854169583
F115262,0.44663735131620613
F121671,0.5029340135776045
F114856,0.45551552071535667
F104690,0.44401797753815764
F115407,0.45990314352818645
F117034,0.48433119889598036
F100882,0.502830815968719
F104773,0.4509406022416575
F118047,0.5095105839262795
F106758,0.5331782570764313
F119275,0.4735797845994485
F119227,0.500862281349599
F100915,0.4342857544105883
F117889,0.4692895256132233
F110862,0.46333566796138675
F115950,0.4943268423082192
F110491,0.469454415604681
F113388,0.49633761428683204
F105406,0.4751787975678014
F112585,0.4926786950068922
F113425,0.4516696086455597
F119657,0.5009643251301316
F114015,0.49837604794717577
F122278,0.4678207910094207
F117549,0.4315130676996385
F117269,0.48309110725921867
F102282,0.5155475766838625
F112632,0.49316836892930505
F106548,0.43566577643177007
F113371,0.5189142909157959
F100565,0.4895161631340891
F105824,0.48096884336128526
F112686,0.4910583553984444
F100313,0.4648658360991119
F102864,0.4828047219064104
F102561,0.5089533177201202
F117260,0.4963156392185782
F106273,0.47640006582903843
F111251,0.480476813715828
F100923,0.4535259689458239
F113779,0.4508730600939721
F111997,0.4816282774873155
F113741,0.4712790262052669
F110888,0.4999462535727616
F111977,0.4696553259632471
F123528,0.47996324396264056
F106677,0.5016308404192822
F100661,0.5499969973755267
F100583,0.42304665865396246
F123555,0.5023933660426284
F102949,0.4999627928020167
F110984,0.4991795735747952
F120760,0.4714338261108466
F114992,0.47549199457952857
F105399,0.4849915818829194
F101361,0.49918693030162986
F115286,0.47743266041152377
F123603,0.48754593970785826
F112157,0.46231640189168777
F103395,0.4276118767481743
F122546,0.5357129009858466
F115818,0.5026390480284325
F101579,0.47006451558584317
F102826,0.48563504868284135
F112030,0.4744978661672859
F118090,0.5168623004359015
F104717,0.5087821603012538
F107042,0.45191191439252854
F100914,0.45894094259546164
F121925,0.4721111961414794
F124403,0.49789980536370687
F122063,0.4363375618182947
F111873,0.4448171285844539
F106543,0.4358508971835669
F120447,0.48843968074615074
F105278,0.5187354897758455
F103430,0.492168777734863
F121005,0.4746396360496276
F102069,0.4724221240373749
F119160,0.46296451352182316
F113088,0.4173363084113464
F105670,0.4416369141702129
F117836,0.4331886318636044
F121697,0.4902933504379444
F116829,0.4698751280383308
F117196,0.5123737143793843
F120476,0.42625670320810816
F107450,0.4112415381466743
F101113,0.5160991577138505
F119438,0.46758683875849893
F107608,0.4364817675610112
F104380,0.494453920437394
F113557,0.46159065005859645
F119095,0.4812071980639052
F117873,0.4675671920941773
F116469,0.4728099524645419
F109576,0.536990629465989
F117267,0.4825638901101326
F108617,0.48613888762549534
F113710,0.5156904745629014
F106581,0.5166295213754846
F123084,0.4967214042266663
F122281,0.49867638920286217
F121761,0.5029537477592265
F100696,0.4173489547597308
F114106,0.4693443706744833
F106806,0.5201827939301688
F111904,0.4728061397998969
F104250,0.431129567450275
F106718,0.5163374077039098
F113600,0.5112192121936848
F105276,0.49584739518399845
F113977,0.49419250299288453
F117702,0.44855894191880874
F122564,0.4580009743310162
F110176,0.47489136662959996
F108426,0.5073142140909631
F105515,0.4495334682832129
F103742,0.5204659164298159
F113197,0.45026793672804893
F111826,0.47042269227699596
F105450,0.47535982613993627
F119543,0.4855540694005286
F112551,0.4716705758958555
F110488,0.44727103490965586
F115910,0.5007656184185083
F100084,0.5336212558977177
F114669,0.44496383225470315
F113029,0.48240437876006137
F115540,0.4881044425737156
F101528,0.4714617003387392
F100092,0.5070932413690411
F121075,0.45115762640448737
F116053,0.47863139924904236
F105195,0.4874084228267388
F115779,0.43578791942733364
F118320,0.43238894060963734
F113937,0.4851239580762089
F107999,0.5480797781509195
F109671,0.4658138429617472
F119267,0.5040767287949517
F115338,0.48595773002510106
F101746,0.46567624688479486
F123963,0.45239664414586467
F124023,0.4638758303855688
F120213,0.48261504413875594
F122848,0.4916412223228154
F103793,0.47541223544235306
F122575,0.491219884674137
F101210,0.4651095328279617
F111055,0.4987821355586981
F103271,0.456282292705663
F118329,0.4609951379277263
F115167,0.48353410703461047
F121921,0.4634455236805084
F118460,0.4996885318225488
F123992,0.459200230437474
F119948,0.47744730728624446
F113756,0.4495379322762575
F121581,0.5260330779238167
F104847,0.48320558285065396
F100079,0.469969155370787
F118513,0.422526603470353
F105053,0.47428894873756194
F107072,0.48197832495590587
F109164,0.4609031934765765
F115544,0.5241968951963607
F115440,0.4320283684670355
F109406,0.4825684926734533
F123244,0.49842758559003153
F102173,0.46974056881038967
F109606,0.48872943105491223
F103450,0.4453524003844541
F117442,0.47282233782416033
F124027,0.4928190882170212
F107438,0.47654565587917036
F108206,0.5079562409786468
F110530,0.4816595175569181
F105180,0.45408726313332404
F101475,0.47346735086060565
F120643,0.4310888953404068
F101971,0.4596111401093982
F110419,0.4903061398964979
F108208,0.4887258775367478
F103955,0.46677628227847445
F102199,0.4427800427387302
F102866,0.5028973228845712
F101469,0.48326655265047347
F120884,0.48535245672150484
F120979,0.4618009743029896
F113138,0.5267501439566817
F108392,0.4991167441647133
F112571,0.5065873916292821
F116366,0.4901668721139578
F115051,0.5185983293752146
F114071,0.5145860358658861
F123677,0.5147247771868557
F100632,0.5191576578473647
F111189,0.4917874832123787
F111096,0.534848996567745
F102899,0.5047118545937033
F103525,0.5134271390934364
F114179,0.49728397194324664
F116692,0.5151712146516897
F122962,0.5328751845919694
F122941,0.4846146666405224
F116922,0.5028163987388206
F113151,0.4803494594493926
F117317,0.5179566764421756
F108468,0.497166667143868
F109959,0.4992346108069945
F116262,0.5070563188801185
F124497,0.46553801106946485
F123433,0.4505408728456459
F114656,0.4871660200435423
F104118,0.46649547776485967
F101713,0.44371482109299204
F116143,0.4423493427514612
F103943,0.4979243128655961
F109080,0.4656389452234264
F113195,0.4650085705312348
F100613,0.46503296990237325
F102489,0.46184337355221394
F108495,0.5204471333510474
F119986,0.48238977954498075
F103849,0.43646540009743134
F123067,0.3588329756483521
F100929,0.5106227212911699
F110998,0.46153582519433195
F120261,0.4624631905336112
F118143,0.46843818148337396
F114265,0.4351792733878006
F122816,0.5259496960009622
F123170,0.4654935328921503
F116737,0.4846487029513717
F101474,0.4934750964376307
F100949,0.4800064287142919
F105609,0.47356915084329215
F109628,0.45363279665055073
F100974,0.5426830308912723
F117677,0.4869603001351349
F123325,0.4525315286215467
F111536,0.4944227942347469
F100026,0.47606759323559455
F100237,0.4910120505527994
F102154,0.4985439635562244
F107227,0.4958137394514277
F113643,0.4880510184195903
F119359,0.5010688273092662
F108239,0.48335034772499874
F101853,0.4990588636266819
F111985,0.4417473646265395
F106842,0.4573197947698361
F102316,0.4754323162137823
F109925,0.5168971784524463
F119589,0.49351371295660174
F121088,0.4623428480345099
F107139,0.49352260645461943
F105227,0.49712192508450825
F113754,0.4791044543876602
F108352,0.4557308814396466
F111743,0.45733065228818176
F104193,0.4396160084220629
F122728,0.46362650391523547
F116575,0.4672091280607936
F104657,0.5199950765661686
F104363,0.49816164056237816
F114139,0.4927707591940862
F108645,0.4546865146287389
F115289,0.5013802086135195
F111505,0.47036529747124134
F119668,0.48930149735957884
F109619,0.4445881639087716
F104399,0.4751706709732088
F116968,0.4756885794682508
F112287,0.4861928607077389
F119242,0.48407222378614917
F123830,0.5382821131770615
F122770,0.5298068812782002
F107403,0.473468135150149
F107791,0.45536273515011366
F123172,0.4465762967543345
F103170,0.46371595617642963
F123835,0.4974310204387421
F107829,0.50294709719647
F106679,0.4904643088472646
F100267,0.47962721493031385
F117435,0.4541320716755459
F121772,0.45355496195786527
F105883,0.4924370958538427
F102508,0.4808290575333729
F124870,0.523099154470107
F122787,0.5001065918933847
F116775,0.46384060075317374
F102960,0.450493980963872
F108697,0.4198712232513375
F105934,0.5041060738730316
F102818,0.4713158566753759
F106076,0.5104129674097155
F104222,0.5320895895373103
F123272,0.5221540441632753
F112958,0.526131272426539
F114957,0.4514703683212021
F119503,0.5013903610097973
F111915,0.47994561815222325
F124101,0.45466504887757964
F108702,0.45563946874036954
F110112,0.5118879267242351
F117032,0.4464048893040336
F114132,0.5361310995361573
F119528,0.46787018772144123
F103129,0.5618161160454324
F123730,0.4997381124982515
F112748,0.483453514728977
F107833,0.4650624348986359
F111917,0.4582522509837248
F109988,0.46209194123857056
F114960,0.46919168262986194
F105397,0.46992770817430773
F117747,0.4634176201869815
F108199,0.5509160911299988
F107145,0.49625665664153595
F115759,0.5184839854052867
F100468,0.4810314759629917
F119121,0.4754093660209248
F108262,0.5076662097089519
F103408,0.4616219753604998
F101847,0.5351038439290361
F121670,0.4868490295135372
F112737,0.5049548609693014
F114503,0.4876546577026822
F109783,0.4808973223442703
F103803,0.5064035383000213
F124502,0.4527817352534643
F107060,0.5094224808954496
F113618,0.47817101951571767
F110554,0.4458081252661116
F124142,0.4707911723612731
F111529,0.5117284441095202
F120527,0.5079310701779669
F105910,0.4475274585917126
F123274,0.5002445118058975
F111962,0.5018312682213433
F117302,0.47197350939049015
F101737,0.4758695105032121
F101042,0.44039435745753536
F107198,0.5197452215500268
F103209,0.5202229381989603
F103520,0.5187768097011021
F106450,0.4866365487699352
F101965,0.42767679513926943
F101960,0.4552379773906963
F103817,0.5014663214135837
F121375,0.48046798572373584
F120557,0.47985448807070114
F112409,0.47568305724727
F113466,0.5447710853281087
F124133,0.5349981246226259
F119075,0.49700730218967804
F117661,0.4877589094714211
F110507,0.46300528828217796
F119758,0.5018980949906785
F101457,0.5286864574233516
F123685,0.48572479280343583
F110241,0.5367312886093889
F114878,0.47578611323178027
F117812,0.5246952280911937
F108721,0.4321367723050895
F103700,0.46440146007343724
F110476,0.5152640259259526
F109487,0.4232588508959411
F115127,0.5117969968897305
F110759,0.5181918409084632
F103714,0.4758004798641687
F104323,0.43853498411091824
F115758,0.46922544975849967
F120952,0.4845801972993013
F101923,0.5022203736662056
F115011,0.4610196864612476
F112113,0.4647906483928426
F122248,0.5178705509114971
F122490,0.4980099271890322
F123819,0.5110836789243294
F114743,0.5250010722689107
F124820,0.4697667446717751
F107639,0.49183782919000024
F117117,0.47917891519262756
F104612,0.4602878258513496
F116397,0.49951328941904305
F103469,0.4678629308118433
F105969,0.4767747632760149
F116203,0.45995600822905114
F118077,0.5451514286115291
F117563,0.47308669712701673
F116407,0.5207765129595381
F122795,0.5097727933006908
F102453,0.5180002508140358
F114999,0.47674946136205326
F109520,0.47468401906441465
F101513,0.48174391507933384
F113423,0.517270720707609
F104413,0.476751583058366
F101891,0.45467465182178757
F106597,0.5119510165866573
F109864,0.4282529436324763
F115201,0.4927564751252126
F121122,0.45644643831925424
F118055,0.440252238406873
F118135,0.4493838315467426
F108868,0.46579332323968076
F117319,0.5354235873976501
F116707,0.4999477172038816
F108555,0.468058697721493
F120365,0.4612371016395853
F118616,0.5130833868293948
F101170,0.505692652493619
F104868,0.46763327810708716
F103136,0.4755717927031322
F112200,0.5125992918930352
F104466,0.45095781755299047
F100659,0.5300980648692628
F120018,0.5230124665069479
F101718,0.5266482828088029
F102476,0.4713279746294688
F123173,0.475283189616095
F100338,0.5154004690912346
F111262,0.4354789482335398
F110898,0.5073419854190098
F101767,0.43215889765233906
F120823,0.46563347906112607
F108292,0.4996005520625915
F107528,0.4884355811473976
F112036,0.49645622591638905
F123031,0.43573342301913975
F123116,0.4916142074589315
F119994,0.5004740978185866
F105513,0.5038914328623042
F115625,0.5097473138912806
F102366,0.482568679535434
F123791,0.5084227439494916
F117502,0.49769583141883017
F105738,0.47615619324507674
F100399,0.4702535595394069
F113562,0.5328624998825116
F124235,0.5072265789334962
F122241,0.4734742916485465
F109285,0.47551099246439116
F124489,0.5187384875995387
F118501,0.5078332425558647
F104964,0.5009419779467843
F110120,0.5097790450688651
F110175,0.4854040664004619
F112288,0.504086234418939
F122352,0.4822278450178106
F119842,0.4864662276140745
F124660,0.4635384004693448
F116457,0.48308973047568887
F106012,0.47203085939678846
F107035,0.4789314724396852
F117519,0.46439750505923877
F105345,0.4752501286597697
F113659,0.5069338177070253
F100507,0.5199833800735788
F104165,0.48828567756588986
F105789,0.47468848981833467
F104705,0.4608477220894691
F107966,0.4824490604036926
F121867,0.47956921136386804
F123175,0.5099720204462274
F102857,0.49306976225668175
F105255,0.5259708563065784
F118790,0.45940098612472774
F119545,0.4706739214378936
F106294,0.5094963066110981
F112249,0.5304542051148509
F119245,0.46598529975842884
F123237,0.4312634627131918
F106545,0.5403782229824295
F113494,0.5170967051578104
F122854,0.4603574861446463
F115410,0.5057100295993727
F106678,0.4692034709765827
F124022,0.4684865219327997
F122045,0.4906252016572643
F115878,0.4834659479720975
F111462,0.47368515386302373
F106121,0.4845923331964966
F114443,0.5167148478373483
F116687,0.4913730593639403
F107590,0.47123992350995886
F103603,0.4558213812243123
F105834,0.5416468669258528
F118871,0.4912965277155661
F121666,0.4862220939859019
F103565,0.46707144119663274
F114849,0.460136580189516
F124988,0.5017440452362758
F115649,0.4991060592854033
F105801,0.47318800581511183
F109034,0.4785987697953535
F120938,0.4830473968045542
F104769,0.5425381672599666
F101860,0.4399336029507307
F100455,0.4828872346032549
F110707,0.49383985356608734
F114263,0.47857316575734604
F103345,0.525031988463368
F124426,0.5168745052031422
F109118,0.47098369967105325
F101844,0.5361949778084624
F100306,0.46638686212216685
F101166,0.5267161405313321
F117542,0.4888059334744607
F102326,0.4485514544897449
F122480,0.4819880368127517
F103442,0.5178842971577068
F122230,0.4759771790919439
F103327,0.49122578970562075
F111141,0.49198996377896403
F105312,0.5275322252934117
F106891,0.46903848151096583
F120222,0.4512152356518282
F107630,0.48678305839937674
F110123,0.5287832123114378
F104846,0.4553531882847938
F104093,0.469761927362434
F108154,0.5333643962684999
F115947,0.4993343317190002
F124909,0.46374593138034437
F116388,0.4701765897421868
F124153,0.4993762838833426
F113554,0.4636635098477865
F122504,0.5032379587952903
F122056,0.49612648436445855
F123752,0.5533530345068282
F122945,0.5002338443405875
F107968,0.491558269413055
F122066,0.4757220489654982
F120998,0.5056639373168492
F111080,0.4753106342528105
F109249,0.5226883740375584
F101171,0.4349636348628903
F121221,0.49813495439668654
F119924,0.5108728995863016
F108453,0.4707773982328963
F117250,0.48165277932262945
F107656,0.4846208423116946
F105847,0.5102804608226416
F121429,0.5063332892200716
F112384,0.4937007868181153
F113551,0.52291179807707
F100586,0.4525669628119384
F115434,0.47709307566155934
F114352,0.4531314668840107
F113218,0.48836258532429244
F109863,0.4972332229118292
F112751,0.5387380219473823
F115669,0.5199004107437737
F119230,0.4557470800219953
F120634,0.515720361258033
F116680,0.5020161572903273
F124700,0.49479376475935255
F119492,0.4603934754881259
F103881,0.4347353141411355
F118149,0.4804835317451879
F123376,0.44940313494484324
F113575,0.5148001545975451
F124869,0.469112432917748
F110865,0.4821687060688491
F114491,0.4399241368312528
F118014,0.46984576504378495
F106623,0.4882876434011266
F114203,0.5283275717616085
F105485,0.44900429968043093
F124876,0.46139437303336095
F115428,0.497670940002276
F107330,0.5590145371379094
F105082,0.5204044068874882
F101920,0.46779452584890624
F115153,0.4814171592313961
F120704,0.4815830504121449
F115409,0.47460989788631813
F113827,0.4496378352696439
F122559,0.5083713882790876
F110323,0.46895137369328244
F101292,0.5042088030927221
F102798,0.47517110539157964
F110262,0.43914763041418636
F120737,0.536042450976542
F108412,0.4544474676461051
F100467,0.4680055650923349
F121988,0.4931586902216339
F110964,0.5208737405903554
F107733,0.4672229159752204
F114591,0.4642688524643977
F111805,0.4817016701213111
F124251,0.46371357163566584
F104572,0.49589790469827183
F120283,0.4316411861159935
F120083,0.5232472725111561
F113123,0.46298459817989035
F103125,0.552975988731318
F102432,0.46131896956280294
F100413,0.5130841346586837
F116279,0.42396205214873534
F111647,0.4382055476668854
F113260,0.4700100531591064
F121527,0.5099795742836304
F106833,0.4772504255623122
F116173,0.46137894383415384
F106920,0.46223313820200584
F118448,0.48381091718498453
F106072,0.4793515183360927
F118428,0.5067414035235421
F109286,0.46769018389156275
F112379,0.5064511839686106
F107259,0.5191132773485968
F102615,0.4830936638624408
F104515,0.5440661867882689
F115088,0.48666452268527166
F100617,0.49617299067429316
F123845,0.43534553300696366
F119233,0.47839166592783766
F111906,0.4965611836069732
F101694,0.5123399103372951
F106459,0.4384125075762485
F102887,0.511846210576036
F118363,0.4842950154171993
F120728,0.46517021969979344
F107896,0.4710741645127682
F120640,0.4965153170608785
F110909,0.4727495671183186
F113498,0.4728403876755024
F106596,0.502407178446799
F124318,0.512836280200459
F110727,0.460804899271255
F124476,0.4555508594304593
F108549,0.4777524084802112
F102172,0.5055903632564915
F111235,0.5058558048180427
F106899,0.533689581502141
F117025,0.48651741595759235
F108461,0.44008483243759633
F105581,0.47624491860780976
F123577,0.4887315289519436
F124032,0.5245861981593731
F119287,0.5041417560721332
F119765,0.48003226218313383
F108576,0.5083939589028832
F116957,0.5143538543005332
F106267,0.5284276009821055
F118728,0.47337726600706814
F115729,0.4287635200365744
F108338,0.46911168627050054
F106730,0.47704600677567005
F100686,0.47789153969539505
F119228,0.5337141099601065
F114238,0.4948073529769383
F115521,0.4487996108700862
F113826,0.4687189619562153
F119402,0.5104263686149331
F100572,0.4605633212134034
F101927,0.4011986425616836
F119949,0.4611201867085441
F105291,0.4684849765799606
F116437,0.5303063948518836
F112560,0.5113370960319951
F120251,0.48654307218584086
F116802,0.4791943158680328
F119389,0.4515956744508796
F123820,0.469941607819244
F115258,0.5204734326201753
F108717,0.4583591067744436
F124873,0.508470380147383
F114476,0.5360957627614873
F120990,0.48166383342757946
F110280,0.5297786249639499
F118657,0.5151249419986295
F113653,0.46862479003403
F111032,0.4768469282038091
F113290,0.516985969656053
F107206,0.47308990371345216
F124491,0.4710886115689212
F119960,0.5099885693673271
F121826,0.4714185031554629
F123661,0.4850356048962415
F108671,0.4843072611240564
F115223,0.4857360156071884
F121220,0.4939051485223049
F114086,0.45805386252449076
F117521,0.45515706391477373
F118466,0.4369470293701022
F116683,0.4504489531877528
F118171,0.45178837822336376
F110166,0.4723943708249183
F112793,0.5229114586423101
F113420,0.5384524515118777
F102694,0.4677644398935001
F102964,0.5108729463793493
F123215,0.5127298524626023
F118699,0.49174295879953284
F102270,0.4733115637351126
F104899,0.5067626327522464
F108538,0.5257081548431212
F104794,0.4606805480437782
F122203,0.496300972442752
F112607,0.48628205161284627
F111541,0.4813292475177309
F113437,0.4738569598138631
F123049,0.4598677147731623
F119923,0.5091629712390654
F120368,0.5266595290733701
F118895,0.4545871620881263
F105660,0.49981026145331314
F124404,0.5007041579451231
F109421,0.49458622679327663
F104861,0.474553798791682
F106728,0.5013219944158236
F111376,0.5025008506902614
F111401,0.49265338777899914
F100055,0.4866991437362484
F111959,0.41648149482999264
F106361,0.4531711629589933
F120508,0.48830638335713583
F113449,0.431273761012716
F118005,0.4693047894345291
F122601,0.48827283858031406
F108612,0.4478365796747365
F103755,0.39927023016009383
F121622,0.5222807147816075
F111010,0.49069076822506585
F119381,0.4347364045795076
F122703,0.5028173898829641
F122400,0.49167454054214627
F110796,0.5546224352075899
F113331,0.4127210128234814
F101594,0.46407622827511813
F107465,0.5250998249404865
F115404,0.45242669147047143
F119621,0.47903339929518557
F106096,0.4707571749046034
F104825,0.4971488398716485
F109950,0.4752802463530398
F103011,0.5319839995234136
F124445,0.46968904304048953
F113394,0.5043744490727455
F116310,0.47612497507112356
F109653,0.5155336226722347
F101906,0.46762332840096776
F124258,0.4758489115928812
F124771,0.5036708288958254
F104353,0.46737612263352385
F111615,0.49012395645241746
F122025,0.4462081985313171
F105961,0.4750935141690827
F109044,0.45366722523094266
F111966,0.4768722252984994
F113616,0.4321417912280962
F119714,0.5133280270319039
F123900,0.4796841951840318
F119073,0.5091283641354043
F117729,0.44146496830945503
F124451,0.5056676304826369
F107197,0.4386018875503352
F120751,0.48700219491114555
F122533,0.5232631669613254
F102762,0.473498509801255
F112275,0.44854174811320524
F122233,0.4958344819009301
F117584,0.45128268452161935
F104269,0.52406685886837
F105982,0.4596690183082302
F103443,0.47614330053158377
F103575,0.4593519482892987
F119326,0.4934519007050451
F112593,0.4484527099771782
F122920,0.47708798767469135
F113150,0.4809969775773658
F119218,0.443092480907738
F123532,0.4889013512760683
F108517,0.5132987145516399
F103185,0.5390407316267474
F120372,0.4641185730306312
F120711,0.4927637007903665
F122751,0.49982359636065304
F117148,0.48235561397994453
F101382,0.45081683263509026
F101336,0.5096697847600785
F114429,0.5265596480354686
F124005,0.4724327127487377
F121138,0.4478822209163376
F109305,0.41667736324713645
F119626,0.5079341023301743
F117122,0.4699687572277304
F111279,0.4899573717056671
F118491,0.500242632589458
F102456,0.4782760040418046
F110852,0.4903882262132995
F100668,0.4838251743131338
F112299,0.4810444428680096
F102114,0.48633424931789965
F106204,0.4911606629593186
F118897,0.453735703717336
F116517,0.5066800967491581
F113990,0.4909543287368745
F114506,0.4736992988212023
F111654,0.4865637424015194
F106633,0.4819312217513077
F122762,0.49632151215569226
F100699,0.5470301277256646
F109879,0.47110799341695975
F120356,0.43796181366812437
F118778,0.4748247004062184
F116747,0.4262855925676933
F110375,0.4413081870820854
F123738,0.45743706344273183
F105665,0.4521565361852246
F105816,0.47094220131042314
F110774,0.4922428022999674
F116115,0.4570884422956263
F109791,0.48779712440754996
F107067,0.47808586036709527
F100460,0.4880224993363687
F102418,0.4646370670081856
F124231,0.4835100616098807
F114886,0.5436459326998471
F106252,0.4614710748876391
F100257,0.4967014635163368
F104943,0.4677657806095708
F121152,0.4533361550343732
F104356,0.48145023989735247
F109046,0.5314339129838419
F107920,0.43119424669419143
F117808,0.5190350267295805
F103777,0.4785696589091014
F111618,0.4758537213805286
F115354,0.47897482120524193
F123315,0.4649216680197161
F115553,0.521950568671128
F116526,0.4785962602811113
F105329,0.44806736347055215
F108922,0.5010639422006156
F100893,0.428116571591993
F108787,0.48244357925542536
F108348,0.5038685470941615
F110392,0.4686209836530183
F110074,0.51322856426621
F111830,0.48542472512113594
F120265,0.5059197050808368
F115731,0.47501867566144024
F102463,0.5192557310424356
F105099,0.5081298783532713
F107372,0.45665220048878596
F120004,0.5024386757849174
F123034,0.45990319112586875
F103792,0.47073772662183616
F107862,0.4386044185099592
F101764,0.521919956759385
F123095,0.4700602936601454
F115157,0.45206157371759126
F105695,0.4610762089243437
F108869,0.4802594776904077
F100805,0.4972158037801613
F106507,0.5121752281175604
F103990,0.44794903853367624
F100408,0.48269565566795325
F123377,0.4611856695507284
F113528,0.5348748845112566
F121163,0.504090232048582
F123739,0.47276040760541144
F108321,0.5521484220091593
F124918,0.528968275653423
F104700,0.45016719113961107
F101840,0.5154238942899111
F123321,0.4469263432962015
F102877,0.5156301067555819
F107592,0.49042344683792355
F114582,0.4694771694006395
F106039,0.45852214984461076
F112757,0.49804742453738177
F107563,0.48078149827742456
F117984,0.5070830934090266
F105387,0.4569047634600588
F112488,0.4608959715276671
F106570,0.490468841541344
F110540,0.4740846209491822
F109644,0.504134092743252
F100400,0.46856755695774377
F106529,0.45608152954394543
F108678,0.4504969750698004
F104019,0.47125700561307565
F115149,0.4374445260740297
F114767,0.4588005901706065
F103317,0.5109261604363716
F120789,0.48170949293033694
F113443,0.4745754206565861
F115974,0.5044039431412594
F114782,0.5171828428851575
F119745,0.4850568568706367
F116956,0.4665689809747328
F115065,0.4960719719643837
F110714,0.44448603769573325
F117141,0.44764870949315677
F118792,0.5034302854415583
F122720,0.5004527568700079
F113797,0.48991127560853487
F104571,0.5184424114031493
F110673,0.45114140978542583
F123743,0.5289461652970687
F109381,0.47233372253577427
F108237,0.45130435889163384
F118188,0.4490180006341449
F115807,0.4701382039833266
F102869,0.5000619578959319
F110114,0.49564418197423205
F113857,0.5302655915107417
F124597,0.5244586537369031
F114156,0.5099526430364211
F113250,0.4889074149174848
F111792,0.5104760336419155
F120739,0.5002052112255911
F124167,0.4881197958515483
F100259,0.4884464210843122
F113089,0.46926292455366464
F108918,0.48648568912046875
F110007,0.48353400395722856
F106111,0.5481713375226753
F110720,0.5155699812233197
F110040,0.534542394421871
F118599,0.4926976900497876
F102617,0.4681992756916
F103444,0.522324530936618
F120318,0.44682835909791874
F108864,0.5003893305791252
F110043,0.5160137873489138
F106282,0.4941506393022502
F112276,0.46305597588448344
F100776,0.5693646803965404
F104307,0.46213101267655776
F122548,0.483007850650196
F118663,0.48450059735779166
F114708,0.47123046539852975
F124741,0.5026995564251471
F104456,0.4181839552177154
F122574,0.4342260780857147
F101496,0.5102878639567776
F108394,0.4388030027058908
F116509,0.5176683969994788
F106097,0.5104832501704044
F113324,0.456006541743812
F118593,0.5079943722769815
F113086,0.4851640310233039
F110808,0.507540004573447
F100136,0.4337846217250461
F101989,0.5155786119702266
F109684,0.4934862691897426
F103649,0.4150983950902417
F100141,0.47662669622261866
F109178,0.4931453076838998
F109905,0.47157182196397157
F101922,0.45946853885543226
F101696,0.45009287151597094
F115422,0.4682002971542307
F124874,0.4709707694819377
F116487,0.49858648684111434
F119951,0.502563827308687
F124326,0.45055532726591097
F120829,0.4812069109921137
F119119,0.5090128439108969
F114796,0.5036985677864267
F118840,0.4832557430998664
F124248,0.4705825092729108
F109580,0.5050269433513987
F107136,0.4696344929616562
F104787,0.5431412273451519
F115471,0.49357892023705197
F123749,0.4816560991116903
F114393,0.4719798552120989
F107114,0.5125996853904855
F117290,0.4960391710640503
F113147,0.4810813156043863
F109220,0.5019483532748614
F113488,0.4778028422178182
F105614,0.4658627854534528
F117192,0.48426385653810344
F104578,0.5244339186342605
F106195,0.4827929883747731
F122859,0.5008191933936476
F114905,0.49926003128411817
F109680,0.5030793423974074
F109739,0.4577375356076066
F108604,0.4591936692613229
F119926,0.4127391491897531
F110659,0.49293002022099697
F101133,0.4805448927442554
F102359,0.4982958749093078
F115119,0.5166872066724411
F100481,0.4334281480069456
F117859,0.41383401804432907
F111367,0.48462866768063956
F120758,0.5139446391059576
F124992,0.47484183186831613
F114467,0.4973039963517311
F120538,0.4971965115678548
F110162,0.47190677736653047
F119008,0.44760343288839066
F122180,0.4742767701174821
F106379,0.507883246681647
F110006,0.4444662928930998
F110663,0.47273174946299146
F100436,0.4611594321145065
F112795,0.46855333162486756
F101091,0.5043222306745118
F118900,0.47772098175633976
F101816,0.4982450098636144
F112398,0.48978670502257915
F106224,0.5038342906728194
F123501,0.4516601392318156
F103475,0.47064425004316
F102363,0.453602044837617
F105358,0.46635116139049326
F104829,0.5228246483109698
F100457,0.4669053111876064
F107272,0.48501085054588083
F102041,0.536066364358442
F111053,0.5196951964552263
F100347,0.47746802892066126
F123204,0.4890470376388194
F108279,0.5035032706630442
F100616,0.4834064550218135
F108313,0.4511936437907592
F123197,0.474252729752526
F118854,0.4950790357859664
F100132,0.5076548526087536
F112656,0.4642950881606169
F103975,0.5129643595479884
F119818,0.5052634147662078
F121143,0.47253500121071107
F107244,0.48352668398726856
F108060,0.4856495258667031
F122894,0.5022170814977325
F111741,0.5197447532007785
F100069,0.5165859651066327
F106307,0.5033706828768173
F115312,0.5037755582604875
F105512,0.4328123852059694
F106320,0.4886897477763064
F113802,0.48672372436688216
F121722,0.5138881850364628
F118239,0.49024037497792705
F111846,0.47727101352117896
F102514,0.5338986309554374
F121294,0.414363519029737
F111037,0.5016087831479875
F115006,0.5246264070833778
F107019,0.4658021477682249
F113761,0.4971252455460022
F111747,0.47835495186005006
F105680,0.48888343967203396
F111048,0.4966292048491368
F124061,0.4838084289150925
F115904,0.45443807536893827
F118516,0.43604449206019713
F123588,0.4549650880495566
F120515,0.5120600638259397
F111559,0.46988485423749765
F106530,0.4592937289986423
F103372,0.4885857946201584
F111819,0.49275018169952844
F121033,0.506093969698007
F108710,0.5072012232420411
F107884,0.49915355354267105
F100319,0.4770096221062849
F105786,0.48513205975779533
F102699,0.486448042393361
F113881,0.4446347273689857
F117405,0.5089431604847897
F114220,0.4677965969756665
F113586,0.4057776170883014
F106525,0.5013852985904683
F110030,0.509161555838029
F115547,0.5046066729641203
F118093,0.4735354459859859
F118288,0.48480315037565563
F117867,0.4754327731289253
F110432,0.4941138163866482
F106511,0.47416498429849063
F103281,0.49572591906362823
F104923,0.46861505756344785
F111180,0.4756358801099975
F105481,0.44790455503418836
F108121,0.5056013917901339
F114918,0.4833532167774875
F109409,0.4350121399086103
F116426,0.49015487874955094
F117672,0.5468814225825388
F101721,0.5072115901225509
F109833,0.5346277790194824
F111326,0.4392904488735202
F123753,0.481701816604052
F113958,0.4789599463616504
F100596,0.5205863149228708
F113235,0.46158984386531104
F114019,0.4510713255033881
F115717,0.49859961800889746
F100113,0.47524158946342104
F103440,0.4940527607420763
F121111,0.45466350376170434
F124067,0.4626408956865134
F113172,0.4528919101503771
F123524,0.4897554627891567
F114516,0.4474671144126027
F101435,0.4694111224018414
F120671,0.47879102127420764
F115009,0.44826083412082024
F106993,0.4828371422731847
F117466,0.48089715709305036
F115617,0.5066628449788027
F105878,0.4593920443652469
F123053,0.4908658335911451
F123785,0.4522673520002778
F114574,0.45570538704264496
F107437,0.4289774733768389
F119096,0.47292914128452496
F104087,0.45271881691373655
F117074,0.4729674736370734
F122044,0.45748084967236335
F100786,0.4948784013862557
F120152,0.46554614953372636
F112490,0.506421049899558
F119390,0.5079304410211951
F111026,0.45512325341836946
F122510,0.46543368769403576
F109558,0.4666079622496569
F111445,0.4602173926981902
F117942,0.5041160143588239
F104579,0.5020208062151119
F103727,0.40088556321354113
F106317,0.4409812767857136
F103178,0.5184269673324233
F117328,0.462374902492838
F107768,0.4876949301181541
F106182,0.47869572060594345
F121044,0.5085883793163801
F102099,0.4770126165216893
F100232,0.49269394740121625
F112679,0.4514285186553907
F102509,0.4717859423822042
F113624,0.5221179892085062
F114772,0.4752587605650214
F110692,0.5079587344110364
F104192,0.5172932931279454
F113629,0.48565268440002396
F102074,0.4741712506197878
F121676,0.4843082505643234
F111755,0.5017816091952393
F114514,0.5007415974536272
F120982,0.4897847364240599
F112752,0.5266641577313741
F120043,0.46727824969123477
F108265,0.4622457083266988
F124681,0.4231403550930434
F108606,0.4613527504719875
F112858,0.4791220135689862
F121092,0.5179273563091801
F101178,0.45655603347528523
F107149,0.4437888444982653
F104620,0.4682185854640223
F108318,0.5063012461959773
F107654,0.42882036347630065
F124896,0.4805419261001124
F116837,0.4367017599189785
F117222,0.46076546597942497
F120007,0.500163884834482
F102435,0.44984757513394663
F123038,0.5089763908662323
F116970,0.5117902916710487
F113000,0.4907334169576626
F108487,0.48350576211287943
F120673,0.44819254282886656
F120239,0.5584202715001109
F117180,0.5145673759339295
F122650,0.502524513677064
F106958,0.5123189079836741
F114174,0.45624867838100364
F121865,0.455602807910712
F117237,0.48260288735484314
F106635,0.4849894156307544
F124182,0.4703339768219476
F120917,0.49473586838519984
F110858,0.4786892034119922
F119426,0.46649357367496
F110089,0.5043344892392327
F122620,0.46986695192069466
F101935,0.5214908943496789
F104613,0.5226467510137109
F102298,0.5005438408252056
F120586,0.4800683090671282
F100046,0.4699474303928259
F100068,0.4619608765041636
F102329,0.46944885919580864
F105785,0.5386571252957818
F112586,0.46893743061839593
F105272,0.4637650056034841
F121977,0.4914769704836069
F120410,0.478923429078824
F115283,0.5360878925600228
F108848,0.488605204991242
F115528,0.46191889669930136
F108267,0.4728448516200077
F112105,0.47163963265491027
F101488,0.4765810424592502
F114547,0.514249458488739
F102462,0.5184661735306539
F102570,0.5113887994176555
F101198,0.44876646305477313
F121192,0.4351078127333432
F117306,0.49391152962204143
F117285,0.4726785308340101
F107695,0.4748140974860063
F124003,0.4451761159650345
F123512,0.4985006225219108
F118443,0.48735496395256445
F124277,0.522204206959095
F112461,0.5049949254355621
F110384,0.5085267991394815
F114740,0.4691617069198601
F113960,0.4583743589533447
F103179,0.4744624827800371
F117723,0.5094796258453026
F120387,0.482846386266664
F100111,0.5174908080761984
F112568,0.4769458529012192
F107646,0.5329259841858436
F106897,0.46750149574030864
F100238,0.4397429592920659
F103622,0.4650874030076964
F111812,0.47290226883122655
F103416,0.4776537714505659
F123299,0.49975416320673394
F107544,0.4611912577840134
F110978,0.5090899225613003
F106090,0.4595354887704717
F108764,0.48232158217648413
F100397,0.49383959753857004
F116463,0.5082065437468544
F116126,0.49931967399479366
F120209,0.4125049442366703
F123346,0.4999961088460699
F101739,0.5286976654865816
F108434,0.4825744513382853
F115005,0.48838180566062933
F123862,0.44834575158278195
F124180,0.5380326278035468
F124448,0.4682901929475035
F114337,0.48164618851261876
F103674,0.4498224990937558
F108345,0.48326776327740883
F115688,0.5219967568407676
F110266,0.48227589372951024
F100735,0.49510957870571415
F116776,0.5041968794946715
F117603,0.4744342914742927
F109916,0.4657155326914695
F105859,0.48126524130018183
F120267,0.5337158686643311
F100041,0.45270203899432054
F114112,0.5035391516590019
F122517,0.4934055242144154
F109629,0.46562018204460415
F112903,0.4417267626324071
F108998,0.4696902387848079
F108069,0.40050144456229425
F116501,0.48074551709690505
F105122,0.4766383512177086
F112860,0.4579599166065532
F118610,0.4988403368008021
F105353,0.4461397570116075
F123045,0.4451072201288144
F107278,0.4723794284120828
F100318,0.49661588714271715
F109681,0.48944713138664436
F101889,0.4792933135958157
F100483,0.48684634456477177
F118673,0.4788269305714639
F116600,0.43774694272669273
F116252,0.47244673895750483
F112777,0.42577913904832265
F115402,0.46816030642135137
F113566,0.5155845406078953
F119293,0.5119658681396441
F110165,0.4987642826697609
F103713,0.5316875610637752
F105509,0.48049306536901565
F120449,0.459642796404033
F120972,0.526219961637552
F104940,0.4527984660134015
F124352,0.49388284392897386
F119526,0.48252455927094096
F106770,0.4625585394763029
F104770,0.4711090658019576
F109952,0.49046625553332185
F116873,0.5169471915070041
F101875,0.4950282797463271
F111046,0.5015659183811197
F117438,0.48703875911345257
F106212,0.5297680120112136
F109351,0.4376206239816826
F110387,0.5050835612596983
F108809,0.5051543440413242
F119580,0.4494719772913872
F114125,0.4878447664168251
F112232,0.5340479507044414
F113903,0.4983034188287861
F120591,0.4998935910863951
F114403,0.5199414302906803
F105295,0.4938472281021513
F112464,0.5023356529216731
F117381,0.47848571105935567
F110755,0.4885459106814178
F118218,0.5463562595696682
F113302,0.4512396657899512
F106722,0.47348271689147586
F124082,0.47305530202341284
F113021,0.5413822016583285
F102532,0.48324889188575976
F121063,0.4892736969912024
F101080,0.5166682220229905
F104395,0.5033570837049103
F103376,0.4237693048608536
F110041,0.4820921571414485
F111916,0.4663481032948914
F116200,0.4939410340284696
F103431,0.4604087090952821
F118538,0.44262495770675686
F123514,0.5117781616137184
F104533,0.43390201929810107
F103570,0.5059588847056374
F109084,0.48178430848023196
F114609,0.5269994558545197
F108504,0.47649425554104835
F116434,0.5080448729602037
F108227,0.4908219671560317
F100127,0.5288491863996322
F101259,0.4729196141506707
F107802,0.49081286661159995
F123662,0.5318500969042365
F123505,0.461948814205566
F103341,0.47518288513060203
F101878,0.4264441601817519
F122335,0.5184445358433379
F114926,0.4708956882043229
F112749,0.44879450002638066
F120743,0.521225551947483
F102372,0.4581627328609983
F120013,0.5172981954026563
F102001,0.4569519157054313
F100244,0.5040003543421666
F113693,0.4485712548786769
F115722,0.426736046076704
F101725,0.5218119966588862
F114785,0.47131822586366895
F124588,0.46489396178744424
F118819,0.48543530980957716
F103671,0.5029311439398574
F111594,0.512909371947974
F124455,0.52125241519406
F121918,0.4661633463499206
F122591,0.4927200679909162
F113369,0.47393678029518954
F118722,0.4800843176808462
F116016,0.47525036742485116
F113935,0.4907781815339678
F109356,0.4806747657170383
F111987,0.5161651566121037
F110258,0.47630950954783574
F107097,0.4670748974081487
F112730,0.4937802150888829
F103556,0.43523437612549154
F123019,0.49192492207411787
F110793,0.46731123656547113
F103710,0.5000363321298965
F118667,0.5176942663872504
F108881,0.47854335239156215
F100493,0.46377426888657985
F103069,0.47915853567045374
F121785,0.5005722298308115
F113336,0.5033843140924262
F114546,0.5044304218121574
F105586,0.4151219321769006
F104295,0.46281377263235646
F102582,0.47703335069774305
F109445,0.47496368845072456
F103267,0.4504811489984051
F107720,0.4050295637756209
F120164,0.4744474540455223
F113248,0.5035202304152973
F122136,0.5419529245925143
F107342,0.49948528804289477
F124093,0.4949409453146876
F113243,0.5440197737100164
F120506,0.4341993486196674
F102954,0.4671199920207724
F112163,0.4957469117558225
F115510,0.4656326447503405
F118183,0.48641611785668104
F121201,0.4369425894927549
F101329,0.5075901249198811
F100788,0.4325023007292106
F119650,0.5365609344064999
F102550,0.5209975862419355
F107739,0.4659009679667869
F114153,0.4696641745493525
F109546,0.518255103267335
F117778,0.5114201483317692
F103118,0.4959088965576702
F111196,0.446705154726504
F122656,0.4393322634312749
F115843,0.5387242766317432
F124569,0.5162549924085407
F108409,0.47399419799849973
F124571,0.4823454616251756
F114093,0.4753273549090765
F103005,0.458201309188014
F110783,0.4682838585687288
F110012,0.5119225895326441
F113210,0.44922170507004694
F105146,0.4665556497367545
F105652,0.5140289502455532
F111864,0.5063452911681614
F121625,0.44330248530349053
F108092,0.45380170078010623
F119396,0.4578905442107685
F107290,0.5016856185658292
F109707,0.46537937815077046
F103049,0.45242144524881533
F118042,0.5207955167760555
F121709,0.5088192713709037
F122875,0.48153145770772177
F115222,0.4070036458718521
F124603,0.5094630686727132
F115790,0.41009098050062676
F115559,0.4362965578107363
F122931,0.47917646399078284
F123003,0.4828638865374244
F120315,0.46256538454894786
F106856,0.49360514358146673
F105944,0.46777655582388167
F119016,0.5078481210184366
F120432,0.4344227275283704
F103390,0.4817874331577647
F123832,0.46915671364996214
F104267,0.49557293167419875
F124155,0.4811903798541727
F122499,0.48329591327769733
F112590,0.44378289440235963
F108794,0.4938619921518623
F117884,0.5057701276521376
F101414,0.4687061343400611
F124838,0.48135227060085356
F120618,0.49698726491446554
F114940,0.45747723429760384
F116288,0.4560347020509775
F104706,0.47127821567664285
F119711,0.47700998832990543
F121160,0.4927389943793129
F119881,0.5296191669373717
F110371,0.4974688737950452
F110281,0.4651201906767126
F121284,0.47055637301489206
F114100,0.47382213069711077
F120596,0.4641879424894456
F109962,0.504072406986979
F102036,0.4812816385680096
F113259,0.4858789757258915
F112953,0.4550494379102833
F118878,0.474611828107906
F108423,0.45890143601952765
F106936,0.4922184918535176
F100189,0.5025284872586044
F123756,0.5073088422518106
F124602,0.5125571644345828
F106319,0.4980624381438795
F110584,0.48915554419089
F118770,0.4444944343194376
F101006,0.4871649222048924
F107568,0.5192527550351391
F124706,0.48145418744056906
F106804,0.46322047467069094
F117933,0.426842622843203
F122431,0.47864982514130644
F123497,0.48818771252540927
F113675,0.4774519437473246
F119945,0.46111090811740746
F116032,0.4635842477840371
F121432,0.456521921768171
F103034,0.49371509076766507
F102413,0.462065176438642
F123265,0.48475864662824675
F115676,0.505757320174009
F118594,0.5127281191107043
F124788,0.5061139725454048
F117485,0.47171566395258513
F102109,0.5000231168712701
F105283,0.47261360683161224
F105569,0.46816299920362
F123605,0.5323716553676984
F122857,0.4909813399648229
F118086,0.5063713972391283
F106134,0.4843862492335142
F103631,0.47474297951718264
F112675,0.5118393750298308
F116646,0.4527850986434398
F115298,0.4584164552831497
F115971,0.4787449289750696
F120695,0.46339035028908265
F101541,0.4565232817549967
F104516,0.4619869599351349
F124852,0.49297775383031867
F117490,0.4910737721572748
F123294,0.4868703537337247
F116042,0.48704180020043286
F115598,0.4842762377263365
F124606,0.4725404184138628
F123131,0.5045113712188553
F114418,0.4695435658123323
F102839,0.472199184252644
F121594,0.5056929585772334
F112979,0.48236431237127037
F122535,0.483593027064064
F122674,0.473619938012362
F105220,0.434160183946982
F105256,0.48319411124399153
F122730,0.5001217012538057
F108822,0.4311127181345933
F111793,0.45627864667130097
F123812,0.5295039728893954
F118476,0.4418092403252005
F120551,0.4969229558905002
F121677,0.4638456001253995
F123876,0.49651200248006205
F121835,0.48631419983565566
F100352,0.46566391399570706
F107783,0.501682010803427
F119602,0.535254572893509
F111614,0.45752702075531976
F112908,0.47526877612700935
F121458,0.41265635123183886
F116574,0.4542237153365545
F122101,0.4928058944404521
F110102,0.4658285416851754
F113364,0.486701490735436
F119090,0.5096997676291718
F117669,0.4811158693050302
F107548,0.5233413379409833
F111353,0.4445742534970229
F107793,0.47431596546848004
F109456,0.473401722936294
F119190,0.509995968639637
F100871,0.47232580099892174
F124789,0.4682841014957872
F122820,0.4697820348842398
F116446,0.47925041260291595
F101547,0.47926335055477176
F121456,0.4723160770798651
F108139,0.5231783099374016
F102688,0.4674333261498799
F100211,0.47321978727182756
F120738,0.4713065887974509
F109492,0.532988493882412
F105571,0.5342464644643448
F113667,0.49818218861648333
F109585,0.46879967952717677
F114159,0.47057454580974734
F115270,0.4957112097451699
F117514,0.49768771081714686
F114057,0.49604569827535
F111332,0.5436704283881509
F114967,0.5544318603395956
F122004,0.45212560752037756
F108552,0.4404820698394071
F101761,0.5048963422163613
F119131,0.5133268160461053
F102445,0.5209415219183777
F110385,0.48845987737446805
F123025,0.48826041520697233
F103895,0.502104209868342
F100394,0.48672199530907057
F123103,0.4750124505469563
F124655,0.47163498890928185
F106034,0.49964633087587923
F109975,0.47868656654265834
F100749,0.5091054012220635
F124485,0.5015588591132201
F121707,0.4794967613366605
F101121,0.5149705369110521
F105246,0.46841388305896653
F102499,0.48285974035512813
F102212,0.48351465087147993
F115575,0.5022570482283936
F113552,0.47983988550691065
F105535,0.4783097837360049
F113396,0.4797841317398316
F101324,0.47837432296065746
F120553,0.5033555841161101
F104704,0.516460639050694
F121960,0.452059710366194
F112070,0.502326318851899
F121825,0.49205080443849425
F121673,0.41954507892704973
F103434,0.45969822281422146
F105296,0.45355583754975565
F122516,0.4634155868613631
F100670,0.4741944524069953
F104567,0.47209839926927977
F108055,0.4664503298844478
F106746,0.4843002176399186
F100150,0.46540839328962025
F116429,0.45461432397011486
F111914,0.4494840540264751
F101880,0.4582799800732887
F110294,0.5012973698682451
F106303,0.48197584457215137
F122586,0.46204484279546254
F102804,0.4965220313682834
F104494,0.4469564053706116
F117225,0.503805213239083
F104177,0.5122341976089291
F107056,0.49441198764750244
F100299,0.42310549302819683
F112302,0.4459978979752721
F114859,0.4411834598487791
F121982,0.5252823945397816
F116403,0.5028272954485912
F119557,0.5219944630440475
F104582,0.4831785591267748
F102354,0.4373051040279293
F122838,0.48571492286574786
F105431,0.4540626132417037
F123713,0.5066184447860667
F106613,0.48862833329306443
F105958,0.4499253283891957
F101181,0.5178686424151173
F104204,0.48420245835179615
F105710,0.4788819869316972
F107665,0.4913455353999844
F124567,0.46372242769071775
F123109,0.5008396558421638
F103918,0.4487247543006447
F124696,0.434391480514406
F117096,0.4807167475408355
F105187,0.4823930421979894
F122220,0.47431799725486723
F114107,0.4739111945509551
F112136,0.4944978829859462
F118032,0.46492565854611667
F109142,0.46199914188810604
F106222,0.4546683042588928
F106298,0.4682909347572402
F101655,0.5263699445196188
F108665,0.46340503546094775
F104263,0.5366723527525807
F123869,0.5032526423097271
F124312,0.48488291204545836
F120942,0.4148983454054559
F107799,0.4626332070228604
F105173,0.49154351650117223
F119324,0.4623645222555444
F120332,0.5200067695617765
F114902,0.4839305453806506
F105902,0.48806576919157607
F101001,0.43708668137939266
F111473,0.4814348153933757
F110267,0.4719027156454797
F102348,0.46455698413038454
F118913,0.48474158174638327
F116563,0.47803053451707345
F110458,0.5016417775888284
F110179,0.4963806875505261
F108014,0.5282550421718258
F102159,0.46458294626609914
F118487,0.47635009975026416
F114608,0.5265190755995364
F110313,0.47105649231927543
F124704,0.43844520465092657
F102057,0.4765055163194636
F100241,0.45451971630621196
F121196,0.49752657043584547
F107331,0.59584216574293
F116932,0.5102659319167232
F113258,0.5151806118801252
F109453,0.4754827124486021
F110831,0.477806251551437
F116694,0.5320687537677224
F100843,0.4597358558369572
F104817,0.49145619821092557
F103448,0.45825576169652665
F109161,0.5040742675528337
F112255,0.4895171823233607
F118347,0.5154758665369081
F108525,0.5072919165821886
F121777,0.5131531747510555
F110202,0.4856833888086081
F122209,0.4159844480765934
F119286,0.4779181774577315
F110827,0.49391200233171606
F105330,0.47044022494907567
F106960,0.45815343890866383
F116733,0.47431986013193794
F114348,0.497769345464511
F109408,0.48179905073116963
F109497,0.4712712704224128
F105552,0.4732115218787586
F109376,0.500616025654154
F115208,0.47724425103338314
F103353,0.4956717576488901
F104806,0.4748000705248555
F103276,0.5366775586562984
F117153,0.4951224566903698
F109447,0.4866279235412475
F117572,0.47459672619837856
F120533,0.4428868755275011
F102829,0.4710760971874627
F123721,0.47220646864316823
F117607,0.53720547652063
F121646,0.4808122320956481
F108865,0.4825650676733008
F118222,0.47987878032597253
F116585,0.5003329562146621
F100804,0.46791993374356955
F109867,0.4669809467356754
F104274,0.45564746477813317
F122752,0.5328789751048102
F108635,0.4689378652909703
F115699,0.4507090032776349
F109846,0.43290272578857447
F103151,0.47538948695075045
F121216,0.4946719454411186
F100833,0.48660970610258014
F103664,0.45191720403314495
F114986,0.4742162591571723
F106330,0.4953188450739497
F112616,0.4362179812748186
F117516,0.4389004110673168
F103206,0.4155137553334362
F102168,0.4568231179388654
F119550,0.45402937080677064
F117544,0.49099153411289925
F111964,0.4290716334268738
F108758,0.4484469905266772
F122380,0.4683324488289287
F108388,0.5124554796915113
F105221,0.44430059025330587
F112011,0.4856009622438831
F122060,0.5030257403248276
F119625,0.4782170434157846
F116159,0.4800037457431385
F118197,0.5346706002667596
F122855,0.4732891716674644
F103280,0.45457840498018076
F123066,0.486730240734442
F114489,0.5143932882416233
F113341,0.48494760718936375
F123104,0.43686878023819725
F121913,0.5346358014281777
F116967,0.4910596697440765
F117692,0.5000643099210363
F114449,0.5539743384833758
F114917,0.45200418908052076
F106626,0.5371360806010974
F105752,0.47060739072294416
F110180,0.4548047010428476
F122579,0.4979773214839579
F104771,0.43317113096739923
F122049,0.5436118980409738
F121834,0.5152901424779702
F105643,0.45905307102656834
F103538,0.4405559019762696
F104641,0.4219135563640147
F105709,0.5128225672088603
F103610,0.4620208982931991
F120886,0.4632442753684471
F114229,0.5177578529143456
F124875,0.47409631411948183
F110680,0.5399534687343127
F101671,0.4802672031296305
F112428,0.48127500974625076
F102048,0.5090728664731926
F121862,0.5083407365574903
F106191,0.5295047250167301
F104268,0.5053197474934997
F121265,0.46465584107119595
F110088,0.46877178112503093
F116110,0.5072502130341647
F124891,0.4800354419589831
F110683,0.5261687516108595
F100801,0.43961957581049516
F104725,0.46048924646906686
F105176,0.4303207371527074
F108128,0.4962511180784478
F120237,0.4571551481798679
F100023,0.4963579476291524
F110705,0.4874318996655193
F115600,0.4668263332861041
F124518,0.46157465806677567
F120303,0.46585262959002866
F123287,0.49806848611091215
F120924,0.5234473983045613
F109199,0.45697218895420655
F102014,0.4927521074292539
F105763,0.4317987134232088
F105638,0.43262956187713675
F112786,0.49120620498448164
F120516,0.5005616810562181
F107868,0.47628081242722325
F115045,0.46550327300955036
F103465,0.4748164337473971
F115988,0.5171572552112517
F100205,0.502687498496448
F113413,0.4720668032694068
F113198,0.45887672413681047
F101460,0.48909428734972715
F106150,0.5222834349935295
F110552,0.48073652234084796
F114387,0.42731942902444225
F116026,0.4968675901679108
F100626,0.5369820514565542
F123500,0.4975466286884559
F103668,0.4877415684428912
F101415,0.5080322352800575
F118214,0.48717354237457133
F116914,0.46412186567920455
F111586,0.4419731971145333
F101520,0.461025753190824
F113776,0.5155132200292775
F100242,0.47436368850377664
F121541,0.5434799405066066
F114306,0.4615190225783249
F104640,0.4971326189411856
F115144,0.49604953538565666
F117476,0.4396110524657677
F119201,0.43925140360417536
F119942,0.46269163128730395
F121040,0.4730529425225616
F106973,0.45463501821438357
F118779,0.48233910403401603
F122201,0.49315599031028434
F116886,0.4739422307177761
F102466,0.5193393092167787
F102121,0.4493459181472655
F108853,0.48939937631988073
F117553,0.46102662910065867
F104284,0.485833721733168
F116616,0.44892883119246574
F117409,0.5047915028568347
F111888,0.503027878109697
F106624,0.4637273074772608
F120501,0.45896268186510636
F101295,0.48529366237200056
F124986,0.45005650993560875
F109667,0.48123815420481136
F124245,0.4766150611521899
F102754,0.5153800529367131
F118902,0.4369517670777745
F100537,0.5072612132961787
F114802,0.5106242866731894
F124943,0.4951882344397889
F107886,0.5053963641936468
F122870,0.4549061088483137
F112378,0.48155494763980106
F100221,0.43648400805894805
F113208,0.48901231820532604
F104351,0.47398945709273016
F115314,0.475713426680332
F117939,0.5184070118884548
F109436,0.48634417117236023
F116634,0.4829197402515666
F115383,0.4473882146293895
F107327,0.47245005122895456
F108158,0.4886447712344582
F114614,0.5078486547014528
F123110,0.45444827143334765
F108691,0.5245356386824962
F107857,0.5049527568043753
F107919,0.49157963607627925
F115243,0.5503967433233017
F123530,0.5220257177048844
F103297,0.4903396821234203
F108000,0.500267584090943
F100174,0.49012679085501565
F110677,0.4974425994097319
F123806,0.4889386898059995
F104614,0.4582515851708381
F106828,0.4580795869630639
F118335,0.4859444087789841
F116127,0.48071837058571376
F106574,0.4796562261441024
F114778,0.46344965225344076
F122104,0.5019788834836527
F111475,0.4689649023311379
F104444,0.5384775119628139
F116934,0.5072827961775304
F122685,0.42115111789230697
F106771,0.4922907728721272
F114030,0.5081277062564856
F114040,0.5054443537315917
F123008,0.48835439970105066
F117483,0.4596544125620947
F123134,0.501937488695546
F109641,0.49005607084353914
F100021,0.4483384322110083
F102331,0.4814881206001463
F110192,0.4928391936181001
F112160,0.4913438925561684
F114617,0.45283546254707807
F101262,0.49645758600690915
F102042,0.4926307113831493
F114016,0.5168585038903358
F105974,0.438029664768277
F121644,0.5031996915490937
F115526,0.4659508197291262
F120734,0.5032737191817993
F119489,0.46802159714214375
F108299,0.4891376301312744
F124615,0.46054726338917673
F102652,0.45906726625415917
F117699,0.4745855923870405
F118761,0.4592869433804871
F123637,0.4408909024823048
F108355,0.48027017826213964
F100950,0.4648200818120509
F116741,0.5011993136776627
F112787,0.48026613064023493
F109995,0.4652153874967746
F113120,0.4660196797788258
F106926,0.48270999406902665
F119874,0.5168554001491698
F117045,0.4751654479265348
F107271,0.5216831811123812
F100737,0.46363574699158355
F115949,0.4620902386678725
F100611,0.5107171046176948
F111171,0.5024092572604943
F110406,0.4724665167301234
F117598,0.45415197604829466
F102524,0.46239263630440774
F114340,0.4612323807229542
F106448,0.47978218528187283
F115408,0.4971026901100568
F112179,0.4781417775306486
F121369,0.487516385090807
F110713,0.4723531917078642
F102955,0.4595314622038383
F105074,0.45510765044257856
F117019,0.45472698021689256
F101572,0.47856954048062533
F117916,0.47699561485549974
F120541,0.47275261135677604
F116099,0.4964165166361062
F115933,0.4741235293256127
F104099,0.4495797839506903
F111550,0.5265061464631741
F116738,0.42113630801357943
F114550,0.4846970307149514
F120782,0.5109758182822215
F109113,0.47580459998886615
F123023,0.48781548948517506
F107213,0.5037288257208905
F123540,0.48163437378613566
F113169,0.4637086550726555
F105377,0.4604193352615512
F107084,0.4791342752252788
F103456,0.5321742179810162
F103227,0.4943689466726613
F120513,0.515123501287322
F100015,0.489411942184442
F122876,0.5084637288849259
F116229,0.4890961754934247
F119012,0.5045552949672365
F112286,0.4816541494881858
F107104,0.4482612481940448
F101822,0.4885335317175795
F109747,0.5060085277596098
F101029,0.43434927896588216
F115060,0.5262451118901585
F117560,0.4319606640734869
F119779,0.43158774867955174
F104595,0.49584515557660214
F114554,0.47362784484309733
F101801,0.4547049860265064
F117575,0.4889664485020425
F112592,0.4741624334290846
F118845,0.48223066823171473
F102220,0.4431541872184485
F124831,0.49638113882875806
F119264,0.4629956622758
F122355,0.5103096577262912
F108102,0.4606235717503754
F120918,0.45850914359431183
F123443,0.5036317411671711
F106225,0.506380165886377
F104738,0.49865608905279407
F114417,0.4807815048601133
F121976,0.4956296914936081
F106774,0.5505240837804372
F104638,0.4839475047669681
F119039,0.4762372582055279
F111484,0.47901035270008824
F110971,0.49704438603302004
F117772,0.47559607526443387
F122712,0.47823323696371806
F108402,0.470085786332874
F100396,0.5027468865254191
F101740,0.4947386706134196
F103705,0.46919068039628886
F111554,0.4372566019898856
F106067,0.4874885165798966
F100543,0.44881314944504136
F113299,0.49934967212994863
F124487,0.4801256140257508
F103540,0.46459364596876096
F104227,0.4842867408294882
F124262,0.4482328158719517
F106168,0.46155732582671394
F121499,0.4788454360654329
F107348,0.4797720716135795
F115613,0.4877412309949416
F100972,0.4962406786257083
F114882,0.43749848125102475
F101137,0.4818549547059777
F106247,0.5034927136083737
F113304,0.47195503281493334
F123030,0.4769641831923096
F105610,0.5040208532065696
F112978,0.5123656659725104
F116077,0.5096036650177757
F118456,0.4785906548974486
F103194,0.4874166217863883
F115574,0.5072840945126876
F112544,0.4882900048480177
F119809,0.4769637280109594
F114611,0.5109193566867032
F108134,0.49430411307184285
F100329,0.4468216733249247
F108247,0.4603732777864677
F123227,0.5186240909618459
F121253,0.5095458819904335
F104626,0.4630518821994877
F124350,0.4565531894788942
F113339,0.5136807494347052
F102915,0.5123641162181427
F114654,0.42802483346729214
F105273,0.4253331345334978
F100033,0.4608722697140457
F102742,0.46975137669473954
F120354,0.47023578812526795
F124715,0.5156519465368423
F110031,0.5059958913518438
F107906,0.46390921674444335
F120793,0.4921015957130299
F111450,0.45043976359414684
F118964,0.46930889106545537
F114254,0.46096444596490593
F106058,0.4325937078670864
F120668,0.48229253667379296
F120913,0.4290655170767508
F117160,0.48558860615364186
F106648,0.5249557872783044
F116726,0.5214632679783943
F124577,0.46290943136362944
F111525,0.4538446561674942
F112745,0.5112580178150845
F119702,0.47946344900934484
F102116,0.44436019382717745
F108772,0.49699327544106936
F107424,0.5582508564617821
F103479,0.5075961663778406
F123149,0.5006111359805239
F111072,0.4799421368577174
F122097,0.5020030582234939
F114087,0.4974946793537502
F104809,0.5184302583592736
F114098,0.4176498388998492
F116880,0.535535801220235
F100450,0.47388254145476205
F119057,0.49446405338453736
F103666,0.4081767735406305
F120106,0.4575376807525417
F106571,0.4652154559381981
F103970,0.47878382037942946
F123969,0.50935643479276
F111255,0.5081593797931003
F103344,0.518192263673898
F119143,0.5017495728248196
F116577,0.42029951574379587
F114734,0.506432366434886
F111250,0.4464249421224425
F115135,0.4878268541988634
F117362,0.49102230418641707
F122260,0.4914261884094045
F121277,0.5216608342909096
F114783,0.5055080417969094
F118109,0.4873600684845424
F100387,0.4735366147957065
F116031,0.4459817271776244
F109014,0.48884615777149254
F117456,0.49509126945288817
F113480,0.5253298107722605
F110667,0.5073661529978921
F101209,0.4930141776597456
F117971,0.5024706104684548
F112292,0.4713299222305725
F117732,0.5014704368137362
F120448,0.44763680446123416
F119957,0.4593231609617833
F102918,0.48336600901118865
F122528,0.48217225574362815
F106419,0.5045043456013817
F106697,0.4729910808566691
F109567,0.4953382761037916
F104619,0.48452362565693297
F102647,0.46668597312931925
F123916,0.5064415480052942
F109131,0.507583910797328
F108962,0.49343333073946366
F104775,0.5162540698132866
F110756,0.46161166724103087
F113157,0.4409568753393996
F102997,0.47350602183139207
F110631,0.4777180652192133
F115863,0.48832163344425
F118447,0.4401768963481368
F121168,0.4999021263518536
F111636,0.45822550389486527
F117868,0.5168120373494117
F111859,0.4756925138354686
F109735,0.516260474241251
F105767,0.5480271473041369
F117143,0.4926039331812773
F116763,0.4816495634940755
F106437,0.49906719487960366
F102046,0.47736703680626524
F107609,0.4719532749159451
F110945,0.4782946409997016
F105453,0.47138927024649535
F105821,0.4981366074385108
F116964,0.44047302200793687
F119609,0.4968731167502027
F120583,0.45662430618572475
F106125,0.4869716114492082
F123144,0.516242666572872
F119423,0.5279343077950261
F100607,0.43696821344766307
F116199,0.47321577089958633
F101866,0.5075594275651216
F104493,0.484663542339354
F116889,0.4803636055696719
F109869,0.4426417484229066
F112334,0.5109617064880951
F119889,0.45217992625859016
F122065,0.4505674885412371
F100180,0.43474379285743653
F115350,0.4591609361466862
F109477,0.48906652324670713
F107499,0.4715748306050588
F105684,0.4926593316806179
F100048,0.46721244939042694
F113232,0.4803338247907106
F108315,0.49514817010827544
F118372,0.5025245315385194
F110926,0.4818506367503274
F118041,0.5018152436506134
F104956,0.5365338305193417
F122913,0.4653122904623585
F116989,0.455669478438786
F111260,0.4369715559388736
F105667,0.4357969869797684
F100714,0.4571177860388313
F122146,0.47248718014610425
F119385,0.5006661370479936
F103670,0.4832211903552032
F111921,0.42656263311919657
F107414,0.45170098715411244
F110289,0.5100561902350099
F104935,0.4901115612844246
F115644,0.4362394987098559
F118561,0.4635277479459131
F100682,0.4656592630987906
F119620,0.4746985636489074
F102396,0.5460742699679043
F100888,0.4610182430351728
F124987,0.4604176319691954
F123840,0.5168847102176968
F120103,0.48672160766539424
F102143,0.46562210900008216
F112685,0.4889426761009461
F101695,0.5034849759337758
F111547,0.47576411161301574
F106878,0.44412882030887857
F105463,0.46038761599966993
F109522,0.4594746523949609
F111452,0.4523847680631091
F111170,0.47441360917559705
F114262,0.46132549704591885
F120833,0.4781321148203038
F102365,0.4778959977431858
F121002,0.46038237557310735
F109692,0.445846600709149
F105334,0.5058568964174782
F106531,0.4605433851565913
F109518,0.5202161538777096
F120188,0.47990393337529796
F122584,0.4937978002625749
F115206,0.49903519099520394
F107333,0.43806577902606
F116085,0.47596800784022836
F121053,0.49998050413662704
F120289,0.5153311581455478
F102184,0.4588434557783982
F114959,0.481183181994884
F110254,0.5087612244980473
F105043,0.503491293384536
F119184,0.5372204823897127
F109940,0.4576150673665826
F108876,0.4704619402273132
F122769,0.5184224320964128
F123482,0.47588201691277227
F120725,0.46331321994238733
F106669,0.4793268757550984
F116794,0.5132186752040835
F104178,0.4573864636452094
F105928,0.47768373917948487
F115701,0.46504598323502055
F108235,0.4469561153240484
F116928,0.48341322854457314
F118749,0.507034628499992
F121008,0.46907338789173175
F103694,0.4616863000069818
F114240,0.5150657590792931
F120027,0.5279931882262467
F124782,0.49303559314023226
F116378,0.4555243366946917
F105209,0.4772782797319765
F112018,0.5153128972300931
F106250,0.5471188290469904
F109953,0.4456136921552988
F101543,0.42078908017582467
F121509,0.5329739899985876
F105628,0.4647675098516963
F115546,0.4858740722763523
F100704,0.5041422952093525
F110368,0.4885054795069322
F121528,0.4854042161002283
F101100,0.4893540365277921
F112525,0.45388065197941185
F121356,0.5060904013006201
F115951,0.49257925728317664
F107795,0.4310873155503637
F108817,0.5450303494682824
F111387,0.4802204847502927
F117804,0.48471052220822186
F110936,0.5323298517639006
F114004,0.4604507933683213
F107270,0.4840044370811526
F119956,0.555401571031693
F111828,0.45762885039630957
F107203,0.46401579879634564
F116496,0.4966144116525694
F119361,0.4550563935518747
F115552,0.4961727623009266
F113702,0.48340154609058966
F111225,0.40735877589657815
F116943,0.4936977213266314
F111429,0.4979614554955696
F113806,0.4755567778414251
F123307,0.47248022551025065
F119728,0.5088812436233443
F103180,0.4323509532941791
F108160,0.5409701007317497
F119338,0.4885674131377732
F105024,0.5282683885331751
F100983,0.474464972714365
F118064,0.4402680348711323
F108152,0.4683749905210096
F102301,0.46830017131137824
F107420,0.498008939180554
F112453,0.48333695493645024
F121252,0.4837787232182957
F103182,0.5269034911387176
F102746,0.44568929483305886
F110087,0.4564913377366555
F106141,0.4723774908086951
F107022,0.43497059694536006
F103397,0.48898223417015285
F118137,0.48295860132315127
F122022,0.512208218114464
F116906,0.5102138581240034
F123841,0.44576234818970745
F100930,0.568451922488867
F119076,0.4390417089058614
F120302,0.48340134337548785
F105583,0.4991373320881744
F100630,0.4631329177017638
F108776,0.5116268236655274
F119459,0.48299398228088725
F112620,0.485212956811794
F108675,0.5029382333007891
F115164,0.4563443708622471
F116255,0.44225545703897345
F108207,0.4947449161822684
F121915,0.4779844274979192
F122673,0.4970902194960939
F122512,0.4951274235756391
F105207,0.5236599579346984
F112600,0.45365323572286076
F109251,0.5319692822444242
F124775,0.4920426219592884
F107159,0.5030104204399197
F114438,0.4605289850597011
F116936,0.4179465552876251
F109971,0.48697098401617694
F107529,0.44296483618002475
F105347,0.478392562746569
F119872,0.4459937351029438
F124963,0.48765509038165433
F101527,0.48267675848846814
F123725,0.45958491917868594
F109802,0.47116593003802776
F105605,0.47827120015893065
F114987,0.4931358334008182
F120330,0.47881359989010314
F112090,0.45135453285042304
F106455,0.47564440527244045
F111162,0.47612130645035744
F113014,0.47832749959029486
F103680,0.4840246081784248
F115260,0.4375126690203836
F118706,0.4837721129504485
F108389,0.4655320848197344
F108743,0.5002059737155929
F120572,0.5213381607808817
F102141,0.44817129961287294
F102149,0.4841147266767548
F107157,0.4422964992740844
F106026,0.4793315229114908
F122189,0.5096337073939478
F102726,0.5117634517638372
F114612,0.47175993133056393
F104564,0.5119889178874735
F116599,0.474364358321908
F120026,0.5008517254971905
F114143,0.4857232287010872
F114824,0.49447185746907163
F108145,0.45748850092460164
F118207,0.4859544517717519
F120984,0.4779266249402252
F107103,0.5016908248449624
F111360,0.503109841020439
F109123,0.48650811913622244
F103665,0.5231162318656785
F114115,0.4493039717972074
F120105,0.4942888475123904
F102511,0.4912659700444687
F119174,0.45769776410448115
F123222,0.5036102480772175
F102727,0.4419873311311095
F106054,0.5527178788847659
F108133,0.5022432540016304
F102594,0.43940144002795734
F102784,0.4909592229778714
F102210,0.5337098768740476
F110644,0.44501894084078175
F108530,0.5046869002016485
F122155,0.5328369402990687
F122742,0.46975251603457435
F124974,0.5075104849778875
F115568,0.4676748358120997
F120682,0.4360243131055386
F116180,0.4747856373477281
F106255,0.444139065051712
F121255,0.48012477514057544
F111424,0.49203129921763306
F114445,0.4963286995351854
F117142,0.4841682725873916
F119968,0.4734332766585114
F110742,0.4917026171264992
F116012,0.4888789995397842
F109110,0.46128332778009334
F116905,0.5323716649656849
F103635,0.4806536947649423
F101384,0.5322484132157741
F120545,0.4735356354486511
F124205,0.4139369494256614
F116805,0.5215597290411825
F118784,0.5238514667050175
F119155,0.5060440031056805
F118983,0.49546570398899303
F116295,0.47296249540355867
F118537,0.4311705378121885
F123906,0.49970192912837263
F121359,0.5202372439004824
F123295,0.43915956090700603
F121403,0.47092334889141246
F105128,0.4891137011092086
F111939,0.440505830124018
F107201,0.4631949918198572
F117098,0.4135712216769226
F124004,0.5058318610686364
F115084,0.5323601829368453
F104987,0.49114777873205184
F124186,0.48399908962639293
F124105,0.5245847534149964
F100614,0.5279495576266308
F115920,0.46979292718661786
F107100,0.5140194584487687
F104083,0.5008363328553723
F110329,0.45818253331898834
F113009,0.5088035624331234
F116174,0.48199151143211594
F103588,0.5232072995203207
F124689,0.4698502246917378
F104814,0.5021113657864871
F100589,0.5261176096848846
F104918,0.5024956682500329
F119414,0.5138475663745653
F113072,0.48018766601958396
F109966,0.47649374469123756
F102358,0.4423183424289688
F114326,0.4384760162794135
F102052,0.514254205452512
F121229,0.4346745318832636
F115500,0.48643665935157854
F117940,0.4781887715872822
F100940,0.5080336923320626
F105314,0.45606903862031034
F105479,0.5492152270430907
F115016,0.4799232307212946
F114400,0.49853611093374983
F118291,0.4984981350393777
F112755,0.49178243745513217
F113345,0.44430411083059285
F111589,0.4689940416584104
F112817,0.48511490766434834
F115899,0.43310865642480534
F122372,0.4808973123725148
F107231,0.45800906851797013
F121736,0.4675680543409884
F103552,0.500489922498535
F102797,0.454025440810945
F107172,0.5149391061022436
F121740,0.4907950033687303
F113209,0.5376415912960337
F120175,0.4843636981500926
F114435,0.473403735663247
F122370,0.47050172464617157
F116097,0.47897553878175336
F101462,0.5103654598868322
F114465,0.4829485696166627
F107880,0.49874768145246784
F101812,0.5039993583761799
F114561,0.4408274143545908
F107367,0.4895261014754847
F115881,0.47945669947234976
F118184,0.516379342738675
F118435,0.5157975690784498
F102307,0.4619599359813257
F110456,0.5287464146152748
F114310,0.42524059901926164
F104179,0.4225543715337253
F103967,0.4855463938655254
F104053,0.465184329470871
F102255,0.4496373331252991
F108364,0.46989686468471165
F109601,0.5141786713616662
F121027,0.5109725332486652
F117743,0.5040706407497132
F112974,0.4672776152049409
F102817,0.4623348908100007
F110737,0.5208204405111541
F118258,0.4466088223450438
F116592,0.47312564862906986
F104465,0.46144109266326977
F104411,0.4519920894477117
F113596,0.4827803524249997
F105423,0.5039851738179777
F110800,0.5126168049036459
F111584,0.46211800298881983
F110762,0.4691240853426551
F102313,0.42968008711382766
F102883,0.4335241733286508
F118260,0.5084185919285348
F105371,0.48045304089459673
F112383,0.48648053523552093
F111663,0.5045781221897864
F105549,0.4800004274294236
F102976,0.5205093526844614
F122624,0.519572533925866
F108589,0.4862674977070819
F120051,0.494682202820348
F121364,0.4916462950278805
F119616,0.4902265826615994
F110951,0.44664636600410246
F113261,0.499829846447772
F111331,0.4974026612785264
F124854,0.5343400279950389
F101161,0.49352720833547925
F113519,0.47811598937486843
F119417,0.47473915535792904
F106192,0.4569731224974028
F124302,0.548468774026064
F112169,0.5218934745987148
F118414,0.4881139631211392
F123504,0.48219087583703074
F115492,0.5166079861857689
F110027,0.4142174264668056
F122387,0.5327209947224444
F102191,0.4450658549557306
F111469,0.5379489502961392
F107154,0.5068831583585849
F113256,0.4548066276988627
F109932,0.4455586789450563
F113897,0.4866569856169903
F110652,0.4302399796808046
F100218,0.46545158348608096
F105126,0.47465745368117535
F124361,0.46202038299294834
F111427,0.46460011010718044
F109730,0.5082265996543573
F119762,0.49870386619990786
F106408,0.4980532719865162
F103626,0.4506484785214896
F119134,0.49603829072233646
F110594,0.48712754077164305
F116242,0.4966961799866524
F121193,0.4839020964613429
F118548,0.40225160322350395
F105835,0.5002335418583168
F105554,0.5040318658041928
F109858,0.4783353138789746
F116096,0.4997546582893333
F105882,0.453879749008436
F110250,0.504498231112219
F103660,0.4626201351992801
F113137,0.48538763026294224
F116179,0.515795122245605
F123870,0.46393171528155214
F102689,0.5172866426258966
F103467,0.48104559387794976
F110717,0.4995605010925071
F112042,0.45043207773264055
F123857,0.5388560768651438
F103893,0.5172017480503214
F116119,0.4981520249836648
F109816,0.4740264701013628
F108243,0.41969458988721564
F119586,0.47345113352467405
F108493,0.4745457348377267
F102503,0.49371149688728333
F101400,0.5166048255916584
F113180,0.5174546569977744
F110497,0.49766906248155685
F121430,0.5176747727198325
F110788,0.4594272071017623
F107997,0.4390388212446532
F121538,0.48716726201069976
F103869,0.43092265880089076
F107074,0.44187056948951725
F111782,0.5183078885905984
F100715,0.4723070449559036
F118689,0.46416361449883536
F116342,0.4404508052083688
F102560,0.5068000241620247
F112439,0.500310055063575
F100383,0.4747621641812514
F109612,0.5035276671590516
F123239,0.4774287704534529
F103939,0.43714786576393216
F104109,0.470062024296317
F121393,0.46954017508351836
F112802,0.48934732765216393
F109757,0.42988875321963066
F106243,0.45820032718820575
F114576,0.5395019637571514
F120764,0.46170446475868265
F108968,0.43617362868960563
F122636,0.489463559957862
F122776,0.46906998480313783
F106149,0.5271440914501632
F102986,0.5091505717608875
F109255,0.4362499401751434
