record_id,flood_risk_score
F104559,0.47851742385786805
F100765,0.47851742385786805
F107573,0.47851742385786805
F110345,0.47851742385786805
F118850,0.47851742385786805
F118228,0.47851742385786805
F107230,0.47851742385786805
F118529,0.47851742385786805
F100418,0.47851742385786805
F104883,0.47851742385786805
F111040,0.47851742385786805
F108454,0.47851742385786805
F110834,0.47851742385786805
F100969,0.47851742385786805
F109368,0.47851742385786805
F102545,0.47851742385786805
F122488,0.47851742385786805
F103894,0.47851742385786805
F105408,0.47851742385786805
F112579,0.47851742385786805
F103663,0.47851742385786805
F120363,0.47851742385786805
F124722,0.47851742385786805
F116480,0.47851742385786805
F114951,0.47851742385786805
F100738,0.47851742385786805
F110536,0.47851742385786805
F122026,0.47851742385786805
F105117,0.47851742385786805
F108958,0.47851742385786805
F116660,0.47851742385786805
F114422,0.47851742385786805
F120962,0.47851742385786805
F111174,0.47851742385786805
F113429,0.47851742385786805
F124188,0.47851742385786805
F117761,0.47851742385786805
F118236,0.47851742385786805
F107714,0.47851742385786805
F118833,0.47851742385786805
F100761,0.47851742385786805
F120268,0.47851742385786805
F109138,0.47851742385786805
F124412,0.47851742385786805
F120691,0.47851742385786805
F124661,0.47851742385786805
F108890,0.47851742385786805
F121417,0.47851742385786805
F118138,0.47851742385786805
F121512,0.47851742385786805
F108954,0.47851742385786805
F113146,0.47851742385786805
F105087,0.47851742385786805
F121469,0.47851742385786805
F102542,0.47851742385786805
F100209,0.47851742385786805
F124632,0.47851742385786805
F107038,0.47851742385786805
F100938,0.47851742385786805
F107925,0.47851742385786805
F105361,0.47851742385786805
F105697,0.47851742385786805
F115744,0.47851742385786805
F107426,0.47851742385786805
F124172,0.47851742385786805
F104946,0.47851742385786805
F102095,0.47851742385786805
F123356,0.47851742385786805
F102650,0.47851742385786805
F106539,0.47851742385786805
F112891,0.47851742385786805
F108289,0.47851742385786805
F115077,0.47851742385786805
F122323,0.47851742385786805
F107204,0.47851742385786805
F113309,0.47851742385786805
F105741,0.47851742385786805
F113925,0.47851742385786805
F103318,0.47851742385786805
F105950,0.47851742385786805
F119672,0.47851742385786805
F109242,0.47851742385786805
F122020,0.47851742385786805
F111466,0.47851742385786805
F119578,0.47851742385786805
F104122,0.47851742385786805
F117075,0.47851742385786805
F119337,0.47851742385786805
F104315,0.47851742385786805
F115990,0.47851742385786805
F121530,0.47851742385786805
F107744,0.47851742385786805
F121368,0.47851742385786805
F104624,0.47851742385786805
F104063,0.47851742385786805
F104344,0.47851742385786805
F118253,0.47851742385786805
F103315,0.47851742385786805
F119431,0.47851742385786805
F112167,0.47851742385786805
F116395,0.47851742385786805
F107209,0.47851742385786805
F106831,0.47851742385786805
F110362,0.47851742385786805
F123715,0.47851742385786805
F114686,0.47851742385786805
F100236,0.47851742385786805
F105475,0.47851742385786805
F119724,0.47851742385786805
F121653,0.47851742385786805
F110182,0.47851742385786805
F124466,0.47851742385786805
F109994,0.47851742385786805
F101098,0.47851742385786805
F110819,0.47851742385786805
F124937,0.47851742385786805
F105167,0.47851742385786805
F109738,0.47851742385786805
F117504,0.47851742385786805
F123201,0.47851742385786805
F104276,0.47851742385786805
F106674,0.47851742385786805
F102033,0.47851742385786805
F114776,0.47851742385786805
F106675,0.47851742385786805
F107195,0.47851742385786805
F115966,0.47851742385786805
F110078,0.47851742385786805
F101644,0.47851742385786805
F100635,0.47851742385786805
F106895,0.47851742385786805
F115420,0.47851742385786805
F122657,0.47851742385786805
F121159,0.47851742385786805
F106498,0.47851742385786805
F123880,0.47851742385786805
F121738,0.47851742385786805
F103530,0.47851742385786805
F118037,0.47851742385786805
F121887,0.47851742385786805
F117474,0.47851742385786805
F108838,0.47851742385786805
F110850,0.47851742385786805
F108920,0.47851742385786805
F116417,0.47851742385786805
F123163,0.47851742385786805
F114455,0.47851742385786805
F101247,0.47851742385786805
F104992,0.47851742385786805
F118511,0.47851742385786805
F114644,0.47851742385786805
F102251,0.47851742385786805
F109818,0.47851742385786805
F111847,0.47851742385786805
F104955,0.47851742385786805
F119652,0.47851742385786805
F122133,0.47851742385786805
F104993,0.47851742385786805
F113510,0.47851742385786805
F123557,0.47851742385786805
F113962,0.47851742385786805
F105947,0.47851742385786805
F106911,0.47851742385786805
F100652,0.47851742385786805
F109685,0.47851742385786805
F116475,0.47851742385786805
F104565,0.47851742385786805
F124062,0.47851742385786805
F115932,0.47851742385786805
F109613,0.47851742385786805
F102386,0.47851742385786805
F113483,0.47851742385786805
F117088,0.47851742385786805
F101277,0.47851742385786805
F124674,0.47851742385786805
F118679,0.47851742385786805
F100697,0.47851742385786805
F107785,0.47851742385786805
F109642,0.47851742385786805
F119574,0.47851742385786805
F114841,0.47851742385786805
F112762,0.47851742385786805
F123792,0.47851742385786805
F107168,0.47851742385786805
F120641,0.47851742385786805
F108273,0.47851742385786805
F124407,0.47851742385786805
F114604,0.47851742385786805
F102970,0.47851742385786805
F122148,0.47851742385786805
F108010,0.47851742385786805
F117610,0.47851742385786805
F100140,0.47851742385786805
F113938,0.47851742385786805
F121084,0.47851742385786805
F101060,0.47851742385786805
F108562,0.47851742385786805
F110164,0.47851742385786805
F110472,0.47851742385786805
F114543,0.47851742385786805
F122852,0.47851742385786805
F123987,0.47851742385786805
F106836,0.47851742385786805
F101754,0.47851742385786805
F113931,0.47851742385786805
F124553,0.47851742385786805
F102295,0.47851742385786805
F112168,0.47851742385786805
F119601,0.47851742385786805
F114744,0.47851742385786805
F102112,0.47851742385786805
F113311,0.47851742385786805
F101833,0.47851742385786805
F103038,0.47851742385786805
F120560,0.47851742385786805
F112035,0.47851742385786805
F111041,0.47851742385786805
F106820,0.47851742385786805
F122282,0.47851742385786805
F122812,0.47851742385786805
F121959,0.47851742385786805
F111241,0.47851742385786805
F115679,0.47851742385786805
F100487,0.47851742385786805
F110726,0.47851742385786805
F117027,0.47851742385786805
F111810,0.47851742385786805
F112058,0.47851742385786805
F112471,0.47851742385786805
F103296,0.47851742385786805
F115646,0.47851742385786805
F103349,0.47851742385786805
F122192,0.47851742385786805
F107979,0.47851742385786805
F124864,0.47851742385786805
F122862,0.47851742385786805
F118545,0.47851742385786805
F123305,0.47851742385786805
F110767,0.47851742385786805
F103752,0.47851742385786805
F121115,0.47851742385786805
F109639,0.47851742385786805
F101751,0.47851742385786805
F114586,0.47851742385786805
F112250,0.47851742385786805
F108536,0.47851742385786805
F116656,0.47851742385786805
F121706,0.47851742385786805
F118536,0.47851742385786805
F105191,0.47851742385786805
F104561,0.47851742385786805
F101998,0.47851742385786805
F115774,0.47851742385786805
F115983,0.47851742385786805
F123259,0.47851742385786805
F100753,0.47851742385786805
F123982,0.47851742385786805
F116710,0.47851742385786805
F102019,0.47851742385786805
F123612,0.47851742385786805
F115548,0.47851742385786805
F114793,0.47851742385786805
F101753,0.47851742385786805
F104066,0.47851742385786805
F107166,0.47851742385786805
F104321,0.47851742385786805
F105839,0.47851742385786805
F118851,0.47851742385786805
F109929,0.47851742385786805
F118079,0.47851742385786805
F106387,0.47851742385786805
F117429,0.47851742385786805
F112211,0.47851742385786805
F101550,0.47851742385786805
F121466,0.47851742385786805
F107148,0.47851742385786805
F118450,0.47851742385786805
F111865,0.47851742385786805
F110969,0.47851742385786805
F109782,0.47851742385786805
F111408,0.47851742385786805
F108063,0.47851742385786805
F120971,0.47851742385786805
F123231,0.47851742385786805
F122302,0.47851742385786805
F121337,0.47851742385786805
F119311,0.47851742385786805
F124628,0.47851742385786805
F113156,0.47851742385786805
F122818,0.47851742385786805
F116061,0.47851742385786805
F114676,0.47851742385786805
F105188,0.47851742385786805
F109111,0.47851742385786805
F108985,0.47851742385786805
F118123,0.47851742385786805
F116826,0.47851742385786805
F111800,0.47851742385786805
F110853,0.47851742385786805
F110615,0.47851742385786805
F107116,0.47851742385786805
F121710,0.47851742385786805
F100340,0.47851742385786805
F101311,0.47851742385786805
F106219,0.47851742385786805
F114711,0.47851742385786805
F102516,0.47851742385786805
F124145,0.47851742385786805
F110628,0.47851742385786805
F104011,0.47851742385786805
F105525,0.47851742385786805
F120431,0.47851742385786805
F109437,0.47851742385786805
F120177,0.47851742385786805
F112433,0.47851742385786805
F100873,0.47851742385786805
F123892,0.47851742385786805
F100488,0.47851742385786805
F123556,0.47851742385786805
F107354,0.47851742385786805
F123503,0.47851742385786805
F119966,0.47851742385786805
F117678,0.47851742385786805
F121895,0.47851742385786805
F122053,0.47851742385786805
F112917,0.47851742385786805
F106363,0.47851742385786805
F102370,0.47851742385786805
F117001,0.47851742385786805
F101693,0.47851742385786805
F105339,0.47851742385786805
F107942,0.47851742385786805
F101824,0.47851742385786805
F106272,0.47851742385786805
F124074,0.47851742385786805
F106358,0.47851742385786805
F119832,0.47851742385786805
F110240,0.47851742385786805
F119296,0.47851742385786805
F109476,0.47851742385786805
F107789,0.47851742385786805
F100736,0.47851742385786805
F116588,0.47851742385786805
F122290,0.47851742385786805
F101154,0.47851742385786805
F102389,0.47851742385786805
F117811,0.47851742385786805
F111868,0.47851742385786805
F101781,0.47851742385786805
F116332,0.47851742385786805
F111610,0.47851742385786805
F122095,0.47851742385786805
F109282,0.47851742385786805
F105010,0.47851742385786805
F119399,0.47851742385786805
F101522,0.47851742385786805
F119679,0.47851742385786805
F122804,0.47851742385786805
F108115,0.47851742385786805
F119513,0.47851742385786805
F115012,0.47851742385786805
F106658,0.47851742385786805
F119250,0.47851742385786805
F118688,0.47851742385786805
F117432,0.47851742385786805
F114870,0.47851742385786805
F103602,0.47851742385786805
F101598,0.47851742385786805
F109441,0.47851742385786805
F124954,0.47851742385786805
F115780,0.47851742385786805
F122592,0.47851742385786805
F109049,0.47851742385786805
F114002,0.47851742385786805
F114251,0.47851742385786805
F117006,0.47851742385786805
F115034,0.47851742385786805
F104720,0.47851742385786805
F109984,0.47851742385786805
F119430,0.47851742385786805
F105198,0.47851742385786805
F103837,0.47851742385786805
F114551,0.47851742385786805
F103104,0.47851742385786805
F120376,0.47851742385786805
F104851,0.47851742385786805
F120183,0.47851742385786805
F124885,0.47851742385786805
F102201,0.47851742385786805
F119491,0.47851742385786805
F104606,0.47851742385786805
F116372,0.47851742385786805
F119040,0.47851742385786805
F101915,0.47851742385786805
F109175,0.47851742385786805
F115685,0.47851742385786805
F111428,0.47851742385786805
F103111,0.47851742385786805
F110873,0.47851742385786805
F107633,0.47851742385786805
F107787,0.47851742385786805
F117530,0.47851742385786805
F111396,0.47851742385786805
F100767,0.47851742385786805
F123768,0.47851742385786805
F119595,0.47851742385786805
F120457,0.47851742385786805
F100411,0.47851742385786805
F124692,0.47851742385786805
F121841,0.47851742385786805
F120055,0.47851742385786805
F109741,0.47851742385786805
F116870,0.47851742385786805
F105897,0.47851742385786805
F111705,0.47851742385786805
F111019,0.47851742385786805
F112687,0.47851742385786805
F120794,0.47851742385786805
F108983,0.47851742385786805
F104288,0.47851742385786805
F104780,0.47851742385786805
F111451,0.47851742385786805
F101955,0.47851742385786805
F108150,0.47851742385786805
F116150,0.47851742385786805
F100183,0.47851742385786805
F117639,0.47851742385786805
F121714,0.47851742385786805
F120937,0.47851742385786805
F113890,0.47851742385786805
F108932,0.47851742385786805
F122822,0.47851742385786805
F109135,0.47851742385786805
F100552,0.47851742385786805
F101261,0.47851742385786805
F100114,0.47851742385786805
F117108,0.47851742385786805
F123679,0.47851742385786805
F111243,0.47851742385786805
F113133,0.47851742385786805
F104645,0.47851742385786805
F105874,0.47851742385786805
F119181,0.47851742385786805
F101394,0.47851742385786805
F124488,0.47851742385786805
F116999,0.47851742385786805
F116068,0.47851742385786805
F118719,0.47851742385786805
F120589,0.47851742385786805
F116146,0.47851742385786805
F119080,0.47851742385786805
F122698,0.47851742385786805
F121018,0.47851742385786805
F123107,0.47851742385786805
F122501,0.47851742385786805
F102275,0.47851742385786805
F108923,0.47851742385786805
F108770,0.47851742385786805
F118911,0.47851742385786805
F118847,0.47851742385786805
F107313,0.47851742385786805
F100472,0.47851742385786805
F101105,0.47851742385786805
F119002,0.47851742385786805
F122076,0.47851742385786805
F107518,0.47851742385786805
F101013,0.47851742385786805
F114054,0.47851742385786805
F111988,0.47851742385786805
F105303,0.47851742385786805
F118549,0.47851742385786805
F115072,0.47851742385786805
F103483,0.47851742385786805
F108248,0.47851742385786805
F107192,0.47851742385786805
F104489,0.47851742385786805
F115885,0.47851742385786805
F123246,0.47851742385786805
F124020,0.47851742385786805
F106433,0.47851742385786805
F108155,0.47851742385786805
F104023,0.47851742385786805
F105426,0.47851742385786805
F106140,0.47851742385786805
F120579,0.47851742385786805
F109403,0.47851742385786805
F103161,0.47851742385786805
F120903,0.47851742385786805
F114267,0.47851742385786805
F114603,0.47851742385786805
F101173,0.47851742385786805
F118312,0.47851742385786805
F112957,0.47851742385786805
F108174,0.47851742385786805
F107679,0.47851742385786805
F106552,0.47851742385786805
F123409,0.47851742385786805
F124647,0.47851742385786805
F116742,0.47851742385786805
F117931,0.47851742385786805
F116665,0.47851742385786805
F115205,0.47851742385786805
F100312,0.47851742385786805
F116986,0.47851742385786805
F111842,0.47851742385786805
F124289,0.47851742385786805
F123926,0.47851742385786805
F121069,0.47851742385786805
F122330,0.47851742385786805
F102060,0.47851742385786805
F120022,0.47851742385786805
F120754,0.47851742385786805
F100793,0.47851742385786805
F103998,0.47851742385786805
F118846,0.47851742385786805
F110851,0.47851742385786805
F121612,0.47851742385786805
F118155,0.47851742385786805
F108002,0.47851742385786805
F122670,0.47851742385786805
F124458,0.47851742385786805
F103392,0.47851742385786805
F114535,0.47851742385786805
F116547,0.47851742385786805
F102145,0.47851742385786805
F105687,0.47851742385786805
F109473,0.47851742385786805
F121006,0.47851742385786805
F112627,0.47851742385786805
F113522,0.47851742385786805
F118369,0.47851742385786805
F106945,0.47851742385786805
F102604,0.47851742385786805
F100080,0.47851742385786805
F111323,0.47851742385786805
F117613,0.47851742385786805
F110569,0.47851742385786805
F104756,0.47851742385786805
F118393,0.47851742385786805
F114181,0.47851742385786805
F124170,0.47851742385786805
F101428,0.47851742385786805
F111588,0.47851742385786805
F117567,0.47851742385786805
F105661,0.47851742385786805
F124355,0.47851742385786805
F114965,0.47851742385786805
F120057,0.47851742385786805
F122212,0.47851742385786805
F116977,0.47851742385786805
F112559,0.47851742385786805
F105212,0.47851742385786805
F100954,0.47851742385786805
F121941,0.47851742385786805
F115462,0.47851742385786805
F116974,0.47851742385786805
F106977,0.47851742385786805
F113158,0.47851742385786805
F104864,0.47851742385786805
F105837,0.47851742385786805
F114309,0.47851742385786805
F114564,0.47851742385786805
F106157,0.47851742385786805
F105206,0.47851742385786805
F107052,0.47851742385786805
F107894,0.47851742385786805
F120568,0.47851742385786805
F119555,0.47851742385786805
F110716,0.47851742385786805
F112055,0.47851742385786805
F120856,0.47851742385786805
F109446,0.47851742385786805
F105342,0.47851742385786805
F112668,0.47851742385786805
F107650,0.47851742385786805
F111844,0.47851742385786805
F115697,0.47851742385786805
F112253,0.47851742385786805
F106643,0.47851742385786805
F116282,0.47851742385786805
F106165,0.47851742385786805
F120271,0.47851742385786805
F123729,0.47851742385786805
F100377,0.47851742385786805
F108642,0.47851742385786805
F112115,0.47851742385786805
F102438,0.47851742385786805
F116606,0.47851742385786805
F118051,0.47851742385786805
F101272,0.47851742385786805
F122322,0.47851742385786805
F108021,0.47851742385786805
F109367,0.47851742385786805
F122111,0.47851742385786805
F112812,0.47851742385786805
F100908,0.47851742385786805
F113094,0.47851742385786805
F100501,0.47851742385786805
F118716,0.47851742385786805
F124793,0.47851742385786805
F107085,0.47851742385786805
F107738,0.47851742385786805
F110914,0.47851742385786805
F117788,0.47851742385786805
F118159,0.47851742385786805
F108667,0.47851742385786805
F108071,0.47851742385786805
F103657,0.47851742385786805
F119748,0.47851742385786805
F101308,0.47851742385786805
F116569,0.47851742385786805
F100038,0.47851742385786805
F112205,0.47851742385786805
F103240,0.47851742385786805
F113950,0.47851742385786805
F100517,0.47851742385786805
F118227,0.47851742385786805
F106284,0.47851742385786805
F107250,0.47851742385786805
F108987,0.47851742385786805
F115171,0.47851742385786805
F105144,0.47851742385786805
F106889,0.47851742385786805
F108820,0.47851742385786805
F117312,0.47851742385786805
F106690,0.47851742385786805
F109425,0.47851742385786805
F106041,0.47851742385786805
F112476,0.47851742385786805
F117231,0.47851742385786805
F105013,0.47851742385786805
F103834,0.47851742385786805
F122912,0.47851742385786805
F124120,0.47851742385786805
F116850,0.47851742385786805
F116021,0.47851742385786805
F102974,0.47851742385786805
F119415,0.47851742385786805
F106844,0.47851742385786805
F112212,0.47851742385786805
F105832,0.47851742385786805
F121947,0.47851742385786805
F101841,0.47851742385786805
F115295,0.47851742385786805
F102786,0.47851742385786805
F108739,0.47851742385786805
F124052,0.47851742385786805
F112033,0.47851742385786805
F109200,0.47851742385786805
F101307,0.47851742385786805
F116142,0.47851742385786805
F116923,0.47851742385786805
F112328,0.47851742385786805
F109744,0.47851742385786805
F112901,0.47851742385786805
F100297,0.47851742385786805
F106331,0.47851742385786805
F108745,0.47851742385786805
F118987,0.47851742385786805
F109362,0.47851742385786805
F110804,0.47851742385786805
F107474,0.47851742385786805
F114558,0.47851742385786805
F116890,0.47851742385786805
F113360,0.47851742385786805
F115612,0.47851742385786805
F110049,0.47851742385786805
F108747,0.47851742385786805
F105182,0.47851742385786805
F104033,0.47851742385786805
F111015,0.47851742385786805
F115764,0.47851742385786805
F111029,0.47851742385786805
F115056,0.47851742385786805
F109302,0.47851742385786805
F122737,0.47851742385786805
F100416,0.47851742385786805
F108765,0.47851742385786805
F100382,0.47851742385786805
F119964,0.47851742385786805
F118924,0.47851742385786805
F119687,0.47851742385786805
F121773,0.47851742385786805
F103119,0.47851742385786805
F124159,0.47851742385786805
F113540,0.47851742385786805
F119690,0.47851742385786805
F124124,0.47851742385786805
F106874,0.47851742385786805
F124254,0.47851742385786805
F117206,0.47851742385786805
F116103,0.47851742385786805
F122415,0.47851742385786805
F114830,0.47851742385786805
F100470,0.47851742385786805
F119810,0.47851742385786805
F107705,0.47851742385786805
F122443,0.47851742385786805
F101447,0.47851742385786805
F110636,0.47851742385786805
F118571,0.47851742385786805
F124080,0.47851742385786805
F109930,0.47851742385786805
F108900,0.47851742385786805
F116182,0.47851742385786805
F107775,0.47851742385786805
F109914,0.47851742385786805
F107440,0.47851742385786805
F111821,0.47851742385786805
F116376,0.47851742385786805
F116093,0.47851742385786805
F114477,0.47851742385786805
F107480,0.47851742385786805
F111851,0.47851742385786805
F111086,0.47851742385786805
F123115,0.47851742385786805
F108151,0.47851742385786805
F105727,0.47851742385786805
F121308,0.47851742385786805
F111963,0.47851742385786805
F120189,0.47851742385786805
F124354,0.47851742385786805
F106821,0.47851742385786805
F104285,0.47851742385786805
F119069,0.47851742385786805
F105983,0.47851742385786805
F100970,0.47851742385786805
F112515,0.47851742385786805
F116847,0.47851742385786805
F102872,0.47851742385786805
F120378,0.47851742385786805
F116531,0.47851742385786805
F109448,0.47851742385786805
F116394,0.47851742385786805
F104949,0.47851742385786805
F104022,0.47851742385786805
F109661,0.47851742385786805
F101127,0.47851742385786805
F105458,0.47851742385786805
F111359,0.47851742385786805
F104832,0.47851742385786805
F124194,0.47851742385786805
F105827,0.47851742385786805
F107425,0.47851742385786805
F102306,0.47851742385786805
F119913,0.47851742385786805
F101672,0.47851742385786805
F103056,0.47851742385786805
F104382,0.47851742385786805
F118968,0.47851742385786805
F124767,0.47851742385786805
F109725,0.47851742385786805
F102929,0.47851742385786805
F106360,0.47851742385786805
F115541,0.47851742385786805
F123884,0.47851742385786805
F113152,0.47851742385786805
F107913,0.47851742385786805
F109226,0.47851742385786805
F105023,0.47851742385786805
F102322,0.47851742385786805
F103788,0.47851742385786805
F107396,0.47851742385786805
F115281,0.47851742385786805
F100273,0.47851742385786805
F107970,0.47851742385786805
F120773,0.47851742385786805
F112894,0.47851742385786805
F104441,0.47851742385786805
F111676,0.47851742385786805
F113899,0.47851742385786805
F124975,0.47851742385786805
F109944,0.47851742385786805
F118346,0.47851742385786805
F121350,0.47851742385786805
F107638,0.47851742385786805
F121517,0.47851742385786805
F116362,0.47851742385786805
F102513,0.47851742385786805
F119158,0.47851742385786805
F119159,0.47851742385786805
F104153,0.47851742385786805
F101120,0.47851742385786805
F113681,0.47851742385786805
F121532,0.47851742385786805
F103335,0.47851742385786805
F101237,0.47851742385786805
F122458,0.47851742385786805
F120053,0.47851742385786805
F101349,0.47851742385786805
F108195,0.47851742385786805
F106115,0.47851742385786805
F101981,0.47851742385786805
F102653,0.47851742385786805
F111226,0.47851742385786805
F114911,0.47851742385786805
F104370,0.47851742385786805
F103728,0.47851742385786805
F109989,0.47851742385786805
F109136,0.47851742385786805
F109377,0.47851742385786805
F116367,0.47851742385786805
F121974,0.47851742385786805
F122473,0.47851742385786805
F106614,0.47851742385786805
F101124,0.47851742385786805
F115128,0.47851742385786805
F102816,0.47851742385786805
F103041,0.47851742385786805
F116138,0.47851742385786805
F117373,0.47851742385786805
F115252,0.47851742385786805
F124056,0.47851742385786805
F119772,0.47851742385786805
F104436,0.47851742385786805
F107423,0.47851742385786805
F100095,0.47851742385786805
F100364,0.47851742385786805
F112038,0.47851742385786805
F104522,0.47851742385786805
F113109,0.47851742385786805
F110974,0.47851742385786805
F101872,0.47851742385786805
F101068,0.47851742385786805
F104709,0.47851742385786805
F120644,0.47851742385786805
F110439,0.47851742385786805
F108131,0.47851742385786805
F109717,0.47851742385786805
F109622,0.47851742385786805
F123571,0.47851742385786805
F102686,0.47851742385786805
F119216,0.47851742385786805
F123527,0.47851742385786805
F112500,0.47851742385786805
F120660,0.47851742385786805
F121830,0.47851742385786805
F104237,0.47851742385786805
F115190,0.47851742385786805
F118920,0.47851742385786805
F116871,0.47851742385786805
F116973,0.47851742385786805
F123010,0.47851742385786805
F114876,0.47851742385786805
F110215,0.47851742385786805
F107723,0.47851742385786805
F108436,0.47851742385786805
F103074,0.47851742385786805
F114136,0.47851742385786805
F120082,0.47851742385786805
F115581,0.47851742385786805
F108293,0.47851742385786805
F115417,0.47851742385786805
F116833,0.47851742385786805
F100029,0.47851742385786805
F116985,0.47851742385786805
F111833,0.47851742385786805
F120260,0.47851742385786805
F109583,0.47851742385786805
F123693,0.47851742385786805
F115645,0.47851742385786805
F122301,0.47851742385786805
F119206,0.47851742385786805
F100826,0.47851742385786805
F111926,0.47851742385786805
F112417,0.47851742385786805
F110403,0.47851742385786805
F119140,0.47851742385786805
F104695,0.47851742385786805
F123804,0.47851742385786805
F117199,0.47851742385786805
F114751,0.47851742385786805
F113662,0.47851742385786805
F119786,0.47851742385786805
F109722,0.47851742385786805
F117726,0.47851742385786805
F120605,0.47851742385786805
F104546,0.47851742385786805
F119188,0.47851742385786805
F116439,0.47851742385786805
F111002,0.47851742385786805
F123070,0.47851742385786805
F106147,0.47851742385786805
F104932,0.47851742385786805
F109194,0.47851742385786805
F115531,0.47851742385786805
F105641,0.47851742385786805
F112111,0.47851742385786805
F102598,0.47851742385786805
F109342,0.47851742385786805
F118390,0.47851742385786805
F113576,0.47851742385786805
F106199,0.47851742385786805
F116290,0.47851742385786805
F107611,0.47851742385786805
F113223,0.47851742385786805
F118464,0.47851742385786805
F123013,0.47851742385786805
F120006,0.47851742385786805
F116478,0.47851742385786805
F101312,0.47851742385786805
F123042,0.47851742385786805
F100045,0.47851742385786805
F113407,0.47851742385786805
F113374,0.47851742385786805
F118256,0.47851742385786805
F104208,0.47851742385786805
F120343,0.47851742385786805
F101762,0.47851742385786805
F108658,0.47851742385786805
F116339,0.47851742385786805
F124368,0.47851742385786805
F103787,0.47851742385786805
F113870,0.47851742385786805
F111713,0.47851742385786805
F118677,0.47851742385786805
F104312,0.47851742385786805
F106606,0.47851742385786805
F118122,0.47851742385786805
F106599,0.47851742385786805
F109570,0.47851742385786805
F113081,0.47851742385786805
F105129,0.47851742385786805
F109831,0.47851742385786805
F115161,0.47851742385786805
F122139,0.47851742385786805
F114634,0.47851742385786805
F105517,0.47851742385786805
F114407,0.47851742385786805
F109772,0.47851742385786805
F124495,0.47851742385786805
F103543,0.47851742385786805
F124747,0.47851742385786805
F119084,0.47851742385786805
F115815,0.47851742385786805
F118726,0.47851742385786805
F119478,0.47851742385786805
F122521,0.47851742385786805
F102328,0.47851742385786805
F100842,0.47851742385786805
F104040,0.47851742385786805
F123101,0.47851742385786805
F111886,0.47851742385786805
F101212,0.47851742385786805
F116420,0.47851742385786805
F118287,0.47851742385786805
F111054,0.47851742385786805
F100706,0.47851742385786805
F120788,0.47851742385786805
F106477,0.47851742385786805
F116902,0.47851742385786805
F124738,0.47851742385786805
F105208,0.47851742385786805
F117963,0.47851742385786805
F119238,0.47851742385786805
F106181,0.47851742385786805
F119735,0.47851742385786805
F122554,0.47851742385786805
F122008,0.47851742385786805
F111317,0.47851742385786805
F123120,0.47851742385786805
F114225,0.47851742385786805
F121985,0.47851742385786805
F110484,0.47851742385786805
F108430,0.47851742385786805
F115305,0.47851742385786805
F124268,0.47851742385786805
F119847,0.47851742385786805
F102738,0.47851742385786805
F109464,0.47851742385786805
F124522,0.47851742385786805
F103969,0.47851742385786805
F109225,0.47851742385786805
F115136,0.47851742385786805
F116931,0.47851742385786805
F122013,0.47851742385786805
F124436,0.47851742385786805
F104149,0.47851742385786805
F110606,0.47851742385786805
F124802,0.47851742385786805
F104345,0.47851742385786805
F114672,0.47851742385786805
F119848,0.47851742385786805
F103290,0.47851742385786805
F104888,0.47851742385786805
F113520,0.47851742385786805
F119168,0.47851742385786805
F104655,0.47851742385786805
F100234,0.47851742385786805
F123659,0.47851742385786805
F121306,0.47851742385786805
F122919,0.47851742385786805
F119185,0.47851742385786805
F114557,0.47851742385786805
F120068,0.47851742385786805
F110255,0.47851742385786805
F114668,0.47851742385786805
F101784,0.47851742385786805
F123733,0.47851742385786805
F111087,0.47851742385786805
F108592,0.47851742385786805
F110370,0.47851742385786805
F124017,0.47851742385786805
F102724,0.47851742385786805
F100722,0.47851742385786805
F119291,0.47851742385786805
F104360,0.47851742385786805
F120415,0.47851742385786805
F104816,0.47851742385786805
F111397,0.47851742385786805
F112336,0.47851742385786805
F110568,0.47851742385786805
F106576,0.47851742385786805
F100151,0.47851742385786805
F110197,0.47851742385786805
F109336,0.47851742385786805
F124798,0.47851742385786805
F100162,0.47851742385786805
F101699,0.47851742385786805
F112645,0.47851742385786805
F112829,0.47851742385786805
F103331,0.47851742385786805
F120328,0.47851742385786805
F104367,0.47851742385786805
F114200,0.47851742385786805
F104673,0.47851742385786805
F122029,0.47851742385786805
F101404,0.47851742385786805
F109571,0.47851742385786805
F117648,0.47851742385786805
F123171,0.47851742385786805
F106429,0.47851742385786805
F119641,0.47851742385786805
F100178,0.47851742385786805
F117139,0.47851742385786805
F109205,0.47851742385786805
F123893,0.47851742385786805
F100733,0.47851742385786805
F105491,0.47851742385786805
F110633,0.47851742385786805
F116553,0.47851742385786805
F105633,0.47851742385786805
F116134,0.47851742385786805
F121291,0.47851742385786805
F107773,0.47851742385786805
F108088,0.47851742385786805
F112707,0.47851742385786805
F109569,0.47851742385786805
F120566,0.47851742385786805
F123968,0.47851742385786805
F123283,0.47851742385786805
F121506,0.47851742385786805
F118573,0.47851742385786805
F124881,0.47851742385786805
F103023,0.47851742385786805
F121534,0.47851742385786805
F114154,0.47851742385786805
F122007,0.47851742385786805
F104670,0.47851742385786805
F109248,0.47851742385786805
F110905,0.47851742385786805
F117212,0.47851742385786805
F121030,0.47851742385786805
F113457,0.47851742385786805
F109021,0.47851742385786805
F104306,0.47851742385786805
F107503,0.47851742385786805
F119787,0.47851742385786805
F109176,0.47851742385786805
F119859,0.47851742385786805
F123185,0.47851742385786805
F117230,0.47851742385786805
F116635,0.47851742385786805
F111519,0.47851742385786805
F104098,0.47851742385786805
F118801,0.47851742385786805
F116581,0.47851742385786805
F101213,0.47851742385786805
F124269,0.47851742385786805
F106830,0.47851742385786805
F104895,0.47851742385786805
F114121,0.47851742385786805
F105776,0.47851742385786805
F119536,0.47851742385786805
F122474,0.47851742385786805
F111688,0.47851742385786805
F107540,0.47851742385786805
F112403,0.47851742385786805
F105677,0.47851742385786805
F124624,0.47851742385786805
F112912,0.47851742385786805
F108372,0.47851742385786805
F120719,0.47851742385786805
F104378,0.47851742385786805
F104813,0.47851742385786805
F116535,0.47851742385786805
F111736,0.47851742385786805
F106479,0.47851742385786805
F103242,0.47851742385786805
F107847,0.47851742385786805
F103745,0.47851742385786805
F118429,0.47851742385786805
F113004,0.47851742385786805
F119726,0.47851742385786805
F123790,0.47851742385786805
F100034,0.47851742385786805
F120440,0.47851742385786805
F120180,0.47851742385786805
F103656,0.47851742385786805
F112455,0.47851742385786805
F114722,0.47851742385786805
F112118,0.47851742385786805
F113876,0.47851742385786805
F118160,0.47851742385786805
F107376,0.47851742385786805
F116340,0.47851742385786805
F122412,0.47851742385786805
F115761,0.47851742385786805
F115139,0.47851742385786805
F119614,0.47851742385786805
F103980,0.47851742385786805
F117948,0.47851742385786805
F114958,0.47851742385786805
F116637,0.47851742385786805
F104803,0.47851742385786805
F109432,0.47851742385786805
F113672,0.47851742385786805
F109842,0.47851742385786805
F108896,0.47851742385786805
F107375,0.47851742385786805
F123387,0.47851742385786805
F109033,0.47851742385786805
F124376,0.47851742385786805
F115318,0.47851742385786805
F119660,0.47851742385786805
F121151,0.47851742385786805
F120631,0.47851742385786805
F114549,0.47851742385786805
F101564,0.47851742385786805
F124619,0.47851742385786805
F116778,0.47851742385786805
F101453,0.47851742385786805
F120928,0.47851742385786805
F114264,0.47851742385786805
F112329,0.47851742385786805
F101843,0.47851742385786805
F106051,0.47851742385786805
F115673,0.47851742385786805
F121338,0.47851742385786805
F102169,0.47851742385786805
F119965,0.47851742385786805
F112596,0.47851742385786805
F108499,0.47851742385786805
F115880,0.47851742385786805
F123734,0.47851742385786805
F107446,0.47851742385786805
F117816,0.47851742385786805
F105036,0.47851742385786805
F114356,0.47851742385786805
F104341,0.47851742385786805
F120665,0.47851742385786805
F117856,0.47851742385786805
F114709,0.47851742385786805
F114293,0.47851742385786805
F104545,0.47851742385786805
F120020,0.47851742385786805
F116643,0.47851742385786805
F112763,0.47851742385786805
F106407,0.47851742385786805
F104724,0.47851742385786805
F118714,0.47851742385786805
F124702,0.47851742385786805
F117532,0.47851742385786805
F111065,0.47851742385786805
F101010,0.47851742385786805
F106494,0.47851742385786805
F117477,0.47851742385786805
F100685,0.47851742385786805
F118386,0.47851742385786805
F119360,0.47851742385786805
F105237,0.47851742385786805
F110277,0.47851742385786805
F111872,0.47851742385786805
F106074,0.47851742385786805
F117047,0.47851742385786805
F121491,0.47851742385786805
F121176,0.47851742385786805
F111292,0.47851742385786805
F123267,0.47851742385786805
F109498,0.47851742385786805
F118709,0.47851742385786805
F103696,0.47851742385786805
F116806,0.47851742385786805
F120702,0.47851742385786805
F104260,0.47851742385786805
F109515,0.47851742385786805
F121169,0.47851742385786805
F113126,0.47851742385786805
F110555,0.47851742385786805
F111033,0.47851742385786805
F107429,0.47851742385786805
F109347,0.47851742385786805
F105088,0.47851742385786805
F101848,0.47851742385786805
F109353,0.47851742385786805
F119003,0.47851742385786805
F102969,0.47851742385786805
F122274,0.47851742385786805
F104854,0.47851742385786805
F117822,0.47851742385786805
F107891,0.47851742385786805
F105037,0.47851742385786805
F112575,0.47851742385786805
F114509,0.47851742385786805
F106600,0.47851742385786805
F109291,0.47851742385786805
F100317,0.47851742385786805
F110155,0.47851742385786805
F106033,0.47851742385786805
F108058,0.47851742385786805
F100261,0.47851742385786805
F124396,0.47851742385786805
F118697,0.47851742385786805
F102451,0.47851742385786805
F102538,0.47851742385786805
F111894,0.47851742385786805
F121146,0.47851742385786805
F119246,0.47851742385786805
F106764,0.47851742385786805
F117322,0.47851742385786805
F115755,0.47851742385786805
F113605,0.47851742385786805
F102710,0.47851742385786805
F119391,0.47851742385786805
F123996,0.47851742385786805
F111637,0.47851742385786805
F115162,0.47851742385786805
F107792,0.47851742385786805
F123145,0.47851742385786805
F114613,0.47851742385786805
F123044,0.47851742385786805
F106749,0.47851742385786805
F100836,0.47851742385786805
F114598,0.47851742385786805
F107653,0.47851742385786805
F116849,0.47851742385786805
F108605,0.47851742385786805
F107383,0.47851742385786805
F123911,0.47851742385786805
F111184,0.47851742385786805
F110214,0.47851742385786805
F123822,0.47851742385786805
F112193,0.47851742385786805
F120841,0.47851742385786805
F117956,0.47851742385786805
F124877,0.47851742385786805
F100062,0.47851742385786805
F101837,0.47851742385786805
F123424,0.47851742385786805
F120509,0.47851742385786805
F120729,0.47851742385786805
F108163,0.47851742385786805
F110580,0.47851742385786805
F102803,0.47851742385786805
F122612,0.47851742385786805
F104600,0.47851742385786805
F113106,0.47851742385786805
F101545,0.47851742385786805
F121559,0.47851742385786805
F104337,0.47851742385786805
F122298,0.47851742385786805
F118818,0.47851742385786805
F121191,0.47851742385786805
F110094,0.47851742385786805
F117833,0.47851742385786805
F118565,0.47851742385786805
F105137,0.47851742385786805
F102304,0.47851742385786805
F101992,0.47851742385786805
F105940,0.47851742385786805
F120312,0.47851742385786805
F122523,0.47851742385786805
F105644,0.47851742385786805
F114930,0.47851742385786805
F102055,0.47851742385786805
F101865,0.47851742385786805
F113006,0.47851742385786805
F111517,0.47851742385786805
F107205,0.47851742385786805
F100281,0.47851742385786805
F106249,0.47851742385786805
F101795,0.47851742385786805
F123338,0.47851742385786805
F100417,0.47851742385786805
F107552,0.47851742385786805
F100421,0.47851742385786805
F122717,0.47851742385786805
F110029,0.47851742385786805
F116213,0.47851742385786805
F120203,0.47851742385786805
F121400,0.47851742385786805
F102410,0.47851742385786805
F113164,0.47851742385786805
F112430,0.47851742385786805
F110772,0.47851742385786805
F107726,0.47851742385786805
F115940,0.47851742385786805
F102875,0.47851742385786805
F119355,0.47851742385786805
F113306,0.47851742385786805
F105384,0.47851742385786805
F123072,0.47851742385786805
F109979,0.47851742385786805
F113891,0.47851742385786805
F109099,0.47851742385786805
F108435,0.47851742385786805
F123416,0.47851742385786805
F101919,0.47851742385786805
F101766,0.47851742385786805
F115238,0.47851742385786805
F119887,0.47851742385786805
F118656,0.47851742385786805
F111062,0.47851742385786805
F124530,0.47851742385786805
F107975,0.47851742385786805
F104548,0.47851742385786805
F110843,0.47851742385786805
F110256,0.47851742385786805
F109074,0.47851742385786805
F124484,0.47851742385786805
F120196,0.47851742385786805
F104294,0.47851742385786805
F107467,0.47851742385786805
F120244,0.47851742385786805
F123187,0.47851742385786805
F112771,0.47851742385786805
F117023,0.47851742385786805
F119213,0.47851742385786805
F113098,0.47851742385786805
F116855,0.47851742385786805
F101306,0.47851742385786805
F100909,0.47851742385786805
F114368,0.47851742385786805
F114371,0.47851742385786805
F120980,0.47851742385786805
F118550,0.47851742385786805
F104843,0.47851742385786805
F118498,0.47851742385786805
F104761,0.47851742385786805
F113347,0.47851742385786805
F110363,0.47851742385786805
F102342,0.47851742385786805
F102609,0.47851742385786805
F114479,0.47851742385786805
F108351,0.47851742385786805
F112614,0.47851742385786805
F112204,0.47851742385786805
F119447,0.47851742385786805
F109298,0.47851742385786805
F116652,0.47851742385786805
F119068,0.47851742385786805
F105089,0.47851742385786805
F101636,0.47851742385786805
F106619,0.47851742385786805
F118108,0.47851742385786805
F112851,0.47851742385786805
F115111,0.47851742385786805
F111622,0.47851742385786805
F108793,0.47851742385786805
F118800,0.47851742385786805
F115275,0.47851742385786805
F102362,0.47851742385786805
F107284,0.47851742385786805
F120471,0.47851742385786805
F123050,0.47851742385786805
F119940,0.47851742385786805
F121582,0.47851742385786805
F114972,0.47851742385786805
F108065,0.47851742385786805
F120580,0.47851742385786805
F114945,0.47851742385786805
F102408,0.47851742385786805
F110431,0.47851742385786805
F103669,0.47851742385786805
F123781,0.47851742385786805
F115715,0.47851742385786805
F108380,0.47851742385786805
F106089,0.47851742385786805
F113793,0.47851742385786805
F103269,0.47851742385786805
F110531,0.47851742385786805
F103529,0.47851742385786805
F109149,0.47851742385786805
F117568,0.47851742385786805
F122152,0.47851742385786805
F106396,0.47851742385786805
F101797,0.47851742385786805
F112318,0.47851742385786805
F103122,0.47851742385786805
F124064,0.47851742385786805
F118639,0.47851742385786805
F115913,0.47851742385786805
F109873,0.47851742385786805
F120091,0.47851742385786805
F112609,0.47851742385786805
F114961,0.47851742385786805
F119734,0.47851742385786805
F114566,0.47851742385786805
F117003,0.47851742385786805
F105055,0.47851742385786805
F102011,0.47851742385786805
F100934,0.47851742385786805
F111696,0.47851742385786805
F108316,0.47851742385786805
F115710,0.47851742385786805
F108210,0.47851742385786805
F101403,0.47851742385786805
F114763,0.47851742385786805
F103191,0.47851742385786805
F112148,0.47851742385786805
F112365,0.47851742385786805
F110678,0.47851742385786805
F108746,0.47851742385786805
F124293,0.47851742385786805
F109222,0.47851742385786805
F103183,0.47851742385786805
F101183,0.47851742385786805
F107095,0.47851742385786805
F110704,0.47851742385786805
F122267,0.47851742385786805
F101657,0.47851742385786805
F106951,0.47851742385786805
F124399,0.47851742385786805
F112526,0.47851742385786805
F119013,0.47851742385786805
F117862,0.47851742385786805
F122016,0.47851742385786805
F119088,0.47851742385786805
F107519,0.47851742385786805
F122224,0.47851742385786805
F114056,0.47851742385786805
F106801,0.47851742385786805
F110016,0.47851742385786805
F111578,0.47851742385786805
F113671,0.47851742385786805
F100966,0.47851742385786805
F121428,0.47851742385786805
F123633,0.47851742385786805
F102981,0.47851742385786805
F108192,0.47851742385786805
F106415,0.47851742385786805
F105420,0.47851742385786805
F102891,0.47851742385786805
F112864,0.47851742385786805
F119796,0.47851742385786805
F122286,0.47851742385786805
F111968,0.47851742385786805
F119271,0.47851742385786805
F121319,0.47851742385786805
F122989,0.47851742385786805
F110587,0.47851742385786805
F119835,0.47851742385786805
F113804,0.47851742385786805
F120608,0.47851742385786805
F100063,0.47851742385786805
F111602,0.47851742385786805
F107242,0.47851742385786805
F111447,0.47851742385786805
F106101,0.47851742385786805
F120610,0.47851742385786805
F111823,0.47851742385786805
F110848,0.47851742385786805
F104147,0.47851742385786805
F120801,0.47851742385786805
F108269,0.47851742385786805
F122035,0.47851742385786805
F102387,0.47851742385786805
F124608,0.47851742385786805
F117790,0.47851742385786805
F104029,0.47851742385786805
F115235,0.47851742385786805
F110891,0.47851742385786805
F122291,0.47851742385786805
F114721,0.47851742385786805
F109328,0.47851742385786805
F107995,0.47851742385786805
F121056,0.47851742385786805
F111933,0.47851742385786805
F117608,0.47851742385786805
F107155,0.47851742385786805
F108926,0.47851742385786805
F106237,0.47851742385786805
F112467,0.47851742385786805
F117632,0.47851742385786805
F101380,0.47851742385786805
F101621,0.47851742385786805
F115108,0.47851742385786805
F122264,0.47851742385786805
F100303,0.47851742385786805
F105445,0.47851742385786805
F102267,0.47851742385786805
F119046,0.47851742385786805
F122308,0.47851742385786805
F107153,0.47851742385786805
F117843,0.47851742385786805
F101910,0.47851742385786805
F114196,0.47851742385786805
F105769,0.47851742385786805
F119541,0.47851742385786805
F114088,0.47851742385786805
F115915,0.47851742385786805
F119736,0.47851742385786805
F111740,0.47851742385786805
F114594,0.47851742385786805
F116558,0.47851742385786805
F113078,0.47851742385786805
F100369,0.47851742385786805
F110194,0.47851742385786805
F105193,0.47851742385786805
F124542,0.47851742385786805
F104589,0.47851742385786805
F104361,0.47851742385786805
F116568,0.47851742385786805
F117695,0.47851742385786805
F104183,0.47851742385786805
F103675,0.47851742385786805
F102368,0.47851742385786805
F113625,0.47851742385786805
F118503,0.47851742385786805
F122740,0.47851742385786805
F106321,0.47851742385786805
F110321,0.47851742385786805
F103934,0.47851742385786805
F121797,0.47851742385786805
F102651,0.47851742385786805
F120766,0.47851742385786805
F118858,0.47851742385786805
F104815,0.47851742385786805
F115827,0.47851742385786805
F101686,0.47851742385786805
F114701,0.47851742385786805
F114078,0.47851742385786805
F117801,0.47851742385786805
F122684,0.47851742385786805
F123855,0.47851742385786805
F108565,0.47851742385786805
F114810,0.47851742385786805
F105579,0.47851742385786805
F106859,0.47851742385786805
F105364,0.47851742385786805
F116307,0.47851742385786805
F121889,0.47851742385786805
F122442,0.47851742385786805
F123936,0.47851742385786805
F121631,0.47851742385786805
F117055,0.47851742385786805
F109654,0.47851742385786805
F124546,0.47851742385786805
F113811,0.47851742385786805
F118936,0.47851742385786805
F124526,0.47851742385786805
F116075,0.47851742385786805
F117880,0.47851742385786805
F100117,0.47851742385786805
F101966,0.47851742385786805
F114404,0.47851742385786805
F115372,0.47851742385786805
F109898,0.47851742385786805
F113034,0.47851742385786805
F111045,0.47851742385786805
F109096,0.47851742385786805
F108596,0.47851742385786805
F119689,0.47851742385786805
F102311,0.47851742385786805
F108047,0.47851742385786805
F116621,0.47851742385786805
F101279,0.47851742385786805
F102314,0.47851742385786805
F122908,0.47851742385786805
F109229,0.47851742385786805
F111778,0.47851742385786805
F124529,0.47851742385786805
F101674,0.47851742385786805
F110878,0.47851742385786805
F101942,0.47851742385786805
F100662,0.47851742385786805
F114234,0.47851742385786805
F119443,0.47851742385786805
F116400,0.47851742385786805
F106975,0.47851742385786805
F102758,0.47851742385786805
F109727,0.47851742385786805
F107258,0.47851742385786805
F102979,0.47851742385786805
F115578,0.47851742385786805
F107711,0.47851742385786805
F103091,0.47851742385786805
F117680,0.47851742385786805
F101508,0.47851742385786805
F115284,0.47851742385786805
F109277,0.47851742385786805
F107648,0.47851742385786805
F102072,0.47851742385786805
F110092,0.47851742385786805
F116611,0.47851742385786805
F103080,0.47851742385786805
F101913,0.47851742385786805
F122131,0.47851742385786805
F124057,0.47851742385786805
F112930,0.47851742385786805
F105262,0.47851742385786805
F117660,0.47851742385786805
F102962,0.47851742385786805
F110450,0.47851742385786805
F117292,0.47851742385786805
F100124,0.47851742385786805
F107355,0.47851742385786805
F100676,0.47851742385786805
F118568,0.47851742385786805
F121315,0.47851742385786805
F105243,0.47851742385786805
F115486,0.47851742385786805
F105536,0.47851742385786805
F122476,0.47851742385786805
F114635,0.47851742385786805
F114860,0.47851742385786805
F120946,0.47851742385786805
F107566,0.47851742385786805
F113521,0.47851742385786805
F106032,0.47851742385786805
F100430,0.47851742385786805
F108705,0.47851742385786805
F114616,0.47851742385786805
F117673,0.47851742385786805
F111701,0.47851742385786805
F120700,0.47851742385786805
F123090,0.47851742385786805
F115296,0.47851742385786805
F119856,0.47851742385786805
F105403,0.47851742385786805
F102948,0.47851742385786805
F119484,0.47851742385786805
F111890,0.47851742385786805
F120961,0.47851742385786805
F103322,0.47851742385786805
F101204,0.47851742385786805
F100381,0.47851742385786805
F111363,0.47851742385786805
F108761,0.47851742385786805
F106107,0.47851742385786805
F101048,0.47851742385786805
F113832,0.47851742385786805
F103620,0.47851742385786805
F120874,0.47851742385786805
F108396,0.47851742385786805
F103921,0.47851742385786805
F114217,0.47851742385786805
F118553,0.47851742385786805
F102942,0.47851742385786805
F111745,0.47851742385786805
F124294,0.47851742385786805
F117821,0.47851742385786805
F102501,0.47851742385786805
F121007,0.47851742385786805
F109120,0.47851742385786805
F124906,0.47851742385786805
F110934,0.47851742385786805
F103892,0.47851742385786805
F101988,0.47851742385786805
F117297,0.47851742385786805
F103333,0.47851742385786805
F124532,0.47851742385786805
F110317,0.47851742385786805
F101326,0.47851742385786805
F123640,0.47851742385786805
F122450,0.47851742385786805
F121658,0.47851742385786805
F105792,0.47851742385786805
F104454,0.47851742385786805
F120705,0.47851742385786805
F111750,0.47851742385786805
F109324,0.47851742385786805
F106103,0.47851742385786805
F107508,0.47851742385786805
F116292,0.47851742385786805
F110812,0.47851742385786805
F118252,0.47851742385786805
F110876,0.47851742385786805
F115199,0.47851742385786805
F111179,0.47851742385786805
F124475,0.47851742385786805
F103147,0.47851742385786805
F100344,0.47851742385786805
F116474,0.47851742385786805
F109615,0.47851742385786805
F108437,0.47851742385786805
F107824,0.47851742385786805
F122006,0.47851742385786805
F112927,0.47851742385786805
F112746,0.47851742385786805
F110474,0.47851742385786805
F124709,0.47851742385786805
F115106,0.47851742385786805
F123513,0.47851742385786805
F118216,0.47851742385786805
F112998,0.47851742385786805
F105529,0.47851742385786805
F108501,0.47851742385786805
F108282,0.47851742385786805
F113583,0.47851742385786805
F100574,0.47851742385786805
F118499,0.47851742385786805
F109104,0.47851742385786805
F122637,0.47851742385786805
F122437,0.47851742385786805
F124901,0.47851742385786805
F106283,0.47851742385786805
F110003,0.47851742385786805
F124217,0.47851742385786805
F101199,0.47851742385786805
F102781,0.47851742385786805
F110469,0.47851742385786805
F109133,0.47851742385786805
F124950,0.47851742385786805
F120339,0.47851742385786805
F105887,0.47851742385786805
F112225,0.47851742385786805
F107370,0.47851742385786805
F103559,0.47851742385786805
F107478,0.47851742385786805
F104308,0.47851742385786805
F104732,0.47851742385786805
F115187,0.47851742385786805
F118012,0.47851742385786805
F117228,0.47851742385786805
F116614,0.47851742385786805
F107910,0.47851742385786805
F116998,0.47851742385786805
F115046,0.47851742385786805
F110361,0.47851742385786805
F118665,0.47851742385786805
F109652,0.47851742385786805
F114497,0.47851742385786805
F104957,0.47851742385786805
F101949,0.47851742385786805
F123522,0.47851742385786805
F117038,0.47851742385786805
F102234,0.47851742385786805
F116997,0.47851742385786805
F107715,0.47851742385786805
F106209,0.47851742385786805
F114631,0.47851742385786805
F111047,0.47851742385786805
F107722,0.47851742385786805
F123629,0.47851742385786805
F105307,0.47851742385786805
F100276,0.47851742385786805
F120474,0.47851742385786805
F114160,0.47851742385786805
F110975,0.47851742385786805
F118874,0.47851742385786805
F104088,0.47851742385786805
F100779,0.47851742385786805
F109610,0.47851742385786805
F102568,0.47851742385786805
F122318,0.47851742385786805
F107513,0.47851742385786805
F121989,0.47851742385786805
F105505,0.47851742385786805
F116533,0.47851742385786805
F106849,0.47851742385786805
F106802,0.47851742385786805
F124883,0.47851742385786805
F103571,0.47851742385786805
F112567,0.47851742385786805
F113994,0.47851742385786805
F122663,0.47851742385786805
F122659,0.47851742385786805
F108701,0.47851742385786805
F102880,0.47851742385786805
F108569,0.47851742385786805
F121717,0.47851742385786805
F109974,0.47851742385786805
F120370,0.47851742385786805
F117473,0.47851742385786805
F112693,0.47851742385786805
F105000,0.47851742385786805
F100285,0.47851742385786805
F114122,0.47851742385786805
F105751,0.47851742385786805
F107788,0.47851742385786805
F115467,0.47851742385786805
F102622,0.47851742385786805
F107899,0.47851742385786805
F102079,0.47851742385786805
F109416,0.47851742385786805
F104238,0.47851742385786805
F100461,0.47851742385786805
F112622,0.47851742385786805
F110160,0.47851742385786805
F112915,0.47851742385786805
F114018,0.47851742385786805
F113896,0.47851742385786805
F120170,0.47851742385786805
F113854,0.47851742385786805
F103818,0.47851742385786805
F106810,0.47851742385786805
F113124,0.47851742385786805
F100838,0.47851742385786805
F102996,0.47851742385786805
F115842,0.47851742385786805
F114888,0.47851742385786805
F101293,0.47851742385786805
F115443,0.47851742385786805
F107521,0.47851742385786805
F115413,0.47851742385786805
F114250,0.47851742385786805
F118786,0.47851742385786805
F122254,0.47851742385786805
F121689,0.47851742385786805
F117848,0.47851742385786805
F100852,0.47851742385786805
F122845,0.47851742385786805
F123435,0.47851742385786805
F111311,0.47851742385786805
F115693,0.47851742385786805
F114977,0.47851742385786805
F104897,0.47851742385786805
F104821,0.47851742385786805
F114993,0.47851742385786805
F100904,0.47851742385786805
F103244,0.47851742385786805
F107784,0.47851742385786805
F112491,0.47851742385786805
F116895,0.47851742385786805
F100545,0.47851742385786805
F104812,0.47851742385786805
F107098,0.47851742385786805
F124363,0.47851742385786805
F116584,0.47851742385786805
F107171,0.47851742385786805
F122313,0.47851742385786805
F106383,0.47851742385786805
F104226,0.47851742385786805
F115928,0.47851742385786805
F121080,0.47851742385786805
F124138,0.47851742385786805
F112198,0.47851742385786805
F103361,0.47851742385786805
F114204,0.47851742385786805
F117323,0.47851742385786805
F108519,0.47851742385786805
F116883,0.47851742385786805
F112759,0.47851742385786805
F111901,0.47851742385786805
F120650,0.47851742385786805
F103826,0.47851742385786805
F112527,0.47851742385786805
F122498,0.47851742385786805
F124072,0.47851742385786805
F103159,0.47851742385786805
F108242,0.47851742385786805
F119219,0.47851742385786805
F120620,0.47851742385786805
F116601,0.47851742385786805
F112813,0.47851742385786805
F121489,0.47851742385786805
F112435,0.47851742385786805
F113841,0.47851742385786805
F106438,0.47851742385786805
F119840,0.47851742385786805
F114199,0.47851742385786805
F111612,0.47851742385786805
F117617,0.47851742385786805
F121901,0.47851742385786805
F108459,0.47851742385786805
F124668,0.47851742385786805
F118354,0.47851742385786805
F100578,0.47851742385786805
F104874,0.47851742385786805
F108094,0.47851742385786805
F119640,0.47851742385786805
F121313,0.47851742385786805
F108467,0.47851742385786805
F121072,0.47851742385786805
F113024,0.47851742385786805
F118961,0.47851742385786805
F112331,0.47851742385786805
F111393,0.47851742385786805
F118824,0.47851742385786805
F104630,0.47851742385786805
F119694,0.47851742385786805
F115168,0.47851742385786805
F113160,0.47851742385786805
F112047,0.47851742385786805
F119427,0.47851742385786805
F101595,0.47851742385786805
F109179,0.47851742385786805
F100275,0.47851742385786805
F111079,0.47851742385786805
F109465,0.47851742385786805
F112919,0.47851742385786805
F124460,0.47851742385786805
F115813,0.47851742385786805
F121070,0.47851742385786805
F105662,0.47851742385786805
F109958,0.47851742385786805
F114149,0.47851742385786805
F114380,0.47851742385786805
F111485,0.47851742385786805
F101685,0.47851742385786805
F117721,0.47851742385786805
F107967,0.47851742385786805
F119972,0.47851742385786805
F122321,0.47851742385786805
F100012,0.47851742385786805
F119093,0.47851742385786805
F100667,0.47851742385786805
F110167,0.47851742385786805
F123985,0.47851742385786805
F123465,0.47851742385786805
F123655,0.47851742385786805
F124835,0.47851742385786805
F103445,0.47851742385786805
F115195,0.47851742385786805
F120478,0.47851742385786805
F101017,0.47851742385786805
F124732,0.47851742385786805
F110965,0.47851742385786805
F118844,0.47851742385786805
F107954,0.47851742385786805
F111156,0.47851742385786805
F100623,0.47851742385786805
F104855,0.47851742385786805
F119661,0.47851742385786805
F100599,0.47851742385786805
F103358,0.47851742385786805
F107994,0.47851742385786805
F117248,0.47851742385786805
F103476,0.47851742385786805
F102399,0.47851742385786805
F119623,0.47851742385786805
F111593,0.47851742385786805
F122377,0.47851742385786805
F120253,0.47851742385786805
F122347,0.47851742385786805
F124561,0.47851742385786805
F108281,0.47851742385786805
F106031,0.47851742385786805
F112641,0.47851742385786805
F114279,0.47851742385786805
F114552,0.47851742385786805
F113767,0.47851742385786805
F114432,0.47851742385786805
F106840,0.47851742385786805
F107323,0.47851742385786805
F115626,0.47851742385786805
F109540,0.47851742385786805
F114980,0.47851742385786805
F118205,0.47851742385786805
F124755,0.47851742385786805
F115152,0.47851742385786805
F101796,0.47851742385786805
F113981,0.47851742385786805
F112050,0.47851742385786805
F119564,0.47851742385786805
F116438,0.47851742385786805
F109893,0.47851742385786805
F106047,0.47851742385786805
F102657,0.47851742385786805
F111568,0.47851742385786805
F121907,0.47851742385786805
F124040,0.47851742385786805
F109261,0.47851742385786805
F112642,0.47851742385786805
F105759,0.47851742385786805
F120095,0.47851742385786805
F118721,0.47851742385786805
F123330,0.47851742385786805
F123851,0.47851742385786805
F124150,0.47851742385786805
F114705,0.47851742385786805
F101299,0.47851742385786805
F124749,0.47851742385786805
F115566,0.47851742385786805
F104414,0.47851742385786805
F103154,0.47851742385786805
F117644,0.47851742385786805
F117213,0.47851742385786805
F103504,0.47851742385786805
F109589,0.47851742385786805
F123196,0.47851742385786805
F119529,0.47851742385786805
F116689,0.47851742385786805
F106997,0.47851742385786805
F107128,0.47851742385786805
F116356,0.47851742385786805
F104563,0.47851742385786805
F114657,0.47851742385786805
F115824,0.47851742385786805
F110572,0.47851742385786805
F115702,0.47851742385786805
F122399,0.47851742385786805
F110201,0.47851742385786805
F102157,0.47851742385786805
F109472,0.47851742385786805
F103211,0.47851742385786805
F122265,0.47851742385786805
F102927,0.47851742385786805
F111582,0.47851742385786805
F121411,0.47851742385786805
F114336,0.47851742385786805
F107007,0.47851742385786805
F111569,0.47851742385786805
F105846,0.47851742385786805
F101168,0.47851742385786805
F115923,0.47851742385786805
F102593,0.47851742385786805
F113640,0.47851742385786805
F121066,0.47851742385786805
F124919,0.47851742385786805
F114084,0.47851742385786805
F106809,0.47851742385786805
F104024,0.47851742385786805
F105616,0.47851742385786805
F111082,0.47851742385786805
F105244,0.47851742385786805
F111099,0.47851742385786805
F109961,0.47851742385786805
F103033,0.47851742385786805
F102794,0.47851742385786805
F112356,0.47851742385786805
F113831,0.47851742385786805
F104280,0.47851742385786805
F109521,0.47851742385786805
F123888,0.47851742385786805
F112485,0.47851742385786805
F109273,0.47851742385786805
F118391,0.47851742385786805
F103822,0.47851742385786805
F100116,0.47851742385786805
F113084,0.47851742385786805
F107233,0.47851742385786805
F107585,0.47851742385786805
F117529,0.47851742385786805
F121589,0.47851742385786805
F103116,0.47851742385786805
F122459,0.47851742385786805
F107724,0.47851742385786805
F117749,0.47851742385786805
F116278,0.47851742385786805
F101629,0.47851742385786805
F101577,0.47851742385786805
F120763,0.47851742385786805
F112218,0.47851742385786805
F108583,0.47851742385786805
F103258,0.47851742385786805
F100848,0.47851742385786805
F122727,0.47851742385786805
F117009,0.47851742385786805
F118990,0.47851742385786805
F104102,0.47851742385786805
F115599,0.47851742385786805
F118788,0.47851742385786805
F112935,0.47851742385786805
F118331,0.47851742385786805
F114359,0.47851742385786805
F100246,0.47851742385786805
F116622,0.47851742385786805
F108938,0.47851742385786805
F104396,0.47851742385786805
F117056,0.47851742385786805
F123896,0.47851742385786805
F120726,0.47851742385786805
F121823,0.47851742385786805
F113548,0.47851742385786805
F120616,0.47851742385786805
F116391,0.47851742385786805
F113049,0.47851742385786805
F113818,0.47851742385786805
F110072,0.47851742385786805
F109588,0.47851742385786805
F115906,0.47851742385786805
F120576,0.47851742385786805
F118413,0.47851742385786805
F113174,0.47851742385786805
F108700,0.47851742385786805
F120069,0.47851742385786805
F117480,0.47851742385786805
F117064,0.47851742385786805
F112404,0.47851742385786805
F112863,0.47851742385786805
F103935,0.47851742385786805
F124344,0.47851742385786805
F118087,0.47851742385786805
F107237,0.47851742385786805
F113866,0.47851742385786805
F120676,0.47851742385786805
F106787,0.47851742385786805
F105649,0.47851742385786805
F124100,0.47851742385786805
F115945,0.47851742385786805
F100441,0.47851742385786805
F102525,0.47851742385786805
F122088,0.47851742385786805
F118867,0.47851742385786805
F107232,0.47851742385786805
F102769,0.47851742385786805
F110807,0.47851742385786805
F100438,0.47851742385786805
F121910,0.47851742385786805
F111480,0.47851742385786805
F123340,0.47851742385786805
F103042,0.47851742385786805
F107596,0.47851742385786805
F115776,0.47851742385786805
F102502,0.47851742385786805
F111318,0.47851742385786805
F112062,0.47851742385786805
F124792,0.47851742385786805
F122966,0.47851742385786805
F110465,0.47851742385786805
F116038,0.47851742385786805
F102188,0.47851742385786805
F122326,0.47851742385786805
F114610,0.47851742385786805
F112674,0.47851742385786805
F113381,0.47851742385786805
F115351,0.47851742385786805
F100891,0.47851742385786805
F112199,0.47851742385786805
F119698,0.47851742385786805
F123440,0.47851742385786805
F101164,0.47851742385786805
F108790,0.47851742385786805
F109130,0.47851742385786805
F123152,0.47851742385786805
F101544,0.47851742385786805
F103474,0.47851742385786805
F109574,0.47851742385786805
F121431,0.47851742385786805
F114966,0.47851742385786805
F119928,0.47851742385786805
F113901,0.47851742385786805
F100133,0.47851742385786805
F114828,0.47851742385786805
F115554,0.47851742385786805
F105903,0.47851742385786805
F123392,0.47851742385786805
F109145,0.47851742385786805
F105656,0.47851742385786805
F111280,0.47851742385786805
F107504,0.47851742385786805
F105564,0.47851742385786805
F106909,0.47851742385786805
F116486,0.47851742385786805
F124281,0.47851742385786805
F111436,0.47851742385786805
F123782,0.47851742385786805
F107371,0.47851742385786805
F115651,0.47851742385786805
F116494,0.47851742385786805
F108845,0.47851742385786805
F115890,0.47851742385786805
F119552,0.47851742385786805
F111516,0.47851742385786805
F112465,0.47851742385786805
F100643,0.47851742385786805
F123291,0.47851742385786805
F108470,0.47851742385786805
F106417,0.47851742385786805
F103424,0.47851742385786805
F119908,0.47851742385786805
F105719,0.47851742385786805
F113530,0.47851742385786805
F120259,0.47851742385786805
F101281,0.47851742385786805
F111685,0.47851742385786805
F105203,0.47851742385786805
F107678,0.47851742385786805
F119335,0.47851742385786805
F103601,0.47851742385786805
F118229,0.47851742385786805
F116112,0.47851742385786805
F111818,0.47851742385786805
F105707,0.47851742385786805
F112311,0.47851742385786805
F115246,0.47851742385786805
F103359,0.47851742385786805
F120089,0.47851742385786805
F120875,0.47851742385786805
F104362,0.47851742385786805
F114442,0.47851742385786805
F114182,0.47851742385786805
F110118,0.47851742385786805
F106175,0.47851742385786805
F108537,0.47851742385786805
F103204,0.47851742385786805
F124978,0.47851742385786805
F122021,0.47851742385786805
F118039,0.47851742385786805
F101238,0.47851742385786805
F113274,0.47851742385786805
F104550,0.47851742385786805
F101330,0.47851742385786805
F116399,0.47851742385786805
F116644,0.47851742385786805
F116854,0.47851742385786805
F104164,0.47851742385786805
F116185,0.47851742385786805
F105730,0.47851742385786805
F114152,0.47851742385786805
F111128,0.47851742385786805
F108709,0.47851742385786805
F115912,0.47851742385786805
F119894,0.47851742385786805
F106493,0.47851742385786805
F101189,0.47851742385786805
F111139,0.47851742385786805
F111006,0.47851742385786805
F107577,0.47851742385786805
F117510,0.47851742385786805
F120494,0.47851742385786805
F117719,0.47851742385786805
F122879,0.47851742385786805
F107625,0.47851742385786805
F105437,0.47851742385786805
F118010,0.47851742385786805
F116881,0.47851742385786805
F100187,0.47851742385786805
F121376,0.47851742385786805
F109587,0.47851742385786805
F103688,0.47851742385786805
F121488,0.47851742385786805
F117629,0.47851742385786805
F105425,0.47851742385786805
F121404,0.47851742385786805
F118337,0.47851742385786805
F104030,0.47851742385786805
F115256,0.47851742385786805
F123740,0.47851742385786805
F109670,0.47851742385786805
F110823,0.47851742385786805
F103197,0.47851742385786805
F115021,0.47851742385786805
F100459,0.47851742385786805
F122047,0.47851742385786805
F113025,0.47851742385786805
F120777,0.47851742385786805
F102882,0.47851742385786805
F105070,0.47851742385786805
F114682,0.47851742385786805
F116192,0.47851742385786805
F104397,0.47851742385786805
F120524,0.47851742385786805
F119934,0.47851742385786805
F110929,0.47851742385786805
F102859,0.47851742385786805
F124754,0.47851742385786805
F101087,0.47851742385786805
F109233,0.47851742385786805
F112119,0.47851742385786805
F122242,0.47851742385786805
F120785,0.47851742385786805
F124559,0.47851742385786805
F110824,0.47851742385786805
F118459,0.47851742385786805
F103051,0.47851742385786805
F105150,0.47851742385786805
F124944,0.47851742385786805
F103363,0.47851742385786805
F101489,0.47851742385786805
F109369,0.47851742385786805
F104904,0.47851742385786805
F111766,0.47851742385786805
F111931,0.47851742385786805
F103979,0.47851742385786805
F110559,0.47851742385786805
F122549,0.47851742385786805
F119047,0.47851742385786805
F106513,0.47851742385786805
F100803,0.47851742385786805
F110961,0.47851742385786805
F107236,0.47851742385786805
F109756,0.47851742385786805
F105762,0.47851742385786805
F110064,0.47851742385786805
F117417,0.47851742385786805
F100074,0.47851742385786805
F109326,0.47851742385786805
F114621,0.47851742385786805
F104151,0.47851742385786805
F118524,0.47851742385786805
F103836,0.47851742385786805
F113787,0.47851742385786805
F105820,0.47851742385786805
F103783,0.47851742385786805
F108993,0.47851742385786805
F100775,0.47851742385786805
F107481,0.47851742385786805
F111112,0.47851742385786805
F117751,0.47851742385786805
F112203,0.47851742385786805
F111119,0.47851742385786805
F117114,0.47851742385786805
F111458,0.47851742385786805
F115086,0.47851742385786805
F107349,0.47851742385786805
F103152,0.47851742385786805
F103723,0.47851742385786805
F110188,0.47851742385786805
F121282,0.47851742385786805
F111781,0.47851742385786805
F110537,0.47851742385786805
F114249,0.47851742385786805
F103527,0.47851742385786805
F115596,0.47851742385786805
F121388,0.47851742385786805
F104942,0.47851742385786805
F116910,0.47851742385786805
F106905,0.47851742385786805
F112994,0.47851742385786805
F120535,0.47851742385786805
F105123,0.47851742385786805
F114679,0.47851742385786805
F101779,0.47851742385786805
F118270,0.47851742385786805
F123714,0.47851742385786805
F112307,0.47851742385786805
F115870,0.47851742385786805
F113144,0.47851742385786805
F123133,0.47851742385786805
F114349,0.47851742385786805
F121855,0.47851742385786805
F111044,0.47851742385786805
F108224,0.47851742385786805
F102671,0.47851742385786805
F113859,0.47851742385786805
F120245,0.47851742385786805
F106290,0.47851742385786805
F105685,0.47851742385786805
F105097,0.47851742385786805
F110498,0.47851742385786805
F106123,0.47851742385786805
F122927,0.47851742385786805
F115219,0.47851742385786805
F101377,0.47851742385786805
F117468,0.47851742385786805
F118829,0.47851742385786805
F112690,0.47851742385786805
F114255,0.47851742385786805
F111474,0.47851742385786805
F121971,0.47851742385786805
F108844,0.47851742385786805
F113348,0.47851742385786805
F104569,0.47851742385786805
F120611,0.47851742385786805
F113173,0.47851742385786805
F118633,0.47851742385786805
F104251,0.47851742385786805
F104671,0.47851742385786805
F123798,0.47851742385786805
F116010,0.47851742385786805
F117979,0.47851742385786805
F122376,0.47851742385786805
F108669,0.47851742385786805
F115302,0.47851742385786805
F122815,0.47851742385786805
F119004,0.47851742385786805
F118644,0.47851742385786805
F124540,0.47851742385786805
F121332,0.47851742385786805
F109027,0.47851742385786805
F119425,0.47851742385786805
F107040,0.47851742385786805
F112722,0.47851742385786805
F100681,0.47851742385786805
F120514,0.47851742385786805
F101855,0.47851742385786805
F123344,0.47851742385786805
F101123,0.47851742385786805
F108986,0.47851742385786805
F122938,0.47851742385786805
F116817,0.47851742385786805
F109201,0.47851742385786805
F103697,0.47851742385786805
F115502,0.47851742385786805
F118720,0.47851742385786805
F102464,0.47851742385786805
F113800,0.47851742385786805
F119446,0.47851742385786805
F105054,0.47851742385786805
F124894,0.47851742385786805
F115433,0.47851742385786805
F119757,0.47851742385786805
F120112,0.47851742385786805
F118927,0.47851742385786805
F120805,0.47851742385786805
F112273,0.47851742385786805
F116197,0.47851742385786805
F114863,0.47851742385786805
F118241,0.47851742385786805
F119729,0.47851742385786805
F122423,0.47851742385786805
F105359,0.47851742385786805
F123129,0.47851742385786805
F108755,0.47851742385786805
F109675,0.47851742385786805
F110349,0.47851742385786805
F120381,0.47851742385786805
F124501,0.47851742385786805
F104682,0.47851742385786805
F124009,0.47851742385786805
F108849,0.47851742385786805
F115855,0.47851742385786805
F111929,0.47851742385786805
F116938,0.47851742385786805
F113587,0.47851742385786805
F102665,0.47851742385786805
F106210,0.47851742385786805
F121703,0.47851742385786805
F112925,0.47851742385786805
F116899,0.47851742385786805
F124171,0.47851742385786805
F124990,0.47851742385786805
F120039,0.47851742385786805
F111382,0.47851742385786805
F108213,0.47851742385786805
F107820,0.47851742385786805
F115509,0.47851742385786805
F118349,0.47851742385786805
F104318,0.47851742385786805
F118304,0.47851742385786805
F111005,0.47851742385786805
F106972,0.47851742385786805
F109404,0.47851742385786805
F124981,0.47851742385786805
F122758,0.47851742385786805
F120098,0.47851742385786805
F111347,0.47851742385786805
F115655,0.47851742385786805
F121415,0.47851742385786805
F110492,0.47851742385786805
F106495,0.47851742385786805
F120074,0.47851742385786805
F102440,0.47851742385786805
F123489,0.47851742385786805
F108096,0.47851742385786805
F108872,0.47851742385786805
F119904,0.47851742385786805
F112636,0.47851742385786805
F106662,0.47851742385786805
F115898,0.47851742385786805
F112108,0.47851742385786805
F121024,0.47851742385786805
F112774,0.47851742385786805
F111413,0.47851742385786805
F109759,0.47851742385786805
F100772,0.47851742385786805
F112389,0.47851742385786805
F122276,0.47851742385786805
F105336,0.47851742385786805
F101607,0.47851742385786805
F121295,0.47851742385786805
F124818,0.47851742385786805
F112531,0.47851742385786805
F121503,0.47851742385786805
F113282,0.47851742385786805
F106428,0.47851742385786805
F123390,0.47851742385786805
F100274,0.47851742385786805
F123460,0.47851742385786805
F105884,0.47851742385786805
F116602,0.47851742385786805
F101451,0.47851742385786805
F105282,0.47851742385786805
F110639,0.47851742385786805
F123126,0.47851742385786805
F122571,0.47851742385786805
F105726,0.47851742385786805
F121789,0.47851742385786805
F117998,0.47851742385786805
F101634,0.47851742385786805
F122216,0.47851742385786805
F122406,0.47851742385786805
F101560,0.47851742385786805
F116183,0.47851742385786805
F120127,0.47851742385786805
F118436,0.47851742385786805
F113853,0.47851742385786805
F119350,0.47851742385786805
F121868,0.47851742385786805
F118879,0.47851742385786805
F112708,0.47851742385786805
F109637,0.47851742385786805
F102757,0.47851742385786805
F124866,0.47851742385786805
F102873,0.47851742385786805
F109215,0.47851742385786805
F123681,0.47851742385786805
F117392,0.47851742385786805
F104750,0.47851742385786805
F117615,0.47851742385786805
F106295,0.47851742385786805
F104877,0.47851742385786805
F101582,0.47851742385786805
F119339,0.47851742385786805
F121141,0.47851742385786805
F120774,0.47851742385786805
F114494,0.47851742385786805
F122672,0.47851742385786805
F120362,0.47851742385786805
F110151,0.47851742385786805
F108911,0.47851742385786805
F118926,0.47851742385786805
F117352,0.47851742385786805
F103991,0.47851742385786805
F107315,0.47851742385786805
F104856,0.47851742385786805
F123322,0.47851742385786805
F103486,0.47851742385786805
F110563,0.47851742385786805
F111624,0.47851742385786805
F121013,0.47851742385786805
F114715,0.47851742385786805
F118999,0.47851742385786805
F107957,0.47851742385786805
F118045,0.47851742385786805
F122002,0.47851742385786805
F103326,0.47851742385786805
F110651,0.47851742385786805
F121518,0.47851742385786805
F104349,0.47851742385786805
F121134,0.47851742385786805
F114934,0.47851742385786805
F102900,0.47851742385786805
F113777,0.47851742385786805
F120023,0.47851742385786805
F101205,0.47851742385786805
F115040,0.47851742385786805
F123546,0.47851742385786805
F108218,0.47851742385786805
F108033,0.47851742385786805
F107014,0.47851742385786805
F121079,0.47851742385786805
F105514,0.47851742385786805
F104662,0.47851742385786805
F119205,0.47851742385786805
F123188,0.47851742385786805
F112304,0.47851742385786805
F122885,0.47851742385786805
F124825,0.47851742385786805
F104777,0.47851742385786805
F108969,0.47851742385786805
F116859,0.47851742385786805
F117296,0.47851742385786805
F110562,0.47851742385786805
F122435,0.47851742385786805
F114589,0.47851742385786805
F117083,0.47851742385786805
F103683,0.47851742385786805
F120173,0.47851742385786805
F107869,0.47851742385786805
F109736,0.47851742385786805
F115522,0.47851742385786805
F113163,0.47851742385786805
F110841,0.47851742385786805
F119566,0.47851742385786805
F113638,0.47851742385786805
F116398,0.47851742385786805
F109054,0.47851742385786805
F121206,0.47851742385786805
F114011,0.47851742385786805
F108561,0.47851742385786805
F112178,0.47851742385786805
F103775,0.47851742385786805
F117690,0.47851742385786805
F110297,0.47851742385786805
F109301,0.47851742385786805
F113691,0.47851742385786805
F108570,0.47851742385786805
F110817,0.47851742385786805
F102335,0.47851742385786805
F107243,0.47851742385786805
F102543,0.47851742385786805
F112852,0.47851742385786805
F124523,0.47851742385786805
F117169,0.47851742385786805
F122369,0.47851742385786805
F121303,0.47851742385786805
F113914,0.47851742385786805
F105755,0.47851742385786805
F107263,0.47851742385786805
F118103,0.47851742385786805
F114588,0.47851742385786805
F118190,0.47851742385786805
F113620,0.47851742385786805
F112699,0.47851742385786805
F117741,0.47851742385786805
F112564,0.47851742385786805
F108405,0.47851742385786805
F101225,0.47851742385786805
F114620,0.47851742385786805
F101537,0.47851742385786805
F112840,0.47851742385786805
F124469,0.47851742385786805
F103839,0.47851742385786805
F102778,0.47851742385786805
F100456,0.47851742385786805
F102175,0.47851742385786805
F102961,0.47851742385786805
F110479,0.47851742385786805
F116285,0.47851742385786805
F105600,0.47851742385786805
F104202,0.47851742385786805
F107740,0.47851742385786805
F102813,0.47851742385786805
F109985,0.47851742385786805
F121652,0.47851742385786805
F117217,0.47851742385786805
F113204,0.47851742385786805
F123432,0.47851742385786805
F124423,0.47851742385786805
F104231,0.47851742385786805
F123691,0.47851742385786805
F102716,0.47851742385786805
F115196,0.47851742385786805
F121973,0.47851742385786805
F122877,0.47851742385786805
F113118,0.47851742385786805
F121209,0.47851742385786805
F124144,0.47851742385786805
F121200,0.47851742385786805
F111646,0.47851742385786805
F116909,0.47851742385786805
F102684,0.47851742385786805
F120306,0.47851742385786805
F117528,0.47851742385786805
F112964,0.47851742385786805
F119204,0.47851742385786805
F103012,0.47851742385786805
F116878,0.47851742385786805
F115026,0.47851742385786805
F104929,0.47851742385786805
F122917,0.47851742385786805
F118178,0.47851742385786805
F103158,0.47851742385786805
F120762,0.47851742385786805
F118876,0.47851742385786805
F102203,0.47851742385786805
F104143,0.47851742385786805
F110444,0.47851742385786805
F102595,0.47851742385786805
F106825,0.47851742385786805
F122839,0.47851742385786805
F117499,0.47851742385786805
F121366,0.47851742385786805
F124345,0.47851742385786805
F123666,0.47851742385786805
F124745,0.47851742385786805
F112321,0.47851742385786805
F114231,0.47851742385786805
F123891,0.47851742385786805
F100990,0.47851742385786805
F101219,0.47851742385786805
F109500,0.47851742385786805
F106709,0.47851742385786805
F119979,0.47851742385786805
F122162,0.47851742385786805
F108408,0.47851742385786805
F121187,0.47851742385786805
F108410,0.47851742385786805
F117014,0.47851742385786805
F105706,0.47851742385786805
F115869,0.47851742385786805
F119559,0.47851742385786805
F117107,0.47851742385786805
F101367,0.47851742385786805
F108168,0.47851742385786805
F118918,0.47851742385786805
F124110,0.47851742385786805
F107400,0.47851742385786805
F122033,0.47851742385786805
F104052,0.47851742385786805
F113350,0.47851742385786805
F111725,0.47851742385786805
F109860,0.47851742385786805
F115017,0.47851742385786805
F115259,0.47851742385786805
F110154,0.47851742385786805
F100926,0.47851742385786805
F102228,0.47851742385786805
F107046,0.47851742385786805
F108203,0.47851742385786805
F110248,0.47851742385786805
F117460,0.47851742385786805
F111352,0.47851742385786805
F116243,0.47851742385786805
F116045,0.47851742385786805
F115608,0.47851742385786805
F120168,0.47851742385786805
F105327,0.47851742385786805
F121735,0.47851742385786805
F102094,0.47851742385786805
F106989,0.47851742385786805
F122140,0.47851742385786805
F124227,0.47851742385786805
F113251,0.47851742385786805
F114648,0.47851742385786805
F104090,0.47851742385786805
F115262,0.47851742385786805
F121671,0.47851742385786805
F114856,0.47851742385786805
F104690,0.47851742385786805
F115407,0.47851742385786805
F117034,0.47851742385786805
F100882,0.47851742385786805
F104773,0.47851742385786805
F118047,0.47851742385786805
F106758,0.47851742385786805
F119275,0.47851742385786805
F119227,0.47851742385786805
F100915,0.47851742385786805
F117889,0.47851742385786805
F110862,0.47851742385786805
F115950,0.47851742385786805
F110491,0.47851742385786805
F113388,0.47851742385786805
F105406,0.47851742385786805
F112585,0.47851742385786805
F113425,0.47851742385786805
F119657,0.47851742385786805
F114015,0.47851742385786805
F122278,0.47851742385786805
F117549,0.47851742385786805
F117269,0.47851742385786805
F102282,0.47851742385786805
F112632,0.47851742385786805
F106548,0.47851742385786805
F113371,0.47851742385786805
F100565,0.47851742385786805
F105824,0.47851742385786805
F112686,0.47851742385786805
F100313,0.47851742385786805
F102864,0.47851742385786805
F102561,0.47851742385786805
F117260,0.47851742385786805
F106273,0.47851742385786805
F111251,0.47851742385786805
F100923,0.47851742385786805
F113779,0.47851742385786805
F111997,0.47851742385786805
F113741,0.47851742385786805
F110888,0.47851742385786805
F111977,0.47851742385786805
F123528,0.47851742385786805
F106677,0.47851742385786805
F100661,0.47851742385786805
F100583,0.47851742385786805
F123555,0.47851742385786805
F102949,0.47851742385786805
F110984,0.47851742385786805
F120760,0.47851742385786805
F114992,0.47851742385786805
F105399,0.47851742385786805
F101361,0.47851742385786805
F115286,0.47851742385786805
F123603,0.47851742385786805
F112157,0.47851742385786805
F103395,0.47851742385786805
F122546,0.47851742385786805
F115818,0.47851742385786805
F101579,0.47851742385786805
F102826,0.47851742385786805
F112030,0.47851742385786805
F118090,0.47851742385786805
F104717,0.47851742385786805
F107042,0.47851742385786805
F100914,0.47851742385786805
F121925,0.47851742385786805
F124403,0.47851742385786805
F122063,0.47851742385786805
F111873,0.47851742385786805
F106543,0.47851742385786805
F120447,0.47851742385786805
F105278,0.47851742385786805
F103430,0.47851742385786805
F121005,0.47851742385786805
F102069,0.47851742385786805
F119160,0.47851742385786805
F113088,0.47851742385786805
F105670,0.47851742385786805
F117836,0.47851742385786805
F121697,0.47851742385786805
F116829,0.47851742385786805
F117196,0.47851742385786805
F120476,0.47851742385786805
F107450,0.47851742385786805
F101113,0.47851742385786805
F119438,0.47851742385786805
F107608,0.47851742385786805
F104380,0.47851742385786805
F113557,0.47851742385786805
F119095,0.47851742385786805
F117873,0.47851742385786805
F116469,0.47851742385786805
F109576,0.47851742385786805
F117267,0.47851742385786805
F108617,0.47851742385786805
F113710,0.47851742385786805
F106581,0.47851742385786805
F123084,0.47851742385786805
F122281,0.47851742385786805
F121761,0.47851742385786805
F100696,0.47851742385786805
F114106,0.47851742385786805
F106806,0.47851742385786805
F111904,0.47851742385786805
F104250,0.47851742385786805
F106718,0.47851742385786805
F113600,0.47851742385786805
F105276,0.47851742385786805
F113977,0.47851742385786805
F117702,0.47851742385786805
F122564,0.47851742385786805
F110176,0.47851742385786805
F108426,0.47851742385786805
F105515,0.47851742385786805
F103742,0.47851742385786805
F113197,0.47851742385786805
F111826,0.47851742385786805
F105450,0.47851742385786805
F119543,0.47851742385786805
F112551,0.47851742385786805
F110488,0.47851742385786805
F115910,0.47851742385786805
F100084,0.47851742385786805
F114669,0.47851742385786805
F113029,0.47851742385786805
F115540,0.47851742385786805
F101528,0.47851742385786805
F100092,0.47851742385786805
F121075,0.47851742385786805
F116053,0.47851742385786805
F105195,0.47851742385786805
F115779,0.47851742385786805
F118320,0.47851742385786805
F113937,0.47851742385786805
F107999,0.47851742385786805
F109671,0.47851742385786805
F119267,0.47851742385786805
F115338,0.47851742385786805
F101746,0.47851742385786805
F123963,0.47851742385786805
F124023,0.47851742385786805
F120213,0.47851742385786805
F122848,0.47851742385786805
F103793,0.47851742385786805
F122575,0.47851742385786805
F101210,0.47851742385786805
F111055,0.47851742385786805
F103271,0.47851742385786805
F118329,0.47851742385786805
F115167,0.47851742385786805
F121921,0.47851742385786805
F118460,0.47851742385786805
F123992,0.47851742385786805
F119948,0.47851742385786805
F113756,0.47851742385786805
F121581,0.47851742385786805
F104847,0.47851742385786805
F100079,0.47851742385786805
F118513,0.47851742385786805
F105053,0.47851742385786805
F107072,0.47851742385786805
F109164,0.47851742385786805
F115544,0.47851742385786805
F115440,0.47851742385786805
F109406,0.47851742385786805
F123244,0.47851742385786805
F102173,0.47851742385786805
F109606,0.47851742385786805
F103450,0.47851742385786805
F117442,0.47851742385786805
F124027,0.47851742385786805
F107438,0.47851742385786805
F108206,0.47851742385786805
F110530,0.47851742385786805
F105180,0.47851742385786805
F101475,0.47851742385786805
F120643,0.47851742385786805
F101971,0.47851742385786805
F110419,0.47851742385786805
F108208,0.47851742385786805
F103955,0.47851742385786805
F102199,0.47851742385786805
F102866,0.47851742385786805
F101469,0.47851742385786805
F120884,0.47851742385786805
F120979,0.47851742385786805
F113138,0.47851742385786805
F108392,0.47851742385786805
F112571,0.47851742385786805
F116366,0.47851742385786805
F115051,0.47851742385786805
F114071,0.47851742385786805
F123677,0.47851742385786805
F100632,0.47851742385786805
F111189,0.47851742385786805
F111096,0.47851742385786805
F102899,0.47851742385786805
F103525,0.47851742385786805
F114179,0.47851742385786805
F116692,0.47851742385786805
F122962,0.47851742385786805
F122941,0.47851742385786805
F116922,0.47851742385786805
F113151,0.47851742385786805
F117317,0.47851742385786805
F108468,0.47851742385786805
F109959,0.47851742385786805
F116262,0.47851742385786805
F124497,0.47851742385786805
F123433,0.47851742385786805
F114656,0.47851742385786805
F104118,0.47851742385786805
F101713,0.47851742385786805
F116143,0.47851742385786805
F103943,0.47851742385786805
F109080,0.47851742385786805
F113195,0.47851742385786805
F100613,0.47851742385786805
F102489,0.47851742385786805
F108495,0.47851742385786805
F119986,0.47851742385786805
F103849,0.47851742385786805
F123067,0.47851742385786805
F100929,0.47851742385786805
F110998,0.47851742385786805
F120261,0.47851742385786805
F118143,0.47851742385786805
F114265,0.47851742385786805
F122816,0.47851742385786805
F123170,0.47851742385786805
F116737,0.47851742385786805
F101474,0.47851742385786805
F100949,0.47851742385786805
F105609,0.47851742385786805
F109628,0.47851742385786805
F100974,0.47851742385786805
F117677,0.47851742385786805
F123325,0.47851742385786805
F111536,0.47851742385786805
F100026,0.47851742385786805
F100237,0.47851742385786805
F102154,0.47851742385786805
F107227,0.47851742385786805
F113643,0.47851742385786805
F119359,0.47851742385786805
F108239,0.47851742385786805
F101853,0.47851742385786805
F111985,0.47851742385786805
F106842,0.47851742385786805
F102316,0.47851742385786805
F109925,0.47851742385786805
F119589,0.47851742385786805
F121088,0.47851742385786805
F107139,0.47851742385786805
F105227,0.47851742385786805
F113754,0.47851742385786805
F108352,0.47851742385786805
F111743,0.47851742385786805
F104193,0.47851742385786805
F122728,0.47851742385786805
F116575,0.47851742385786805
F104657,0.47851742385786805
F104363,0.47851742385786805
F114139,0.47851742385786805
F108645,0.47851742385786805
F115289,0.47851742385786805
F111505,0.47851742385786805
F119668,0.47851742385786805
F109619,0.47851742385786805
F104399,0.47851742385786805
F116968,0.47851742385786805
F112287,0.47851742385786805
F119242,0.47851742385786805
F123830,0.47851742385786805
F122770,0.47851742385786805
F107403,0.47851742385786805
F107791,0.47851742385786805
F123172,0.47851742385786805
F103170,0.47851742385786805
F123835,0.47851742385786805
F107829,0.47851742385786805
F106679,0.47851742385786805
F100267,0.47851742385786805
F117435,0.47851742385786805
F121772,0.47851742385786805
F105883,0.47851742385786805
F102508,0.47851742385786805
F124870,0.47851742385786805
F122787,0.47851742385786805
F116775,0.47851742385786805
F102960,0.47851742385786805
F108697,0.47851742385786805
F105934,0.47851742385786805
F102818,0.47851742385786805
F106076,0.47851742385786805
F104222,0.47851742385786805
F123272,0.47851742385786805
F112958,0.47851742385786805
F114957,0.47851742385786805
F119503,0.47851742385786805
F111915,0.47851742385786805
F124101,0.47851742385786805
F108702,0.47851742385786805
F110112,0.47851742385786805
F117032,0.47851742385786805
F114132,0.47851742385786805
F119528,0.47851742385786805
F103129,0.47851742385786805
F123730,0.47851742385786805
F112748,0.47851742385786805
F107833,0.47851742385786805
F111917,0.47851742385786805
F109988,0.47851742385786805
F114960,0.47851742385786805
F105397,0.47851742385786805
F117747,0.47851742385786805
F108199,0.47851742385786805
F107145,0.47851742385786805
F115759,0.47851742385786805
F100468,0.47851742385786805
F119121,0.47851742385786805
F108262,0.47851742385786805
F103408,0.47851742385786805
F101847,0.47851742385786805
F121670,0.47851742385786805
F112737,0.47851742385786805
F114503,0.47851742385786805
F109783,0.47851742385786805
F103803,0.47851742385786805
F124502,0.47851742385786805
F107060,0.47851742385786805
F113618,0.47851742385786805
F110554,0.47851742385786805
F124142,0.47851742385786805
F111529,0.47851742385786805
F120527,0.47851742385786805
F105910,0.47851742385786805
F123274,0.47851742385786805
F111962,0.47851742385786805
F117302,0.47851742385786805
F101737,0.47851742385786805
F101042,0.47851742385786805
F107198,0.47851742385786805
F103209,0.47851742385786805
F103520,0.47851742385786805
F106450,0.47851742385786805
F101965,0.47851742385786805
F101960,0.47851742385786805
F103817,0.47851742385786805
F121375,0.47851742385786805
F120557,0.47851742385786805
F112409,0.47851742385786805
F113466,0.47851742385786805
F124133,0.47851742385786805
F119075,0.47851742385786805
F117661,0.47851742385786805
F110507,0.47851742385786805
F119758,0.47851742385786805
F101457,0.47851742385786805
F123685,0.47851742385786805
F110241,0.47851742385786805
F114878,0.47851742385786805
F117812,0.47851742385786805
F108721,0.47851742385786805
F103700,0.47851742385786805
F110476,0.47851742385786805
F109487,0.47851742385786805
F115127,0.47851742385786805
F110759,0.47851742385786805
F103714,0.47851742385786805
F104323,0.47851742385786805
F115758,0.47851742385786805
F120952,0.47851742385786805
F101923,0.47851742385786805
F115011,0.47851742385786805
F112113,0.47851742385786805
F122248,0.47851742385786805
F122490,0.47851742385786805
F123819,0.47851742385786805
F114743,0.47851742385786805
F124820,0.47851742385786805
F107639,0.47851742385786805
F117117,0.47851742385786805
F104612,0.47851742385786805
F116397,0.47851742385786805
F103469,0.47851742385786805
F105969,0.47851742385786805
F116203,0.47851742385786805
F118077,0.47851742385786805
F117563,0.47851742385786805
F116407,0.47851742385786805
F122795,0.47851742385786805
F102453,0.47851742385786805
F114999,0.47851742385786805
F109520,0.47851742385786805
F101513,0.47851742385786805
F113423,0.47851742385786805
F104413,0.47851742385786805
F101891,0.47851742385786805
F106597,0.47851742385786805
F109864,0.47851742385786805
F115201,0.47851742385786805
F121122,0.47851742385786805
F118055,0.47851742385786805
F118135,0.47851742385786805
F108868,0.47851742385786805
F117319,0.47851742385786805
F116707,0.47851742385786805
F108555,0.47851742385786805
F120365,0.47851742385786805
F118616,0.47851742385786805
F101170,0.47851742385786805
F104868,0.47851742385786805
F103136,0.47851742385786805
F112200,0.47851742385786805
F104466,0.47851742385786805
F100659,0.47851742385786805
F120018,0.47851742385786805
F101718,0.47851742385786805
F102476,0.47851742385786805
F123173,0.47851742385786805
F100338,0.47851742385786805
F111262,0.47851742385786805
F110898,0.47851742385786805
F101767,0.47851742385786805
F120823,0.47851742385786805
F108292,0.47851742385786805
F107528,0.47851742385786805
F112036,0.47851742385786805
F123031,0.47851742385786805
F123116,0.47851742385786805
F119994,0.47851742385786805
F105513,0.47851742385786805
F115625,0.47851742385786805
F102366,0.47851742385786805
F123791,0.47851742385786805
F117502,0.47851742385786805
F105738,0.47851742385786805
F100399,0.47851742385786805
F113562,0.47851742385786805
F124235,0.47851742385786805
F122241,0.47851742385786805
F109285,0.47851742385786805
F124489,0.47851742385786805
F118501,0.47851742385786805
F104964,0.47851742385786805
F110120,0.47851742385786805
F110175,0.47851742385786805
F112288,0.47851742385786805
F122352,0.47851742385786805
F119842,0.47851742385786805
F124660,0.47851742385786805
F116457,0.47851742385786805
F106012,0.47851742385786805
F107035,0.47851742385786805
F117519,0.47851742385786805
F105345,0.47851742385786805
F113659,0.47851742385786805
F100507,0.47851742385786805
F104165,0.47851742385786805
F105789,0.47851742385786805
F104705,0.47851742385786805
F107966,0.47851742385786805
F121867,0.47851742385786805
F123175,0.47851742385786805
F102857,0.47851742385786805
F105255,0.47851742385786805
F118790,0.47851742385786805
F119545,0.47851742385786805
F106294,0.47851742385786805
F112249,0.47851742385786805
F119245,0.47851742385786805
F123237,0.47851742385786805
F106545,0.47851742385786805
F113494,0.47851742385786805
F122854,0.47851742385786805
F115410,0.47851742385786805
F106678,0.47851742385786805
F124022,0.47851742385786805
F122045,0.47851742385786805
F115878,0.47851742385786805
F111462,0.47851742385786805
F106121,0.47851742385786805
F114443,0.47851742385786805
F116687,0.47851742385786805
F107590,0.47851742385786805
F103603,0.47851742385786805
F105834,0.47851742385786805
F118871,0.47851742385786805
F121666,0.47851742385786805
F103565,0.47851742385786805
F114849,0.47851742385786805
F124988,0.47851742385786805
F115649,0.47851742385786805
F105801,0.47851742385786805
F109034,0.47851742385786805
F120938,0.47851742385786805
F104769,0.47851742385786805
F101860,0.47851742385786805
F100455,0.47851742385786805
F110707,0.47851742385786805
F114263,0.47851742385786805
F103345,0.47851742385786805
F124426,0.47851742385786805
F109118,0.47851742385786805
F101844,0.47851742385786805
F100306,0.47851742385786805
F101166,0.47851742385786805
F117542,0.47851742385786805
F102326,0.47851742385786805
F122480,0.47851742385786805
F103442,0.47851742385786805
F122230,0.47851742385786805
F103327,0.47851742385786805
F111141,0.47851742385786805
F105312,0.47851742385786805
F106891,0.47851742385786805
F120222,0.47851742385786805
F107630,0.47851742385786805
F110123,0.47851742385786805
F104846,0.47851742385786805
F104093,0.47851742385786805
F108154,0.47851742385786805
F115947,0.47851742385786805
F124909,0.47851742385786805
F116388,0.47851742385786805
F124153,0.47851742385786805
F113554,0.47851742385786805
F122504,0.47851742385786805
F122056,0.47851742385786805
F123752,0.47851742385786805
F122945,0.47851742385786805
F107968,0.47851742385786805
F122066,0.47851742385786805
F120998,0.47851742385786805
F111080,0.47851742385786805
F109249,0.47851742385786805
F101171,0.47851742385786805
F121221,0.47851742385786805
F119924,0.47851742385786805
F108453,0.47851742385786805
F117250,0.47851742385786805
F107656,0.47851742385786805
F105847,0.47851742385786805
F121429,0.47851742385786805
F112384,0.47851742385786805
F113551,0.47851742385786805
F100586,0.47851742385786805
F115434,0.47851742385786805
F114352,0.47851742385786805
F113218,0.47851742385786805
F109863,0.47851742385786805
F112751,0.47851742385786805
F115669,0.47851742385786805
F119230,0.47851742385786805
F120634,0.47851742385786805
F116680,0.47851742385786805
F124700,0.47851742385786805
F119492,0.47851742385786805
F103881,0.47851742385786805
F118149,0.47851742385786805
F123376,0.47851742385786805
F113575,0.47851742385786805
F124869,0.47851742385786805
F110865,0.47851742385786805
F114491,0.47851742385786805
F118014,0.47851742385786805
F106623,0.47851742385786805
F114203,0.47851742385786805
F105485,0.47851742385786805
F124876,0.47851742385786805
F115428,0.47851742385786805
F107330,0.47851742385786805
F105082,0.47851742385786805
F101920,0.47851742385786805
F115153,0.47851742385786805
F120704,0.47851742385786805
F115409,0.47851742385786805
F113827,0.47851742385786805
F122559,0.47851742385786805
F110323,0.47851742385786805
F101292,0.47851742385786805
F102798,0.47851742385786805
F110262,0.47851742385786805
F120737,0.47851742385786805
F108412,0.47851742385786805
F100467,0.47851742385786805
F121988,0.47851742385786805
F110964,0.47851742385786805
F107733,0.47851742385786805
F114591,0.47851742385786805
F111805,0.47851742385786805
F124251,0.47851742385786805
F104572,0.47851742385786805
F120283,0.47851742385786805
F120083,0.47851742385786805
F113123,0.47851742385786805
F103125,0.47851742385786805
F102432,0.47851742385786805
F100413,0.47851742385786805
F116279,0.47851742385786805
F111647,0.47851742385786805
F113260,0.47851742385786805
F121527,0.47851742385786805
F106833,0.47851742385786805
F116173,0.47851742385786805
F106920,0.47851742385786805
F118448,0.47851742385786805
F106072,0.47851742385786805
F118428,0.47851742385786805
F109286,0.47851742385786805
F112379,0.47851742385786805
F107259,0.47851742385786805
F102615,0.47851742385786805
F104515,0.47851742385786805
F115088,0.47851742385786805
F100617,0.47851742385786805
F123845,0.47851742385786805
F119233,0.47851742385786805
F111906,0.47851742385786805
F101694,0.47851742385786805
F106459,0.47851742385786805
F102887,0.47851742385786805
F118363,0.47851742385786805
F120728,0.47851742385786805
F107896,0.47851742385786805
F120640,0.47851742385786805
F110909,0.47851742385786805
F113498,0.47851742385786805
F106596,0.47851742385786805
F124318,0.47851742385786805
F110727,0.47851742385786805
F124476,0.47851742385786805
F108549,0.47851742385786805
F102172,0.47851742385786805
F111235,0.47851742385786805
F106899,0.47851742385786805
F117025,0.47851742385786805
F108461,0.47851742385786805
F105581,0.47851742385786805
F123577,0.47851742385786805
F124032,0.47851742385786805
F119287,0.47851742385786805
F119765,0.47851742385786805
F108576,0.47851742385786805
F116957,0.47851742385786805
F106267,0.47851742385786805
F118728,0.47851742385786805
F115729,0.47851742385786805
F108338,0.47851742385786805
F106730,0.47851742385786805
F100686,0.47851742385786805
F119228,0.47851742385786805
F114238,0.47851742385786805
F115521,0.47851742385786805
F113826,0.47851742385786805
F119402,0.47851742385786805
F100572,0.47851742385786805
F101927,0.47851742385786805
F119949,0.47851742385786805
F105291,0.47851742385786805
F116437,0.47851742385786805
F112560,0.47851742385786805
F120251,0.47851742385786805
F116802,0.47851742385786805
F119389,0.47851742385786805
F123820,0.47851742385786805
F115258,0.47851742385786805
F108717,0.47851742385786805
F124873,0.47851742385786805
F114476,0.47851742385786805
F120990,0.47851742385786805
F110280,0.47851742385786805
F118657,0.47851742385786805
F113653,0.47851742385786805
F111032,0.47851742385786805
F113290,0.47851742385786805
F107206,0.47851742385786805
F124491,0.47851742385786805
F119960,0.47851742385786805
F121826,0.47851742385786805
F123661,0.47851742385786805
F108671,0.47851742385786805
F115223,0.47851742385786805
F121220,0.47851742385786805
F114086,0.47851742385786805
F117521,0.47851742385786805
F118466,0.47851742385786805
F116683,0.47851742385786805
F118171,0.47851742385786805
F110166,0.47851742385786805
F112793,0.47851742385786805
F113420,0.47851742385786805
F102694,0.47851742385786805
F102964,0.47851742385786805
F123215,0.47851742385786805
F118699,0.47851742385786805
F102270,0.47851742385786805
F104899,0.47851742385786805
F108538,0.47851742385786805
F104794,0.47851742385786805
F122203,0.47851742385786805
F112607,0.47851742385786805
F111541,0.47851742385786805
F113437,0.47851742385786805
F123049,0.47851742385786805
F119923,0.47851742385786805
F120368,0.47851742385786805
F118895,0.47851742385786805
F105660,0.47851742385786805
F124404,0.47851742385786805
F109421,0.47851742385786805
F104861,0.47851742385786805
F106728,0.47851742385786805
F111376,0.47851742385786805
F111401,0.47851742385786805
F100055,0.47851742385786805
F111959,0.47851742385786805
F106361,0.47851742385786805
F120508,0.47851742385786805
F113449,0.47851742385786805
F118005,0.47851742385786805
F122601,0.47851742385786805
F108612,0.47851742385786805
F103755,0.47851742385786805
F121622,0.47851742385786805
F111010,0.47851742385786805
F119381,0.47851742385786805
F122703,0.47851742385786805
F122400,0.47851742385786805
F110796,0.47851742385786805
F113331,0.47851742385786805
F101594,0.47851742385786805
F107465,0.47851742385786805
F115404,0.47851742385786805
F119621,0.47851742385786805
F106096,0.47851742385786805
F104825,0.47851742385786805
F109950,0.47851742385786805
F103011,0.47851742385786805
F124445,0.47851742385786805
F113394,0.47851742385786805
F116310,0.47851742385786805
F109653,0.47851742385786805
F101906,0.47851742385786805
F124258,0.47851742385786805
F124771,0.47851742385786805
F104353,0.47851742385786805
F111615,0.47851742385786805
F122025,0.47851742385786805
F105961,0.47851742385786805
F109044,0.47851742385786805
F111966,0.47851742385786805
F113616,0.47851742385786805
F119714,0.47851742385786805
F123900,0.47851742385786805
F119073,0.47851742385786805
F117729,0.47851742385786805
F124451,0.47851742385786805
F107197,0.47851742385786805
F120751,0.47851742385786805
F122533,0.47851742385786805
F102762,0.47851742385786805
F112275,0.47851742385786805
F122233,0.47851742385786805
F117584,0.47851742385786805
F104269,0.47851742385786805
F105982,0.47851742385786805
F103443,0.47851742385786805
F103575,0.47851742385786805
F119326,0.47851742385786805
F112593,0.47851742385786805
F122920,0.47851742385786805
F113150,0.47851742385786805
F119218,0.47851742385786805
F123532,0.47851742385786805
F108517,0.47851742385786805
F103185,0.47851742385786805
F120372,0.47851742385786805
F120711,0.47851742385786805
F122751,0.47851742385786805
F117148,0.47851742385786805
F101382,0.47851742385786805
F101336,0.47851742385786805
F114429,0.47851742385786805
F124005,0.47851742385786805
F121138,0.47851742385786805
F109305,0.47851742385786805
F119626,0.47851742385786805
F117122,0.47851742385786805
F111279,0.47851742385786805
F118491,0.47851742385786805
F102456,0.47851742385786805
F110852,0.47851742385786805
F100668,0.47851742385786805
F112299,0.47851742385786805
F102114,0.47851742385786805
F106204,0.47851742385786805
F118897,0.47851742385786805
F116517,0.47851742385786805
F113990,0.47851742385786805
F114506,0.47851742385786805
F111654,0.47851742385786805
F106633,0.47851742385786805
F122762,0.47851742385786805
F100699,0.47851742385786805
F109879,0.47851742385786805
F120356,0.47851742385786805
F118778,0.47851742385786805
F116747,0.47851742385786805
F110375,0.47851742385786805
F123738,0.47851742385786805
F105665,0.47851742385786805
F105816,0.47851742385786805
F110774,0.47851742385786805
F116115,0.47851742385786805
F109791,0.47851742385786805
F107067,0.47851742385786805
F100460,0.47851742385786805
F102418,0.47851742385786805
F124231,0.47851742385786805
F114886,0.47851742385786805
F106252,0.47851742385786805
F100257,0.47851742385786805
F104943,0.47851742385786805
F121152,0.47851742385786805
F104356,0.47851742385786805
F109046,0.47851742385786805
F107920,0.47851742385786805
F117808,0.47851742385786805
F103777,0.47851742385786805
F111618,0.47851742385786805
F115354,0.47851742385786805
F123315,0.47851742385786805
F115553,0.47851742385786805
F116526,0.47851742385786805
F105329,0.47851742385786805
F108922,0.47851742385786805
F100893,0.47851742385786805
F108787,0.47851742385786805
F108348,0.47851742385786805
F110392,0.47851742385786805
F110074,0.47851742385786805
F111830,0.47851742385786805
F120265,0.47851742385786805
F115731,0.47851742385786805
F102463,0.47851742385786805
F105099,0.47851742385786805
F107372,0.47851742385786805
F120004,0.47851742385786805
F123034,0.47851742385786805
F103792,0.47851742385786805
F107862,0.47851742385786805
F101764,0.47851742385786805
F123095,0.47851742385786805
F115157,0.47851742385786805
F105695,0.47851742385786805
F108869,0.47851742385786805
F100805,0.47851742385786805
F106507,0.47851742385786805
F103990,0.47851742385786805
F100408,0.47851742385786805
F123377,0.47851742385786805
F113528,0.47851742385786805
F121163,0.47851742385786805
F123739,0.47851742385786805
F108321,0.47851742385786805
F124918,0.47851742385786805
F104700,0.47851742385786805
F101840,0.47851742385786805
F123321,0.47851742385786805
F102877,0.47851742385786805
F107592,0.47851742385786805
F114582,0.47851742385786805
F106039,0.47851742385786805
F112757,0.47851742385786805
F107563,0.47851742385786805
F117984,0.47851742385786805
F105387,0.47851742385786805
F112488,0.47851742385786805
F106570,0.47851742385786805
F110540,0.47851742385786805
F109644,0.47851742385786805
F100400,0.47851742385786805
F106529,0.47851742385786805
F108678,0.47851742385786805
F104019,0.47851742385786805
F115149,0.47851742385786805
F114767,0.47851742385786805
F103317,0.47851742385786805
F120789,0.47851742385786805
F113443,0.47851742385786805
F115974,0.47851742385786805
F114782,0.47851742385786805
F119745,0.47851742385786805
F116956,0.47851742385786805
F115065,0.47851742385786805
F110714,0.47851742385786805
F117141,0.47851742385786805
F118792,0.47851742385786805
F122720,0.47851742385786805
F113797,0.47851742385786805
F104571,0.47851742385786805
F110673,0.47851742385786805
F123743,0.47851742385786805
F109381,0.47851742385786805
F108237,0.47851742385786805
F118188,0.47851742385786805
F115807,0.47851742385786805
F102869,0.47851742385786805
F110114,0.47851742385786805
F113857,0.47851742385786805
F124597,0.47851742385786805
F114156,0.47851742385786805
F113250,0.47851742385786805
F111792,0.47851742385786805
F120739,0.47851742385786805
F124167,0.47851742385786805
F100259,0.47851742385786805
F113089,0.47851742385786805
F108918,0.47851742385786805
F110007,0.47851742385786805
F106111,0.47851742385786805
F110720,0.47851742385786805
F110040,0.47851742385786805
F118599,0.47851742385786805
F102617,0.47851742385786805
F103444,0.47851742385786805
F120318,0.47851742385786805
F108864,0.47851742385786805
F110043,0.47851742385786805
F106282,0.47851742385786805
F112276,0.47851742385786805
F100776,0.47851742385786805
F104307,0.47851742385786805
F122548,0.47851742385786805
F118663,0.47851742385786805
F114708,0.47851742385786805
F124741,0.47851742385786805
F104456,0.47851742385786805
F122574,0.47851742385786805
F101496,0.47851742385786805
F108394,0.47851742385786805
F116509,0.47851742385786805
F106097,0.47851742385786805
F113324,0.47851742385786805
F118593,0.47851742385786805
F113086,0.47851742385786805
F110808,0.47851742385786805
F100136,0.47851742385786805
F101989,0.47851742385786805
F109684,0.47851742385786805
F103649,0.47851742385786805
F100141,0.47851742385786805
F109178,0.47851742385786805
F109905,0.47851742385786805
F101922,0.47851742385786805
F101696,0.47851742385786805
F115422,0.47851742385786805
F124874,0.47851742385786805
F116487,0.47851742385786805
F119951,0.47851742385786805
F124326,0.47851742385786805
F120829,0.47851742385786805
F119119,0.47851742385786805
F114796,0.47851742385786805
F118840,0.47851742385786805
F124248,0.47851742385786805
F109580,0.47851742385786805
F107136,0.47851742385786805
F104787,0.47851742385786805
F115471,0.47851742385786805
F123749,0.47851742385786805
F114393,0.47851742385786805
F107114,0.47851742385786805
F117290,0.47851742385786805
F113147,0.47851742385786805
F109220,0.47851742385786805
F113488,0.47851742385786805
F105614,0.47851742385786805
F117192,0.47851742385786805
F104578,0.47851742385786805
F106195,0.47851742385786805
F122859,0.47851742385786805
F114905,0.47851742385786805
F109680,0.47851742385786805
F109739,0.47851742385786805
F108604,0.47851742385786805
F119926,0.47851742385786805
F110659,0.47851742385786805
F101133,0.47851742385786805
F102359,0.47851742385786805
F115119,0.47851742385786805
F100481,0.47851742385786805
F117859,0.47851742385786805
F111367,0.47851742385786805
F120758,0.47851742385786805
F124992,0.47851742385786805
F114467,0.47851742385786805
F120538,0.47851742385786805
F110162,0.47851742385786805
F119008,0.47851742385786805
F122180,0.47851742385786805
F106379,0.47851742385786805
F110006,0.47851742385786805
F110663,0.47851742385786805
F100436,0.47851742385786805
F112795,0.47851742385786805
F101091,0.47851742385786805
F118900,0.47851742385786805
F101816,0.47851742385786805
F112398,0.47851742385786805
F106224,0.47851742385786805
F123501,0.47851742385786805
F103475,0.47851742385786805
F102363,0.47851742385786805
F105358,0.47851742385786805
F104829,0.47851742385786805
F100457,0.47851742385786805
F107272,0.47851742385786805
F102041,0.47851742385786805
F111053,0.47851742385786805
F100347,0.47851742385786805
F123204,0.47851742385786805
F108279,0.47851742385786805
F100616,0.47851742385786805
F108313,0.47851742385786805
F123197,0.47851742385786805
F118854,0.47851742385786805
F100132,0.47851742385786805
F112656,0.47851742385786805
F103975,0.47851742385786805
F119818,0.47851742385786805
F121143,0.47851742385786805
F107244,0.47851742385786805
F108060,0.47851742385786805
F122894,0.47851742385786805
F111741,0.47851742385786805
F100069,0.47851742385786805
F106307,0.47851742385786805
F115312,0.47851742385786805
F105512,0.47851742385786805
F106320,0.47851742385786805
F113802,0.47851742385786805
F121722,0.47851742385786805
F118239,0.47851742385786805
F111846,0.47851742385786805
F102514,0.47851742385786805
F121294,0.47851742385786805
F111037,0.47851742385786805
F115006,0.47851742385786805
F107019,0.47851742385786805
F113761,0.47851742385786805
F111747,0.47851742385786805
F105680,0.47851742385786805
F111048,0.47851742385786805
F124061,0.47851742385786805
F115904,0.47851742385786805
F118516,0.47851742385786805
F123588,0.47851742385786805
F120515,0.47851742385786805
F111559,0.47851742385786805
F106530,0.47851742385786805
F103372,0.47851742385786805
F111819,0.47851742385786805
F121033,0.47851742385786805
F108710,0.47851742385786805
F107884,0.47851742385786805
F100319,0.47851742385786805
F105786,0.47851742385786805
F102699,0.47851742385786805
F113881,0.47851742385786805
F117405,0.47851742385786805
F114220,0.47851742385786805
F113586,0.47851742385786805
F106525,0.47851742385786805
F110030,0.47851742385786805
F115547,0.47851742385786805
F118093,0.47851742385786805
F118288,0.47851742385786805
F117867,0.47851742385786805
F110432,0.47851742385786805
F106511,0.47851742385786805
F103281,0.47851742385786805
F104923,0.47851742385786805
F111180,0.47851742385786805
F105481,0.47851742385786805
F108121,0.47851742385786805
F114918,0.47851742385786805
F109409,0.47851742385786805
F116426,0.47851742385786805
F117672,0.47851742385786805
F101721,0.47851742385786805
F109833,0.47851742385786805
F111326,0.47851742385786805
F123753,0.47851742385786805
F113958,0.47851742385786805
F100596,0.47851742385786805
F113235,0.47851742385786805
F114019,0.47851742385786805
F115717,0.47851742385786805
F100113,0.47851742385786805
F103440,0.47851742385786805
F121111,0.47851742385786805
F124067,0.47851742385786805
F113172,0.47851742385786805
F123524,0.47851742385786805
F114516,0.47851742385786805
F101435,0.47851742385786805
F120671,0.47851742385786805
F115009,0.47851742385786805
F106993,0.47851742385786805
F117466,0.47851742385786805
F115617,0.47851742385786805
F105878,0.47851742385786805
F123053,0.47851742385786805
F123785,0.47851742385786805
F114574,0.47851742385786805
F107437,0.47851742385786805
F119096,0.47851742385786805
F104087,0.47851742385786805
F117074,0.47851742385786805
F122044,0.47851742385786805
F100786,0.47851742385786805
F120152,0.47851742385786805
F112490,0.47851742385786805
F119390,0.47851742385786805
F111026,0.47851742385786805
F122510,0.47851742385786805
F109558,0.47851742385786805
F111445,0.47851742385786805
F117942,0.47851742385786805
F104579,0.47851742385786805
F103727,0.47851742385786805
F106317,0.47851742385786805
F103178,0.47851742385786805
F117328,0.47851742385786805
F107768,0.47851742385786805
F106182,0.47851742385786805
F121044,0.47851742385786805
F102099,0.47851742385786805
F100232,0.47851742385786805
F112679,0.47851742385786805
F102509,0.47851742385786805
F113624,0.47851742385786805
F114772,0.47851742385786805
F110692,0.47851742385786805
F104192,0.47851742385786805
F113629,0.47851742385786805
F102074,0.47851742385786805
F121676,0.47851742385786805
F111755,0.47851742385786805
F114514,0.47851742385786805
F120982,0.47851742385786805
F112752,0.47851742385786805
F120043,0.47851742385786805
F108265,0.47851742385786805
F124681,0.47851742385786805
F108606,0.47851742385786805
F112858,0.47851742385786805
F121092,0.47851742385786805
F101178,0.47851742385786805
F107149,0.47851742385786805
F104620,0.47851742385786805
F108318,0.47851742385786805
F107654,0.47851742385786805
F124896,0.47851742385786805
F116837,0.47851742385786805
F117222,0.47851742385786805
F120007,0.47851742385786805
F102435,0.47851742385786805
F123038,0.47851742385786805
F116970,0.47851742385786805
F113000,0.47851742385786805
F108487,0.47851742385786805
F120673,0.47851742385786805
F120239,0.47851742385786805
F117180,0.47851742385786805
F122650,0.47851742385786805
F106958,0.47851742385786805
F114174,0.47851742385786805
F121865,0.47851742385786805
F117237,0.47851742385786805
F106635,0.47851742385786805
F124182,0.47851742385786805
F120917,0.47851742385786805
F110858,0.47851742385786805
F119426,0.47851742385786805
F110089,0.47851742385786805
F122620,0.47851742385786805
F101935,0.47851742385786805
F104613,0.47851742385786805
F102298,0.47851742385786805
F120586,0.47851742385786805
F100046,0.47851742385786805
F100068,0.47851742385786805
F102329,0.47851742385786805
F105785,0.47851742385786805
F112586,0.47851742385786805
F105272,0.47851742385786805
F121977,0.47851742385786805
F120410,0.47851742385786805
F115283,0.47851742385786805
F108848,0.47851742385786805
F115528,0.47851742385786805
F108267,0.47851742385786805
F112105,0.47851742385786805
F101488,0.47851742385786805
F114547,0.47851742385786805
F102462,0.47851742385786805
F102570,0.47851742385786805
F101198,0.47851742385786805
F121192,0.47851742385786805
F117306,0.47851742385786805
F117285,0.47851742385786805
F107695,0.47851742385786805
F124003,0.47851742385786805
F123512,0.47851742385786805
F118443,0.47851742385786805
F124277,0.47851742385786805
F112461,0.47851742385786805
F110384,0.47851742385786805
F114740,0.47851742385786805
F113960,0.47851742385786805
F103179,0.47851742385786805
F117723,0.47851742385786805
F120387,0.47851742385786805
F100111,0.47851742385786805
F112568,0.47851742385786805
F107646,0.47851742385786805
F106897,0.47851742385786805
F100238,0.47851742385786805
F103622,0.47851742385786805
F111812,0.47851742385786805
F103416,0.47851742385786805
F123299,0.47851742385786805
F107544,0.47851742385786805
F110978,0.47851742385786805
F106090,0.47851742385786805
F108764,0.47851742385786805
F100397,0.47851742385786805
F116463,0.47851742385786805
F116126,0.47851742385786805
F120209,0.47851742385786805
F123346,0.47851742385786805
F101739,0.47851742385786805
F108434,0.47851742385786805
F115005,0.47851742385786805
F123862,0.47851742385786805
F124180,0.47851742385786805
F124448,0.47851742385786805
F114337,0.47851742385786805
F103674,0.47851742385786805
F108345,0.47851742385786805
F115688,0.47851742385786805
F110266,0.47851742385786805
F100735,0.47851742385786805
F116776,0.47851742385786805
F117603,0.47851742385786805
F109916,0.47851742385786805
F105859,0.47851742385786805
F120267,0.47851742385786805
F100041,0.47851742385786805
F114112,0.47851742385786805
F122517,0.47851742385786805
F109629,0.47851742385786805
F112903,0.47851742385786805
F108998,0.47851742385786805
F108069,0.47851742385786805
F116501,0.47851742385786805
F105122,0.47851742385786805
F112860,0.47851742385786805
F118610,0.47851742385786805
F105353,0.47851742385786805
F123045,0.47851742385786805
F107278,0.47851742385786805
F100318,0.47851742385786805
F109681,0.47851742385786805
F101889,0.47851742385786805
F100483,0.47851742385786805
F118673,0.47851742385786805
F116600,0.47851742385786805
F116252,0.47851742385786805
F112777,0.47851742385786805
F115402,0.47851742385786805
F113566,0.47851742385786805
F119293,0.47851742385786805
F110165,0.47851742385786805
F103713,0.47851742385786805
F105509,0.47851742385786805
F120449,0.47851742385786805
F120972,0.47851742385786805
F104940,0.47851742385786805
F124352,0.47851742385786805
F119526,0.47851742385786805
F106770,0.47851742385786805
F104770,0.47851742385786805
F109952,0.47851742385786805
F116873,0.47851742385786805
F101875,0.47851742385786805
F111046,0.47851742385786805
F117438,0.47851742385786805
F106212,0.47851742385786805
F109351,0.47851742385786805
F110387,0.47851742385786805
F108809,0.47851742385786805
F119580,0.47851742385786805
F114125,0.47851742385786805
F112232,0.47851742385786805
F113903,0.47851742385786805
F120591,0.47851742385786805
F114403,0.47851742385786805
F105295,0.47851742385786805
F112464,0.47851742385786805
F117381,0.47851742385786805
F110755,0.47851742385786805
F118218,0.47851742385786805
F113302,0.47851742385786805
F106722,0.47851742385786805
F124082,0.47851742385786805
F113021,0.47851742385786805
F102532,0.47851742385786805
F121063,0.47851742385786805
F101080,0.47851742385786805
F104395,0.47851742385786805
F103376,0.47851742385786805
F110041,0.47851742385786805
F111916,0.47851742385786805
F116200,0.47851742385786805
F103431,0.47851742385786805
F118538,0.47851742385786805
F123514,0.47851742385786805
F104533,0.47851742385786805
F103570,0.47851742385786805
F109084,0.47851742385786805
F114609,0.47851742385786805
F108504,0.47851742385786805
F116434,0.47851742385786805
F108227,0.47851742385786805
F100127,0.47851742385786805
F101259,0.47851742385786805
F107802,0.47851742385786805
F123662,0.47851742385786805
F123505,0.47851742385786805
F103341,0.47851742385786805
F101878,0.47851742385786805
F122335,0.47851742385786805
F114926,0.47851742385786805
F112749,0.47851742385786805
F120743,0.47851742385786805
F102372,0.47851742385786805
F120013,0.47851742385786805
F102001,0.47851742385786805
F100244,0.47851742385786805
F113693,0.47851742385786805
F115722,0.47851742385786805
F101725,0.47851742385786805
F114785,0.47851742385786805
F124588,0.47851742385786805
F118819,0.47851742385786805
F103671,0.47851742385786805
F111594,0.47851742385786805
F124455,0.47851742385786805
F121918,0.47851742385786805
F122591,0.47851742385786805
F113369,0.47851742385786805
F118722,0.47851742385786805
F116016,0.47851742385786805
F113935,0.47851742385786805
F109356,0.47851742385786805
F111987,0.47851742385786805
F110258,0.47851742385786805
F107097,0.47851742385786805
F112730,0.47851742385786805
F103556,0.47851742385786805
F123019,0.47851742385786805
F110793,0.47851742385786805
F103710,0.47851742385786805
F118667,0.47851742385786805
F108881,0.47851742385786805
F100493,0.47851742385786805
F103069,0.47851742385786805
F121785,0.47851742385786805
F113336,0.47851742385786805
F114546,0.47851742385786805
F105586,0.47851742385786805
F104295,0.47851742385786805
F102582,0.47851742385786805
F109445,0.47851742385786805
F103267,0.47851742385786805
F107720,0.47851742385786805
F120164,0.47851742385786805
F113248,0.47851742385786805
F122136,0.47851742385786805
F107342,0.47851742385786805
F124093,0.47851742385786805
F113243,0.47851742385786805
F120506,0.47851742385786805
F102954,0.47851742385786805
F112163,0.47851742385786805
F115510,0.47851742385786805
F118183,0.47851742385786805
F121201,0.47851742385786805
F101329,0.47851742385786805
F100788,0.47851742385786805
F119650,0.47851742385786805
F102550,0.47851742385786805
F107739,0.47851742385786805
F114153,0.47851742385786805
F109546,0.47851742385786805
F117778,0.47851742385786805
F103118,0.47851742385786805
F111196,0.47851742385786805
F122656,0.47851742385786805
F115843,0.47851742385786805
F124569,0.47851742385786805
F108409,0.47851742385786805
F124571,0.47851742385786805
F114093,0.47851742385786805
F103005,0.47851742385786805
F110783,0.47851742385786805
F110012,0.47851742385786805
F113210,0.47851742385786805
F105146,0.47851742385786805
F105652,0.47851742385786805
F111864,0.47851742385786805
F121625,0.47851742385786805
F108092,0.47851742385786805
F119396,0.47851742385786805
F107290,0.47851742385786805
F109707,0.47851742385786805
F103049,0.47851742385786805
F118042,0.47851742385786805
F121709,0.47851742385786805
F122875,0.47851742385786805
F115222,0.47851742385786805
F124603,0.47851742385786805
F115790,0.47851742385786805
F115559,0.47851742385786805
F122931,0.47851742385786805
F123003,0.47851742385786805
F120315,0.47851742385786805
F106856,0.47851742385786805
F105944,0.47851742385786805
F119016,0.47851742385786805
F120432,0.47851742385786805
F103390,0.47851742385786805
F123832,0.47851742385786805
F104267,0.47851742385786805
F124155,0.47851742385786805
F122499,0.47851742385786805
F112590,0.47851742385786805
F108794,0.47851742385786805
F117884,0.47851742385786805
F101414,0.47851742385786805
F124838,0.47851742385786805
F120618,0.47851742385786805
F114940,0.47851742385786805
F116288,0.47851742385786805
F104706,0.47851742385786805
F119711,0.47851742385786805
F121160,0.47851742385786805
F119881,0.47851742385786805
F110371,0.47851742385786805
F110281,0.47851742385786805
F121284,0.47851742385786805
F114100,0.47851742385786805
F120596,0.47851742385786805
F109962,0.47851742385786805
F102036,0.47851742385786805
F113259,0.47851742385786805
F112953,0.47851742385786805
F118878,0.47851742385786805
F108423,0.47851742385786805
F106936,0.47851742385786805
F100189,0.47851742385786805
F123756,0.47851742385786805
F124602,0.47851742385786805
F106319,0.47851742385786805
F110584,0.47851742385786805
F118770,0.47851742385786805
F101006,0.47851742385786805
F107568,0.47851742385786805
F124706,0.47851742385786805
F106804,0.47851742385786805
F117933,0.47851742385786805
F122431,0.47851742385786805
F123497,0.47851742385786805
F113675,0.47851742385786805
F119945,0.47851742385786805
F116032,0.47851742385786805
F121432,0.47851742385786805
F103034,0.47851742385786805
F102413,0.47851742385786805
F123265,0.47851742385786805
F115676,0.47851742385786805
F118594,0.47851742385786805
F124788,0.47851742385786805
F117485,0.47851742385786805
F102109,0.47851742385786805
F105283,0.47851742385786805
F105569,0.47851742385786805
F123605,0.47851742385786805
F122857,0.47851742385786805
F118086,0.47851742385786805
F106134,0.47851742385786805
F103631,0.47851742385786805
F112675,0.47851742385786805
F116646,0.47851742385786805
F115298,0.47851742385786805
F115971,0.47851742385786805
F120695,0.47851742385786805
F101541,0.47851742385786805
F104516,0.47851742385786805
F124852,0.47851742385786805
F117490,0.47851742385786805
F123294,0.47851742385786805
F116042,0.47851742385786805
F115598,0.47851742385786805
F124606,0.47851742385786805
F123131,0.47851742385786805
F114418,0.47851742385786805
F102839,0.47851742385786805
F121594,0.47851742385786805
F112979,0.47851742385786805
F122535,0.47851742385786805
F122674,0.47851742385786805
F105220,0.47851742385786805
F105256,0.47851742385786805
F122730,0.47851742385786805
F108822,0.47851742385786805
F111793,0.47851742385786805
F123812,0.47851742385786805
F118476,0.47851742385786805
F120551,0.47851742385786805
F121677,0.47851742385786805
F123876,0.47851742385786805
F121835,0.47851742385786805
F100352,0.47851742385786805
F107783,0.47851742385786805
F119602,0.47851742385786805
F111614,0.47851742385786805
F112908,0.47851742385786805
F121458,0.47851742385786805
F116574,0.47851742385786805
F122101,0.47851742385786805
F110102,0.47851742385786805
F113364,0.47851742385786805
F119090,0.47851742385786805
F117669,0.47851742385786805
F107548,0.47851742385786805
F111353,0.47851742385786805
F107793,0.47851742385786805
F109456,0.47851742385786805
F119190,0.47851742385786805
F100871,0.47851742385786805
F124789,0.47851742385786805
F122820,0.47851742385786805
F116446,0.47851742385786805
F101547,0.47851742385786805
F121456,0.47851742385786805
F108139,0.47851742385786805
F102688,0.47851742385786805
F100211,0.47851742385786805
F120738,0.47851742385786805
F109492,0.47851742385786805
F105571,0.47851742385786805
F113667,0.47851742385786805
F109585,0.47851742385786805
F114159,0.47851742385786805
F115270,0.47851742385786805
F117514,0.47851742385786805
F114057,0.47851742385786805
F111332,0.47851742385786805
F114967,0.47851742385786805
F122004,0.47851742385786805
F108552,0.47851742385786805
F101761,0.47851742385786805
F119131,0.47851742385786805
F102445,0.47851742385786805
F110385,0.47851742385786805
F123025,0.47851742385786805
F103895,0.47851742385786805
F100394,0.47851742385786805
F123103,0.47851742385786805
F124655,0.47851742385786805
F106034,0.47851742385786805
F109975,0.47851742385786805
F100749,0.47851742385786805
F124485,0.47851742385786805
F121707,0.47851742385786805
F101121,0.47851742385786805
F105246,0.47851742385786805
F102499,0.47851742385786805
F102212,0.47851742385786805
F115575,0.47851742385786805
F113552,0.47851742385786805
F105535,0.47851742385786805
F113396,0.47851742385786805
F101324,0.47851742385786805
F120553,0.47851742385786805
F104704,0.47851742385786805
F121960,0.47851742385786805
F112070,0.47851742385786805
F121825,0.47851742385786805
F121673,0.47851742385786805
F103434,0.47851742385786805
F105296,0.47851742385786805
F122516,0.47851742385786805
F100670,0.47851742385786805
F104567,0.47851742385786805
F108055,0.47851742385786805
F106746,0.47851742385786805
F100150,0.47851742385786805
F116429,0.47851742385786805
F111914,0.47851742385786805
F101880,0.47851742385786805
F110294,0.47851742385786805
F106303,0.47851742385786805
F122586,0.47851742385786805
F102804,0.47851742385786805
F104494,0.47851742385786805
F117225,0.47851742385786805
F104177,0.47851742385786805
F107056,0.47851742385786805
F100299,0.47851742385786805
F112302,0.47851742385786805
F114859,0.47851742385786805
F121982,0.47851742385786805
F116403,0.47851742385786805
F119557,0.47851742385786805
F104582,0.47851742385786805
F102354,0.47851742385786805
F122838,0.47851742385786805
F105431,0.47851742385786805
F123713,0.47851742385786805
F106613,0.47851742385786805
F105958,0.47851742385786805
F101181,0.47851742385786805
F104204,0.47851742385786805
F105710,0.47851742385786805
F107665,0.47851742385786805
F124567,0.47851742385786805
F123109,0.47851742385786805
F103918,0.47851742385786805
F124696,0.47851742385786805
F117096,0.47851742385786805
F105187,0.47851742385786805
F122220,0.47851742385786805
F114107,0.47851742385786805
F112136,0.47851742385786805
F118032,0.47851742385786805
F109142,0.47851742385786805
F106222,0.47851742385786805
F106298,0.47851742385786805
F101655,0.47851742385786805
F108665,0.47851742385786805
F104263,0.47851742385786805
F123869,0.47851742385786805
F124312,0.47851742385786805
F120942,0.47851742385786805
F107799,0.47851742385786805
F105173,0.47851742385786805
F119324,0.47851742385786805
F120332,0.47851742385786805
F114902,0.47851742385786805
F105902,0.47851742385786805
F101001,0.47851742385786805
F111473,0.47851742385786805
F110267,0.47851742385786805
F102348,0.47851742385786805
F118913,0.47851742385786805
F116563,0.47851742385786805
F110458,0.47851742385786805
F110179,0.47851742385786805
F108014,0.47851742385786805
F102159,0.47851742385786805
F118487,0.47851742385786805
F114608,0.47851742385786805
F110313,0.47851742385786805
F124704,0.47851742385786805
F102057,0.47851742385786805
F100241,0.47851742385786805
F121196,0.47851742385786805
F107331,0.47851742385786805
F116932,0.47851742385786805
F113258,0.47851742385786805
F109453,0.47851742385786805
F110831,0.47851742385786805
F116694,0.47851742385786805
F100843,0.47851742385786805
F104817,0.47851742385786805
F103448,0.47851742385786805
F109161,0.47851742385786805
F112255,0.47851742385786805
F118347,0.47851742385786805
F108525,0.47851742385786805
F121777,0.47851742385786805
F110202,0.47851742385786805
F122209,0.47851742385786805
F119286,0.47851742385786805
F110827,0.47851742385786805
F105330,0.47851742385786805
F106960,0.47851742385786805
F116733,0.47851742385786805
F114348,0.47851742385786805
F109408,0.47851742385786805
F109497,0.47851742385786805
F105552,0.47851742385786805
F109376,0.47851742385786805
F115208,0.47851742385786805
F103353,0.47851742385786805
F104806,0.47851742385786805
F103276,0.47851742385786805
F117153,0.47851742385786805
F109447,0.47851742385786805
F117572,0.47851742385786805
F120533,0.47851742385786805
F102829,0.47851742385786805
F123721,0.47851742385786805
F117607,0.47851742385786805
F121646,0.47851742385786805
F108865,0.47851742385786805
F118222,0.47851742385786805
F116585,0.47851742385786805
F100804,0.47851742385786805
F109867,0.47851742385786805
F104274,0.47851742385786805
F122752,0.47851742385786805
F108635,0.47851742385786805
F115699,0.47851742385786805
F109846,0.47851742385786805
F103151,0.47851742385786805
F121216,0.47851742385786805
F100833,0.47851742385786805
F103664,0.47851742385786805
F114986,0.47851742385786805
F106330,0.47851742385786805
F112616,0.47851742385786805
F117516,0.47851742385786805
F103206,0.47851742385786805
F102168,0.47851742385786805
F119550,0.47851742385786805
F117544,0.47851742385786805
F111964,0.47851742385786805
F108758,0.47851742385786805
F122380,0.47851742385786805
F108388,0.47851742385786805
F105221,0.47851742385786805
F112011,0.47851742385786805
F122060,0.47851742385786805
F119625,0.47851742385786805
F116159,0.47851742385786805
F118197,0.47851742385786805
F122855,0.47851742385786805
F103280,0.47851742385786805
F123066,0.47851742385786805
F114489,0.47851742385786805
F113341,0.47851742385786805
F123104,0.47851742385786805
F121913,0.47851742385786805
F116967,0.47851742385786805
F117692,0.47851742385786805
F114449,0.47851742385786805
F114917,0.47851742385786805
F106626,0.47851742385786805
F105752,0.47851742385786805
F110180,0.47851742385786805
F122579,0.47851742385786805
F104771,0.47851742385786805
F122049,0.47851742385786805
F121834,0.47851742385786805
F105643,0.47851742385786805
F103538,0.47851742385786805
F104641,0.47851742385786805
F105709,0.47851742385786805
F103610,0.47851742385786805
F120886,0.47851742385786805
F114229,0.47851742385786805
F124875,0.47851742385786805
F110680,0.47851742385786805
F101671,0.47851742385786805
F112428,0.47851742385786805
F102048,0.47851742385786805
F121862,0.47851742385786805
F106191,0.47851742385786805
F104268,0.47851742385786805
F121265,0.47851742385786805
F110088,0.47851742385786805
F116110,0.47851742385786805
F124891,0.47851742385786805
F110683,0.47851742385786805
F100801,0.47851742385786805
F104725,0.47851742385786805
F105176,0.47851742385786805
F108128,0.47851742385786805
F120237,0.47851742385786805
F100023,0.47851742385786805
F110705,0.47851742385786805
F115600,0.47851742385786805
F124518,0.47851742385786805
F120303,0.47851742385786805
F123287,0.47851742385786805
F120924,0.47851742385786805
F109199,0.47851742385786805
F102014,0.47851742385786805
F105763,0.47851742385786805
F105638,0.47851742385786805
F112786,0.47851742385786805
F120516,0.47851742385786805
F107868,0.47851742385786805
F115045,0.47851742385786805
F103465,0.47851742385786805
F115988,0.47851742385786805
F100205,0.47851742385786805
F113413,0.47851742385786805
F113198,0.47851742385786805
F101460,0.47851742385786805
F106150,0.47851742385786805
F110552,0.47851742385786805
F114387,0.47851742385786805
F116026,0.47851742385786805
F100626,0.47851742385786805
F123500,0.47851742385786805
F103668,0.47851742385786805
F101415,0.47851742385786805
F118214,0.47851742385786805
F116914,0.47851742385786805
F111586,0.47851742385786805
F101520,0.47851742385786805
F113776,0.47851742385786805
F100242,0.47851742385786805
F121541,0.47851742385786805
F114306,0.47851742385786805
F104640,0.47851742385786805
F115144,0.47851742385786805
F117476,0.47851742385786805
F119201,0.47851742385786805
F119942,0.47851742385786805
F121040,0.47851742385786805
F106973,0.47851742385786805
F118779,0.47851742385786805
F122201,0.47851742385786805
F116886,0.47851742385786805
F102466,0.47851742385786805
F102121,0.47851742385786805
F108853,0.47851742385786805
F117553,0.47851742385786805
F104284,0.47851742385786805
F116616,0.47851742385786805
F117409,0.47851742385786805
F111888,0.47851742385786805
F106624,0.47851742385786805
F120501,0.47851742385786805
F101295,0.47851742385786805
F124986,0.47851742385786805
F109667,0.47851742385786805
F124245,0.47851742385786805
F102754,0.47851742385786805
F118902,0.47851742385786805
F100537,0.47851742385786805
F114802,0.47851742385786805
F124943,0.47851742385786805
F107886,0.47851742385786805
F122870,0.47851742385786805
F112378,0.47851742385786805
F100221,0.47851742385786805
F113208,0.47851742385786805
F104351,0.47851742385786805
F115314,0.47851742385786805
F117939,0.47851742385786805
F109436,0.47851742385786805
F116634,0.47851742385786805
F115383,0.47851742385786805
F107327,0.47851742385786805
F108158,0.47851742385786805
F114614,0.47851742385786805
F123110,0.47851742385786805
F108691,0.47851742385786805
F107857,0.47851742385786805
F107919,0.47851742385786805
F115243,0.47851742385786805
F123530,0.47851742385786805
F103297,0.47851742385786805
F108000,0.47851742385786805
F100174,0.47851742385786805
F110677,0.47851742385786805
F123806,0.47851742385786805
F104614,0.47851742385786805
F106828,0.47851742385786805
F118335,0.47851742385786805
F116127,0.47851742385786805
F106574,0.47851742385786805
F114778,0.47851742385786805
F122104,0.47851742385786805
F111475,0.47851742385786805
F104444,0.47851742385786805
F116934,0.47851742385786805
F122685,0.47851742385786805
F106771,0.47851742385786805
F114030,0.47851742385786805
F114040,0.47851742385786805
F123008,0.47851742385786805
F117483,0.47851742385786805
F123134,0.47851742385786805
F109641,0.47851742385786805
F100021,0.47851742385786805
F102331,0.47851742385786805
F110192,0.47851742385786805
F112160,0.47851742385786805
F114617,0.47851742385786805
F101262,0.47851742385786805
F102042,0.47851742385786805
F114016,0.47851742385786805
F105974,0.47851742385786805
F121644,0.47851742385786805
F115526,0.47851742385786805
F120734,0.47851742385786805
F119489,0.47851742385786805
F108299,0.47851742385786805
F124615,0.47851742385786805
F102652,0.47851742385786805
F117699,0.47851742385786805
F118761,0.47851742385786805
F123637,0.47851742385786805
F108355,0.47851742385786805
F100950,0.47851742385786805
F116741,0.47851742385786805
F112787,0.47851742385786805
F109995,0.47851742385786805
F113120,0.47851742385786805
F106926,0.47851742385786805
F119874,0.47851742385786805
F117045,0.47851742385786805
F107271,0.47851742385786805
F100737,0.47851742385786805
F115949,0.47851742385786805
F100611,0.47851742385786805
F111171,0.47851742385786805
F110406,0.47851742385786805
F117598,0.47851742385786805
F102524,0.47851742385786805
F114340,0.47851742385786805
F106448,0.47851742385786805
F115408,0.47851742385786805
F112179,0.47851742385786805
F121369,0.47851742385786805
F110713,0.47851742385786805
F102955,0.47851742385786805
F105074,0.47851742385786805
F117019,0.47851742385786805
F101572,0.47851742385786805
F117916,0.47851742385786805
F120541,0.47851742385786805
F116099,0.47851742385786805
F115933,0.47851742385786805
F104099,0.47851742385786805
F111550,0.47851742385786805
F116738,0.47851742385786805
F114550,0.47851742385786805
F120782,0.47851742385786805
F109113,0.47851742385786805
F123023,0.47851742385786805
F107213,0.47851742385786805
F123540,0.47851742385786805
F113169,0.47851742385786805
F105377,0.47851742385786805
F107084,0.47851742385786805
F103456,0.47851742385786805
F103227,0.47851742385786805
F120513,0.47851742385786805
F100015,0.47851742385786805
F122876,0.47851742385786805
F116229,0.47851742385786805
F119012,0.47851742385786805
F112286,0.47851742385786805
F107104,0.47851742385786805
F101822,0.47851742385786805
F109747,0.47851742385786805
F101029,0.47851742385786805
F115060,0.47851742385786805
F117560,0.47851742385786805
F119779,0.47851742385786805
F104595,0.47851742385786805
F114554,0.47851742385786805
F101801,0.47851742385786805
F117575,0.47851742385786805
F112592,0.47851742385786805
F118845,0.47851742385786805
F102220,0.47851742385786805
F124831,0.47851742385786805
F119264,0.47851742385786805
F122355,0.47851742385786805
F108102,0.47851742385786805
F120918,0.47851742385786805
F123443,0.47851742385786805
F106225,0.47851742385786805
F104738,0.47851742385786805
F114417,0.47851742385786805
F121976,0.47851742385786805
F106774,0.47851742385786805
F104638,0.47851742385786805
F119039,0.47851742385786805
F111484,0.47851742385786805
F110971,0.47851742385786805
F117772,0.47851742385786805
F122712,0.47851742385786805
F108402,0.47851742385786805
F100396,0.47851742385786805
F101740,0.47851742385786805
F103705,0.47851742385786805
F111554,0.47851742385786805
F106067,0.47851742385786805
F100543,0.47851742385786805
F113299,0.47851742385786805
F124487,0.47851742385786805
F103540,0.47851742385786805
F104227,0.47851742385786805
F124262,0.47851742385786805
F106168,0.47851742385786805
F121499,0.47851742385786805
F107348,0.47851742385786805
F115613,0.47851742385786805
F100972,0.47851742385786805
F114882,0.47851742385786805
F101137,0.47851742385786805
F106247,0.47851742385786805
F113304,0.47851742385786805
F123030,0.47851742385786805
F105610,0.47851742385786805
F112978,0.47851742385786805
F116077,0.47851742385786805
F118456,0.47851742385786805
F103194,0.47851742385786805
F115574,0.47851742385786805
F112544,0.47851742385786805
F119809,0.47851742385786805
F114611,0.47851742385786805
F108134,0.47851742385786805
F100329,0.47851742385786805
F108247,0.47851742385786805
F123227,0.47851742385786805
F121253,0.47851742385786805
F104626,0.47851742385786805
F124350,0.47851742385786805
F113339,0.47851742385786805
F102915,0.47851742385786805
F114654,0.47851742385786805
F105273,0.47851742385786805
F100033,0.47851742385786805
F102742,0.47851742385786805
F120354,0.47851742385786805
F124715,0.47851742385786805
F110031,0.47851742385786805
F107906,0.47851742385786805
F120793,0.47851742385786805
F111450,0.47851742385786805
F118964,0.47851742385786805
F114254,0.47851742385786805
F106058,0.47851742385786805
F120668,0.47851742385786805
F120913,0.47851742385786805
F117160,0.47851742385786805
F106648,0.47851742385786805
F116726,0.47851742385786805
F124577,0.47851742385786805
F111525,0.47851742385786805
F112745,0.47851742385786805
F119702,0.47851742385786805
F102116,0.47851742385786805
F108772,0.47851742385786805
F107424,0.47851742385786805
F103479,0.47851742385786805
F123149,0.47851742385786805
F111072,0.47851742385786805
F122097,0.47851742385786805
F114087,0.47851742385786805
F104809,0.47851742385786805
F114098,0.47851742385786805
F116880,0.47851742385786805
F100450,0.47851742385786805
F119057,0.47851742385786805
F103666,0.47851742385786805
F120106,0.47851742385786805
F106571,0.47851742385786805
F103970,0.47851742385786805
F123969,0.47851742385786805
F111255,0.47851742385786805
F103344,0.47851742385786805
F119143,0.47851742385786805
F116577,0.47851742385786805
F114734,0.47851742385786805
F111250,0.47851742385786805
F115135,0.47851742385786805
F117362,0.47851742385786805
F122260,0.47851742385786805
F121277,0.47851742385786805
F114783,0.47851742385786805
F118109,0.47851742385786805
F100387,0.47851742385786805
F116031,0.47851742385786805
F109014,0.47851742385786805
F117456,0.47851742385786805
F113480,0.47851742385786805
F110667,0.47851742385786805
F101209,0.47851742385786805
F117971,0.47851742385786805
F112292,0.47851742385786805
F117732,0.47851742385786805
F120448,0.47851742385786805
F119957,0.47851742385786805
F102918,0.47851742385786805
F122528,0.47851742385786805
F106419,0.47851742385786805
F106697,0.47851742385786805
F109567,0.47851742385786805
F104619,0.47851742385786805
F102647,0.47851742385786805
F123916,0.47851742385786805
F109131,0.47851742385786805
F108962,0.47851742385786805
F104775,0.47851742385786805
F110756,0.47851742385786805
F113157,0.47851742385786805
F102997,0.47851742385786805
F110631,0.47851742385786805
F115863,0.47851742385786805
F118447,0.47851742385786805
F121168,0.47851742385786805
F111636,0.47851742385786805
F117868,0.47851742385786805
F111859,0.47851742385786805
F109735,0.47851742385786805
F105767,0.47851742385786805
F117143,0.47851742385786805
F116763,0.47851742385786805
F106437,0.47851742385786805
F102046,0.47851742385786805
F107609,0.47851742385786805
F110945,0.47851742385786805
F105453,0.47851742385786805
F105821,0.47851742385786805
F116964,0.47851742385786805
F119609,0.47851742385786805
F120583,0.47851742385786805
F106125,0.47851742385786805
F123144,0.47851742385786805
F119423,0.47851742385786805
F100607,0.47851742385786805
F116199,0.47851742385786805
F101866,0.47851742385786805
F104493,0.47851742385786805
F116889,0.47851742385786805
F109869,0.47851742385786805
F112334,0.47851742385786805
F119889,0.47851742385786805
F122065,0.47851742385786805
F100180,0.47851742385786805
F115350,0.47851742385786805
F109477,0.47851742385786805
F107499,0.47851742385786805
F105684,0.47851742385786805
F100048,0.47851742385786805
F113232,0.47851742385786805
F108315,0.47851742385786805
F118372,0.47851742385786805
F110926,0.47851742385786805
F118041,0.47851742385786805
F104956,0.47851742385786805
F122913,0.47851742385786805
F116989,0.47851742385786805
F111260,0.47851742385786805
F105667,0.47851742385786805
F100714,0.47851742385786805
F122146,0.47851742385786805
F119385,0.47851742385786805
F103670,0.47851742385786805
F111921,0.47851742385786805
F107414,0.47851742385786805
F110289,0.47851742385786805
F104935,0.47851742385786805
F115644,0.47851742385786805
F118561,0.47851742385786805
F100682,0.47851742385786805
F119620,0.47851742385786805
F102396,0.47851742385786805
F100888,0.47851742385786805
F124987,0.47851742385786805
F123840,0.47851742385786805
F120103,0.47851742385786805
F102143,0.47851742385786805
F112685,0.47851742385786805
F101695,0.47851742385786805
F111547,0.47851742385786805
F106878,0.47851742385786805
F105463,0.47851742385786805
F109522,0.47851742385786805
F111452,0.47851742385786805
F111170,0.47851742385786805
F114262,0.47851742385786805
F120833,0.47851742385786805
F102365,0.47851742385786805
F121002,0.47851742385786805
F109692,0.47851742385786805
F105334,0.47851742385786805
F106531,0.47851742385786805
F109518,0.47851742385786805
F120188,0.47851742385786805
F122584,0.47851742385786805
F115206,0.47851742385786805
F107333,0.47851742385786805
F116085,0.47851742385786805
F121053,0.47851742385786805
F120289,0.47851742385786805
F102184,0.47851742385786805
F114959,0.47851742385786805
F110254,0.47851742385786805
F105043,0.47851742385786805
F119184,0.47851742385786805
F109940,0.47851742385786805
F108876,0.47851742385786805
F122769,0.47851742385786805
F123482,0.47851742385786805
F120725,0.47851742385786805
F106669,0.47851742385786805
F116794,0.47851742385786805
F104178,0.47851742385786805
F105928,0.47851742385786805
F115701,0.47851742385786805
F108235,0.47851742385786805
F116928,0.47851742385786805
F118749,0.47851742385786805
F121008,0.47851742385786805
F103694,0.47851742385786805
F114240,0.47851742385786805
F120027,0.47851742385786805
F124782,0.47851742385786805
F116378,0.47851742385786805
F105209,0.47851742385786805
F112018,0.47851742385786805
F106250,0.47851742385786805
F109953,0.47851742385786805
F101543,0.47851742385786805
F121509,0.47851742385786805
F105628,0.47851742385786805
F115546,0.47851742385786805
F100704,0.47851742385786805
F110368,0.47851742385786805
F121528,0.47851742385786805
F101100,0.47851742385786805
F112525,0.47851742385786805
F121356,0.47851742385786805
F115951,0.47851742385786805
F107795,0.47851742385786805
F108817,0.47851742385786805
F111387,0.47851742385786805
F117804,0.47851742385786805
F110936,0.47851742385786805
F114004,0.47851742385786805
F107270,0.47851742385786805
F119956,0.47851742385786805
F111828,0.47851742385786805
F107203,0.47851742385786805
F116496,0.47851742385786805
F119361,0.47851742385786805
F115552,0.47851742385786805
F113702,0.47851742385786805
F111225,0.47851742385786805
F116943,0.47851742385786805
F111429,0.47851742385786805
F113806,0.47851742385786805
F123307,0.47851742385786805
F119728,0.47851742385786805
F103180,0.47851742385786805
F108160,0.47851742385786805
F119338,0.47851742385786805
F105024,0.47851742385786805
F100983,0.47851742385786805
F118064,0.47851742385786805
F108152,0.47851742385786805
F102301,0.47851742385786805
F107420,0.47851742385786805
F112453,0.47851742385786805
F121252,0.47851742385786805
F103182,0.47851742385786805
F102746,0.47851742385786805
F110087,0.47851742385786805
F106141,0.47851742385786805
F107022,0.47851742385786805
F103397,0.47851742385786805
F118137,0.47851742385786805
F122022,0.47851742385786805
F116906,0.47851742385786805
F123841,0.47851742385786805
F100930,0.47851742385786805
F119076,0.47851742385786805
F120302,0.47851742385786805
F105583,0.47851742385786805
F100630,0.47851742385786805
F108776,0.47851742385786805
F119459,0.47851742385786805
F112620,0.47851742385786805
F108675,0.47851742385786805
F115164,0.47851742385786805
F116255,0.47851742385786805
F108207,0.47851742385786805
F121915,0.47851742385786805
F122673,0.47851742385786805
F122512,0.47851742385786805
F105207,0.47851742385786805
F112600,0.47851742385786805
F109251,0.47851742385786805
F124775,0.47851742385786805
F107159,0.47851742385786805
F114438,0.47851742385786805
F116936,0.47851742385786805
F109971,0.47851742385786805
F107529,0.47851742385786805
F105347,0.47851742385786805
F119872,0.47851742385786805
F124963,0.47851742385786805
F101527,0.47851742385786805
F123725,0.47851742385786805
F109802,0.47851742385786805
F105605,0.47851742385786805
F114987,0.47851742385786805
F120330,0.47851742385786805
F112090,0.47851742385786805
F106455,0.47851742385786805
F111162,0.47851742385786805
F113014,0.47851742385786805
F103680,0.47851742385786805
F115260,0.47851742385786805
F118706,0.47851742385786805
F108389,0.47851742385786805
F108743,0.47851742385786805
F120572,0.47851742385786805
F102141,0.47851742385786805
F102149,0.47851742385786805
F107157,0.47851742385786805
F106026,0.47851742385786805
F122189,0.47851742385786805
F102726,0.47851742385786805
F114612,0.47851742385786805
F104564,0.47851742385786805
F116599,0.47851742385786805
F120026,0.47851742385786805
F114143,0.47851742385786805
F114824,0.47851742385786805
F108145,0.47851742385786805
F118207,0.47851742385786805
F120984,0.47851742385786805
F107103,0.47851742385786805
F111360,0.47851742385786805
F109123,0.47851742385786805
F103665,0.47851742385786805
F114115,0.47851742385786805
F120105,0.47851742385786805
F102511,0.47851742385786805
F119174,0.47851742385786805
F123222,0.47851742385786805
F102727,0.47851742385786805
F106054,0.47851742385786805
F108133,0.47851742385786805
F102594,0.47851742385786805
F102784,0.47851742385786805
F102210,0.47851742385786805
F110644,0.47851742385786805
F108530,0.47851742385786805
F122155,0.47851742385786805
F122742,0.47851742385786805
F124974,0.47851742385786805
F115568,0.47851742385786805
F120682,0.47851742385786805
F116180,0.47851742385786805
F106255,0.47851742385786805
F121255,0.47851742385786805
F111424,0.47851742385786805
F114445,0.47851742385786805
F117142,0.47851742385786805
F119968,0.47851742385786805
F110742,0.47851742385786805
F116012,0.47851742385786805
F109110,0.47851742385786805
F116905,0.47851742385786805
F103635,0.47851742385786805
F101384,0.47851742385786805
F120545,0.47851742385786805
F124205,0.47851742385786805
F116805,0.47851742385786805
F118784,0.47851742385786805
F119155,0.47851742385786805
F118983,0.47851742385786805
F116295,0.47851742385786805
F118537,0.47851742385786805
F123906,0.47851742385786805
F121359,0.47851742385786805
F123295,0.47851742385786805
F121403,0.47851742385786805
F105128,0.47851742385786805
F111939,0.47851742385786805
F107201,0.47851742385786805
F117098,0.47851742385786805
F124004,0.47851742385786805
F115084,0.47851742385786805
F104987,0.47851742385786805
F124186,0.47851742385786805
F124105,0.47851742385786805
F100614,0.47851742385786805
F115920,0.47851742385786805
F107100,0.47851742385786805
F104083,0.47851742385786805
F110329,0.47851742385786805
F113009,0.47851742385786805
F116174,0.47851742385786805
F103588,0.47851742385786805
F124689,0.47851742385786805
F104814,0.47851742385786805
F100589,0.47851742385786805
F104918,0.47851742385786805
F119414,0.47851742385786805
F113072,0.47851742385786805
F109966,0.47851742385786805
F102358,0.47851742385786805
F114326,0.47851742385786805
F102052,0.47851742385786805
F121229,0.47851742385786805
F115500,0.47851742385786805
F117940,0.47851742385786805
F100940,0.47851742385786805
F105314,0.47851742385786805
F105479,0.47851742385786805
F115016,0.47851742385786805
F114400,0.47851742385786805
F118291,0.47851742385786805
F112755,0.47851742385786805
F113345,0.47851742385786805
F111589,0.47851742385786805
F112817,0.47851742385786805
F115899,0.47851742385786805
F122372,0.47851742385786805
F107231,0.47851742385786805
F121736,0.47851742385786805
F103552,0.47851742385786805
F102797,0.47851742385786805
F107172,0.47851742385786805
F121740,0.47851742385786805
F113209,0.47851742385786805
F120175,0.47851742385786805
F114435,0.47851742385786805
F122370,0.47851742385786805
F116097,0.47851742385786805
F101462,0.47851742385786805
F114465,0.47851742385786805
F107880,0.47851742385786805
F101812,0.47851742385786805
F114561,0.47851742385786805
F107367,0.47851742385786805
F115881,0.47851742385786805
F118184,0.47851742385786805
F118435,0.47851742385786805
F102307,0.47851742385786805
F110456,0.47851742385786805
F114310,0.47851742385786805
F104179,0.47851742385786805
F103967,0.47851742385786805
F104053,0.47851742385786805
F102255,0.47851742385786805
F108364,0.47851742385786805
F109601,0.47851742385786805
F121027,0.47851742385786805
F117743,0.47851742385786805
F112974,0.47851742385786805
F102817,0.47851742385786805
F110737,0.47851742385786805
F118258,0.47851742385786805
F116592,0.47851742385786805
F104465,0.47851742385786805
F104411,0.47851742385786805
F113596,0.47851742385786805
F105423,0.47851742385786805
F110800,0.47851742385786805
F111584,0.47851742385786805
F110762,0.47851742385786805
F102313,0.47851742385786805
F102883,0.47851742385786805
F118260,0.47851742385786805
F105371,0.47851742385786805
F112383,0.47851742385786805
F111663,0.47851742385786805
F105549,0.47851742385786805
F102976,0.47851742385786805
F122624,0.47851742385786805
F108589,0.47851742385786805
F120051,0.47851742385786805
F121364,0.47851742385786805
F119616,0.47851742385786805
F110951,0.47851742385786805
F113261,0.47851742385786805
F111331,0.47851742385786805
F124854,0.47851742385786805
F101161,0.47851742385786805
F113519,0.47851742385786805
F119417,0.47851742385786805
F106192,0.47851742385786805
F124302,0.47851742385786805
F112169,0.47851742385786805
F118414,0.47851742385786805
F123504,0.47851742385786805
F115492,0.47851742385786805
F110027,0.47851742385786805
F122387,0.47851742385786805
F102191,0.47851742385786805
F111469,0.47851742385786805
F107154,0.47851742385786805
F113256,0.47851742385786805
F109932,0.47851742385786805
F113897,0.47851742385786805
F110652,0.47851742385786805
F100218,0.47851742385786805
F105126,0.47851742385786805
F124361,0.47851742385786805
F111427,0.47851742385786805
F109730,0.47851742385786805
F119762,0.47851742385786805
F106408,0.47851742385786805
F103626,0.47851742385786805
F119134,0.47851742385786805
F110594,0.47851742385786805
F116242,0.47851742385786805
F121193,0.47851742385786805
F118548,0.47851742385786805
F105835,0.47851742385786805
F105554,0.47851742385786805
F109858,0.47851742385786805
F116096,0.47851742385786805
F105882,0.47851742385786805
F110250,0.47851742385786805
F103660,0.47851742385786805
F113137,0.47851742385786805
F116179,0.47851742385786805
F123870,0.47851742385786805
F102689,0.47851742385786805
F103467,0.47851742385786805
F110717,0.47851742385786805
F112042,0.47851742385786805
F123857,0.47851742385786805
F103893,0.47851742385786805
F116119,0.47851742385786805
F109816,0.47851742385786805
F108243,0.47851742385786805
F119586,0.47851742385786805
F108493,0.47851742385786805
F102503,0.47851742385786805
F101400,0.47851742385786805
F113180,0.47851742385786805
F110497,0.47851742385786805
F121430,0.47851742385786805
F110788,0.47851742385786805
F107997,0.47851742385786805
F121538,0.47851742385786805
F103869,0.47851742385786805
F107074,0.47851742385786805
F111782,0.47851742385786805
F100715,0.47851742385786805
F118689,0.47851742385786805
F116342,0.47851742385786805
F102560,0.47851742385786805
F112439,0.47851742385786805
F100383,0.47851742385786805
F109612,0.47851742385786805
F123239,0.47851742385786805
F103939,0.47851742385786805
F104109,0.47851742385786805
F121393,0.47851742385786805
F112802,0.47851742385786805
F109757,0.47851742385786805
F106243,0.47851742385786805
F114576,0.47851742385786805
F120764,0.47851742385786805
F108968,0.47851742385786805
F122636,0.47851742385786805
F122776,0.47851742385786805
F106149,0.47851742385786805
F102986,0.47851742385786805
F109255,0.47851742385786805
