record_id,flood_risk_score
F104559,0.4737894557396942
F100765,0.4947061081741356
F107573,0.487729075157761
F110345,0.48142935531392195
F118850,0.5017318541729108
F118228,0.4741501589265964
F107230,0.4821366430388827
F118529,0.4592356645429469
F100418,0.48869223723076455
F104883,0.5140380203555187
F111040,0.5350837099131409
F108454,0.4839308793730415
F110834,0.5161514838543375
F100969,0.47688377540722054
F109368,0.49155932821210535
F102545,0.45388158463839895
F122488,0.44349897730737164
F103894,0.49132389684801214
F105408,0.49963628406565386
F112579,0.4846397861507354
F103663,0.5022898381187529
F120363,0.5007559215481264
F124722,0.47154126151983833
F116480,0.4894447420330572
F114951,0.4770116070169096
F100738,0.49485536877873976
F110536,0.46596583580578244
F122026,0.5178929514851414
F105117,0.5251149331928506
F108958,0.4779380409477894
F116660,0.4544251567742631
F114422,0.46319648041283845
F120962,0.4702953609680321
F111174,0.5016595580214971
F113429,0.48918832613634394
F124188,0.48172822719646896
F117761,0.48657832180170996
F118236,0.4430852110793212
F107714,0.4416053353955534
F118833,0.514609065465437
F100761,0.47503294560350395
F120268,0.49401825786010567
F109138,0.46396384563189436
F124412,0.4956396810693025
F120691,0.4713043667928353
F124661,0.48147208226118104
F108890,0.48874374791752095
F121417,0.4579992706951621
F118138,0.5111474691159104
F121512,0.4728924974226317
F108954,0.5030148252549443
F113146,0.4768237817055292
F105087,0.5428242585828963
F121469,0.507140684549514
F102542,0.4919087222924937
F100209,0.5171868085459294
F124632,0.42424221316138516
F107038,0.4961880942281094
F100938,0.5111062841870282
F107925,0.4728039737159195
F105361,0.4885743975323205
F105697,0.46557197908240644
F115744,0.47383241746627075
F107426,0.4623919034728428
F124172,0.48696810594878276
F104946,0.5253313483510793
F102095,0.4764478367848091
F123356,0.4788594969608926
F102650,0.46713224480662874
F106539,0.48063373105817164
F112891,0.453581417464755
F108289,0.46496871408726914
F115077,0.42170457479100054
F122323,0.4847890423086772
F107204,0.4917938459788982
F113309,0.45319592399489084
F105741,0.4954849612249978
F113925,0.4759204145116131
F103318,0.4696368266288564
F105950,0.4857451983680703
F119672,0.47903003312025144
F109242,0.49806687580976305
F122020,0.4425516323813293
F111466,0.4659418655485341
F119578,0.4696243132379096
F104122,0.5173694364996441
F117075,0.5220846094465614
F119337,0.49188534060620476
F104315,0.46165380514087345
F115990,0.4680637451580797
F121530,0.4720123382194028
F107744,0.45816759373343247
F121368,0.49691275026946996
F104624,0.43724491318577285
F104063,0.4674826238556973
F104344,0.49413958130728336
F118253,0.4969398637495806
F103315,0.47307949357647344
F119431,0.4802275260008306
F112167,0.4677035254561184
F116395,0.48041684893797165
F107209,0.46110174624753597
F106831,0.5077532243432327
F110362,0.5092555872056602
F123715,0.547093139311022
F114686,0.4805025100847931
F100236,0.418312057859684
F105475,0.4878885330590259
F119724,0.48558681286302857
F121653,0.5029778100736351
F110182,0.46345357449679775
F124466,0.4894327394803981
F109994,0.5038810758639054
F101098,0.5028728059338353
F110819,0.5040785399409067
F124937,0.45030347787219305
F105167,0.5326732231033807
F109738,0.536887353304479
F117504,0.4842506003668921
F123201,0.49538078902338395
F104276,0.4848743454303711
F106674,0.46610029558046945
F102033,0.5435146755955161
F114776,0.5044599393446052
F106675,0.5096879986559204
F107195,0.5212091689706052
F115966,0.4525626624020638
F110078,0.4824508755250875
F101644,0.5198435207334313
F100635,0.4198216023888552
F106895,0.4842421253998592
F115420,0.4816199884330752
F122657,0.4903032962013197
F121159,0.4529267138891245
F106498,0.5099240856866953
F123880,0.4719245967642509
F121738,0.49218204289612155
F103530,0.4824749821331828
F118037,0.5078633128124969
F121887,0.4907353023492737
F117474,0.44344244909160135
F108838,0.5158163256309859
F110850,0.45873201859687096
F108920,0.42917856501931867
F116417,0.5244223422105789
F123163,0.4805016921528201
F114455,0.4631446892980892
F101247,0.4875519257742016
F104992,0.46268215559719605
F118511,0.4170488907643353
F114644,0.49613709890429286
F102251,0.47350644188016455
F109818,0.47234976138075996
F111847,0.4686359839673611
F104955,0.46936851911238564
F119652,0.5086756438594914
F122133,0.4650834164882082
F104993,0.4577905117802093
F113510,0.4881993605538511
F123557,0.4778446211052072
F113962,0.43472944311869227
F105947,0.46730488499066375
F106911,0.5030796219625971
F100652,0.47107285214661815
F109685,0.4629443666552974
F116475,0.503920918676628
F104565,0.48807581106301506
F124062,0.4733067524910041
F115932,0.4431770971773667
F109613,0.4614892306614843
F102386,0.4652461913692832
F113483,0.4452022728184819
F117088,0.49605414985266616
F101277,0.48036261171989303
F124674,0.47564108803337063
F118679,0.49492870826950724
F100697,0.48899743821612246
F107785,0.4290407920913671
F109642,0.4815047703583616
F119574,0.42551883003854213
F114841,0.47909615262620703
F112762,0.5449038115384013
F123792,0.4524677219434734
F107168,0.49478827849880713
F120641,0.5250260725404368
F108273,0.4806324729299334
F124407,0.5399391556360341
F114604,0.5102106265230866
F102970,0.49389715240958904
F122148,0.46999835554191677
F108010,0.4948771447983841
F117610,0.4603428983820059
F100140,0.4498942341191809
F113938,0.4350387768497177
F121084,0.4753751203318059
F101060,0.47077815080934504
F108562,0.4804787437615655
F110164,0.45474037471645007
F110472,0.5109780073096911
F114543,0.46765414966431007
F122852,0.501402640279647
F123987,0.5134839633052305
F106836,0.4940373075904424
F101754,0.43112878482749983
F113931,0.45185309055008693
F124553,0.45823463687721006
F102295,0.4710677095019718
F112168,0.4940893571209098
F119601,0.472806395628472
F114744,0.5072930790383589
F102112,0.45183942021009976
F113311,0.48409378842636097
F101833,0.5000634926662099
F103038,0.4409787472706331
F120560,0.46017686047004625
F112035,0.48887409495843864
F111041,0.45563839018458324
F106820,0.4152185059737395
F122282,0.522062979593905
F122812,0.4371581037073369
F121959,0.48625430866651176
F111241,0.4990366758480004
F115679,0.4924801110152341
F100487,0.5062710796182859
F110726,0.497942201821549
F117027,0.465749528962353
F111810,0.4295924977730112
F112058,0.4950110524654478
F112471,0.510088487905195
F103296,0.4883819047130386
F115646,0.4848367828009374
F103349,0.4860092175102319
F122192,0.4856788766227649
F107979,0.501535442849352
F124864,0.4975304029240127
F122862,0.4655764466735887
F118545,0.494788617287827
F123305,0.44755003994826975
F110767,0.48776151829051195
F103752,0.4700554098651061
F121115,0.4550597303874718
F109639,0.5326012940919015
F101751,0.4640298500044171
F114586,0.4865617574912302
F112250,0.4292188266829851
F108536,0.49121490452184663
F116656,0.4927435893564453
F121706,0.4964518315355632
F118536,0.47335017769397236
F105191,0.5317854076895437
F104561,0.4734817477800721
F101998,0.5003928262360035
F115774,0.4925414783689496
F115983,0.4728146246261111
F123259,0.48581507450059563
F100753,0.4692359745367306
F123982,0.4670056402251348
F116710,0.5329066525634313
F102019,0.4873307431190795
F123612,0.4775333789646838
F115548,0.48958066832433283
F114793,0.4722943431431305
F101753,0.5229486194119497
F104066,0.4823688535137172
F107166,0.4877502768085211
F104321,0.435636421497012
F105839,0.5214774082978332
F118851,0.4722970874154634
F109929,0.4304352558876244
F118079,0.5313263609197086
F106387,0.44336758304848967
F117429,0.46294224719356847
F112211,0.4788975480353819
F101550,0.468359040866491
F121466,0.4775834229286811
F107148,0.5172433132314682
F118450,0.45166549672093415
F111865,0.4560476585981151
F110969,0.48392398574538803
F109782,0.43468726202484953
F111408,0.4674155272420812
F108063,0.4749145107690165
F120971,0.5195441773331271
F123231,0.4790522598551527
F122302,0.4662007494709701
F121337,0.49194920321216573
F119311,0.43083103032386644
F124628,0.477733751854119
F113156,0.45915724875455033
F122818,0.49309279865217964
F116061,0.4395522937332045
F114676,0.4577609842336547
F105188,0.4799787141332577
F109111,0.4945682207848068
F108985,0.46623151677734836
F118123,0.5118540786269152
F116826,0.513484416641156
F111800,0.5041909394517435
F110853,0.4594855877681651
F110615,0.4917721042974786
F107116,0.45854354472050257
F121710,0.46058534213957203
F100340,0.5006134594106609
F101311,0.46304689405569455
F106219,0.4770673010626209
F114711,0.4922898029236218
F102516,0.527026325686958
F124145,0.4728492662558099
F110628,0.4657242920201466
F104011,0.5044984353697723
F105525,0.4797552997116249
F120431,0.4485414773152493
F109437,0.47669745616012316
F120177,0.4525542821868601
F112433,0.5034336188897456
F100873,0.4844846327327316
F123892,0.46200991065171526
F100488,0.45277945592098395
F123556,0.49836233576066363
F107354,0.5365323878042432
F123503,0.4769350553795886
F119966,0.4839686427859753
F117678,0.4998427544095601
F121895,0.5433965048074745
F122053,0.4835885871416791
F112917,0.4643668016731433
F106363,0.504306038705718
F102370,0.43665340710845335
F117001,0.4893298181233644
F101693,0.49260203542157666
F105339,0.496339470833764
F107942,0.4449306007076569
F101824,0.4534906992469177
F106272,0.46112164098354375
F124074,0.4462814974801721
F106358,0.4849302450731594
F119832,0.49886835590599315
F110240,0.476281184472281
F119296,0.5079131539390376
F109476,0.4501653110458979
F107789,0.5295092696154509
F100736,0.5066426402594242
F116588,0.4885578489193058
F122290,0.48409866708709653
F101154,0.5073591929246256
F102389,0.5034792652969676
F117811,0.45348572259574854
F111868,0.5093120836080892
F101781,0.5271159896898087
F116332,0.4546052519868239
F111610,0.44281043998853536
F122095,0.49500110346485454
F109282,0.48634770069969585
F105010,0.46988639345336014
F119399,0.49522946971189924
F101522,0.5052944196275723
F119679,0.46188847094009877
F122804,0.5406374425072041
F108115,0.4536862707000702
F119513,0.5189734341620336
F115012,0.48803988136489806
F106658,0.5031058700297034
F119250,0.48754728021333665
F118688,0.4984566385990066
F117432,0.4527108145163689
F114870,0.47450439977724823
F103602,0.49024195827166756
F101598,0.46330183228383215
F109441,0.4991459726835954
F124954,0.5059029110347466
F115780,0.46706017163523866
F122592,0.4951667336995438
F109049,0.4188006090543647
F114002,0.47363155656464506
F114251,0.49192017579408065
F117006,0.49574654410416924
F115034,0.49202801694865717
F104720,0.44486436435467264
F109984,0.5054812440470638
F119430,0.4573408832866458
F105198,0.4980220738744618
F103837,0.5068774951636895
F114551,0.4403675917465642
F103104,0.48806925753848684
F120376,0.47466169617748155
F104851,0.4878517983738098
F120183,0.4858248237841002
F124885,0.5004109265398469
F102201,0.48180960669321454
F119491,0.4957726152612465
F104606,0.4617538558568371
F116372,0.5256210836919554
F119040,0.5483490571205692
F101915,0.5075297986938091
F109175,0.4628835836917668
F115685,0.5010402829885385
F111428,0.46799663745113373
F103111,0.4911092610846607
F110873,0.4519002726487056
F107633,0.47134594695659665
F107787,0.5149309060503187
F117530,0.47567369925212505
F111396,0.4916760834865855
F100767,0.5257010669887812
F123768,0.47086637798819186
F119595,0.5049804910820553
F120457,0.5174017056507901
F100411,0.49797723041962955
F124692,0.5116604023002524
F121841,0.4857567528903468
F120055,0.4281982863092238
F109741,0.48834034831710554
F116870,0.4695033544033262
F105897,0.48634665161398677
F111705,0.49324586974883433
F111019,0.43806978558989457
F112687,0.4491152229209637
F120794,0.4880106562158331
F108983,0.4737210525123668
F104288,0.4988944334636965
F104780,0.5073689263957911
F111451,0.4781554914372453
F101955,0.48430829005652437
F108150,0.5009126704967327
F116150,0.47825104415210246
F100183,0.5051643705574405
F117639,0.4994425803377153
F121714,0.4800401175809027
F120937,0.4669645588267409
F113890,0.44734163393448795
F108932,0.4875237265160142
F122822,0.5053141531793532
F109135,0.514495877892269
F100552,0.5078119483489624
F101261,0.5235143158118973
F100114,0.5030621212441412
F117108,0.4748571265903813
F123679,0.4606489283048488
F111243,0.4561110618108603
F113133,0.4877666277347313
F104645,0.4588815963856752
F105874,0.50327201428743
F119181,0.4746904302163166
F101394,0.45059535341167756
F124488,0.49053815146295326
F116999,0.5390238245802533
F116068,0.525052779159462
F118719,0.45495397957070527
F120589,0.4999545563970367
F116146,0.48804901405298634
F119080,0.5098587676742625
F122698,0.4773056552004931
F121018,0.49243925560456453
F123107,0.5286563137990663
F122501,0.4750426437092946
F102275,0.48624298975298774
F108923,0.45283825480384776
F108770,0.490226411992338
F118911,0.4963181879618049
F118847,0.48998743704534065
F107313,0.49099365440741194
F100472,0.48881653840048345
F101105,0.4787382329317933
F119002,0.4657155435866227
F122076,0.522818990475957
F107518,0.5080096074790293
F101013,0.5205139414375964
F114054,0.46993494037949085
F111988,0.5434624583922352
F105303,0.4838080024410327
F118549,0.4723373586494369
F115072,0.49458643631653243
F103483,0.46465200067591256
F108248,0.42540815983245756
F107192,0.4545039242207995
F104489,0.4748906763505005
F115885,0.4542011786236234
F123246,0.53337770147139
F124020,0.5000235383386328
F106433,0.4379074735044811
F108155,0.4990175843727456
F104023,0.49434392620151335
F105426,0.4690692269472587
F106140,0.4811030625497007
F120579,0.4933557506065445
F109403,0.4786499765754033
F103161,0.4744977890594194
F120903,0.4694599025149805
F114267,0.5025597689084311
F114603,0.48175124177350753
F101173,0.47435687059738174
F118312,0.4878141157775476
F112957,0.4760347385013744
F108174,0.43512964425510986
F107679,0.4871056176049984
F106552,0.48620071298081324
F123409,0.5296747784960453
F124647,0.4978300194503092
F116742,0.41940478836108236
F117931,0.5126139186613551
F116665,0.4604128739080005
F115205,0.510796451544852
F100312,0.4695518280289021
F116986,0.4905520990531433
F111842,0.5076091844117108
F124289,0.4740960778484933
F123926,0.480844279854575
F121069,0.49509263431794925
F122330,0.4658840581461967
F102060,0.4908762225933496
F120022,0.467195703369763
F120754,0.5044270158863743
F100793,0.4134781263519684
F103998,0.41770934101951657
F118846,0.4910958628042547
F110851,0.4907715220620082
F121612,0.47933660900998415
F118155,0.4913156966590697
F108002,0.4722915648465862
F122670,0.5587489909477471
F124458,0.42508297030226777
F103392,0.5155199174591836
F114535,0.4777674859314291
F116547,0.45801301755953694
F102145,0.4456609451363128
F105687,0.49016864038059127
F109473,0.5150902558161351
F121006,0.513660524211863
F112627,0.5746784957185909
F113522,0.4344438083365144
F118369,0.5012601706461719
F106945,0.5052004244187893
F102604,0.4460794484567189
F100080,0.49059122588259746
F111323,0.4202110296441188
F117613,0.47143641230609934
F110569,0.4996180948950247
F104756,0.4090084164777869
F118393,0.49171069457853533
F114181,0.45756863143067694
F124170,0.4660726047965453
F101428,0.48775037340891564
F111588,0.44775715764853996
F117567,0.5319048848687715
F105661,0.4769667621466515
F124355,0.546099707003694
F114965,0.46414115146665624
F120057,0.4907423345708236
F122212,0.45241833596589015
F116977,0.520954183970178
F112559,0.4432774419292712
F105212,0.48075999899954186
F100954,0.48226575327117277
F121941,0.48268334774843624
F115462,0.529104010416432
F116974,0.4958361859932501
F106977,0.4903163311474179
F113158,0.48522513459472344
F104864,0.42234811328280597
F105837,0.45126513688375813
F114309,0.48854482828812273
F114564,0.45757644950802356
F106157,0.4883454999944421
F105206,0.5115718441518731
F107052,0.46307026725167316
F107894,0.5036441711728653
F120568,0.5114854340975328
F119555,0.5078113421039679
F110716,0.4528663575680007
F112055,0.4739844259202246
F120856,0.4711436723455339
F109446,0.5132173591392034
F105342,0.4776067963694595
F112668,0.486801672921969
F107650,0.4559380061994767
F111844,0.4234356346302798
F115697,0.446068881519282
F112253,0.4481716063164532
F106643,0.46419572873797893
F116282,0.46878982468539576
F106165,0.4303658868165114
F120271,0.5064794936351974
F123729,0.4951446566210899
F100377,0.44883735500521443
F108642,0.4438122551730035
F112115,0.4904512763208593
F102438,0.45979446224587334
F116606,0.47443461720554897
F118051,0.420073370525712
F101272,0.4358805030396088
F122322,0.5006709201688897
F108021,0.4921246545452262
F109367,0.4737452640586593
F122111,0.5222857206704571
F112812,0.4686785844149541
F100908,0.4999190776186207
F113094,0.46215739851094967
F100501,0.4385185352945733
F118716,0.4631394901597522
F124793,0.5233297863459361
F107085,0.46242534427811766
F107738,0.4756572767985066
F110914,0.5138719377432188
F117788,0.4524905602386541
F118159,0.4660830845492439
F108667,0.45574851425304247
F108071,0.4668950809193496
F103657,0.46429201334910514
F119748,0.4923668655450277
F101308,0.4775965883705957
F116569,0.46951796607810187
F100038,0.489434349846033
F112205,0.4615427568934586
F103240,0.4591135558959872
F113950,0.4476729304464483
F100517,0.4736018888574804
F118227,0.41215631512666573
F106284,0.45799472592279195
F107250,0.4721771418776261
F108987,0.4286013944446719
F115171,0.5173205976453538
F105144,0.4942029644602533
F106889,0.4812664886097697
F108820,0.5238405083358274
F117312,0.4873017907991136
F106690,0.4979748704259797
F109425,0.5172058711512856
F106041,0.5054172266323359
F112476,0.48083690823452174
F117231,0.5010409095370021
F105013,0.43386643010042575
F103834,0.421986120444346
F122912,0.43047803181638283
F124120,0.48362264944359845
F116850,0.47869513352666054
F116021,0.4928134962715912
F102974,0.521766616680415
F119415,0.42896908976290543
F106844,0.47125454309778386
F112212,0.5090327237206487
F105832,0.414507260923874
F121947,0.46541118683555505
F101841,0.4775178413212232
F115295,0.519762892066363
F102786,0.4481867856758927
F108739,0.48992525146950766
F124052,0.49258701331479504
F112033,0.47690615553265675
F109200,0.48373712530238866
F101307,0.4693719848865578
F116142,0.49918380206556073
F116923,0.4487365755715111
F112328,0.5158470666694095
F109744,0.5045952766292885
F112901,0.4964257665293469
F100297,0.4709506407809819
F106331,0.5147470088453544
F108745,0.5096432334031122
F118987,0.4683520672087902
F109362,0.484849009630731
F110804,0.4484505535162147
F107474,0.47479190438918495
F114558,0.47344114569465773
F116890,0.48861175305198995
F113360,0.47964916356099935
F115612,0.4963160050097523
F110049,0.48364593871618045
F108747,0.5180383514216543
F105182,0.4691391954944865
F104033,0.493460129429811
F111015,0.5031959097757843
F115764,0.43444095696327556
F111029,0.4685761573764435
F115056,0.483184937660846
F109302,0.49232078574682336
F122737,0.4711314533724125
F100416,0.4818954577404866
F108765,0.4656988047435073
F100382,0.4993894371985052
F119964,0.4845602310532743
F118924,0.4450477240943331
F119687,0.48381367781715995
F121773,0.5017210094610366
F103119,0.4657889667802365
F124159,0.45804311061696124
F113540,0.4563121163951736
F119690,0.4955588419812396
F124124,0.4538189710184126
F106874,0.4762983761847785
F124254,0.4377943244344858
F117206,0.4613255034006412
F116103,0.47158083888939273
F122415,0.5086596244920704
F114830,0.48411428870113266
F100470,0.4490164002068626
F119810,0.48706417452730094
F107705,0.5285739310090956
F122443,0.49810423882066424
F101447,0.4883845843423401
F110636,0.4329091119172499
F118571,0.4405163588262189
F124080,0.48952632630988546
F109930,0.4376764562278918
F108900,0.49598880338374557
F116182,0.4870074034417648
F107775,0.45030902581432114
F109914,0.4765749400666756
F107440,0.5299198071477839
F111821,0.5134137807111252
F116376,0.5017358103682064
F116093,0.41770526866507146
F114477,0.46515548033029475
F107480,0.4643377254563661
F111851,0.46493451699414867
F111086,0.4420954954906003
F123115,0.46991695335360384
F108151,0.4994902029854992
F105727,0.478394375956007
F121308,0.4894395761667941
F111963,0.4872987366208978
F120189,0.4833132155080232
F124354,0.4719907776971868
F106821,0.4498848357352485
F104285,0.46192843455935073
F119069,0.4797440930629434
F105983,0.4408378315933012
F100970,0.4498601900983506
F112515,0.466859440993115
F116847,0.499439521754513
F102872,0.4757390906186759
F120378,0.48533553191518025
F116531,0.45637455644172154
F109448,0.49769025765151514
F116394,0.4655210738483124
F104949,0.4650445951289793
F104022,0.4772188698971826
F109661,0.48895359065405236
F101127,0.500827460623703
F105458,0.4847058987396468
F111359,0.531580493751801
F104832,0.4958793204140307
F124194,0.45925507101241225
F105827,0.480624294919754
F107425,0.49516961282928773
F102306,0.48657578797739576
F119913,0.44483380752345114
F101672,0.5655332442904656
F103056,0.5003693693928004
F104382,0.4573283210227737
F118968,0.5642077089271785
F124767,0.4585438382790845
F109725,0.4639703672220074
F102929,0.478603736184826
F106360,0.4586548825505737
F115541,0.5198178059126376
F123884,0.4892616294589218
F113152,0.4788701471919589
F107913,0.4639465259269964
F109226,0.49819310126295163
F105023,0.48255594213506975
F102322,0.4619769460552549
F103788,0.48553526659221324
F107396,0.5168739514994584
F115281,0.49177582741016274
F100273,0.46592560505915404
F107970,0.47122906716491686
F120773,0.5096396600014391
F112894,0.4734341379237174
F104441,0.4686353475839893
F111676,0.5020403518656229
F113899,0.5139097950003179
F124975,0.4862855109773269
F109944,0.4711018499864374
F118346,0.481787150631751
F121350,0.48880121575421603
F107638,0.45037169890945394
F121517,0.5067668764537352
F116362,0.5031411839110457
F102513,0.47747759639006254
F119158,0.4726759542015727
F119159,0.5081865311372877
F104153,0.411966408976227
F101120,0.48136315708728955
F113681,0.465213431970174
F121532,0.46148357752998237
F103335,0.49799514439255377
F101237,0.46962604667177466
F122458,0.48529034719585246
F120053,0.43140284754622765
F101349,0.47095533577710463
F108195,0.46942869794074626
F106115,0.4668967184248248
F101981,0.4721882662972004
F102653,0.47997333815994286
F111226,0.4529714706034861
F114911,0.4966424541687497
F104370,0.47467612538635034
F103728,0.4724214824647328
F109989,0.4844139578856831
F109136,0.4616074534075725
F109377,0.4581620726009048
F116367,0.5030431386129821
F121974,0.505462067724723
F122473,0.4688300621182126
F106614,0.473382142070602
F101124,0.48937395021242924
F115128,0.4944989188167955
F102816,0.49544649153410913
F103041,0.43919302753261935
F116138,0.4793978585942507
F117373,0.44589147714893873
F115252,0.48199927943957444
F124056,0.5289583510320666
F119772,0.5071925916970987
F104436,0.4880163346617426
F107423,0.4536187411552059
F100095,0.48988908242078644
F100364,0.49381421258921954
F112038,0.4767916340716344
F104522,0.49294211524753623
F113109,0.4918755454087592
F110974,0.46879406069514046
F101872,0.4675870057999127
F101068,0.45778710954538543
F104709,0.4863187872677101
F120644,0.525044719860881
F110439,0.4992889833527014
F108131,0.49241616366015817
F109717,0.43055607699998816
F109622,0.4650049638949133
F123571,0.45377283500357973
F102686,0.48187579283290355
F119216,0.46662338710556966
F123527,0.4865636389816796
F112500,0.4620270150108763
F120660,0.5025854859416929
F121830,0.4752423952819914
F104237,0.4534991193757585
F115190,0.49491701270042937
F118920,0.49159602723922136
F116871,0.49451571082451395
F116973,0.4551528863120829
F123010,0.5004609517259838
F114876,0.4923613804379846
F110215,0.5039324727225796
F107723,0.44250112769625505
F108436,0.45331869705448585
F103074,0.4988237523430422
F114136,0.4640963258204734
F120082,0.500979993784161
F115581,0.5031747684503721
F108293,0.5063413343185389
F115417,0.5126493623683344
F116833,0.463633437430511
F100029,0.48449987641564946
F116985,0.4650086824774807
F111833,0.5340285574592084
F120260,0.49906284281090574
F109583,0.4895354511327046
F123693,0.46897484813557894
F115645,0.4934049309415373
F122301,0.5106343072040698
F119206,0.48332581918636347
F100826,0.5256212833293651
F111926,0.47313768583278204
F112417,0.4789193676849469
F110403,0.42558087357435326
F119140,0.5462220509663507
F104695,0.47319244828533963
F123804,0.45065766493489706
F117199,0.445178193198905
F114751,0.5065190635787538
F113662,0.5032317407641629
F119786,0.4877990582188739
F109722,0.47381890650228414
F117726,0.49154862561590484
F120605,0.471296629545236
F104546,0.5218492761140776
F119188,0.5072370082213201
F116439,0.4465345814483447
F111002,0.4588161538729923
F123070,0.4665027435021261
F106147,0.49882243042105123
F104932,0.4692248302931846
F109194,0.49510840884759905
F115531,0.4866643967429575
F105641,0.5028287774514296
F112111,0.5123087995368757
F102598,0.4656434096684251
F109342,0.47774593350031463
F118390,0.46239954481325
F113576,0.46435639424855624
F106199,0.46713901285053144
F116290,0.4999701156606307
F107611,0.4971464474512794
F113223,0.47611658161424575
F118464,0.46596758576750347
F123013,0.49882858260243684
F120006,0.50115118348772
F116478,0.5073358445012872
F101312,0.41744444671348147
F123042,0.4683480173804532
F100045,0.4799070154313335
F113407,0.4547734987358591
F113374,0.4711978921806852
F118256,0.44843250908496696
F104208,0.40307617534042894
F120343,0.473762214586441
F101762,0.4704291819336722
F108658,0.4724710541069019
F116339,0.4347598597804845
F124368,0.46169029510675613
F103787,0.43498136957483996
F113870,0.4593139605425186
F111713,0.45876479777265905
F118677,0.5063257071214772
F104312,0.48669993321177274
F106606,0.5078764219781947
F118122,0.4721176576413179
F106599,0.516352410796702
F109570,0.5241165881336791
F113081,0.5165805266330505
F105129,0.48290170494927726
F109831,0.4773747255993212
F115161,0.464736537167469
F122139,0.48338061582718295
F114634,0.4841228109896844
F105517,0.4750804179988832
F114407,0.47854967216915273
F109772,0.4214049640869689
F124495,0.4612416894824605
F103543,0.49667872507621175
F124747,0.45425979479412054
F119084,0.44665244792521686
F115815,0.5261414810874471
F118726,0.44552743362642805
F119478,0.48892478904050046
F122521,0.4511327021719208
F102328,0.4893658766815478
F100842,0.4942041412578261
F104040,0.5069455280324816
F123101,0.4870353358958337
F111886,0.46805763748426105
F101212,0.5280068275265538
F116420,0.4982609442165463
F118287,0.530091633739633
F111054,0.5103562142727749
F100706,0.49536124104284535
F120788,0.47275533269083486
F106477,0.46077837304802916
F116902,0.5183730721133462
F124738,0.4746696856790142
F105208,0.48012245579713475
F117963,0.45997919027953266
F119238,0.4913871971053341
F106181,0.49486283753703025
F119735,0.4751397462815018
F122554,0.47517707899244344
F122008,0.4888132970518652
F111317,0.5018211402719356
F123120,0.4409997795133318
F114225,0.484421316194347
F121985,0.518332598409663
F110484,0.4794015090213645
F108430,0.47986763285833356
F115305,0.44952469681530255
F124268,0.4513853701769011
F119847,0.5006131472903755
F102738,0.47903452502605337
F109464,0.4610030364454992
F124522,0.5162169605953925
F103969,0.4481345757322981
F109225,0.47767805646213957
F115136,0.5133012842536636
F116931,0.44349282452084954
F122013,0.4671504046508995
F124436,0.44938928929362754
F104149,0.469709872554118
F110606,0.4717157479922625
F124802,0.4519287643910699
F104345,0.47784190584529707
F114672,0.4452833320086715
F119848,0.48264408955922483
F103290,0.49386544384690667
F104888,0.4740875522288672
F113520,0.4558815498243225
F119168,0.5091776832949697
F104655,0.44498265191393943
F100234,0.4947407810758994
F123659,0.4761164159800427
F121306,0.4598686461046834
F122919,0.4731408636902851
F119185,0.5023109382465232
F114557,0.44869415583195477
F120068,0.5052131236268685
F110255,0.4786359370062723
F114668,0.5226340151116335
F101784,0.5031067491259036
F123733,0.4396712396488046
F111087,0.5139125819280851
F108592,0.49858239428458
F110370,0.5134871315925249
F124017,0.4651092954824535
F102724,0.473681121482331
F100722,0.49843879388213114
F119291,0.5237531829053302
F104360,0.5316796264334595
F120415,0.4536914735839141
F104816,0.4875787822093488
F111397,0.4715249766178048
F112336,0.5100692808289836
F110568,0.4534516432301745
F106576,0.4868815098177546
F100151,0.44631879699946825
F110197,0.47405166407590354
F109336,0.4898141018860938
F124798,0.5072825625185451
F100162,0.47947535323443485
F101699,0.47557209488694047
F112645,0.5046228015760238
F112829,0.5131019471047641
F103331,0.46569757196960443
F120328,0.4623125016712214
F104367,0.5209202810931769
F114200,0.4934405200283065
F104673,0.4918404073808679
F122029,0.47269192282710315
F101404,0.4512783920889798
F109571,0.5055259642219158
F117648,0.504449421462055
F123171,0.5059601823176396
F106429,0.49247567812479504
F119641,0.47573890004542235
F100178,0.48116754825760677
F117139,0.4314870491519398
F109205,0.4581376841558351
F123893,0.4382728381550759
F100733,0.48303033609885665
F105491,0.48067371278932725
F110633,0.5694986868458505
F116553,0.4940116184336514
F105633,0.5105118709447088
F116134,0.47184471489185403
F121291,0.47802393105354396
F107773,0.45500933393316767
F108088,0.4872370100037842
F112707,0.5135103946710154
F109569,0.45649268349165234
F120566,0.4919777538739339
F123968,0.4888544842811117
F123283,0.488082909378963
F121506,0.49464791324746304
F118573,0.5015329951684633
F124881,0.49409233631429095
F103023,0.4303572628724386
F121534,0.4834547850462762
F114154,0.5047953400191193
F122007,0.47882164482103895
F104670,0.4540880843520005
F109248,0.4910651627320139
F110905,0.48482216081283297
F117212,0.5181813054915559
F121030,0.46334807769043557
F113457,0.46731740936357086
F109021,0.4845137413810372
F104306,0.464860869207634
F107503,0.4932863211052638
F119787,0.4746933328473356
F109176,0.48480768890911546
F119859,0.5169442356706034
F123185,0.4553896327480322
F117230,0.49720830257936127
F116635,0.4650003929838583
F111519,0.509503482897895
F104098,0.47203350358897167
F118801,0.4840521006147013
F116581,0.4974070067634705
F101213,0.4840286471378578
F124269,0.4654368287476796
F106830,0.4549933405607035
F104895,0.49941125174972306
F114121,0.4356351782453218
F105776,0.43311612519086434
F119536,0.48206482021061275
F122474,0.517317870880247
F111688,0.4869377126553974
F107540,0.4919190594203696
F112403,0.4574729364534553
F105677,0.5312801267238754
F124624,0.4178090540067582
F112912,0.42365969624202643
F108372,0.47617470836455633
F120719,0.44399020579270154
F104378,0.5605852417520676
F104813,0.5041107916268792
F116535,0.47647737436851173
F111736,0.48477992067887166
F106479,0.47707846539373705
F103242,0.4657375946090092
F107847,0.5072532467042514
F103745,0.4366261863911477
F118429,0.4545417573660681
F113004,0.4620013080185955
F119726,0.48948374974778375
F123790,0.44966330953064404
F100034,0.4939019994888395
F120440,0.4729654624353966
F120180,0.5014766419465179
F103656,0.49851241635465293
F112455,0.48755843323567466
F114722,0.46663512289753867
F112118,0.49919646623578373
F113876,0.4942581363986428
F118160,0.505854868301013
F107376,0.48020701826846945
F116340,0.4567663702178341
F122412,0.5523844244075231
F115761,0.4875915673359523
F115139,0.43534667364898
F119614,0.4149152742077836
F103980,0.4864599279475983
F117948,0.4210271460803461
F114958,0.4546195004246405
F116637,0.4959026429554182
F104803,0.48056906218658363
F109432,0.4733346220673135
F113672,0.4400566020745957
F109842,0.5080212021292779
F108896,0.4518388817439571
F107375,0.5294997721762429
F123387,0.4455677913225259
F109033,0.44953986145292063
F124376,0.45326206227544413
F115318,0.4583366388937726
F119660,0.4942534822315753
F121151,0.5024273514649573
F120631,0.5031766611097824
F114549,0.4946033938440348
F101564,0.5122279910721385
F124619,0.4739031799309682
F116778,0.4478325463259041
F101453,0.5162181892036803
F120928,0.5184463077446966
F114264,0.42545141904794587
F112329,0.4744449072748941
F101843,0.47642524646057166
F106051,0.5156799189756949
F115673,0.5023070126400528
F121338,0.4918942434012384
F102169,0.49233737919645576
F119965,0.5088703387909456
F112596,0.4950164654425379
F108499,0.44831410979984593
F115880,0.4330820436643621
F123734,0.4845450717243825
F107446,0.4902123807500757
F117816,0.4706028160119691
F105036,0.47496961150457656
F114356,0.47294935336312377
F104341,0.5188233958495965
F120665,0.48130891096167033
F117856,0.485672181614706
F114709,0.5100713909714367
F114293,0.49678060342488883
F104545,0.4842253541349038
F120020,0.4655943972558465
F116643,0.5151039870645573
F112763,0.4843574697342183
F106407,0.4716228632466355
F104724,0.4886101957856941
F118714,0.44607335638614903
F124702,0.48222891192475037
F117532,0.5041003435365464
F111065,0.5061716587611611
F101010,0.47551905529053506
F106494,0.4626960352021587
F117477,0.4638694991077627
F100685,0.4812567026946383
F118386,0.4737125156392366
F119360,0.4475674201218483
F105237,0.4797833437218613
F110277,0.47605632116373214
F111872,0.5150538259708125
F106074,0.4793886991975756
F117047,0.46262891780029886
F121491,0.4584647466139657
F121176,0.5203441810119286
F111292,0.4525234429776799
F123267,0.5309321345470088
F109498,0.4460338154834913
F118709,0.4775995691474874
F103696,0.4076643560157145
F116806,0.4992317185546154
F120702,0.4947063013322054
F104260,0.4653040352806629
F109515,0.4953394542212856
F121169,0.4807824530974385
F113126,0.4781984764582298
F110555,0.4445329987188023
F111033,0.4865982677616931
F107429,0.46988751090561187
F109347,0.497485401882094
F105088,0.5442919291392688
F101848,0.46530919569136636
F109353,0.5176374258194284
F119003,0.49026560897680166
F102969,0.4667645529944125
F122274,0.524281460282738
F104854,0.4531253030634363
F117822,0.5166908444492644
F107891,0.42796029566795535
F105037,0.48250412021095485
F112575,0.47444798439899355
F114509,0.4828605924246165
F106600,0.44566446806543125
F109291,0.4621823667399097
F100317,0.4916177880686253
F110155,0.47614318382096216
F106033,0.490641417759157
F108058,0.4520644371779293
F100261,0.5239871250575147
F124396,0.48677400303076435
F118697,0.5066175221260184
F102451,0.49159991214114457
F102538,0.48305835378867557
F111894,0.49810405912682026
F121146,0.44710535668245055
F119246,0.4735809552796959
F106764,0.48230023070228734
F117322,0.5119828097324558
F115755,0.4593802537401469
F113605,0.4194017708162234
F102710,0.44313323899784957
F119391,0.4946334312414272
F123996,0.5041811615822923
F111637,0.44939906874318747
F115162,0.49747283281182864
F107792,0.49857904504000006
F123145,0.4953839191350821
F114613,0.4469802646551405
F123044,0.4744551535452175
F106749,0.48527849019226027
F100836,0.44751211268080354
F114598,0.4732585224403848
F107653,0.45825115036791547
F116849,0.4358658357339252
F108605,0.44987105218784806
F107383,0.44730497901483723
F123911,0.46430487280395316
F111184,0.4910088075896305
F110214,0.4968544154154415
F123822,0.5171339100666712
F112193,0.5079268665654162
F120841,0.4928227225855154
F117956,0.5139090990379496
F124877,0.4517648056374729
F100062,0.46616598976119256
F101837,0.4891581406709958
F123424,0.47893611177489365
F120509,0.4801754810317972
F120729,0.48977794914849926
F108163,0.46139705877418563
F110580,0.5053610369661713
F102803,0.4869375608026421
F122612,0.4927410957858846
F104600,0.4678464608987296
F113106,0.4729569531433195
F101545,0.454722930262482
F121559,0.49422019489945795
F104337,0.5039000479121051
F122298,0.42559308616052155
F118818,0.47550736152608086
F121191,0.46974958495818603
F110094,0.4612962182760684
F117833,0.5186651327142963
F118565,0.49021108824916143
F105137,0.4733422368605488
F102304,0.4619557827159229
F101992,0.49417387521374506
F105940,0.4620567628332029
F120312,0.4464444783987343
F122523,0.49064272079966365
F105644,0.45447463045447145
F114930,0.4964261839031671
F102055,0.49562055095154683
F101865,0.4699134476512899
F113006,0.5135276016145712
F111517,0.48463503079936343
F107205,0.4537983868049159
F100281,0.47198843758568204
F106249,0.4279920003919774
F101795,0.4821746522709727
F123338,0.4955345854601807
F100417,0.4880062015597384
F107552,0.43191945226031525
F100421,0.47015703050314117
F122717,0.4755129877159462
F110029,0.46419857127359315
F116213,0.4693470073553822
F120203,0.47779545982278593
F121400,0.46824631006033013
F102410,0.46880442939368405
F113164,0.5044156091136912
F112430,0.5159374423372071
F110772,0.4849587111588538
F107726,0.5150220385719348
F115940,0.43641870449933495
F102875,0.4768211945518661
F119355,0.4493585483550852
F113306,0.5071283980870347
F105384,0.45794238629151235
F123072,0.4960607656929648
F109979,0.45088289684814464
F113891,0.4662031374515937
F109099,0.47882095040151834
F108435,0.4527566598297993
F123416,0.4626339098599515
F101919,0.49543151521725576
F101766,0.5217506973776835
F115238,0.526649012328871
F119887,0.4925521970238839
F118656,0.5239841858225938
F111062,0.46879987070651374
F124530,0.4595006206409194
F107975,0.49681626557196346
F104548,0.5198000708285494
F110843,0.5144040525602904
F110256,0.4625511793024098
F109074,0.4514254520357212
F124484,0.4629811211206107
F120196,0.4764154738527342
F104294,0.5419042117002743
F107467,0.4841132716765848
F120244,0.49805277720151403
F123187,0.4682882946343532
F112771,0.5002600014699553
F117023,0.4535106154353764
F119213,0.4581751054100262
F113098,0.49044853977293645
F116855,0.5011475578277711
F101306,0.460987343412812
F100909,0.5134076778924589
F114368,0.5326044387118917
F114371,0.5113235930161988
F120980,0.47372054769054966
F118550,0.4729766758182206
F104843,0.4884192379684815
F118498,0.5298459626775818
F104761,0.45100932282784184
F113347,0.4767798944017235
F110363,0.421842485141757
F102342,0.487409562683666
F102609,0.534543799405654
F114479,0.454835755391084
F108351,0.4641989295304804
F112614,0.4633644824461224
F112204,0.4836195954338885
F119447,0.4847783489682339
F109298,0.47384935002086187
F116652,0.50025164480107
F119068,0.4954012483199739
F105089,0.4985094799903849
F101636,0.49750624913962266
F106619,0.5460075674576129
F118108,0.49019003892025154
F112851,0.5028360042610214
F115111,0.4957738835973002
F111622,0.49254092853711356
F108793,0.4878895979174065
F118800,0.4883010103656849
F115275,0.46473231089968875
F102362,0.4898500213783153
F107284,0.4633064607081193
F120471,0.507533660506304
F123050,0.4885409911343935
F119940,0.48046275270013117
F121582,0.47479133342038804
F114972,0.4528974282730934
F108065,0.49460161927020746
F120580,0.46831993151954765
F114945,0.4658710591002054
F102408,0.48838925063264765
F110431,0.48723703516134065
F103669,0.5023164264886999
F123781,0.5374456016928045
F115715,0.437466359340056
F108380,0.4827486712420078
F106089,0.4658592811759761
F113793,0.473601771852639
F103269,0.5087384889933799
F110531,0.4477747111939579
F103529,0.45626887236618785
F109149,0.5146478708269687
F117568,0.48758049802279213
F122152,0.45250476029595194
F106396,0.46074855414276766
F101797,0.4890778156967337
F112318,0.4866747866346912
F103122,0.49174389512812444
F124064,0.4826771163528735
F118639,0.5046685413563621
F115913,0.5032015287433721
F109873,0.4739053226972379
F120091,0.516297526062978
F112609,0.44108244253142953
F114961,0.4787655414454115
F119734,0.5034384421224527
F114566,0.49573385858511404
F117003,0.4588154680831024
F105055,0.474623725428872
F102011,0.4675730650481594
F100934,0.5199163634641538
F111696,0.4445359178856704
F108316,0.46373188581265246
F115710,0.5036565677308454
F108210,0.48975675791669776
F101403,0.44758366151189816
F114763,0.4737770621379191
F103191,0.5298268642084835
F112148,0.5286085685176494
F112365,0.4924666397041162
F110678,0.4944477197908897
F108746,0.4836436935383666
F124293,0.4641179943138319
F109222,0.49183972244775104
F103183,0.44170012149247345
F101183,0.48707389668779494
F107095,0.4601913896025425
F110704,0.4778402665679489
F122267,0.5227162715020209
F101657,0.43637481744649137
F106951,0.49190208473512387
F124399,0.4908030506579278
F112526,0.519703036625382
F119013,0.4767940224102091
F117862,0.5172631073593216
F122016,0.4974487025731177
F119088,0.4622392788818129
F107519,0.4793264714098469
F122224,0.4588529848432881
F114056,0.5189735683388581
F106801,0.4861200513028383
F110016,0.4861874464864742
F111578,0.4638691936842977
F113671,0.4896506382431773
F100966,0.42902569881634
F121428,0.5085054283710447
F123633,0.49417225259499853
F102981,0.4915309157289893
F108192,0.4821652034007131
F106415,0.45575997954273423
F105420,0.5088156452372248
F102891,0.4418157038671802
F112864,0.49713147293155807
F119796,0.4656543356146955
F122286,0.5083419223218878
F111968,0.4770761380432473
F119271,0.4677374918892252
F121319,0.5374168003404639
F122989,0.4540093105289422
F110587,0.5579269309024573
F119835,0.48439239499022957
F113804,0.49745251132741447
F120608,0.4875930429077367
F100063,0.4773856770587254
F111602,0.4297478845832391
F107242,0.5014570465839288
F111447,0.4708425363035493
F106101,0.4790739018644311
F120610,0.4974856317658908
F111823,0.47950910482661596
F110848,0.44769013791371853
F104147,0.4931476285784958
F120801,0.4754945405129655
F108269,0.5149560293282742
F122035,0.5134010565592618
F102387,0.4901400194070387
F124608,0.5046807227373354
F117790,0.450946360651606
F104029,0.4990495265985712
F115235,0.5295009518271817
F110891,0.47209602973012166
F122291,0.4577345719683928
F114721,0.46676457878435357
F109328,0.47956133857001587
F107995,0.5233128554822393
F121056,0.498001075692692
F111933,0.48340973235910584
F117608,0.4824949256699179
F107155,0.5005613064595796
F108926,0.4774082102924182
F106237,0.5040325286866155
F112467,0.4555710759240435
F117632,0.44523020919580714
F101380,0.4875736820812322
F101621,0.4051443348140919
F115108,0.47352588283466035
F122264,0.4714104015126181
F100303,0.4902939737829423
F105445,0.5084538052553096
F102267,0.47118727360913387
F119046,0.5188709387933836
F122308,0.47154052831539656
F107153,0.5224459593056593
F117843,0.44518288786275045
F101910,0.5116375091032943
F114196,0.5305992760217801
F105769,0.4698091410666294
F119541,0.4766094378423173
F114088,0.5114986708505379
F115915,0.4795041558876761
F119736,0.5118039802782829
F111740,0.45801583502051124
F114594,0.48312899694783834
F116558,0.4684099142874583
F113078,0.5209098446307759
F100369,0.48151100770373456
F110194,0.44026217051459404
F105193,0.46610451562450794
F124542,0.5252405516045233
F104589,0.4846928970723175
F104361,0.48693835743506214
F116568,0.47789511292157927
F117695,0.43690025358174284
F104183,0.444096553504621
F103675,0.4566996255551538
F102368,0.5068294701372397
F113625,0.5015290428123257
F118503,0.49363565497233575
F122740,0.4934248343815403
F106321,0.4595059039496088
F110321,0.4846788588776835
F103934,0.48727624857054097
F121797,0.5071205883052811
F102651,0.47290026367198634
F120766,0.5146126373829397
F118858,0.504691327615464
F104815,0.48439251657541665
F115827,0.49712907146694235
F101686,0.46452052862771415
F114701,0.476525406599169
F114078,0.5254726401445452
F117801,0.4670562843258992
F122684,0.46866874412474646
F123855,0.46461214626248615
F108565,0.506889404524776
F114810,0.5173338691094689
F105579,0.4942560484034197
F106859,0.4724667332410494
F105364,0.4902401201362657
F116307,0.47373248797465406
F121889,0.4903144068342236
F122442,0.4750691211584397
F123936,0.4987368914758769
F121631,0.4896979853013594
F117055,0.4983847608859455
F109654,0.5063644546840359
F124546,0.5096965034915816
F113811,0.4653122345056197
F118936,0.4840401933441348
F124526,0.4585352272987373
F116075,0.4566293060450657
F117880,0.48444842575202357
F100117,0.5148756476207008
F101966,0.48715952638176757
F114404,0.5154415682951663
F115372,0.47757245063601167
F109898,0.49815649880829127
F113034,0.5046905209894541
F111045,0.4804642664851454
F109096,0.5330481125317419
F108596,0.47037736157889726
F119689,0.4756668695685981
F102311,0.471273607200087
F108047,0.5187338941435522
F116621,0.4790880020391805
F101279,0.5212904584066667
F102314,0.4804834022680675
F122908,0.4598088579732106
F109229,0.4923873639372204
F111778,0.4360214251008983
F124529,0.49372004236513556
F101674,0.48201723955151726
F110878,0.4977464280516281
F101942,0.47554947778264955
F100662,0.4451328641766514
F114234,0.41899444106955924
F119443,0.48045884888221996
F116400,0.48464841220906285
F106975,0.45314578680632484
F102758,0.5207615984244043
F109727,0.4390300111577318
F107258,0.48213429455529105
F102979,0.445382237504921
F115578,0.4812069230349117
F107711,0.471938765544308
F103091,0.5268127024972408
F117680,0.4780260600866259
F101508,0.4648526746778756
F115284,0.4906654254796281
F109277,0.45983433918026984
F107648,0.4854980908023002
F102072,0.4579629380612714
F110092,0.46939984462976636
F116611,0.502054737069032
F103080,0.4735951145723428
F101913,0.49565832342749466
F122131,0.48106228275122637
F124057,0.488686484280011
F112930,0.5234036423790018
F105262,0.47846618762508014
F117660,0.4909182596784328
F102962,0.47835174542366476
F110450,0.5336884407091551
F117292,0.46135313070558975
F100124,0.49403023179222094
F107355,0.4647800026461943
F100676,0.4855188236317485
F118568,0.48454908564742716
F121315,0.4863822773902836
F105243,0.5141422994760579
F115486,0.49598443979293677
F105536,0.45742444029029083
F122476,0.46811352459184163
F114635,0.509506123362334
F114860,0.49409423627393956
F120946,0.48139425708799516
F107566,0.5098795238468301
F113521,0.526149389513752
F106032,0.44511690747323274
F100430,0.5234601927492754
F108705,0.4608618755734739
F114616,0.48303027247090174
F117673,0.5027953019953675
F111701,0.4353306028755151
F120700,0.4554703856262645
F123090,0.5045357058192143
F115296,0.4741975802685097
F119856,0.46262635429448007
F105403,0.4938120329959168
F102948,0.5162479837764724
F119484,0.49262661478578984
F111890,0.4766916264534908
F120961,0.4613877084869512
F103322,0.4862710080190849
F101204,0.4510287840299411
F100381,0.5093745523605371
F111363,0.4547140123431988
F108761,0.47077059444905617
F106107,0.49018361089558005
F101048,0.5048417250082743
F113832,0.5173470933608935
F103620,0.4872335592559531
F120874,0.46825037407534653
F108396,0.5294219941351441
F103921,0.4914959038248169
F114217,0.5117714079089398
F118553,0.5037936256507874
F102942,0.4917405926038657
F111745,0.45633303640290135
F124294,0.49720376386297827
F117821,0.4860116844494298
F102501,0.48987233114786694
F121007,0.487501108404482
F109120,0.5052963958558472
F124906,0.5004337111110893
F110934,0.4918813390997024
F103892,0.5164091244335361
F101988,0.4367075991174786
F117297,0.46187069503649236
F103333,0.45554117545238887
F124532,0.549852371198431
F110317,0.4743043241630649
F101326,0.5017116746296714
F123640,0.4971541597877506
F122450,0.5209773098313613
F121658,0.47430655102612707
F105792,0.5145890667217297
F104454,0.49624333711226926
F120705,0.4733543459636714
F111750,0.47617520016777054
F109324,0.4782799996558549
F106103,0.4460541549790316
F107508,0.4879474844837108
F116292,0.4581204476682205
F110812,0.5127738288631021
F118252,0.5006428596770031
F110876,0.484806075945015
F115199,0.5157588557313308
F111179,0.4994335501993604
F124475,0.4842939111363637
F103147,0.4593767916553128
F100344,0.47826485327237617
F116474,0.4724001572445888
F109615,0.446225320894289
F108437,0.46017784766828274
F107824,0.47302269584771
F122006,0.47055824093339776
F112927,0.5067713895585877
F112746,0.5002477092910789
F110474,0.4787783222038267
F124709,0.5131178190238935
F115106,0.4806175813930684
F123513,0.4522128247305005
F118216,0.48463879443619884
F112998,0.4956520806660898
F105529,0.5161278898059494
F108501,0.4979591123163684
F108282,0.48879371279172196
F113583,0.427800327924931
F100574,0.4896325830785356
F118499,0.503731616792028
F109104,0.5006908179340687
F122637,0.49101599079863323
F122437,0.5068990560694137
F124901,0.47928241703001256
F106283,0.4783957550319614
F110003,0.4739792288326994
F124217,0.40419644652054443
F101199,0.48803804441413523
F102781,0.48904977085242
F110469,0.504245718593774
F109133,0.5119055330652199
F124950,0.5029480324663312
F120339,0.4627099785941685
F105887,0.49140639251685736
F112225,0.4492344950546391
F107370,0.4637104032262181
F103559,0.4607273349793411
F107478,0.434531427139122
F104308,0.4658429652428762
F104732,0.4789128155567706
F115187,0.44223605713944963
F118012,0.5043487183783809
F117228,0.5028227739644707
F116614,0.4942827527286169
F107910,0.48160086191248414
F116998,0.4455703235091952
F115046,0.4680645030829627
F110361,0.46603475269456585
F118665,0.48785169317598615
F109652,0.4778745777588819
F114497,0.44883809491704957
F104957,0.5022452459184656
F101949,0.5057575848546534
F123522,0.4475428326522677
F117038,0.4810312615782893
F102234,0.5167255687507742
F116997,0.48429133823318815
F107715,0.5381901040687159
F106209,0.46638013093405783
F114631,0.4867763927320785
F111047,0.46009851038109545
F107722,0.5449705988869853
F123629,0.4811122428963477
F105307,0.5298329366330574
F100276,0.4934102878025197
F120474,0.5118443639373614
F114160,0.45011938069475543
F110975,0.44799277820639943
F118874,0.46994749515104833
F104088,0.5378879313549929
F100779,0.4674085218643151
F109610,0.4834682634220878
F102568,0.5303490817036838
F122318,0.45169669769646764
F107513,0.4536700171619834
F121989,0.4926864607016316
F105505,0.5161547796954354
F116533,0.4742136654133093
F106849,0.43033953289521903
F106802,0.48129020497917363
F124883,0.5222983824071783
F103571,0.4925535832446459
F112567,0.47332331473276235
F113994,0.5031251175846987
F122663,0.4791891480774078
F122659,0.4507854474398535
F108701,0.4703326131517096
F102880,0.42442615116595234
F108569,0.48546012451075116
F121717,0.4286975356012856
F109974,0.49240956594075225
F120370,0.4981849168077257
F117473,0.4435405793438141
F112693,0.43824728008098934
F105000,0.45307250030204
F100285,0.4771837973717741
F114122,0.4475271720045228
F105751,0.46298912961215066
F107788,0.4763727739911212
F115467,0.46787445435753955
F102622,0.4786908320791428
F107899,0.43355523815441016
F102079,0.5288678196310644
F109416,0.4908901431274301
F104238,0.4634360269759245
F100461,0.47565315478532605
F112622,0.49992843780771373
F110160,0.47307633004183386
F112915,0.4838916301420797
F114018,0.4539241346285416
F113896,0.4869224863190415
F120170,0.4887226860316644
F113854,0.47447463466624246
F103818,0.530216876770967
F106810,0.4208410737697093
F113124,0.4624937881289301
F100838,0.5196247005883706
F102996,0.46569913094024057
F115842,0.525437198318615
F114888,0.4381162610188568
F101293,0.5045620371758425
F115443,0.5023269694972534
F107521,0.5121588269115436
F115413,0.5144006763124123
F114250,0.4819722422279281
F118786,0.49151443182103194
F122254,0.500840652213672
F121689,0.46802284371004577
F117848,0.4956080679359558
F100852,0.45207439951557743
F122845,0.5056437959601827
F123435,0.4802320205641811
F111311,0.4985195157869256
F115693,0.4799821160837235
F114977,0.4637152416895859
F104897,0.48243419517047426
F104821,0.53390547378906
F114993,0.5156645159622923
F100904,0.443139919680344
F103244,0.531369850299865
F107784,0.4767907373981409
F112491,0.44294173853327407
F116895,0.4650516827917057
F100545,0.47114428703639943
F104812,0.49792528855253193
F107098,0.4502120256451283
F124363,0.46294292208398335
F116584,0.5015096759805531
F107171,0.5109586060255701
F122313,0.4843382376552661
F106383,0.44492605124457857
F104226,0.47971425258139305
F115928,0.4202703361261659
F121080,0.4737853155192424
F124138,0.4726175447927013
F112198,0.4790432537788252
F103361,0.4859626814014456
F114204,0.4891595370419585
F117323,0.4554587674508363
F108519,0.48567147362198615
F116883,0.4545228493564556
F112759,0.4574608955390526
F111901,0.4848817948241271
F120650,0.4548851887445462
F103826,0.5266197709959803
F112527,0.4750260130011485
F122498,0.4959102812616564
F124072,0.5155593124219124
F103159,0.5104759274774697
F108242,0.4942314253037948
F119219,0.5170047183536829
F120620,0.472663593141761
F116601,0.46194818438902
F112813,0.47762934393438056
F121489,0.4597582273532306
F112435,0.4688447688075974
F113841,0.4328398908063868
F106438,0.48613531444263064
F119840,0.47308448549065585
F114199,0.4591836763191548
F111612,0.4790225069919253
F117617,0.47917844775621904
F121901,0.4764172117123191
F108459,0.5212708737953318
F124668,0.501503161241853
F118354,0.4775209419522652
F100578,0.43795133039467654
F104874,0.4604847250427679
F108094,0.4832341905026346
F119640,0.4832661329115892
F121313,0.47272196831142826
F108467,0.538930419530622
F121072,0.47384231869964133
F113024,0.5158206845568639
F118961,0.4247086059640001
F112331,0.4603273577011953
F111393,0.449552998593915
F118824,0.49651831163817134
F104630,0.472010223064108
F119694,0.4771861383800923
F115168,0.5240920371642186
F113160,0.4816608261510655
F112047,0.4830854623049617
F119427,0.4685220919944599
F101595,0.5016201127042602
F109179,0.49505532839196775
F100275,0.47593919365584086
F111079,0.5023133726565829
F109465,0.4737744886919189
F112919,0.46684338813401954
F124460,0.4251644045770445
F115813,0.4977306202918259
F121070,0.4843469347626638
F105662,0.4582770094649079
F109958,0.48053490083213046
F114149,0.453748519111075
F114380,0.48595785815863646
F111485,0.5016607524998282
F101685,0.49919819467525917
F117721,0.4563772562914119
F107967,0.4671848260244294
F119972,0.492249793844244
F122321,0.490939673931289
F100012,0.4766250869036807
F119093,0.5276092791270875
F100667,0.4779887930385981
F110167,0.4644471133228733
F123985,0.5416766472856253
F123465,0.5084695231934959
F123655,0.4343698357395966
F124835,0.49097682491441336
F103445,0.44810216765525207
F115195,0.4750778803679918
F120478,0.4435571532244823
F101017,0.5164671671629407
F124732,0.4916270861089183
F110965,0.4650248692403613
F118844,0.5343140262889636
F107954,0.46548043630879704
F111156,0.4511246031349129
F100623,0.49865845628351535
F104855,0.5098708721955314
F119661,0.47283944863969934
F100599,0.45771865742628276
F103358,0.4954483780724365
F107994,0.5280903179539448
F117248,0.44624522027110824
F103476,0.473865685877855
F102399,0.5193703857767281
F119623,0.3991077832968909
F111593,0.5087628128409418
F122377,0.5180380714955758
F120253,0.4906017512833202
F122347,0.49408212893930464
F124561,0.5087517528724208
F108281,0.4643421059154235
F106031,0.516577659606499
F112641,0.4813109630171839
F114279,0.48585244984621045
F114552,0.4673766007052973
F113767,0.4548169036754111
F114432,0.47914105891160275
F106840,0.48779965760835176
F107323,0.46132048332649106
F115626,0.4635321880474231
F109540,0.4945852444637971
F114980,0.5097308564375528
F118205,0.5223985091775271
F124755,0.4891014399628045
F115152,0.5263388017498389
F101796,0.4534870645027276
F113981,0.5011723917574549
F112050,0.45731023981306135
F119564,0.45042199262796045
F116438,0.5154675343772546
F109893,0.5118339396564996
F106047,0.509527468034844
F102657,0.4780250141415417
F111568,0.4519964759260587
F121907,0.4880780973261052
F124040,0.5067634372954026
F109261,0.4469389776829047
F112642,0.48282641144120303
F105759,0.45011745732413017
F120095,0.46598866003455125
F118721,0.48833049081057206
F123330,0.47670936725793306
F123851,0.49340736474361657
F124150,0.5310679748379339
F114705,0.5190274986772289
F101299,0.4243329468465135
F124749,0.4561468088704053
F115566,0.5270444667580135
F104414,0.48604616066167833
F103154,0.46623831806409666
F117644,0.4501256650331843
F117213,0.47361553624921926
F103504,0.5171218851217544
F109589,0.45367293108601786
F123196,0.4909471514445733
F119529,0.46574358512841973
F116689,0.4445593782990047
F106997,0.442558745201389
F107128,0.44410461026270515
F116356,0.5054273919765512
F104563,0.4877019985252561
F114657,0.4593421378475164
F115824,0.4479311342400432
F110572,0.5058485906932102
F115702,0.5375141704496678
F122399,0.42698424268117646
F110201,0.4805646095611257
F102157,0.46592632810498136
F109472,0.5224640056887411
F103211,0.49416698439301243
F122265,0.468256769421475
F102927,0.46393126329020223
F111582,0.48171767847652786
F121411,0.4596806723834421
F114336,0.4652233837624913
F107007,0.5061403505481542
F111569,0.5038382448612703
F105846,0.4356452674432078
F101168,0.5055870921198514
F115923,0.49572404212913745
F102593,0.483901429539751
F113640,0.4707292377665618
F121066,0.48746492371663747
F124919,0.47101695182314257
F114084,0.5060437415144003
F106809,0.4379406541456716
F104024,0.4898319190839769
F105616,0.47504952046870436
F111082,0.45321196885121534
F105244,0.46356285219387056
F111099,0.4512928651259505
F109961,0.4716680592254417
F103033,0.4880984325485111
F102794,0.5063362772840789
F112356,0.5100287567943521
F113831,0.4594549011415555
F104280,0.49710353123314205
F109521,0.4498172168133595
F123888,0.4858134983968991
F112485,0.4049847895234366
F109273,0.5230978955441598
F118391,0.44757017900318014
F103822,0.4295542710171566
F100116,0.5459231118903011
F113084,0.48680724069785297
F107233,0.485861177379369
F107585,0.4835891428177224
F117529,0.4702706968428698
F121589,0.5593817804343975
F103116,0.49115695432517265
F122459,0.48828240666215755
F107724,0.45399146221914216
F117749,0.5014471318888727
F116278,0.49594846439428264
F101629,0.46013281511569293
F101577,0.48074060975215227
F120763,0.46955963649849747
F112218,0.45320161971297646
F108583,0.4681366302511666
F103258,0.4805908200333362
F100848,0.4603411032285889
F122727,0.48736894334685416
F117009,0.49978601624789415
F118990,0.47280709409312743
F104102,0.4632258471181281
F115599,0.4644116339859577
F118788,0.47240515427685287
F112935,0.480365972689207
F118331,0.45523590811425624
F114359,0.503690333857222
F100246,0.47610366014797395
F116622,0.46063972289732696
F108938,0.4549411310522503
F104396,0.5029827194234102
F117056,0.47877709863567125
F123896,0.5180325699250571
F120726,0.45925907136908917
F121823,0.491739502832587
F113548,0.4489014305803762
F120616,0.46854617544269045
F116391,0.44675282587261617
F113049,0.5007667726996726
F113818,0.4809176872401494
F110072,0.48314567529220004
F109588,0.4679088061239399
F115906,0.4645039012162123
F120576,0.5155423465809725
F118413,0.4991341170888769
F113174,0.5066551104494238
F108700,0.4944703011839398
F120069,0.5057521076666548
F117480,0.48330280857498453
F117064,0.47705479275776064
F112404,0.4366340261362293
F112863,0.49440883980685485
F103935,0.5073136254095302
F124344,0.4932976554923651
F118087,0.4932754002722672
F107237,0.48562760197346294
F113866,0.5042120127016032
F120676,0.4741593122654976
F106787,0.49176253911295986
F105649,0.4570684013229427
F124100,0.427821607070853
F115945,0.5122033931906892
F100441,0.4963695233983181
F102525,0.5134270637171751
F122088,0.496736644084105
F118867,0.4733509210990738
F107232,0.39948503195554697
F102769,0.5054029364600151
F110807,0.4912831987879258
F100438,0.5343162967586634
F121910,0.4488977883506918
F111480,0.5063862513363441
F123340,0.43833508438259017
F103042,0.5069444938678834
F107596,0.49124230124690677
F115776,0.47683449368385067
F102502,0.5065043803540417
F111318,0.5059910201689283
F112062,0.5107533303050036
F124792,0.48255304539180977
F122966,0.471487103644811
F110465,0.4666789759296794
F116038,0.5174296305351901
F102188,0.4871117539475566
F122326,0.4491235835990032
F114610,0.49205967137235906
F112674,0.4841818362749595
F113381,0.4315580122090032
F115351,0.4839768929282163
F100891,0.44280420386566993
F112199,0.45016085868234645
F119698,0.4225777884225326
F123440,0.4700268540007825
F101164,0.4931265615567935
F108790,0.43430082648983004
F109130,0.4969867705881162
F123152,0.47228810511184754
F101544,0.4825354018589325
F103474,0.486928326506638
F109574,0.469583924196111
F121431,0.5127896964008101
F114966,0.4844166989903889
F119928,0.4936221003428762
F113901,0.4704260600107896
F100133,0.4846159079901036
F114828,0.46241036084025
F115554,0.48966322282812497
F105903,0.4757180524983396
F123392,0.4810902048523622
F109145,0.48928241653830407
F105656,0.4752402019651567
F111280,0.4976114125700741
F107504,0.4588864822877272
F105564,0.48097318518546117
F106909,0.4816904586686867
F116486,0.5088702344649529
F124281,0.4807450881459067
F111436,0.49110661617711054
F123782,0.4828443331032062
F107371,0.5167930954524557
F115651,0.46747317404826494
F116494,0.5110137412164771
F108845,0.4137136220124122
F115890,0.5152128494343214
F119552,0.4825006334374541
F111516,0.5280854091791364
F112465,0.48995213725349035
F100643,0.5156698086237098
F123291,0.4513577799488829
F108470,0.44769651496802404
F106417,0.4699146048277853
F103424,0.4988350603230455
F119908,0.4669945222467808
F105719,0.44311623220811613
F113530,0.47184705262191246
F120259,0.44909108404636244
F101281,0.4456038303266966
F111685,0.4327542942102986
F105203,0.46565237481114213
F107678,0.424102537419541
F119335,0.4953728081777511
F103601,0.4655680394962447
F118229,0.47558581721372867
F116112,0.5155495439740588
F111818,0.5118294133560789
F105707,0.47033504598331843
F112311,0.4733702980030095
F115246,0.4331141566745336
F103359,0.47653067673663824
F120089,0.533425506410835
F120875,0.5111657760718674
F104362,0.4326988602434394
F114442,0.5336550523339705
F114182,0.5222141455529611
F110118,0.4731158518635847
F106175,0.4220462196177529
F108537,0.543823883974552
F103204,0.4578977270174559
F124978,0.4980775460579415
F122021,0.50859898598456
F118039,0.4545691101352238
F101238,0.48188582334524793
F113274,0.4755312061322057
F104550,0.45779799376957075
F101330,0.4700238034571407
F116399,0.47953642591140705
F116644,0.49235341072960515
F116854,0.47186647072480237
F104164,0.46434447968071163
F116185,0.460160590492534
F105730,0.4596689412801265
F114152,0.4465271773390307
F111128,0.45802447710899175
F108709,0.50067918961342
F115912,0.5020360629943373
F119894,0.4615383854342607
F106493,0.5031815678881033
F101189,0.480758854890225
F111139,0.5035572837647885
F111006,0.47776053856807804
F107577,0.515506506188551
F117510,0.4709277496131886
F120494,0.4946458779476301
F117719,0.4693230879912786
F122879,0.4655714302167543
F107625,0.503412695917506
F105437,0.4575372196066863
F118010,0.4813603292039801
F116881,0.48860803504674055
F100187,0.4935669702091505
F121376,0.49045865475409073
F109587,0.5146445723108602
F103688,0.4611374073572338
F121488,0.47976374701742236
F117629,0.49817301146264914
F105425,0.5109547978358225
F121404,0.4824630504490265
F118337,0.44355022548708156
F104030,0.48857363645637975
F115256,0.4516793091583673
F123740,0.4940390841412009
F109670,0.5032110329356049
F110823,0.4861416281930295
F103197,0.4597775862297066
F115021,0.4435760879880994
F100459,0.43265179859648045
F122047,0.45169032560537337
F113025,0.4701179237631192
F120777,0.48523481612950453
F102882,0.48064626599866306
F105070,0.47997516650330035
F114682,0.4807519795459775
F116192,0.4856528655421728
F104397,0.5177553813962349
F120524,0.4848266067725838
F119934,0.45805401239569044
F110929,0.45498221820433815
F102859,0.5035081659097159
F124754,0.4561605304785461
F101087,0.49314804298582593
F109233,0.4942353641002566
F112119,0.42315886832753014
F122242,0.4668492300386593
F120785,0.5478338580234348
F124559,0.5004463030614233
F110824,0.5131904418335325
F118459,0.46359192939557364
F103051,0.43276376345954576
F105150,0.4772220190288296
F124944,0.45580676240612567
F103363,0.48606101726510703
F101489,0.49049745235670744
F109369,0.48421890804688605
F104904,0.482571857451825
F111766,0.5040954535920324
F111931,0.4958822410605125
F103979,0.46219067720618007
F110559,0.4789199392005966
F122549,0.48108328225203606
F119047,0.4385697784588684
F106513,0.45371358089086117
F100803,0.4516808550534213
F110961,0.45558701845306426
F107236,0.46051975868854145
F109756,0.4832641200307763
F105762,0.44920711267352365
F110064,0.45849042117747363
F117417,0.4671757522667893
F100074,0.5226897770530733
F109326,0.448454346621992
F114621,0.47000965160253627
F104151,0.48059462026691274
F118524,0.46633417122749765
F103836,0.4414488553430748
F113787,0.5228138790693898
F105820,0.4967906676947286
F103783,0.46850793077124586
F108993,0.4775111331048026
F100775,0.5347334417022037
F107481,0.47006219050625925
F111112,0.46086605719043716
F117751,0.48005690638061604
F112203,0.49072473517203097
F111119,0.5006199909626943
F117114,0.472133614159987
F111458,0.49375858802419004
F115086,0.5235788389011765
F107349,0.45115918129871524
F103152,0.4705181606748265
F103723,0.4592544026187052
F110188,0.44733707642104953
F121282,0.5047577671027619
F111781,0.4864442966934256
F110537,0.47927606718868376
F114249,0.4456474218131013
F103527,0.49986643369643435
F115596,0.40902667107347074
F121388,0.4839795678379408
F104942,0.47600090876338924
F116910,0.46582848374123215
F106905,0.5104006686285202
F112994,0.4999714203317041
F120535,0.4912965879891666
F105123,0.4576172181564162
F114679,0.45259289315631823
F101779,0.5018622331256829
F118270,0.5172365505350247
F123714,0.4836822488215678
F112307,0.44700627263975123
F115870,0.5094100589501999
F113144,0.4095393420956316
F123133,0.4751021540464527
F114349,0.4643957585502987
F121855,0.4369901101157681
F111044,0.46764469299497163
F108224,0.4536460119054133
F102671,0.4863547615349059
F113859,0.4785723926323265
F120245,0.5016115201843525
F106290,0.4700973179075304
F105685,0.49951884327675566
F105097,0.4750484400077188
F110498,0.49977143498563864
F106123,0.5002981646424854
F122927,0.4887891313331082
F115219,0.45869258501657373
F101377,0.4925091787185594
F117468,0.4922031616052645
F118829,0.49289387881800795
F112690,0.4839537501492775
F114255,0.4571776417688047
F111474,0.49543314482558415
F121971,0.48806489987055024
F108844,0.4793578462413148
F113348,0.45676799455255035
F104569,0.4507547102790534
F120611,0.4715708112226029
F113173,0.49645571520343473
F118633,0.4859271538344425
F104251,0.5303730559057991
F104671,0.45369606706673277
F123798,0.5151496986888274
F116010,0.4869907386214517
F117979,0.5293920769882897
F122376,0.5111851674912664
F108669,0.44798451999395655
F115302,0.4592949824043179
F122815,0.4736903250048045
F119004,0.4849219420617499
F118644,0.49909845753104315
F124540,0.5257264287876022
F121332,0.45437075590763926
F109027,0.5092795317166403
F119425,0.46979168406259786
F107040,0.46717803395673735
F112722,0.5205941336037176
F100681,0.48448880740823436
F120514,0.5010648986370217
F101855,0.4684990253791495
F123344,0.5007621369353207
F101123,0.47171393492194463
F108986,0.4657681125389608
F122938,0.48525049535652
F116817,0.483036791408064
F109201,0.4671589292077251
F103697,0.5574379416147136
F115502,0.43313694820051457
F118720,0.5121821986982614
F102464,0.5327355595560122
F113800,0.4717574667141417
F119446,0.45875717119324166
F105054,0.48444170017441246
F124894,0.45976640661135243
F115433,0.4678969578312669
F119757,0.4377395360730256
F120112,0.5007563056450133
F118927,0.5065285411039577
F120805,0.5046544934004386
F112273,0.49196625815454664
F116197,0.4676111570320773
F114863,0.48329719951942657
F118241,0.4724360528434835
F119729,0.4975966877642441
F122423,0.45052314016284
F105359,0.48094192290181054
F123129,0.4849017581957601
F108755,0.48565824113218997
F109675,0.4523003481950343
F110349,0.4502873794960659
F120381,0.4790496331218911
F124501,0.46910196227077494
F104682,0.5161273515116263
F124009,0.45456117448022554
F108849,0.452328228966819
F115855,0.447419801681808
F111929,0.43025599410009946
F116938,0.5119456925752705
F113587,0.4821256516089769
F102665,0.47275177236864474
F106210,0.5073284337302686
F121703,0.5134053518323898
F112925,0.4802402911585764
F116899,0.44479742197553546
F124171,0.5204135237248861
F124990,0.4696596018249249
F120039,0.4488496676313618
F111382,0.49159184877865053
F108213,0.4601837705499812
F107820,0.47595608556990016
F115509,0.4569466741551224
F118349,0.4684726669266689
F104318,0.4248566761055019
F118304,0.5197230516886792
F111005,0.4825974323659575
F106972,0.45128646342919576
F109404,0.49812848997563985
F124981,0.4768163055571611
F122758,0.44289401464479194
F120098,0.5207676269923898
F111347,0.5285693449327846
F115655,0.49496445791572025
F121415,0.4876512141664091
F110492,0.46949371248898125
F106495,0.470383562721154
F120074,0.4970552641982368
F102440,0.49048722121319827
F123489,0.4653410084307847
F108096,0.5298980000480199
F108872,0.5017963666514428
F119904,0.4787674451706602
F112636,0.5228075201709405
F106662,0.46998108782726983
F115898,0.4836312991168855
F112108,0.5201564546101464
F121024,0.4924403625433696
F112774,0.4773115566499409
F111413,0.5114412306875474
F109759,0.4983688068635365
F100772,0.4720821508912225
F112389,0.46772962158507875
F122276,0.499822069278906
F105336,0.5005704277547133
F101607,0.49234680873216546
F121295,0.4789390525948284
F124818,0.4955224587280463
F112531,0.4918553278326355
F121503,0.47919956254684215
F113282,0.5054456827604861
F106428,0.4529216061417565
F123390,0.46782244257056216
F100274,0.4629501930657477
F123460,0.5088663859701272
F105884,0.48973370654493714
F116602,0.4981439546196136
F101451,0.44299190857619675
F105282,0.4898811729824448
F110639,0.48760100964592606
F123126,0.48956554708379607
F122571,0.5059322258160317
F105726,0.5257334126697571
F121789,0.45470944570862704
F117998,0.4577592983193078
F101634,0.4652783871874271
F122216,0.5009631540967058
F122406,0.4833926457858752
F101560,0.48327408830599183
F116183,0.45040985382212084
F120127,0.4335450532558467
F118436,0.4800509567445355
F113853,0.4957717567405718
F119350,0.5455628840178325
F121868,0.4882949072954112
F118879,0.48012583569857553
F112708,0.44590619961826183
F109637,0.5365706581261204
F102757,0.4638189130438098
F124866,0.4215554211267018
F102873,0.5011392027526724
F109215,0.4966279712541308
F123681,0.47800980945194427
F117392,0.48353196190451925
F104750,0.47862508659518593
F117615,0.4526684046812645
F106295,0.4919415376695013
F104877,0.5195764957756512
F101582,0.42101853219632007
F119339,0.4794841973936197
F121141,0.5096795876400945
F120774,0.43179513976859174
F114494,0.4756569402015542
F122672,0.5176450053574196
F120362,0.45750981326488094
F110151,0.4380788320755582
F108911,0.49678041416502305
F118926,0.48112917547846884
F117352,0.48766043467316794
F103991,0.4643316581312337
F107315,0.47052064368767826
F104856,0.5053754882954646
F123322,0.5001814432597206
F103486,0.4822394805834847
F110563,0.4552982295391157
F111624,0.43611119049479585
F121013,0.4349576709366839
F114715,0.5226757389425329
F118999,0.4680216255089933
F107957,0.4888102335219938
F118045,0.48143359423474724
F122002,0.4917912559985036
F103326,0.5003042295686442
F110651,0.4710057813918243
F121518,0.45138747847401034
F104349,0.44765830084096725
F121134,0.47287950336931994
F114934,0.48062779343747114
F102900,0.4995124141818491
F113777,0.47928313940468764
F120023,0.48376832096837247
F101205,0.49260937461901516
F115040,0.48534988048096384
F123546,0.44377131178659623
F108218,0.4877035061958105
F108033,0.5134762281406828
F107014,0.4875697707942872
F121079,0.47449511021776847
F105514,0.4279960506801046
F104662,0.4410819225303488
F119205,0.4636985911940452
F123188,0.5002480655111099
F112304,0.48466840421366
F122885,0.49908862941808485
F124825,0.43801712181665714
F104777,0.49715168351835387
F108969,0.4813046005940993
F116859,0.5338692730792858
F117296,0.5181515437749992
F110562,0.5309356437716941
F122435,0.5191522308847192
F114589,0.46301411323368497
F117083,0.5096804040268286
F103683,0.496498456758122
F120173,0.517910569338015
F107869,0.45426167373063026
F109736,0.5146740021423971
F115522,0.49202491268871884
F113163,0.4611730023239151
F110841,0.48778937125011257
F119566,0.4674898942170934
F113638,0.5028476601793529
F116398,0.4723239724307509
F109054,0.4589865199372207
F121206,0.4957720674795302
F114011,0.5145380395621368
F108561,0.4965366995130072
F112178,0.4810280032004361
F103775,0.48005168128829995
F117690,0.4780792883262876
F110297,0.5021283822025226
F109301,0.531162243366898
F113691,0.4672742703899866
F108570,0.41580436138633237
F110817,0.5239190314691851
F102335,0.5165358801430403
F107243,0.5259514375280047
F102543,0.5048389557893436
F112852,0.47266246350513963
F124523,0.4778365439626499
F117169,0.49819970925430984
F122369,0.5063308345843008
F121303,0.4463361064210852
F113914,0.4958139033685917
F105755,0.48900104902466984
F107263,0.4860690806599503
F118103,0.5301762825206114
F114588,0.44873594809058304
F118190,0.4866015215894751
F113620,0.48011269339367774
F112699,0.46152898859437935
F117741,0.48845100355574883
F112564,0.47855541223425785
F108405,0.4747029273088407
F101225,0.5269106824392081
F114620,0.46082942430043516
F101537,0.5092862659668365
F112840,0.48050588985352544
F124469,0.5460129659016535
F103839,0.5051851817696672
F102778,0.4346169477139313
F100456,0.48747208773805034
F102175,0.5228207993429281
F102961,0.4790886966120784
F110479,0.5013196549181916
F116285,0.5054126375777312
F105600,0.4861348291774878
F104202,0.4698571788379871
F107740,0.5036032933778195
F102813,0.5095194454241659
F109985,0.46385832558313894
F121652,0.47702646902741785
F117217,0.48447081043504675
F113204,0.4982463721620765
F123432,0.5033157370704819
F124423,0.5345138308031971
F104231,0.494244324537143
F123691,0.48134603539766874
F102716,0.5209275777318781
F115196,0.4819127140650854
F121973,0.4440075465686715
F122877,0.49084198214071983
F113118,0.47333465328313645
F121209,0.473348355255602
F124144,0.5023894324379401
F121200,0.5070411312337241
F111646,0.5170836322771525
F116909,0.4675250261970222
F102684,0.4535371416459199
F120306,0.47609758086641807
F117528,0.46022401444895905
F112964,0.4843243594370425
F119204,0.5184589111746942
F103012,0.4834394409631716
F116878,0.48579138063886756
F115026,0.47561096860965196
F104929,0.49490731385836567
F122917,0.4176667406860358
F118178,0.47341512803072283
F103158,0.4630680809360305
F120762,0.5425452207202512
F118876,0.42641612171278853
F102203,0.45623199480544924
F104143,0.45661825451001536
F110444,0.46409490527871444
F102595,0.4736419598735608
F106825,0.4486118473384204
F122839,0.4947378857667949
F117499,0.48676226572509557
F121366,0.5216681322029336
F124345,0.5052350535322576
F123666,0.5030279191656685
F124745,0.4841547527194253
F112321,0.5175394219107534
F114231,0.4769636695933794
F123891,0.5032122302133114
F100990,0.5603863865648396
F101219,0.4923007145356615
F109500,0.47035242217177936
F106709,0.5032511611158009
F119979,0.46135622235398116
F122162,0.51499087277032
F108408,0.39874417993911176
F121187,0.5221765508466532
F108410,0.4628733828403103
F117014,0.47484509534386116
F105706,0.4607500308904569
F115869,0.42098145651096097
F119559,0.45924407544498963
F117107,0.45058328040294804
F101367,0.40709323604072994
F108168,0.5054477791155023
F118918,0.4890573700437867
F124110,0.5605002773831698
F107400,0.48419266294400537
F122033,0.489156382194946
F104052,0.48265606565620656
F113350,0.47907102719053
F111725,0.5034501398578215
F109860,0.5338136266049952
F115017,0.4507220380861951
F115259,0.4681391022388518
F110154,0.456648822790929
F100926,0.4501420927034568
F102228,0.4415303439060418
F107046,0.5037916034358387
F108203,0.5046387806031221
F110248,0.49847302861082077
F117460,0.482103802289531
F111352,0.49564414857354055
F116243,0.4475952935636053
F116045,0.4798341174176235
F115608,0.480738275865726
F120168,0.47651142308534056
F105327,0.4810941216316839
F121735,0.49986719814585795
F102094,0.5024210414214393
F106989,0.5294156836456386
F122140,0.46683225386347765
F124227,0.5314688217609546
F113251,0.4723088951535716
F114648,0.48934008427632925
F104090,0.42640352233900375
F115262,0.4482313549432892
F121671,0.5017131840916176
F114856,0.4566656158724822
F104690,0.44574294985414314
F115407,0.46083385754467054
F117034,0.48404051014407473
F100882,0.5016151463631764
F104773,0.452319443322468
F118047,0.5079609259228588
F106758,0.530445215415503
F119275,0.47382666656236944
F119227,0.4997450384750124
F100915,0.4364973378829523
F117889,0.46975092052545553
F110862,0.4640947557562108
F115950,0.49353637138570167
F110491,0.46990756601734035
F113388,0.4954466047653838
F105406,0.4753457288823047
F112585,0.491970631449441
F113425,0.45301199940617515
F119657,0.49984198006651837
F114015,0.49738311674271035
F122278,0.46835562265184305
F117549,0.43386328550754993
F117269,0.4828624230891511
F102282,0.5136960690425627
F112632,0.4924358216757332
F106548,0.43780835880307495
F113371,0.5168944475628995
F100565,0.488966226170278
F105824,0.4808462723861144
F112686,0.49043130882141556
F100313,0.4655484154870497
F102864,0.48259035700398323
F102561,0.5074315230270076
F117260,0.49542572845054267
F106273,0.4765059337304799
F111251,0.48037884422293
F100923,0.4547755416914261
F113779,0.4522552782821669
F111997,0.48147273480584313
F113741,0.471640946087897
F110888,0.49887481208701695
F111977,0.47009843085797814
F123528,0.4798909529574019
F106677,0.5004751695912114
F100661,0.5464230186996436
F100583,0.42582019691415773
F123555,0.5011995689333903
F102949,0.4988905243548093
F110984,0.4981464660889488
F120760,0.47178800599819765
F114992,0.47564326604344553
F105399,0.48466787398166683
F101361,0.49815345497944175
F115286,0.47748689858384097
F123603,0.48709451391535874
F112157,0.4631264529899968
F103395,0.43015715410365896
F122546,0.5328531271294475
F115818,0.5014329668199042
F101579,0.4704871609994444
F102826,0.48527916744159266
F112030,0.474698844051815
F118090,0.5149450566069999
F104717,0.5072689234790845
F107042,0.4532421898657955
F100914,0.459919766658582
F121925,0.4724315075272988
F124403,0.4969306862884149
F122063,0.43844655492027335
F111873,0.4465021433481246
F106543,0.43798422351728195
F120447,0.4879435679017366
F105278,0.5167245864799466
F103430,0.4914862100410132
F121005,0.4748335254400396
F102069,0.47272688902839954
F119160,0.46374215903862537
F113088,0.42039536418367246
F105670,0.4434809396545956
F117836,0.4354550714633176
F121697,0.4897045541089406
F116829,0.47030724282930764
F117196,0.5106808998533084
F120476,0.4288697392405961
F107450,0.41460533243223396
F101113,0.5142200710210514
F119438,0.4681333680134674
F107608,0.43858355037585406
F104380,0.4936570956084177
F113557,0.46243698874856004
F119095,0.48107270935360336
F117873,0.4681147036823618
F116469,0.4730953260342082
F109576,0.5340669691855828
F117267,0.4823615667975194
F108617,0.48575781443711397
F113710,0.5138318220276497
F106581,0.5147239164996037
F123084,0.49581120520822636
F122281,0.49766844093561247
F121761,0.5017319315641585
F100696,0.42040737821463764
F114106,0.46980302333365254
F106806,0.5180995254265537
F111904,0.47309170400279543
F104250,0.4334989602706546
F106718,0.5144464085116076
F113600,0.5095841227768939
F105276,0.4949808966176919
F113977,0.4934087490361337
F117702,0.45005686601576167
F122564,0.4590267968073588
F110176,0.47507266949101334
F108426,0.5058743745793083
F105515,0.45098266606194565
F103742,0.5183684918012185
F113197,0.4516804110845399
F111826,0.47082742885603956
F105450,0.4755177060258328
F119543,0.48520223712339555
F112551,0.4720129182939561
F110488,0.44883335435706645
F115910,0.4996532086904763
F100084,0.5308660642957251
F114669,0.4466415118348614
F113029,0.4822100310149517
F115540,0.4876250916379232
F101528,0.4718144865146956
F100092,0.5056644504934824
F121075,0.4525256162771564
F116053,0.4786257004794836
F105195,0.48696387287829523
F115779,0.43792439464886035
F118320,0.43469536477204884
F113937,0.48479363136529185
F107999,0.5446016604362668
F109671,0.46644902200655325
F119267,0.5027987635480975
F115338,0.4855857147167394
F101746,0.4663183057334485
F123963,0.45370268313146483
F124023,0.4646079100591837
F120213,0.4824101631247115
F122848,0.490985032399568
F103793,0.47556749486312877
F122575,0.49058476163332354
F101210,0.465779927379457
F111055,0.4977688999736566
F103271,0.45739404926327326
F118329,0.46187125222423336
F115167,0.48328327287577333
F121921,0.46419911868937636
F118460,0.4986299764243147
F123992,0.4601660901084937
F119948,0.4775008131148256
F113756,0.450986906855338
F121581,0.5236572952205192
F104847,0.48297117490101465
F100079,0.470396568795141
F118513,0.4253261444897287
F105053,0.47450037249357724
F107072,0.48180527990100397
F109164,0.46178390499564104
F115544,0.521912921629436
F115440,0.43435282123657715
F109406,0.482365939232674
F123244,0.49743207750342333
F102173,0.47017941156276355
F109606,0.48821883069506
F103450,0.4470106515581248
F117442,0.47310709212584573
F124027,0.49210400499906354
F107438,0.47664424427810526
F108206,0.5064843001226078
F110530,0.4815024128719656
F105180,0.4553087711695512
F101475,0.4737198545104688
F120643,0.43346032176627985
F101971,0.4605564542968217
F110419,0.4897167040945664
F108208,0.48821545485280377
F103955,0.4673633393574441
F102199,0.44456691179468705
F102866,0.5016783279332361
F101469,0.48302909621084317
F120884,0.485010705078323
F120979,0.4626367967807335
F113138,0.524338507951741
F108392,0.498086778149371
F112571,0.5051838932407113
F116366,0.4895843997011533
F115051,0.5165942840993472
F114071,0.5127826052654851
F123677,0.5129144095204063
F100632,0.5171256461478898
F111189,0.49112398024465315
F111096,0.5320324179322511
F102899,0.5034021330569115
F103525,0.5116816533316579
F114179,0.49634564453897767
F116692,0.5133385251119985
F122962,0.5301572965552642
F122941,0.48430980450138966
F116922,0.5016014499947729
F113151,0.4802578576698164
F117317,0.5159847138129602
F108468,0.496234204979568
F109959,0.4981987514595382
F116262,0.5056293741290059
F124497,0.466186981708885
F123433,0.451939700396257
F114656,0.4867335902342586
F104118,0.4670965750695101
F101713,0.44545495123123585
F116143,0.44415774680678155
F103943,0.49695396841520967
F109080,0.4662828691551485
F113195,0.4656840131975664
F100613,0.465707192600148
F102489,0.46267707606749664
F108495,0.5183506478763884
F119986,0.4821961617606251
F103849,0.43856800128545315
F123067,0.3648171980588279
F100929,0.5090174564195048
F110998,0.46238490512750874
F120261,0.463265902199824
F118143,0.4689421436020986
F114265,0.43734618091130395
F122816,0.5235780823938074
F123170,0.46614472744043617
F116737,0.4843421389966965
F101474,0.49272721280864257
F100949,0.4799319784714707
F105609,0.47381656449402093
F109628,0.45487702801091656
F100974,0.539474750539602
F117677,0.48653815632127156
F123325,0.4538308233833628
F111536,0.49362752571590296
F100026,0.4761900847667082
F100237,0.49038731921805284
F102154,0.49754263657130654
F107227,0.4949489236717497
F113643,0.4875743386915042
F119359,0.49994125713669624
F108239,0.4831087015316422
F101853,0.4980317916382412
F111985,0.4435858675881059
F106842,0.4583796762242377
F102316,0.47558657159598655
F109925,0.5149781907227173
F119589,0.492763898501665
F121088,0.4631515768256778
F107139,0.49277234732478187
F105227,0.49619170002317625
F113754,0.47907510286117055
F108352,0.45687020856055766
F111743,0.45838999086666604
F104193,0.4415610791938531
F122728,0.4643710499123671
F116575,0.46777454285064735
F104657,0.5179211939307535
F104363,0.4971794297271526
F114139,0.4920580924272753
F108645,0.4558780600901953
F115289,0.5002370693757369
F111505,0.4707729037905727
F119668,0.4887622936844933
F109619,0.4462846269062264
F104399,0.47533800861744174
F116968,0.4758300216877317
F112287,0.4858090888652454
F119242,0.4837944837897351
F123830,0.5352938787111018
F122770,0.5272424084071835
F107403,0.473720599585535
F107791,0.45652046958550135
F123172,0.4481733531095112
F103170,0.4644560295605015
F123835,0.4964853406096984
F107829,0.5017256135295399
F106679,0.4898669645977948
F100267,0.47957172537669157
F117435,0.45535133928466204
F121772,0.4548030850528654
F105883,0.491741112254044
F102508,0.48071347584959767
F124870,0.520870067939495
F122787,0.4990271334916088
F116775,0.46457444190840846
F102960,0.4518951531085718
F108697,0.42280353328166403
F105934,0.5028266413722734
F102818,0.4716759350345005
F106076,0.5088181902321232
F104222,0.5294109812533382
F123272,0.5199722131480049
F112958,0.5237505799981054
F114957,0.45282272109803534
F119503,0.5002467141522008
F111915,0.4798742084375055
F124101,0.455857667626594
F108702,0.45678336649624446
F110112,0.5102194015809167
F117032,0.4480105160317253
F114132,0.5332504157522429
F119528,0.46840254952826255
F103129,0.5576511814360541
F123730,0.49867707806623235
F112748,0.48320671018542155
F107833,0.4657351843465975
F111917,0.45926550962743196
F109988,0.46291321536953545
F114960,0.4696579696912622
F105397,0.47035719395848574
F117747,0.4641726103705258
F108199,0.5472961577663922
F107145,0.49536969500235256
F115759,0.5164856573279157
F100468,0.4809057733577355
F119121,0.47556476891277194
F108262,0.5062087704163977
F103408,0.4624667477853682
F101847,0.5322745229254776
F121670,0.48643244923075374
F112737,0.5036329891137297
F114503,0.48719779601044144
F109783,0.4807783274199502
F103803,0.5050092325779135
F124502,0.4540685196836845
F107060,0.5078772280435705
F113618,0.47818833973282515
F110554,0.4474435901956994
F124142,0.47117748493610284
F111529,0.5100678930969376
F120527,0.5064603878619619
F105910,0.44907695685502036
F123274,0.49915815740849595
F111962,0.5006655760031695
F117302,0.472300705113859
F101737,0.47600190617094484
F101042,0.442300510777552
F107198,0.5176838316654188
F103209,0.5181376624819056
F103520,0.5167638404089403
F106450,0.4862305925243318
F101965,0.43021882657519933
F101960,0.4564019497140549
F103817,0.5003188765357979
F121375,0.48037045763044245
F120557,0.4797876348600595
F112409,0.4758247755777999
F113466,0.5414584022545966
F124133,0.5321740895843879
F119075,0.49608280827308754
F117661,0.4872968351907434
F110507,0.46378089506096243
F119758,0.500729061434038
F101457,0.5261780057450773
F123685,0.48536442435615745
F110241,0.5338205953718128
F114878,0.47592267876308464
F117812,0.5223863378795274
F108721,0.43445580488272845
F103700,0.46510725826265875
F110476,0.5134266958225483
F109487,0.42602177954403747
F115127,0.5101330182381373
F110759,0.5162081200559333
F103714,0.47593632706385364
F104323,0.4405341060982657
F115758,0.46969004846346807
F120952,0.48427705862722964
F101923,0.5010352261757888
F115011,0.4618945733310786
F112113,0.46547698716609387
F122248,0.5159028945588157
F122490,0.497035302022474
F123819,0.5094553661710063
F114743,0.5226768898483585
F124820,0.4702042786310797
F107639,0.4911718089233936
F117117,0.47914584062588955
F104612,0.4611993057516755
F116397,0.4984634961409843
F103469,0.4683956554641445
F105969,0.47686189630510756
F116203,0.460884079010492
F118077,0.541819728373846
F117563,0.47335823346355926
F116407,0.5186635585044546
F122795,0.5082100248285496
F102453,0.5160261094662274
F114999,0.476837859486844
F109520,0.4748756893040873
F101513,0.4815825905182605
F113423,0.5153330558651219
F104413,0.4768398750983411
F101891,0.4558667904235916
F106597,0.5102793369502178
F109864,0.43076616764374587
F115201,0.49204452256184533
F121122,0.4575499875961849
F118055,0.44216549767942276
F118135,0.45084051116229884
F108868,0.4664295282705901
F117319,0.5325782792206609
F116707,0.4988762025365809
F108555,0.46858163402831177
F120365,0.46210111775049945
F118616,0.5113550886808185
F101170,0.5043338910618315
F104868,0.46817748539462617
F103136,0.475719074260869
F112200,0.5108951984912768
F104466,0.45233579786823436
F100659,0.527519032818693
F120018,0.5207877143744939
F101718,0.5242417398612561
F102476,0.4716874470908887
F123173,0.4754449013281836
F100338,0.5135563168295663
F111262,0.4376308720147562
F110898,0.5059007573409526
F101767,0.4344768239626155
F120823,0.4662776763009632
F108292,0.4985463956523553
F107528,0.4879396732829211
F112036,0.495559285813463
F123031,0.43787262306107616
F123116,0.4909593682788783
F119994,0.4993762641205507
F105513,0.5026227324120823
F115625,0.5081858193896099
F102366,0.48236611675155566
F123791,0.5069274779449103
F117502,0.49673691104078205
F105738,0.4762742547757163
F100399,0.47066675275532993
F113562,0.5301452460812793
F124235,0.5057911211797148
F122241,0.47372644825901256
F109285,0.475661314034065
F124489,0.5167274344124551
F118501,0.5063674516209649
F104964,0.49982075024233846
F110120,0.5082159640083151
F110175,0.4850597342733322
F112288,0.5028077938908854
F122352,0.48204232395981345
F119842,0.48606878742626414
F124660,0.46428735163877094
F116457,0.4828611151447978
F106012,0.4723551876198424
F107035,0.47891077001059434
F117519,0.4651035009991702
F105345,0.4754134934196746
F113659,0.5055129980145674
F100507,0.5179100822627932
F104165,0.48779726488048875
F105789,0.47487993652031135
F104705,0.46173120717788907
F107966,0.48225247857640136
F121867,0.47951662198856804
F123175,0.5083992906168093
F102857,0.49234214533674103
F105255,0.5235981846841428
F118790,0.46035680801138473
F119545,0.4710660965588923
F106294,0.5079473624734365
F112249,0.5278573660520016
F119245,0.4666119059634008
F123237,0.43362616077042565
F106545,0.5372851830262014
F113494,0.5151677410928132
F122854,0.46126548303030734
F115410,0.5043503993122974
F106678,0.46966916862064695
F124022,0.4689880670290531
F122045,0.4900198127672945
F115878,0.483218521766386
F111462,0.47392676736276595
F106121,0.4842885877295651
F114443,0.5148049766383743
F116687,0.4907302775886367
F107590,0.4716037985273543
F103603,0.4569561833559901
F105834,0.5384903947724535
F118871,0.49065757252268116
F121666,0.4858368604795002
F103565,0.46764374032969447
F114849,0.46105562237293357
F124988,0.5005827141673553
F115649,0.49807662751402654
F105801,0.4734544767172496
F109034,0.4785947024984792
F120938,0.4828208981572199
F104769,0.5393371300898616
F101860,0.4418627939960876
F100455,0.48266874406598553
F110707,0.49307373208067634
F114263,0.4785703786623721
F103345,0.522706260233093
F124426,0.5149566511358784
F109118,0.471360385880394
F101844,0.5333111001109326
F100306,0.4669933902089519
F101166,0.5243062046976588
F117542,0.4882915079936311
F102326,0.4500497529581511
F122480,0.48181450616500754
F103442,0.5159159534927148
F122230,0.4761041913302401
F103327,0.4905903714132331
F111141,0.4913163367829092
F105312,0.5250814852216344
F106891,0.46951242862831094
F120222,0.4525803450621302
F107630,0.4863697766723013
F110123,0.5262699228887592
F104846,0.45651140006344754
F104093,0.4701997021872057
F108154,0.5306220476479682
F115947,0.4982934863259436
F124909,0.46448450600422053
F116388,0.47059363144797084
F124153,0.4983333408820689
F113554,0.46440620554829054
F122504,0.5020019320484191
F122056,0.49524603133912903
F123752,0.54961125397438
F122945,0.4991480233164515
F107968,0.4909062271352957
F122066,0.47586181771011665
F120998,0.5043066116439001
F111080,0.47547097373306335
F109249,0.5204798265285738
F101171,0.4371413243126392
F121221,0.4971540778697456
F119924,0.5092551257998799
F108453,0.4711643995141449
F117250,0.48149601154939137
F107656,0.4843156713890033
F105847,0.5086923089744029
F121429,0.5049424959519614
F112384,0.49294161867010294
F113551,0.5206920793661098
F100586,0.4538644858642349
F115434,0.47716429307137476
F114352,0.4544007647327035
F113218,0.48787032725097124
F109863,0.49629743295913115
F112751,0.5357269920429065
F115669,0.5178312613994783
F119230,0.45688559721378896
F120634,0.5138602143880248
F116680,0.5008412206187043
F124700,0.49397994771427833
F119492,0.461299672906613
F103881,0.4369244196269721
F118149,0.48038522635082187
F123376,0.4508588493904945
F113575,0.5129860180605612
F124869,0.469582682464754
F110865,0.48198614195830003
F114491,0.44185380118258355
F118014,0.4702793479844891
F106623,0.48779913242396367
F114203,0.5258370643664214
F105485,0.4504799558893028
F124876,0.4622505255745863
F115428,0.4967132641950556
F107330,0.5549896814739073
F105082,0.5183100577360071
F101920,0.4683306707493543
F115153,0.4812721724627197
F120704,0.481429769084431
F115409,0.4748052741848956
F113827,0.4510818146990551
F122559,0.5068786900580265
F110323,0.4694296762015117
F101292,0.5029242341309793
F102798,0.47533842131489407
F110262,0.4411161200863704
F120737,0.5331661996206083
F108412,0.45565096545669326
F100467,0.4685311580306115
F121988,0.4924266269034456
F110964,0.518755924753731
F107733,0.4677876413693528
F114591,0.4649812810340712
F111805,0.4815424578081389
F124251,0.4644537642467759
F104572,0.4950288806562516
F120283,0.4339849980030872
F120083,0.5210107800784917
F113123,0.4637612394637892
F103125,0.5492530604876454
F102432,0.4621788922775562
F100413,0.5113557991186429
F116279,0.426689820734192
F111647,0.44022114147643454
F113260,0.47043542169404445
F121527,0.5084064667623422
F106833,0.47731377547709
F116173,0.46223586783533954
F106920,0.46304735248479895
F118448,0.4835462425186287
F106072,0.47930981361218145
F118428,0.5053302045402583
F109286,0.468231545889878
F112379,0.5050544959630734
F107259,0.5170834846740603
F102615,0.4828648518622121
F104515,0.5407887486417488
F115088,0.4862571677439015
F100617,0.49529021233347187
F123845,0.43750412754950885
F119233,0.4783979538243392
F111906,0.49565899561951793
F101694,0.5106487860133236
F106459,0.44041775339032946
F102887,0.5101797712401275
F118363,0.48400613583923274
F120728,0.46583757990769714
F107896,0.4714463274800232
F120640,0.4956154224007279
F110909,0.4730379599552961
F113498,0.4731242394846207
F106596,0.5012126907173524
F124318,0.5111203373833294
F110727,0.46169052550058565
F124476,0.4566991876518297
F108549,0.47779065924909403
F102172,0.5042367162865603
F111235,0.5044888857700339
F106899,0.5309309736199272
F117025,0.48611741635260614
F108461,0.4420064620086099
F105581,0.4763585438703127
F123577,0.4882208236972398
F124032,0.5222827594442978
F119287,0.5028605394614198
F119765,0.4799565202668705
F108576,0.5069001321506323
F116957,0.5125620327783998
F106267,0.5259320921258935
F118728,0.4736342738996081
F115729,0.4312512152276391
F108338,0.4695819731498689
F106730,0.4771195776297799
F100686,0.4779228339035187
F119228,0.5309542756549945
F114238,0.49399285652098474
F115521,0.4502855015194753
F113826,0.46920888505129793
F119402,0.5088309213770797
F100572,0.4614610263456266
F101927,0.4050645816264928
F119949,0.4619900485660103
F105291,0.4689865989438559
F116437,0.5277169463021827
F112560,0.5096961124232887
F120251,0.4861417897694422
F116802,0.47916047126752453
F119389,0.45294176192122904
F123820,0.4703703986211752
F115258,0.51837563218206
F108717,0.4593670226286148
F124873,0.5069727323329072
F114476,0.5332168458163062
F120990,0.48150651294909386
F110280,0.5272155649086457
F118657,0.5132945660915913
F113653,0.4691194217252219
F111032,0.47693045298651204
F113290,0.5150625423661438
F107206,0.47336127972067293
F124491,0.4714600521833685
F119960,0.508415012091854
F121826,0.47177344919058317
F123661,0.4847096958443228
F108671,0.48401776926074697
F115223,0.48537508601972235
F121220,0.493135762289083
F114086,0.4590770405911596
F117521,0.45632508191192844
F118466,0.4390255490944905
F116683,0.45185237672125855
F118171,0.45312483050508895
F110166,0.47270052347656577
F112793,0.520691756903088
F113420,0.5354557001291772
F102694,0.46830208909171844
F102964,0.5092551702532753
F123215,0.5110192310323656
F118699,0.49108168205244956
F102270,0.47357185674125035
F104899,0.5053503723075274
F108538,0.5233486182938585
F104794,0.46157239183448273
F122203,0.4954117950135078
F112607,0.48589382022509736
F111541,0.48118865633473773
F113437,0.47408998301606337
F123049,0.4608002002273976
F119923,0.5076306938700055
F120368,0.524252423812595
F118895,0.45578367517661333
F105660,0.49874561957354085
F124404,0.4995948212407604
F109421,0.4937827866465062
F104861,0.4747519800449913
F106728,0.5001817658879257
F111376,0.5013016793486417
F111401,0.4919465895829426
F100055,0.48629005774232936
F111959,0.4195832912813864
F106361,0.454438476003937
F120508,0.4878169353821724
F113449,0.4336359441549736
F118005,0.46976542115569603
F122601,0.48778506784419173
F108612,0.44937062188389304
F103755,0.40323258984498256
F121622,0.5200925502354206
F111010,0.49008210100670596
F119381,0.4369254555434256
F122703,0.5016023915817093
F122400,0.49101668470793236
F110796,0.5508171846401038
F113331,0.41601083337520073
F101594,0.4647982880542556
F107465,0.5227707048863555
F115404,0.45373122808984123
F119621,0.4790076005233197
F106096,0.4711451873522666
F104825,0.4962172690709595
F109950,0.4754421052282812
F103011,0.5293106707401363
F124445,0.47013046208135845
F113394,0.5030815978120016
F116310,0.4762445975104608
F109653,0.5136828127315163
F101906,0.4681680331738128
F124258,0.4759823372061305
F124771,0.5024131586439274
F104353,0.46793318769474107
F111615,0.48954362982269
F122025,0.44782365979764466
F105961,0.47526470965352197
F109044,0.45490973516228894
F111966,0.4769544852264678
F113616,0.4344605728595848
F119714,0.5115874968732022
F123900,0.4796258566177236
F119073,0.5075978171215274
F117729,0.4433175910868757
F124451,0.5043101201513984
F107197,0.4405976643657118
F120751,0.48657795635848167
F122533,0.5210258798061524
F102762,0.47374945550408565
F112275,0.45004053190043836
F122233,0.49496862899877697
F117584,0.45264442148843176
F104269,0.5217893871178448
F105982,0.4606114385857121
F103443,0.476262006697898
F103575,0.46031022206772715
F119326,0.4927051768626862
F112593,0.44995594567121266
F122920,0.4771594594838502
F113150,0.48087299989139093
F119218,0.4448637280552445
F123532,0.4883821549051583
F108517,0.5115596500169513
F103185,0.5360145662383033
F120372,0.464838515571993
F120711,0.49205138694374156
F122751,0.4987582877355138
F117148,0.4821637044738407
F101382,0.45220186219622915
F101336,0.508112166714968
F114429,0.5241575368265885
F124005,0.4727369483041942
F121138,0.4494139810634141
F109305,0.41976936627767303
F119626,0.506463268406559
F117122,0.47039619055923726
F111279,0.48938537431327717
F118491,0.4991563721528785
F102456,0.47828807503260773
F110852,0.48979468609552795
F100668,0.48355978679037054
F112299,0.4809180919175025
F102114,0.48594340804489805
F106204,0.49052850100424605
F118897,0.4549747897243626
F116517,0.5052719631045935
F113990,0.4903324834929242
F114506,0.4739402050730356
F111654,0.4861614264743368
F106633,0.4817605318566357
F122762,0.495431307740801
F100699,0.5436044925322747
F109879,0.47147846493900514
F120356,0.4399895941776115
F118778,0.47500933657880084
F116747,0.42889718413220207
F110375,0.44316864892087454
F123738,0.4584910814634886
F105665,0.45347458056885676
F105816,0.47132096243779537
F110774,0.4915565333778624
F116115,0.45815989137373836
F109791,0.48733313938006584
F107067,0.4781074385416339
F100460,0.48754724556244367
F102418,0.4653310848506697
F124231,0.48326042972228006
F114886,0.540389507257748
F106252,0.46232339233615055
F100257,0.4957922615334134
F104943,0.46830336277198564
F121152,0.4545952184755479
F104356,0.48130359909537823
F109046,0.5287880885275431
F107920,0.43356040555237524
F117808,0.5170091465859948
F103777,0.47856704715653975
F111618,0.47598690650439557
F115354,0.4789519513378732
F123315,0.46560145581162365
F115553,0.519778911430465
F116526,0.4785923184599491
F105329,0.44958986648991794
F108922,0.4999366162834782
F100893,0.43063661420528676
F108787,0.48224727148554747
F108348,0.5026009909323468
F110392,0.4691158056632608
F110074,0.5114930072457928
F111830,0.48507936005797253
F120265,0.5045495910196883
F115731,0.4751936130712616
F102463,0.5172188156832072
F105099,0.506649255628501
F107372,0.45774546165724006
F120004,0.5012426131885649
F123034,0.4608339027624687
F103792,0.4711267114836377
F107862,0.44060006877735464
F101764,0.5197498301143091
F123095,0.4704831501700315
F115157,0.4533843662246051
F105695,0.46194826967101993
F108869,0.48017237499878074
F100805,0.4962808847840466
F106507,0.5104923379045758
F103990,0.4494774577998858
F100408,0.48248674407744896
F123377,0.4620522572660854
F113528,0.5320570114785872
F121163,0.5028115916390463
F123739,0.4730482584180343
F108321,0.5484668721015946
F124918,0.5264457330636452
F104700,0.4515847027755239
F101840,0.5135785707683089
F123321,0.4485058973242848
F102877,0.5137744726106961
F107592,0.48982814568892075
F114582,0.46992918212350093
F106039,0.4595219135452736
F112757,0.49707092450340606
F107563,0.4806682945564467
F117984,0.5056548099314686
F105387,0.4579853964799493
F112488,0.46177704414417714
F106570,0.4898712706571702
F110540,0.4743062610946165
F109644,0.5028532592989828
F100400,0.46906505030275
F106529,0.45720332425964155
F108678,0.4518979975092038
F104019,0.47162002652531526
F115149,0.43949817096322163
F114767,0.45978643185496954
F103317,0.5093057236074464
F120789,0.48154988947671346
F113443,0.47477252081665017
F115974,0.5031096171770898
F114782,0.515249571933793
F119745,0.48472988521999827
F116956,0.4671664031188896
F115065,0.4951942445590579
F110714,0.44618760700383997
F117141,0.44919214521139234
F118792,0.5021846423623738
F122720,0.4993559902194009
F113797,0.4893415830210015
F104571,0.5164461620258852
F110673,0.45251021048904794
F123743,0.5264247282251087
F109381,0.47264290760187894
F108237,0.45266501213994553
F118188,0.45049297179533104
F115807,0.4705571649770537
F102869,0.4989847311940287
F110114,0.4947878440684138
F113857,0.527678183128098
F124597,0.5221615922429513
F114156,0.5083808820774933
F113250,0.48838791536450393
F111792,0.5088781031527131
F120739,0.49912082185720497
F124167,0.4876396772518643
F100259,0.48794997122298994
F113089,0.4697256495188748
F108918,0.4860872758573387
F110007,0.48328317495226053
F106111,0.5446886418394349
F110720,0.513717353355047
F110040,0.5317411458936708
F118599,0.4919886767401916
F102617,0.4687151830999134
F103444,0.5201341755826805
F120318,0.4484128123359162
F108864,0.4992957352430623
F110043,0.5141389691743614
F106282,0.4933689785300311
F112276,0.46382904828315263
F100776,0.5648223175696068
F104307,0.4629503332356233
F122548,0.4827833293105796
F118663,0.48420143868279547
F114708,0.47159481332149666
F124741,0.501490449796783
F104456,0.421200628649723
F122574,0.4364406453743223
F101496,0.5086993419518321
F108394,0.44078872376348965
F116509,0.5157108483423982
F106097,0.5088849588547776
F113324,0.4571320858495148
F118593,0.5065205248560258
F113086,0.4848317006650321
F110808,0.5060888755376679
F100136,0.4360212618316872
F101989,0.5137255525646086
F109684,0.4927378269231488
F103649,0.418269346528623
F100141,0.4767212326043811
F109178,0.4924139134925982
F109905,0.4719191020586664
F101922,0.460420983105554
F101696,0.4515140991330658
F115422,0.4687161534894126
F124874,0.47134810220073425
F116487,0.497583033691952
F119951,0.501361507136146
F124326,0.4519534320955088
F120829,0.4810724366354014
F119119,0.5074880729082454
F114796,0.5024395105899988
F118840,0.4830188271377665
F124248,0.47097925500215865
F109580,0.5037014673767222
F107136,0.4700786395064668
F104787,0.5399100371707877
F115471,0.49282584541809277
F123749,0.48149916534899917
F114393,0.47230673364438736
F107114,0.5108955723138546
F117290,0.4951630837037412
F113147,0.48095312101706034
F109220,0.5007768068040117
F113488,0.4778385712998207
F105614,0.4664955173736735
F117192,0.48397653490409165
F104578,0.5221380938954409
F106195,0.4825792101489278
F122859,0.49970410491685857
F114905,0.49822290091280563
F109680,0.5018512464704303
F109739,0.45877653002011964
F108604,0.46015985699115014
F119926,0.4160280629231588
F110659,0.4922093904028405
F101133,0.480443519299936
F102359,0.49730695235673583
F115119,0.5147787175317123
F100481,0.43568261179949175
F117859,0.41706818833500603
F111367,0.48432310548950097
F120758,0.5121732783435531
F124992,0.4750256114677937
F114467,0.49636466772703797
F120538,0.49626255718235546
F110162,0.47223730969109734
F119008,0.4491491324368645
F122180,0.4744888028045014
F106379,0.506414955540458
F110006,0.4461688494413382
F110663,0.47302103318273525
F100436,0.46202733170167454
F112795,0.4690515362365176
F101091,0.5030319903336795
F118900,0.4777608038614162
F101816,0.4972586305633271
F112398,0.4892232409643436
F106224,0.5025684473320717
F123501,0.45300300346311817
F103475,0.4710379087338954
F102363,0.45484781378862954
F105358,0.466959474513862
F104829,0.5206092870883147
F100457,0.4674859168211195
F107272,0.48468617921148016
F102041,0.5331889173334132
F111053,0.5176363078253584
F100347,0.4775204986675216
F123204,0.4885205569497718
F108279,0.5022539783227854
F100616,0.4831620034636162
F108313,0.45255983279411466
F123197,0.4744659644577931
F118854,0.49425095518956147
F100132,0.5061979811712093
F112656,0.4650062049454794
F103975,0.5112420127634822
F119818,0.5039261152207908
F121143,0.47283412234306893
F107244,0.48327622098079853
F108060,0.48529292076626135
F122894,0.5010320986157392
F111741,0.5176833867336329
F100069,0.5146825380441944
F106307,0.5021280199258698
F115312,0.5025126515403565
F105512,0.4350976371385643
F106320,0.4881811315803845
F113802,0.48631340934143147
F121722,0.5121196469775331
F118239,0.4896542274219241
F111846,0.4773333340380134
F102514,0.5311295706005589
F121294,0.4175712142711435
F111037,0.5004542151834815
F115006,0.5223209579221023
F107019,0.46643791157270703
F113761,0.49619485446159545
F111747,0.47836307545994095
F105680,0.48836513888132566
F111048,0.49572361579957336
F124061,0.48354387866223125
F115904,0.4556420427933847
F118516,0.43816813865008064
F123588,0.45614270483997216
F120515,0.5103829318275361
F111559,0.47031648271851617
F106530,0.46025491374160354
F103372,0.48808237608204386
F111819,0.49203854380744544
F121033,0.504715142406
F108710,0.5057670332728323
F107884,0.4981217470584309
F100319,0.477085012193864
F105786,0.48480132796279896
F102699,0.4860515114665863
F113881,0.44632886219342977
F117405,0.5074218736534436
F114220,0.46833263831977656
F113586,0.4094146074267797
F106525,0.5002419048538382
F110030,0.5076293492390209
F115547,0.5033022105088076
F118093,0.47378454487958
F118288,0.48448886404976627
F117867,0.47558700566537243
F110432,0.49333399676020917
F106511,0.4743826062764595
F103281,0.4948654943033402
F104923,0.46911017587816883
F111180,0.47577995729739103
F105481,0.44943519847537233
F108121,0.5042471933935205
F114918,0.4831114271315065
F109409,0.4371874041060732
F116426,0.4895730060049668
F117672,0.5434632226463052
F101721,0.5057768818093167
F109833,0.5318222612614016
F111326,0.4412517976227376
F123753,0.4815425969667428
F113958,0.47893782023646125
F100596,0.5184828703696206
F113235,0.4624362228649389
F114019,0.4524436304211121
F115717,0.49759550830134597
F100113,0.4754053811831434
F103440,0.4932759938978659
F121111,0.4558561997665125
F124067,0.46343472209508113
F113172,0.45417318583575167
F123524,0.48919356084259225
F114516,0.44901962988486593
F101435,0.46986643747464274
F120671,0.4787773414033906
F115009,0.4497736636076726
F106993,0.48262115635241887
F117466,0.48077817043129123
F115617,0.5052555739227559
F105878,0.4603483133398779
F123053,0.49024841310448125
F123785,0.4535798555931573
F114574,0.4568459888834061
F107437,0.43145447090089034
F119096,0.4732085554131921
F104087,0.4540087472609431
F117074,0.47324497114811315
F122044,0.4585326783816386
F100786,0.4940603525098363
F120152,0.46619471324993345
F112490,0.5050258685974736
F119390,0.5064597901630287
F111026,0.45629296194034435
F122510,0.4660878745022274
F109558,0.4672034353300674
F111445,0.4611323942561741
F117942,0.5028360848337761
F104579,0.5008456370972497
F103727,0.4047671562457575
F106317,0.4428580841393213
F103178,0.5164314901586955
F117328,0.46318202856108953
F107768,0.4872360548051398
F106182,0.47868680576853967
F121044,0.5070848315434545
F102099,0.47708785688849825
F100232,0.4919851212240488
F112679,0.45278296391551454
F102509,0.4721225164559874
F113624,0.5199379609409742
F114772,0.47542169372966375
F110692,0.506486668883378
F104192,0.5153544996644415
F113629,0.48529592137291616
F102074,0.4743885592816918
F121676,0.48401870922900064
F111755,0.5006183999283706
F114514,0.49963038877383925
F120982,0.4892213707957503
F112752,0.5242568210376988
F120043,0.4678402083995664
F108265,0.46305929410325725
F124681,0.4259092085312846
F108606,0.4622109841412815
F112858,0.4790917840834303
F121092,0.5159568596866144
F101178,0.45765410299441434
F107149,0.44552527346624543
F104620,0.46873352738371454
F108318,0.5049120550790718
F107654,0.431305216495379
F124896,0.4804407009880002
F116837,0.438792543115923
F117222,0.4616530638733471
F120007,0.49908156178565133
F102435,0.4512810675701427
F123038,0.507453442515814
F116970,0.5101266482803897
F113000,0.49012261730267287
F108487,0.48325634520012883
F120673,0.4497087868803166
F120239,0.5544251291179987
F117180,0.5127648783301264
F122650,0.5013241591861042
F106958,0.5106288337773838
F114174,0.45736211565484686
F121865,0.4567485387080698
F117237,0.48239861417999436
F106635,0.48466581604211006
F124182,0.4707431491737436
F120917,0.49392494615883326
F110858,0.478680614434286
F119426,0.4670947661841054
F110089,0.5030436359701644
F122620,0.4702994755175533
F101935,0.5193422208250883
F104613,0.5204402846559187
F102298,0.49944251997683875
F120586,0.4799907648066652
F100046,0.470375930066078
F100068,0.46278870387184884
F102329,0.4699022874289116
F105785,0.535650140223886
F112586,0.4694164302803695
F105272,0.4645026265162033
F121977,0.4908289931523199
F120410,0.4789031288177762
F115283,0.5332093691249149
F108848,0.4881008159345733
F115528,0.4627488230572297
F108267,0.47312848023190074
F112105,0.4719835222150581
F101488,0.47667786152918107
F114547,0.5124628567571955
F102462,0.5164687360470146
F102570,0.509745230639666
F101198,0.45025401109492785
F121192,0.4372782932895694
F117306,0.49314182433383275
F117285,0.472970475485203
F107695,0.47499926380459934
F124003,0.44684318135967616
F123512,0.49750146258870864
F118443,0.4869130869478296
F124277,0.5200198678040335
F112461,0.5036710503566774
F110384,0.5070263303754008
F114740,0.46962949276676047
F113960,0.4593815121985709
F103179,0.47466522983392867
F117723,0.5079315157459309
F120387,0.4826299381462242
F100111,0.5155421388652819
F112568,0.47702443144905166
F107646,0.5302055561694448
F106897,0.4680522921461866
F100238,0.441681682520356
F103622,0.465758904050205
F111812,0.4731830265825586
F103416,0.477696954070931
F123299,0.4986923262392906
F107544,0.4620575660877061
F110978,0.5075612976261286
F106090,0.4604845855248415
F108764,0.4821313742605533
F100397,0.49307348885453495
F116463,0.506722087752405
F116126,0.4982795614879474
F120209,0.4158055682177302
F123346,0.4989221745966598
F101739,0.5261886534051459
F108434,0.48237159996426443
F115005,0.4878885865704913
F123862,0.4498543351965362
F124180,0.5350568676062628
F124448,0.46880155449302174
F114337,0.4814897502798812
F103674,0.45125724533196143
F108345,0.48303024630643177
F115688,0.5198227901916226
F110266,0.48208797023592814
F100735,0.4942799709633218
F116776,0.5029129067128313
F117603,0.4746384480934715
F109916,0.4663556272497894
F105859,0.4811278504280661
F120267,0.5309559464240079
F100041,0.4539928082374979
F114112,0.5022880652689451
F122517,0.49266111919658806
F109629,0.4662650441352673
F112903,0.44356629569368017
F108998,0.47013159803846094
F108069,0.40440224352707294
F116501,0.4806341124349532
F105122,0.47673230484971657
F112860,0.45898779196911893
F118610,0.4978241911536554
F105353,0.44775864035392055
F123045,0.446777730315267
F107278,0.47268632818437206
F100318,0.4957109639784747
F109681,0.48890064601020555
F101889,0.47925451910891825
F100483,0.4864298985294266
F118673,0.4788114552357841
F116600,0.4397854667832515
F116252,0.472750273202523
F112777,0.4284160532887999
F115402,0.4686781622931772
F113566,0.5137311847703938
F119293,0.5102934459255553
F110165,0.49775193972916626
F103713,0.5290290542034798
F105509,0.48039428329345824
F120449,0.4605865277767247
F120972,0.5238348347485677
F104940,0.4540844139056248
F124352,0.49311457292541855
F119526,0.4823242025002873
F106770,0.4633564836953811
F104770,0.4714794837047531
F109952,0.4898688139495491
F116873,0.5150257031245472
F101875,0.49420273695190414
F111046,0.5004134936549571
F117438,0.48661269235067334
F106212,0.5272054826035463
F109351,0.4396654639754919
F110387,0.5037552543896068
F108809,0.5038224980321514
F119580,0.4509242496197112
F114125,0.4873783992888773
F112232,0.5312714243621127
F113903,0.4973141190802402
F120591,0.4988247827249687
F114403,0.5178702299690396
F105295,0.4930807378899371
F112464,0.5011447414684829
F117381,0.47848729669928125
F110755,0.4880444863402403
F118218,0.542964317784078
F113302,0.45260355369334704
F106722,0.47373445223979543
F124082,0.4733284081151356
F113021,0.5382389627683054
F102532,0.48301231848436516
F121063,0.48873588333453566
F101080,0.5147606821147342
F104395,0.5021151007125582
F103376,0.42650671081070435
F110041,0.4819134204772694
F111916,0.46695656932304025
F116200,0.4931698535199395
F103431,0.4613141448334114
F118538,0.4444195810143124
F123514,0.5101151247259258
F104533,0.4361327895260894
F103570,0.5045868116632489
F109084,0.48162096424911377
F114609,0.524575354254687
F108504,0.4765954139568893
F116434,0.506568500505087
F108227,0.4902067399911235
F100127,0.5263325982725439
F101259,0.47319950463603055
F107802,0.4901980944739133
F123662,0.529183463251918
F123505,0.4627772446881811
F103341,0.4753496120669653
F101878,0.4290478233655577
F122335,0.5164481802440644
F114926,0.47127677498700016
F112749,0.450280646217955
F120743,0.5190901455430021
F102372,0.4591804674108418
F120013,0.5153591568254169
F102001,0.45803019111305315
F100244,0.5027262078179516
F113693,0.45006856332763645
F115722,0.4293251149657622
F101725,0.5196472680188353
F114785,0.4716781857633789
F124588,0.4655751348909654
F118819,0.4850894155119917
F103671,0.5017104579357579
F111594,0.5111897745434687
F124455,0.5191156656272503
F121918,0.46678105022531796
F122591,0.4920099357842638
F113369,0.47416581247332346
F118722,0.48000597298969727
F116016,0.47541372024650197
F113935,0.4901651436501628
F109356,0.4805668986240798
F111987,0.5142827699743919
F110258,0.47641990526333733
F107097,0.46764702373063466
F112730,0.49301707552733215
F103556,0.43739852851211036
F123019,0.49125454716330536
F110793,0.46787154593009095
F103710,0.49896038671629506
F118667,0.5157354242607812
F108881,0.4785420559648774
F100493,0.4645114266351443
F103069,0.47912648007982445
F121785,0.4994694895321643
F113336,0.5021409695806983
F114546,0.5031347719144429
F105586,0.41829170676094896
F104295,0.46359895519363203
F102582,0.4771075543557493
F109445,0.47514137522108174
F103267,0.45188296274137824
F107720,0.40870395677973326
F120164,0.4746509525361396
F113248,0.5022700900874257
F122136,0.5387811495557819
F107342,0.4984368948336434
F124093,0.4941197692418466
F113243,0.540744656217409
F120506,0.4364152523815774
F102954,0.4676898636126272
F112163,0.4948854373609247
F115510,0.46627688370571685
F118183,0.48602118315674037
F121201,0.43902133121101056
F101329,0.5061364898667804
F100788,0.43480305688564347
F119650,0.5336587588790682
F102550,0.518873578122732
F107739,0.466531790761341
F114153,0.4701068370147783
F109546,0.5162682192968616
F117778,0.5097750121080741
F103118,0.49503932292268005
F111196,0.4482957681830722
F122656,0.44129152145260453
F115843,0.5357139339930493
F124569,0.514368113981007
F108409,0.47422035929146816
F124571,0.4821540597368102
F114093,0.4754868583565161
F103005,0.4592171149215067
F110783,0.46879553683318576
F110012,0.5102523312489052
F113210,0.450686491009438
F105146,0.46715373844281016
F105652,0.5122533739261689
F111864,0.5049538978026467
F121625,0.4450632322312094
F108092,0.4550374869339943
F119396,0.45892188819312346
F107290,0.5005272088304311
F109707,0.4660362804361253
F103049,0.45372624417926793
F118042,0.5186816121301461
F121709,0.5073041789952518
F122875,0.48138075601522906
F115222,0.4105793347711529
F124603,0.5079157864319709
F115790,0.4135123026684888
F115559,0.43840760111309285
F122931,0.47914351198413707
F123003,0.4826465634034466
F120315,0.46336298651439384
F106856,0.4928507575952868
F105944,0.46831359922558097
F119016,0.5063815861604081
F120432,0.4366274623448453
F103390,0.4816239326927698
F123832,0.4696247491603574
F104267,0.4947201562833822
F124155,0.48105673205435745
F122499,0.48305698880670583
F112590,0.445519620875135
F108794,0.49309476373716254
F117884,0.5044074924624241
F101414,0.46919669881595144
F124838,0.48121052826370425
F120618,0.49606377286163567
F114940,0.45852924377561705
F116288,0.457158838141322
F104706,0.4716401760857041
F119711,0.47708536010630354
F121160,0.4920279158532406
F119881,0.5270640797833964
F110371,0.4965213012981863
F110281,0.46579005233577037
F121284,0.47095442555704087
F114100,0.4740568953551486
F120596,0.46490441655786674
F109962,0.5027946578305234
F102036,0.4811434278325025
F113259,0.4855108981324903
F112953,0.45622283720766255
F118878,0.4748071078954041
F108423,0.4598822354114447
F106936,0.49153343845373515
F100189,0.5013279340885676
F123756,0.5058692713321135
F124602,0.510855177405747
F106319,0.4970851874295789
F110584,0.48862363817423893
F118770,0.4461955837963591
F101006,0.4867325472875412
F107568,0.5172159884762755
F124706,0.481307349261434
F106804,0.4639853221300498
F117933,0.42942636289393626
F122431,0.4786432050771345
F123497,0.4877041980920322
F113675,0.47750521775285176
F119945,0.46198123390443047
F116032,0.46433090658772863
F121432,0.45762169687265586
F103034,0.4929552074221752
F102413,0.4628877888096033
F123265,0.4844465854897278
F115676,0.5043953253582019
F118594,0.5110175843480624
F124788,0.5047341451110279
F117485,0.47205575194784927
F102109,0.49894783222059996
F105283,0.47290879768292504
F105569,0.46868072043633235
F123605,0.5296789437922068
F122857,0.49035814415947515
F118086,0.5049786985700652
F106134,0.48409280796473186
F103631,0.4749317017342169
F112675,0.5101732774712326
F116646,0.4540717149041612
F115298,0.4594215037118856
F115971,0.4787335537192095
F120695,0.4641467039675219
F101541,0.45762298886014025
F104516,0.4628134831312715
F124852,0.4922547373316961
F117490,0.49044595474230446
F123294,0.4864527072399319
F116042,0.48661558138330463
F115598,0.4839882970329131
F124606,0.472839268686063
F123131,0.5032116738508059
F114418,0.4699922587146091
F102839,0.4725150962329052
F121594,0.5043341818412651
F112979,0.48217196794560024
F122535,0.4833392469037542
F122674,0.4738648123046373
F105220,0.4363780459425263
F105256,0.48296027687468535
F122730,0.49904148738400883
F108822,0.433482953420757
F111793,0.45739058553062933
F123812,0.526954645437819
F118476,0.4436446495018339
F120551,0.49600267928886854
F121677,0.4645791913120229
F123876,0.4956122735489523
F121835,0.4859243610367663
F100352,0.4663065894888151
F107783,0.5005237814561491
F119602,0.5324177154417269
F111614,0.45857654091044714
F112908,0.47543120851355225
F121458,0.4159494048631403
F116574,0.45543840076262015
F122101,0.4920914709113229
F110102,0.46646298579381
F113364,0.4862922873915576
F119090,0.5081406504406065
F117669,0.48098594703267206
F107548,0.5211001422368274
F111353,0.44627141201506515
F107793,0.47452603838794943
F109456,0.4736575079823727
F119190,0.5084220414005486
F100871,0.47263538214186906
F124789,0.46879576761389125
F122820,0.4702188043329212
F116446,0.47921376316566355
F101547,0.4792260542199266
F121456,0.47262614441876527
F108139,0.5209452656334248
F102688,0.4679875310352793
F100211,0.4734846691011296
F120738,0.47166713055047177
F109492,0.5302649403811848
F105571,0.5314600124340209
F113667,0.49719895037855255
F109585,0.4692855667437113
F114159,0.47097168971215336
F115270,0.4948515204508048
F117514,0.4967291964691829
F114057,0.4951692845544759
F111332,0.5404127781616367
F114967,0.5506361385155091
F122004,0.45344519833725205
F108552,0.4423838375403301
F101761,0.5035773962984366
F119131,0.5115863464366934
F102445,0.5188203170153523
F110385,0.48796275469863803
F123025,0.4877732656395171
F103895,0.5009248705678183
F100394,0.48631176673651044
F123103,0.47518769921250187
F124655,0.47197911065671116
F106034,0.4985898855249787
F109975,0.4786781094084188
F100749,0.5075760023538537
F124485,0.5004067873504524
F121707,0.4794477944627209
F101121,0.5131478812583928
F105246,0.4689190600989116
F102499,0.48264262453026513
F102212,0.4832647895207993
F115575,0.5010700670098672
F113552,0.4797737624244585
F105535,0.47832016574209807
F113396,0.4797207963457334
F101324,0.478381478005518
F120553,0.502113676103198
F104704,0.5145634782910526
F121960,0.4533825960407777
F112070,0.5011358741021974
F121825,0.49137413540946295
F121673,0.4224936961735906
F103434,0.46063918286640376
F105296,0.45480391686516125
F122516,0.46417067871118833
F100670,0.47441060097953897
F104567,0.47241935049870915
F108055,0.4670536845831188
F106746,0.48401107795081605
F100150,0.46606384481803265
F116429,0.4558094789645025
F111914,0.45093572251804476
F101880,0.4592918522625176
F110294,0.5001583725677262
F106303,0.48180292353643717
F122586,0.4628684718485828
F102804,0.4956218009927626
F104494,0.4485344562949744
F117225,0.5025408237700222
F104177,0.510548358921376
F107056,0.4936172594580207
F100299,0.42587608956968037
F112302,0.4476238742694019
F114859,0.44305015804923353
F121982,0.522944146005686
F116403,0.501611801869055
F119557,0.5198206110847385
F104582,0.48294550236332945
F102354,0.43936572001942625
F122838,0.48535504791535383
F105431,0.45528535377251195
F123713,0.5052133937396567
F106613,0.4881227878213046
F105958,0.4513549331626293
F101181,0.5159010814872548
F104204,0.4839182066270997
F105710,0.47886375877800574
F107665,0.49070412982287853
F124567,0.46446217749907526
F123109,0.499723544242949
F103918,0.4502143877785058
F124696,0.4365977776815791
F117096,0.4806067813566871
F105187,0.48219926128098334
F122220,0.4745279685850173
F114107,0.47414150601630073
F112136,0.4936988600295423
F118032,0.46560524681170423
F109142,0.4628250559865941
F106222,0.4558607602388416
F106298,0.4688022592122716
F101655,0.5239773184865312
F108665,0.4641606548807937
F104263,0.5337646063078451
F123869,0.5020158813871342
F124312,0.4845646376360788
F120942,0.41807929932807647
F107799,0.4634274178646108
F105173,0.490892211869007
F119324,0.4631721673356606
F120332,0.517932302276581
F114902,0.4836598893045115
F105902,0.48758835192489064
F101001,0.43915821850331643
F111473,0.4812889458166003
F110267,0.4722334510560991
F102348,0.4652550061167587
F118913,0.4844303738519575
F116563,0.47805487898411314
F110458,0.5004855599022804
F110179,0.4954875243658932
F108014,0.5257681612561279
F102159,0.46527967014568755
F118487,0.47645846595564434
F114608,0.5241189930124529
F110313,0.47142953889620504
F124704,0.44044881561127364
F102057,0.4766061116963838
F100241,0.4557196016837948
F121196,0.4965761131069466
F107331,0.5899759286486769
F116932,0.5086785065137804
F113258,0.5133474524790123
F109453,0.47563444801906535
F110831,0.4778418101667586
F116694,0.5293911872722297
F100843,0.4606749342380027
F104817,0.4908092594932727
F103448,0.45926884480459373
F109161,0.5027964253680853
F112255,0.48896719440008607
F118347,0.5136279444029561
F108525,0.5058531919459726
F121777,0.5114213872063961
F110202,0.4853250905610711
F122209,0.4191110968656571
F119286,0.4779481397777383
F110827,0.49314227340802363
F105330,0.4708440848945153
F106960,0.45917163815612405
F116733,0.4745297383182344
F114348,0.49680674938417885
F109408,0.48163496938750455
F109497,0.47163357809418555
F105552,0.47347681697771404
F109376,0.49951109556433965
F115208,0.47730790967460734
F103353,0.494814040959339
F104806,0.47498593819150614
F103276,0.5337695519163768
F117153,0.4942922050487447
F109447,0.48622239855707855
F117572,0.47479276108135304
F120533,0.44466840294401944
F102829,0.47144816352098295
F123721,0.47252201640390323
F117607,0.5342710738874918
F121646,0.4806974916837591
F108865,0.48236268548252914
F118222,0.4798107125025673
F116585,0.4992421795968224
F100804,0.46844980824928445
F109867,0.46755777059178505
F104274,0.4567909627321199
F122752,0.530160897542463
F108635,0.4694168432193152
F115699,0.45209942430664657
F109846,0.4351834606920391
F103151,0.4755458837961063
F121216,0.49386421936195607
F100833,0.4862050919903445
F103664,0.4532472150243811
F114986,0.47443131739220706
F106330,0.4944787740131456
F112616,0.43833295340397105
F117516,0.4408812617068444
F103206,0.4186639387596578
F102168,0.4579078332348155
F119550,0.4552537734593255
F117544,0.49036782860014766
F111964,0.43154392294842353
F108758,0.44995051219323673
F122380,0.4688416975803757
F108388,0.5107585768998291
F105221,0.446011431933534
F112011,0.4852467853245823
F122060,0.5018003245014796
F119625,0.47823206243788874
F116159,0.4799294296488749
F118197,0.531862941446315
F122855,0.4735505842769846
F103280,0.4557753559240651
F123066,0.4863195998906133
F114489,0.5125994950224355
F113341,0.48462609802278894
F123104,0.4389512124191808
F121913,0.5318298825496621
F116967,0.49043255744976605
F117692,0.4989869656178779
F114449,0.5502014927521004
F114917,0.4533298508193881
F106626,0.5342051477639359
F105752,0.47100289237969034
F110180,0.4559903371835986
F122579,0.4970043266026534
F104771,0.4354384456119227
F122049,0.5403571743318184
F121834,0.513451506546965
F105643,0.46002628866813333
F103538,0.44245397807034953
F104641,0.4247437497387073
F105709,0.5111073100413107
F103610,0.4628457245714325
F120886,0.46400793279291813
F114229,0.5157958314615217
F124875,0.47431736960640114
F110680,0.5368816664904904
F101671,0.4801797141660424
F112428,0.4811371304518316
F102048,0.5075450943424263
F121862,0.5068495709225092
F106191,0.526955359958787
F104268,0.5039796313117181
F121265,0.46534892021052954
F110088,0.46925906326167277
F116110,0.5058135735753498
F124891,0.47995954105392735
F110683,0.5237861852232099
F100801,0.44156446821286377
F104725,0.4613906553385069
F105176,0.43273057148796545
F108128,0.4953644333674188
F120237,0.4582232619637679
F100023,0.4954659214405882
F110705,0.4869861758751367
F115600,0.4674108878146923
F124518,0.4624217963563303
F120303,0.4664858693034206
F123287,0.4970909329982599
F120924,0.5212008995822266
F109199,0.4580494506993896
F102014,0.4920403732506846
F105763,0.43413464894494175
F105638,0.4349239549761733
F112786,0.49057176592815094
F120516,0.4994594681963006
F107868,0.4763926429987555
F115045,0.4661539805519662
F103465,0.4750014832529207
F115988,0.5152252636435825
F100205,0.501478994764519
F113413,0.47238933429882984
F113198,0.45985875912286334
F101460,0.4885654441751342
F106150,0.5200951344367464
F110552,0.48062556741669893
F114387,0.4298793287661135
F116026,0.4959500818524087
F100626,0.5340588200766199
F123500,0.49659516844692647
F103668,0.48728036121364
F101415,0.5065564947089479
F118214,0.48674073644873617
F116914,0.46484164358813773
F111586,0.44380040845170005
F101520,0.4619003367241762
F113776,0.5136634302207069
F100242,0.4745713752714812
F121541,0.5402318146741696
F114306,0.46236894264230205
F104640,0.4962018591870197
F115144,0.4951729298092672
F117476,0.4415563710353727
F119201,0.44121470461685997
F119942,0.46348292091583215
F121040,0.4733261665893269
F106973,0.45582913849655776
F118779,0.4821480200252086
F122201,0.49242406198766353
F116886,0.47417099037478067
F102466,0.5172982149488331
F102121,0.4508044934327956
F108853,0.4888552786967801
F117553,0.4619011688385191
F104284,0.485467906839403
F116616,0.4504082608257358
F117409,0.5034777989068864
F111888,0.5018023553971055
F106624,0.4644668132962912
F120501,0.4599404189647444
F101295,0.48495485044629394
F124986,0.4514795556317217
F109667,0.4811021176874642
F124245,0.4767101792874738
F102754,0.5135369214827707
F118902,0.4390300499167792
F100537,0.5058240238242631
F114802,0.5090189435324233
F124943,0.4943546939106928
F107886,0.5040524171768578
F122870,0.4560866745987914
F112378,0.4814030714507044
F100221,0.43858567884889404
F113208,0.48848757348795313
F104351,0.47421585543098704
F115314,0.4758536265392088
F117939,0.5164125324869254
F109436,0.4859528338066356
F116634,0.48269962443188164
F115383,0.4489446750908134
F107327,0.4727534198604002
F108158,0.4881384038656287
F114614,0.5063820931592735
F123110,0.4556517290545737
F108691,0.5222347279412648
F107857,0.5036309901570499
F107919,0.4909265254653587
F115243,0.5468027773500299
F123530,0.5198503030125335
F103297,0.48974856921014265
F108000,0.4991800760792892
F100174,0.4895463225051583
F110677,0.4964963406321387
F123806,0.48841762650859294
F104614,0.4592648771051896
F106828,0.4591014788078041
F118335,0.4855730595329283
F116127,0.48060832324932146
F106574,0.4795992860297907
F114778,0.4642030408336621
F122104,0.5008058105023634
F111475,0.4694425284074744
F104444,0.5354795075575666
F116934,0.5058445275615472
F122685,0.424019433190585
F106771,0.49160210542141425
F114030,0.5066471921365547
F114040,0.5040980072379054
F123008,0.4878625509088915
F117483,0.4605975631268834
F123134,0.5007664854536621
F109641,0.48947913849425556
F100021,0.44984738179335126
F102331,0.4813395857630324
F110192,0.49212310513008845
F112160,0.4907025691212534
F114617,0.45411956061261755
F101262,0.49556057789945707
F102042,0.4919250470068852
F114016,0.5149414498887124
F105974,0.44005405272275655
F121644,0.5019655781645324
F115526,0.4665791499355633
F120734,0.5020359044156028
F119489,0.46854638847792995
F108299,0.4886066198176041
F124615,0.4614457714126113
F102652,0.4600397741343446
F117699,0.47478218396058186
F118761,0.4602484674043561
F123637,0.44277222855108295
F108355,0.48018254054192605
F100950,0.46550494891434174
F116741,0.5000652191866729
F112787,0.48017869530111656
F109995,0.4658804893148293
F113120,0.4666445669827779
F106926,0.4825003655584687
F119874,0.5149385013346046
F117045,0.47533304672310145
F107271,0.5195248932496556
F100737,0.46437983083489776
F115949,0.4629115979273723
F100611,0.5091071205797034
F111171,0.501214665590363
F110406,0.47276906208651065
F117598,0.45537024843877333
F102524,0.46319887568208074
F114340,0.4620966328796999
F106448,0.4797189472106726
F115408,0.49617342679744736
F112179,0.47816055984700956
F121369,0.4870664370291601
F110713,0.4726614033153644
F102955,0.4604807602865398
F105074,0.45627813911334303
F117019,0.4559165023989413
F101572,0.47856693464948746
F117916,0.47707170530561815
F120541,0.47304085198183066
F116099,0.49552156199719427
F115933,0.47434322405222545
F104099,0.4510266659460492
F111550,0.5241067103329087
F116738,0.42400536380579384
F114550,0.4843880503720972
F120782,0.5093528985610037
F109113,0.47594024118231626
F123023,0.4873505862038097
F107213,0.5024682556277393
F123540,0.48147852628972226
F113169,0.46444909351191616
F105377,0.46132423969136704
F107084,0.47910343265690825
F103456,0.5294913782748587
F103227,0.4935763705319216
F120513,0.5132931974158492
F100015,0.4888672162681133
F122876,0.506966413633573
F116229,0.48856723791164686
F119012,0.503253401411768
F112286,0.4814973132066699
F107104,0.44977405697723594
F101822,0.48803272632459394
F109747,0.5046339725645227
F101029,0.43655768621048147
F115060,0.523858727488544
F117560,0.4342885020627059
F119779,0.43393423243846757
F104595,0.4949787689906654
F114554,0.47387232379383587
F101801,0.45589560791807443
F117575,0.4884439972698338
F112592,0.47438018295052375
F118845,0.48204500601302236
F102220,0.4449223490504195
F124831,0.49548795308021354
F119264,0.4637717503549034
F122355,0.50872004603287
F108102,0.46151826435575
F120918,0.4595095576074896
F123443,0.5023760253017059
F106225,0.5049870287849515
F104738,0.49764915579304775
F114417,0.480668300810001
F121976,0.49477407811182106
F106774,0.5469237507843087
F104638,0.48367600072151307
F119039,0.4763512664881449
F111484,0.4789857062579772
F110971,0.4961180379242624
F117772,0.4757421426941056
F122712,0.47824744630842553
F108402,0.4705073682091237
F100396,0.5015354133920416
F101740,0.49392760827564197
F103705,0.4696570175693678
F111554,0.4393196430832847
F106067,0.4870399619437952
F100543,0.45029836316568267
F113299,0.49830805971634456
F124487,0.48004520451735666
F103540,0.4652898348632163
F104227,0.4839982749809072
F124262,0.4497470462712475
F106168,0.4624053307282716
F121499,0.4788290354550546
F107348,0.4797093392257939
F115613,0.4872800406380879
F100972,0.49535451588731627
F114882,0.4395494283813669
F101137,0.48168807816357223
F106247,0.5022439491208484
F113304,0.4722831523670801
F123030,0.4770418452255875
F105610,0.5027456817391345
F112978,0.5106732538667783
F116077,0.5080493529597803
F118456,0.47858699334546956
F103194,0.48697166188996227
F115574,0.5058457609799466
F112544,0.48780137579851024
F119809,0.4770414128033048
F114611,0.5092992600452614
F108134,0.4935147786111441
F100329,0.4484064608515718
F108247,0.4612804850900377
F123227,0.516618757606647
F121253,0.5079944590838051
F104626,0.4638251592824067
F124350,0.45765140119784287
F113339,0.5119225831558633
F102915,0.5106717816001289
F114654,0.43054946298682095
F105273,0.42799234899971633
F100033,0.4617545274212368
F102742,0.47018967905289594
F120354,0.47064986991189794
F124715,0.5137952204028936
F110031,0.5046219679771449
F107906,0.4646396271001146
F120793,0.4914223871202718
F111450,0.4518436466073329
F118964,0.469769317705076
F114254,0.461842094859554
F106058,0.43488989366662545
F120668,0.4821037810329967
F120913,0.43153811241580664
F117160,0.4852350470388532
F106648,0.5226338691072825
F116726,0.5193159757723679
F124577,0.4636898309883414
F111525,0.4550782945520129
F112745,0.5096209881172237
F119702,0.479416147751771
F102116,0.44606805532871197
F108772,0.49606948286190927
F107424,0.5542641848315863
F103479,0.5061422292518419
F123149,0.49950645037439106
F111072,0.4798709012077249
F122097,0.5008287765052125
F114087,0.4965458165789561
F104809,0.5164346166342033
F114098,0.4206932181477501
F116880,0.5326848823521166
F100450,0.47411428557491736
F119057,0.4936667219082039
F103666,0.41169380605649236
F120106,0.458586667907808
F106571,0.4658805543341816
F103970,0.47877050055335135
F123969,0.5078144842460154
F111255,0.5066772819963387
F103344,0.5162085216830965
F119143,0.500587965376472
F116577,0.4232104111494995
F114734,0.505036619306035
F111250,0.44802956620921375
F115135,0.4873613826818136
F117362,0.49039706016998963
F122260,0.49078075018182765
F121277,0.5195036637692575
F114783,0.5041585108999573
F118109,0.48691793625320867
F100387,0.4737856552488146
F116031,0.4476085120116366
F109014,0.4883297210758113
F117456,0.49426257717313715
F113480,0.5229891914265408
F110667,0.5059237165408909
F101209,0.4922893399696517
F117971,0.5012729511379254
F112292,0.47168929731193726
F117732,0.5003227861659427
F120448,0.44918083543106585
F119957,0.4602828741065875
F102918,0.4831235797535226
F122528,0.48198951414934016
F106419,0.5032049995142059
F106697,0.473267398006729
F109567,0.49449723349149544
F104619,0.48422331556697973
F102647,0.4672775456657467
F123916,0.5050453417979228
F109131,0.5061305864503549
F108962,0.49268753539538385
F104775,0.5143672375155156
F110756,0.46245695507187273
F113157,0.442834902765323
F102997,0.47375659193271585
F110631,0.477758033151146
F115863,0.48783142296493087
F118447,0.44209392272362336
F121168,0.4988328912271543
F111636,0.4592400998930154
F117868,0.5148973066748345
F111859,0.47583375933658856
F109735,0.5143733217220818
F105767,0.5445516611318234
F117143,0.4918996077151068
F116763,0.48149295651226515
F106437,0.49803970632851685
F102046,0.4774245561588454
F107609,0.47228148236304124
F110945,0.4783057801426099
F105453,0.47174567792706396
F105821,0.49715564825947867
F116964,0.4423752421004334
F119609,0.49595533210558596
F120583,0.4577189620693319
F106125,0.4865489020696412
F123144,0.5143564044371217
F119423,0.5254634635981682
F100607,0.4390456739681733
F116199,0.4734808535475004
F101866,0.5061073273797589
F104493,0.4843562364152797
F116889,0.4802712964840817
F109869,0.44443553219465465
F112334,0.5093394923565837
F119889,0.45349680113855406
F122065,0.45196498530706863
F100180,0.4369324744074581
F115350,0.4601287605322453
F109477,0.4885390682772652
F107499,0.4719219602676992
F105684,0.49195223628948037
F100048,0.467777698113799
F113232,0.48024300474406845
F108315,0.49431663279575505
F118372,0.5013241761544868
F110926,0.4816839761057044
F118041,0.500650352660976
F104956,0.533633010186268
F122913,0.465972547132134
F116989,0.45681187570974013
F111260,0.4390488493348233
F105667,0.43793300882367336
F100714,0.4581877679297831
F122146,0.4727886923316924
F119385,0.4995587013884873
F103670,0.4829860020303364
F111921,0.4291603726561301
F107414,0.4530418089893002
F110289,0.5084792519161527
F104935,0.48953185441309677
F115644,0.4383533949672565
F118561,0.46427723174151087
F100682,0.46630217113674444
F119620,0.4748895066593554
F102396,0.5426964276624024
F100888,0.4618932020763076
F124987,0.461322621563629
F123840,0.5149663458997052
F120103,0.4863113984750179
F102143,0.46626687474297146
F112685,0.4884214134887922
F101695,0.5022365983299804
F111547,0.47590177722525834
F106878,0.44584825048632803
F105463,0.46129410639257984
F109522,0.46042679096810624
F111452,0.45369140085284704
F111170,0.47461879990971056
F114262,0.4621850933865163
F120833,0.478151380272182
F102365,0.4779270690489199
F121002,0.4612891279873454
F109692,0.4474801418665849
F105334,0.5044899227894977
F106531,0.46144208709165513
F109518,0.5181312173767174
F120188,0.47983460789942645
F122584,0.49303378144233956
F115206,0.49800930263833715
F107333,0.4400883612676504
F116085,0.47609547864111035
F121053,0.49890735012268905
F120289,0.5134904714311638
F102184,0.4598271541823717
F114959,0.4810498940880332
F110254,0.5072490344660383
F105043,0.5022425999082025
F119184,0.5342853294631204
F109940,0.4586601851911468
F108876,0.4708647144088409
F122769,0.5164271816844855
F123482,0.476013787260027
F120725,0.4640734301381614
F106669,0.4792864031602369
F116794,0.5114836126367727
F104178,0.45844301165584234
F105928,0.477725423413404
F115701,0.46571955526616293
F108235,0.44853418075073936
F116928,0.48316843831023787
F118749,0.5056087682678858
F121008,0.46954558969003857
F103694,0.4625278561995261
F114240,0.5132383423182217
F120027,0.5255194000078277
F124782,0.492309684676114
F116378,0.4566739910528505
F105209,0.47734023693827105
F112018,0.5134731235614818
F106250,0.5436887587875342
F109953,0.44725887874042725
F101543,0.4236754973599268
F121509,0.5302511616915515
F105628,0.46545500555200486
F115546,0.48550623985542807
F100704,0.5028610516417782
F110368,0.488006076724479
F121528,0.4850598764881103
F101100,0.48881220589429586
F112525,0.45511249057333464
F121356,0.5047117524284824
F115951,0.4918761656119112
F107795,0.43345882096573896
F108817,0.5417047031877616
F111387,0.48013533170567146
F117804,0.48440086729070414
F110936,0.5296392303685988
F114004,0.4613541248927986
F107270,0.4837300864199884
F119956,0.5515573636730017
F111828,0.4586732790693875
F107203,0.46474088004942177
F116496,0.49570956226283436
F119361,0.4562294450671744
F115552,0.49528999537877366
F113702,0.48315733997895355
F111225,0.41091670829464266
F116943,0.49293870645319326
F111429,0.4969892539136845
F113806,0.4757048101422472
F123307,0.4727820854276315
F119728,0.5073630526350704
F103180,0.43465927682236355
F108160,0.5378474668880555
F119338,0.4880649136737779
F105024,0.5257808402994097
F100983,0.4746675952715401
F118064,0.44218050432046907
F108152,0.46888211218785253
F102301,0.4688110339387027
F107420,0.4970343634144197
F112453,0.4830959783825211
F121252,0.48351565825027426
F103182,0.5244841877746751
F102746,0.4473307012842993
F110087,0.4575926420427161
F106141,0.47268448746115377
F107022,0.43714793829098547
F103397,0.4884589936545386
F118137,0.4827365424498871
F122022,0.5105236784016342
F116906,0.5086290364106967
F123841,0.44740010197311547
F100930,0.5639551975573169
F119076,0.44101549465346174
F120302,0.48315714739960686
F105583,0.49810633667665905
F100630,0.463902143009569
F108776,0.5099713536751443
F119459,0.48277015435973625
F112620,0.48487818016409767
F108675,0.501717192828643
F115164,0.45745302351202816
F116255,0.4440685553799182
F108207,0.49393354156604835
F121915,0.47801107731591663
F122673,0.49616157971418257
F122512,0.4942969235897505
F105207,0.5214028312308568
F112600,0.45489644512961114
F109251,0.5292966893250963
F124775,0.49136636205421735
F107159,0.5017857706108171
F114438,0.4614284069996094
F116936,0.42097509871613725
F109971,0.4865483060082615
F107529,0.4447424655639169
F105347,0.47839880580213395
F119872,0.44761991954069
F124963,0.487198207055465
F101527,0.48246879175693813
F123725,0.46053154441264504
F109802,0.4715335047290198
F105605,0.47828351134387753
F114987,0.49240491292367067
F120330,0.4787987910884914
F112090,0.4527126774007953
F106455,0.47578805620171183
F111162,0.47624111232073296
F113014,0.4783369958036735
F103680,0.48374924896239696
F115260,0.4395629067622578
F118706,0.48350937849581943
F108389,0.46618135177164105
F108743,0.49912154622270666
F120572,0.5191971239347309
F102141,0.4496886058251227
F102149,0.48383486153581046
F107157,0.4441075455032735
F106026,0.4792908179588096
F122189,0.5080778932171437
F102726,0.5101011503685386
F114612,0.47209780595692913
F104564,0.5103153431859931
F116599,0.474572011598706
F120026,0.49973501041522433
F114143,0.48536293845892625
F114824,0.49367413578851144
F108145,0.45853994707126494
F118207,0.4855826003760577
F120984,0.4779561648861073
F107103,0.5005321547956076
F111360,0.5018802201623104
F109123,0.4861085843723047
F103665,0.5208862914652879
F114115,0.4507646444002404
F120105,0.49350027632966426
F102511,0.4906285427351387
F119174,0.4587387470921505
F123222,0.50235560686625
F102727,0.44381383576744743
F106054,0.549007856133421
F108133,0.5010569624944422
F102594,0.44135723921945286
F102784,0.49033713302187126
F102210,0.5309502542232385
F110644,0.44669386499163605
F108530,0.5033784263844595
F122155,0.5301209644770086
F122742,0.470190761425739
F124974,0.5060608319218866
F115568,0.4682169652143881
F120682,0.43814896864315506
F116180,0.4749722266732351
F106255,0.4458579829920198
F121255,0.48004440757644007
F111424,0.4913556054496448
F114445,0.4954381357513195
F117142,0.4838857301509154
F119968,0.47368748401847927
F110742,0.49104335746306765
F116012,0.4883609207556884
F109110,0.46214503258398204
F116905,0.529678952910294
F103635,0.48054688121958855
F101384,0.5295618637478787
F120545,0.47378472486911194
F124205,0.4171659731472717
F116805,0.5194076137820167
F118784,0.52158476456266
F119155,0.5046676741432898
F118983,0.4946182899824368
F116295,0.4732402418262741
F118537,0.4335378821144725
F123906,0.4986427038648474
F121359,0.5181512528983516
F123295,0.4411274540545491
F121403,0.4713030526397352
F105128,0.48858388724664154
F111939,0.4424064098107105
F107201,0.4639611134217577
F117098,0.4168185317859699
F124004,0.5044661392080979
F115084,0.5296680449828963
F104987,0.49051626098834267
F124186,0.48372500633796667
F124105,0.52228138693714
F100614,0.5254779509381926
F115920,0.47022915202018034
F107100,0.5122443567192236
F104083,0.49972038740549707
F110329,0.4591992778459323
F113009,0.5072892555043605
F116174,0.48181780705340355
F103588,0.5209728057371981
F124689,0.47028358465004433
F104814,0.5009316686900561
F100589,0.5237376003935338
F104918,0.5012967560304246
F119414,0.5120810592487304
F113072,0.48010415391149813
F109966,0.4765949286495691
F102358,0.44412829650041374
F114326,0.4404780866583362
F102052,0.5124673663727798
F121229,0.43686667648199384
F115500,0.486040697576893
F117940,0.4782052042008115
F100940,0.5065578789083529
F105314,0.45719145788218823
F105479,0.5456803368838294
F115016,0.47985294037812326
F114400,0.4975351765799557
F118291,0.4974990994803022
F112755,0.49111918677526895
F113345,0.4460147764819566
F111589,0.4694702107683833
F112817,0.4847850334740243
F115899,0.4353790947964585
F122372,0.48077831794678244
F107231,0.459034486284965
F121736,0.4681155228168324
F103552,0.4993912975665016
F102797,0.4552500399632911
F107172,0.5131180219900248
F121740,0.4901811243931872
F113209,0.5346853829241254
F120175,0.48407138443548137
F114435,0.47365942007297807
F122370,0.4709025096067564
F116097,0.47895263303555907
F101462,0.508773058085384
F114465,0.48272701232872295
F107880,0.49773616857273784
F101812,0.5027252616502643
F114561,0.44271191482975464
F107367,0.48897566759460387
F115881,0.47940973569162565
F118184,0.5144862467946346
F118435,0.5139335618174207
F102307,0.46278781037515276
F110456,0.5262349650774044
F114310,0.42790444026119195
F104179,0.42535252414993246
F103967,0.4851949453651425
F104053,0.46585098419022086
F102255,0.45108133766192754
F108364,0.47032789264336944
F109601,0.5123956089864762
F121027,0.5093497777791253
F117743,0.5027929799051208
F112974,0.4678396056375872
F102817,0.46314401746239403
F110737,0.5187052896784897
F118258,0.448204252420685
F116592,0.47339523739050976
F104465,0.46229490922299965
F104411,0.45331835616821947
F113596,0.48256720599664316
F105423,0.5027117863199722
F110800,0.510911835851357
F111584,0.4629379740322722
F110762,0.4695937522684157
F102313,0.43212195395102965
F102883,0.43577383585511165
F118260,0.5069235335250014
F105371,0.4803562600427603
F112383,0.48608237966663825
F111663,0.5032750872731904
F105549,0.4799262772508458
F102976,0.5184097562431317
F122624,0.5175197784224661
F108589,0.4858799940146212
F120051,0.49387396387222404
F121364,0.49098985146937985
F119616,0.4896411247214128
F110951,0.4482399188967907
F113261,0.4987642253182768
F111331,0.4964583994074935
F124854,0.5315488977881803
F101161,0.4927767191115987
F113519,0.4781360610990184
F119417,0.474928068782926
F106192,0.45805033756542607
F124302,0.5449712065176541
F112169,0.5197246720616724
F118414,0.48763413615797563
F123504,0.4820072032380726
F115492,0.5147034580693738
F110027,0.4174324263363587
F122387,0.5300108161792155
F102191,0.44673843340083746
F111469,0.5349773739742256
F107154,0.505464871633549
F113256,0.455992167506813
F109932,0.44720661619069685
F113897,0.48625000752903413
F110652,0.4326538518896577
F100218,0.4661048755046703
F105126,0.47485045219001
F124361,0.4628452350361943
F111427,0.4652959757947148
F109730,0.5067411408645328
F119762,0.49769454408280583
F106408,0.4970764795800838
F103626,0.4520419257883085
F119134,0.495162247379113
F110594,0.4866970349259543
F116242,0.49578724218021314
F121193,0.48363286283116913
F118548,0.40606489425522213
F105835,0.49914773595829437
F105554,0.5027561437068765
F109858,0.47834441937791927
F116096,0.49869279656776
F105882,0.45511163275090755
F110250,0.5031991907495015
F103660,0.46341499963220945
F113137,0.48504411994268853
F116179,0.513931237326218
F123870,0.4646610007103679
F102689,0.5153481816874952
F103467,0.48091918537694567
F110717,0.49850834723077514
F112042,0.4518363450389019
F123857,0.53583914421478
F103893,0.5152675318406986
F116119,0.4971702949273749
F109816,0.47425101778918805
F108243,0.42263573158574824
F119586,0.4737044480413337
F108493,0.4747443192887338
F102503,0.49295179323581256
F101400,0.5147004555049689
F113180,0.5155077953407791
F110497,0.4967114805503724
F121430,0.5157169052767343
F110788,0.4603817179395676
F107997,0.4410127513753139
F121538,0.48673477010305816
F103869,0.43330239705373963
F107074,0.4437029122079348
F111782,0.5163183653539618
F100715,0.4726175639010018
F118689,0.464881304966787
F116342,0.4423541361408438
F102560,0.5053858941468169
F112439,0.4992204235032896
F100383,0.4749499271650822
F109612,0.5022771549939924
F123239,0.47748320312367365
F103939,0.43921634366862894
F104109,0.47048479427439455
F121393,0.4699890375222358
F112802,0.48880583246244913
F109757,0.43232018675154255
F106243,0.45921618202168885
F114576,0.5364527367621872
F120764,0.4625451127136419
F108968,0.43829081844801876
F122636,0.4889162531528623
F122776,0.4695423567558743
F106149,0.5247127580705483
F102986,0.5076189143657365
F109255,0.4383633143592796
