record_id,flood_risk_score
F104559,0.4740382961669666
F100765,0.49385407215748994
F107573,0.48724425140513505
F110345,0.48127609576360336
F118850,0.5005100420510664
F118228,0.4743800149756108
F107230,0.4819461578188294
F118529,0.4602504939805743
F100418,0.48815672073745425
F104883,0.512168515276695
F111040,0.5321065369628635
F108454,0.4836459606617166
F110834,0.5141707438545233
F100969,0.4769697569046231
F109368,0.4908729121934613
F102545,0.4551782077552131
F122488,0.4453420534416084
F103894,0.49064987195379406
F105408,0.4985247651073494
F112579,0.484317556556374
F103663,0.5010386584208116
F120363,0.4995854743012708
F124722,0.47190842795868204
F116480,0.48886962002383677
F114951,0.4770908605348548
F100738,0.49399547694079915
F110536,0.4666264457032607
F122026,0.5158205552942323
F105117,0.5226624327015358
F108958,0.47796853478516205
F116660,0.455693170831295
F114422,0.4640028458573138
F120962,0.47072810112012875
F111174,0.5004415509602534
F113429,0.4886266997006347
F124188,0.4815592375470689
F117761,0.486154064015192
F118236,0.44495006438345525
F107714,0.44354807689357
F118833,0.5127095053808282
F100761,0.47521633919583894
F120268,0.4932024244915669
F109138,0.46472982343326147
F124412,0.4947385096371218
F120691,0.4716840013752055
F124661,0.4813165739241646
F108890,0.48820552033543396
F121417,0.45907917349319927
F118138,0.5094300983128556
F121512,0.473188546182381
F108954,0.5017254883393087
F113146,0.47691292076617864
F105087,0.5394396883342106
F121469,0.5056341971446906
F102542,0.49120391711172395
F100209,0.5151515777728736
F124632,0.42709880319804217
F107038,0.49525805894546515
F100938,0.5093910810118093
F107925,0.4731046816181273
F105361,0.488045083128402
F105697,0.466253318281115
F115744,0.47407899675003906
F107426,0.4632406150720547
F124172,0.4865233332071557
F104946,0.5228674575882788
F102095,0.4765567624202333
F123356,0.47884149311336505
F102650,0.46773146475669397
F106539,0.480522346468682
F112891,0.45489383885386625
F108289,0.46568180407519544
F115077,0.42469472474188835
F122323,0.48445895712705567
F107204,0.4910950869198966
F113309,0.45452863451399494
F105741,0.4945919329425173
F113925,0.4760570992140476
F103318,0.470104226483015
F105950,0.4853647891833229
F119672,0.4790030536853892
F109242,0.49703795728597916
F122020,0.44444456877483135
F111466,0.4666037370384991
F119578,0.4700923716915916
F104122,0.5153245937290244
F117075,0.5197915996787354
F119337,0.4911817660405029
F104315,0.4625413640207153
F115990,0.46861393877385804
F121530,0.47235471114774313
F107744,0.45923863742419224
F121368,0.49594457519517515
F104624,0.4394171505895674
F104063,0.46806340280318
F104344,0.49331736249415625
F118253,0.4959702616500168
F103315,0.473365700433389
F119431,0.4801375206248852
F112167,0.4682726780035789
F116395,0.48031687919691357
F107209,0.4620183608586061
F106831,0.5062144980018977
F110362,0.5076377891347238
F123715,0.5434838911292771
F114686,0.4803980318623234
F100236,0.42148076133327267
F105475,0.4873953167852808
F119724,0.48521473975749385
F121653,0.5016904213254368
F110182,0.46424640867369626
F124466,0.4888582491844755
F109994,0.5025461468109561
F101098,0.5015909437193108
F110819,0.5027332180417994
F124937,0.45178842239775496
F105167,0.5298229178799327
F109738,0.5338152517546575
F117504,0.48394885423483824
F123201,0.4944932434883568
F104276,0.4845397706107657
F106674,0.466753828647701
F102033,0.5400937676093243
F114776,0.5030945437926717
F106675,0.5080474420876019
F107195,0.5189622350173033
F115966,0.45392870247868505
F110078,0.48224385175312856
F101644,0.5176684630031385
F100635,0.4229108561503822
F106895,0.4839408253187018
F115420,0.48145669556069587
F122657,0.4896829871306117
F121159,0.4542735933611637
F106498,0.5082711034851781
F123880,0.472271587663915
F121738,0.49146285242042403
F103530,0.4822666895923768
F118037,0.5063187923412006
F121887,0.490092256112884
F117474,0.4452885003950891
F108838,0.5138532255376639
F110850,0.45977335571587086
F108920,0.4317753470634529
F116417,0.5220062938762258
F123163,0.48039725697940167
F114455,0.4639537805907092
F101247,0.487076425673342
F104992,0.4635155907688104
F118511,0.4202840767166266
F114644,0.49520974758606
F102251,0.47377017777372793
F109818,0.4726743751953446
F111847,0.46915605975107205
F104955,0.46985004041477946
F119652,0.5070883691225638
F122133,0.465790469507664
F104993,0.45888140188955984
F113510,0.4876897849382731
F123557,0.4778800317763999
F113962,0.43703407368391206
F105947,0.46789501861525346
F106911,0.5017868746939272
F100652,0.47146467171036816
F109685,0.4637640012449064
F116475,0.5025838926335354
F104565,0.4875727380522179
F124062,0.473580998352418
F115932,0.44503711437107735
F109613,0.4623854513560309
F102386,0.4659446772897351
F113483,0.4469557018205549
F117088,0.4951311642739926
F101277,0.4802654965692602
F124674,0.47579247412939685
F118679,0.49406495645836834
F100697,0.48844585851305644
F107785,0.4316448253422356
F109642,0.48134754159517773
F119574,0.4283082297132435
F114841,0.47906569321734715
F112762,0.5414097911341628
F123792,0.4538387588863363
F107168,0.4939319177282314
F120641,0.5225782489255648
F108273,0.48052115455771943
F124407,0.5367064329108676
F114604,0.5085425632249173
F102970,0.49308769301213007
F122148,0.47044672755854583
F108010,0.4940161068541465
F117610,0.46129945235441977
F100140,0.45140071778963814
F113938,0.43732712669225193
F121084,0.4755405047279145
F101060,0.4711854809697936
F108562,0.480375516398213
F110164,0.4559917983554721
F110472,0.5092695555490688
F114543,0.46822590093765526
F122852,0.5001981552048166
F123987,0.5116436191237904
F106836,0.4932204716045175
F101754,0.43362292372383504
F113931,0.45325647651365436
F124553,0.45930215198145524
F102295,0.47145979973122953
F112168,0.49326978168601293
F119601,0.47310697606159813
F114744,0.5057785708709647
F102112,0.4532435256652455
F113311,0.48380029555433507
F101833,0.4989294890447183
F103038,0.44295446709101394
F120560,0.46114215327993163
F112035,0.4883290070057771
F111041,0.4568425498515983
F106820,0.418550027967641
F122282,0.5197711082393769
F122812,0.4393349100310491
F121959,0.485847104202899
F111241,0.49795671521694085
F115679,0.4917452327437938
F100487,0.5048103608940534
F110726,0.4969198450866185
F117027,0.46642152343053805
F111810,0.43216749388274056
F112058,0.4941429667492594
F112471,0.5084268529553357
F103296,0.48786272151013493
F115646,0.4845041849618285
F103349,0.48561491258116013
F122192,0.48530195805619136
F107979,0.5003239681655898
F124864,0.4965297198152683
F122862,0.46625755073591924
F118545,0.49393223868625025
F123305,0.44917990225930127
F110767,0.4872749870045833
F103752,0.47050077902261994
F121115,0.45629434583328216
F109639,0.5297547746058997
F101751,0.4647923538914409
F114586,0.48613837151052697
F112250,0.4318134896921895
F108536,0.49054661606584776
F116656,0.49199484380388864
F121706,0.49550791534200034
F118536,0.47362213801838793
F105191,0.5289818295931399
F104561,0.47374678336311404
F101998,0.49924148926873324
F115774,0.49180337023678744
F115983,0.4731147719540984
F123259,0.48543098762466264
F100753,0.4697244718694221
F123982,0.46761152357422603
F116710,0.530044061578928
F102019,0.4868668842105947
F123612,0.47758517080116725
F115548,0.4889983922997821
F114793,0.4726218737070641
F101753,0.5206101354354191
F104066,0.48216614668972524
F107166,0.48726433717953943
F104321,0.4378933163581097
F105839,0.5192163564852035
F118851,0.47262447354401105
F109929,0.43296589630711096
F118079,0.5285469431796118
F106387,0.445217574670036
F117429,0.4637619933337948
F112211,0.47887754149972334
F101550,0.46889369260287933
F121466,0.4776325808723226
F107148,0.5152051085275946
F118450,0.4530787560439307
F111865,0.4572302778223127
F110969,0.48363942985657127
F109782,0.43699411264764
F111408,0.4679998375902805
F108063,0.4751041377736929
F120971,0.5173848745186398
F123231,0.47902411059213773
F122302,0.4668489954913332
F121337,0.49124226745667643
F119311,0.4333408405098666
F124628,0.4777749977490532
F113156,0.46017620533893555
F122818,0.4923256736630054
F116061,0.4416030900555552
F114676,0.4588534284244028
F105188,0.4799018041187636
F109111,0.4937234419991785
F108985,0.4668781434657968
F118123,0.510099517849597
F116826,0.5116440485999303
F111800,0.502839701788908
F110853,0.46048726335183376
F110615,0.49107448953749916
F107116,0.45959480151720605
F121710,0.46152913591421924
F100340,0.4994505101710403
F101311,0.46386113246633526
F106219,0.4771436233150024
F114711,0.4915649408675295
F102516,0.5244732255906901
F124145,0.4731475903401288
F110628,0.46639761474844776
F104011,0.5031310137112511
F105525,0.4796901483509009
F120431,0.45011915871222924
F109437,0.4767932439336887
F120177,0.4539207633274395
F112433,0.5021222402038573
F100873,0.4841705691077388
F123892,0.46287872713624967
F100488,0.45413408581239895
F123556,0.49731786671314815
F107354,0.5334789686491708
F123503,0.477018337931077
F119966,0.48368173652660124
F117678,0.49872036859105007
F121895,0.5399818163364426
F122053,0.4833216838109523
F112917,0.4651115712618131
F106363,0.5029487431874102
F102370,0.43885677641105414
F117001,0.48876074474096987
F101693,0.49186074007611835
F105339,0.49540146836134846
F107942,0.4466983282418786
F101824,0.45480789527907306
F106272,0.46203720850324503
F124074,0.4479781251842614
F106358,0.4845927281670915
F119832,0.4977972542192498
F110240,0.4763988812820488
F119296,0.5063660102505549
F109476,0.45165752750968585
F107789,0.5268254882597886
F100736,0.5051623657119739
F116588,0.48802940549501966
F122290,0.48380491744345294
F101154,0.5058412050790069
F102389,0.502165484168594
F117811,0.45480318055691277
F111868,0.5076913120422882
F101781,0.5245581704354961
F116332,0.45586378734845784
F111610,0.44468975492902657
F122095,0.4941335413802763
F109282,0.4859355808659155
F105010,0.4703406582114922
F119399,0.4943498883511608
F101522,0.5038851040607457
F119679,0.4627636789884024
F122804,0.5373679678414496
F108115,0.45499317349784907
F119513,0.5168441704618143
F115012,0.48753869939084393
F106658,0.5018117412838173
F119250,0.48707202461568044
F118688,0.4974072062442098
F117432,0.45406905711328993
F114870,0.4747156115709651
F103602,0.48962487751304656
F101598,0.46410265289299196
F109441,0.49806025958750455
F124954,0.5044615696043847
F115780,0.46766318491011394
F122592,0.49429045423419243
F109049,0.42194359930718073
F114002,0.47388870747481476
F114251,0.4912147677974379
F117006,0.4948397483017324
F115034,0.4913169331017736
F104720,0.4466355780127356
F109984,0.5040620956160535
F119430,0.45845543805355227
F105198,0.49699551334727265
F103837,0.5053848598318043
F114551,0.4423754776471592
F103104,0.48756652945003326
F120376,0.47486462921329137
F104851,0.48736051550454973
F120183,0.48544022378798274
F124885,0.49925863692500594
F102201,0.48163633391240684
F119491,0.49486444729264767
F104606,0.462636148909523
F116372,0.5231419437006877
F119040,0.5446737080014797
F101915,0.5060028315971806
F109175,0.46370641738471957
F115685,0.4998548693500822
F111428,0.4685503630514882
F103111,0.49044653280956635
F110873,0.45330117534392467
F107633,0.4717233931092952
F107787,0.5130144069875582
F117530,0.47582336896821686
F111396,0.49098352245349514
F100767,0.5232177173503121
F123768,0.47126906461291174
F119595,0.503587698070256
F120457,0.5153551645037943
F100411,0.4969530300742737
F124692,0.5099160350138112
F121841,0.48537573557284797
F120055,0.4308466619696788
F109741,0.4878233522929352
F116870,0.46997777911146005
F105897,0.4859345869952437
F111705,0.49247068838615193
F111019,0.44019860865663
F112687,0.45066270718080076
F120794,0.4875110124075192
F108983,0.4739734931094985
F104288,0.4978219592739161
F104780,0.5058504262622162
F111451,0.4781745405120149
F101955,0.48400350762501615
F108150,0.4997339733052136
F116150,0.4782650641366165
F100183,0.5037618996785156
F117639,0.49834125631246023
F121714,0.4799599758060062
F120937,0.467572604354695
F113890,0.4489824649830869
F108932,0.48704971058663815
F122822,0.5039037990045383
F109135,0.5126022750483533
F100552,0.5062701312704837
F101261,0.5211460583406328
F100114,0.5017702950659163
F117108,0.4750497738149859
F123679,0.4615893754392183
F111243,0.45729034402386076
F113133,0.4872798275306859
F104645,0.4599150609894749
F105874,0.5019691411069267
F119181,0.47489185093429304
F101394,0.45206493606674025
F124488,0.4899054815890015
F116999,0.5358392771738121
F116068,0.5226035499330625
F118719,0.45619416084897707
F120589,0.49882628626339626
F116146,0.4875473514111381
F119080,0.5082092232628733
F122698,0.4773694324982497
F121018,0.4917065276178963
F123107,0.5260174248547927
F122501,0.4752255268750091
F102275,0.48583638102166565
F108923,0.4541897900172173
F108770,0.48961014945894493
F118911,0.49538130564054506
F118847,0.48938375214073687
F107313,0.4903370106942781
F100472,0.4882744797403458
F101105,0.47872661140158673
F119002,0.4663893267587935
F122076,0.5204873290750051
F107518,0.5064573872884419
F101013,0.5183035984070844
F114054,0.4703866500362476
F111988,0.5400442986799001
F105303,0.48352955093665567
F118549,0.4726626252393543
F115072,0.493740698818708
F103483,0.46538175979075236
F108248,0.4282033842548476
F107192,0.4557677926227505
F104489,0.47508155779825667
F115885,0.4554809810043732
F123246,0.5304903184390994
F124020,0.4988916375764873
F106433,0.4400448393125541
F108155,0.49793862855617316
F104023,0.49351095239395315
F105426,0.4695665004688698
F106140,0.48096697630276214
F120579,0.4925747860408248
F109403,0.47864300011658567
F103161,0.47470934878565363
F120903,0.4699366141646062
F114267,0.5012943823268227
F114603,0.4815810408305792
F101173,0.4745758470847758
F118312,0.48732481620282764
F112957,0.4761654061517162
F108174,0.4374132116026235
F107679,0.486653607407781
F106552,0.48579632934276357
F123409,0.5269822861466676
F124647,0.49681356705070706
F116742,0.42251597970301846
F117931,0.5108193663032768
F116665,0.46136574495799354
F115205,0.5090975553508003
F100312,0.4700237014935846
F116986,0.4899186950954973
F111842,0.5060780391194033
F124289,0.47432878027003933
F123926,0.4807218137494852
F121069,0.4942202548200503
F122330,0.46654897213102153
F102060,0.49022575950200853
F120022,0.4677915833954528
F120754,0.5030633531480319
F100793,0.41690124727333155
F103998,0.42090976643206146
F118846,0.4904338397018133
F110851,0.49012656952494826
F121612,0.47929349400197807
F118155,0.4906421033537433
F108002,0.4726192416366537
F122670,0.5545262768903851
F124458,0.4278953099630889
F103392,0.5135724177959564
F114535,0.4778069563486101
F116547,0.45909219683839647
F102145,0.4473902334900789
F105687,0.4895554184583427
F109473,0.5131653699235948
F121006,0.5118108873511265
F112627,0.5696173866732898
F113522,0.4367634723113225
F118369,0.5000631839731033
F106945,0.5037960559682146
F102604,0.44778671031993733
F100080,0.48995576261813806
F111323,0.4232797872343162
F117613,0.47180909712461355
F110569,0.49850753326149017
F104756,0.4126667852872649
F118393,0.49101631190902656
F114181,0.45867119945316076
F124170,0.46672759527345703
F101428,0.48726442869570263
F111588,0.44937611902797836
F117567,0.5290950184997766
F105661,0.4770483759209261
F124355,0.5425427447328611
F114965,0.4648977973819832
F120057,0.49009891821751017
F122212,0.45379197217073114
F116977,0.5187206702800564
F112559,0.44513217782025
F105212,0.48064196872892745
F100954,0.4820684727757357
F121941,0.4824640885963011
F115462,0.5264415584922971
F116974,0.49492467219665104
F106977,0.4896953360269153
F113158,0.48487209718752056
F104864,0.42530439278675664
F105837,0.4526994677771324
F114309,0.48801707016021467
F114564,0.4586786060527523
F106157,0.48782823282935933
F105206,0.5098321378206098
F107052,0.4638832754941045
F107894,0.5023217107878656
F120568,0.5097502756638662
F119555,0.5062695569331207
F110716,0.45421641368852006
F112055,0.474223004759048
F120856,0.47153176453039364
F109446,0.5113910467559752
F105342,0.4776547241320074
F112668,0.48636565981333213
F107650,0.45712639660255
F111844,0.4263346761685739
F115697,0.4477766995371023
F112253,0.4497687546081066
F106643,0.4649495021653416
F116282,0.46930180358921014
F106165,0.4329001782397407
F120271,0.5050078057521801
F123729,0.49426953910723614
F100377,0.4503994638921962
F108642,0.4456388429985227
F112115,0.4898231788228072
F102438,0.4607798812780836
F116606,0.47464950176619736
F118051,0.4231493733326676
F101272,0.4381245515037277
F122322,0.49950494667883605
F108021,0.49140848450904945
F109367,0.47399643036388084
F122111,0.5199821261013735
F112812,0.4691964180698443
F100908,0.49879267478910744
F113094,0.463018452476577
F100501,0.44062373995579934
F118716,0.463948855091232
F124793,0.5209712409518272
F107085,0.46327229583494667
F107738,0.4758078108542625
F110914,0.5120111738545162
F117788,0.45386039516598115
F118159,0.4667375234602242
F108667,0.4569468779164544
F108071,0.4675067831792717
F103657,0.46504071916535583
F119748,0.49163794756149304
F101308,0.47764505339624164
F116569,0.4699916217507212
F100038,0.48885977479402437
F112205,0.4624361604179012
F103240,0.46013481210450724
F113950,0.44929632483652304
F100517,0.4738606012259219
F118227,0.41564900505988694
F106284,0.4590748679193749
F107250,0.4725108409292178
F108987,0.4312285538874717
F115171,0.5152783253407492
F105144,0.49337740969170674
F106889,0.4811218009912486
F108820,0.5214550828369875
F117312,0.4868394556969428
F106690,0.496950794290816
F109425,0.515169637083211
F106041,0.5040014475389429
F112476,0.4807148301094348
F117231,0.4998554629223109
F105013,0.43621648240344907
F103834,0.42496145220295245
F122912,0.4330064208711979
F124120,0.48335395336013903
F116850,0.47868578038619786
F116021,0.49206107140771105
F102974,0.5194903433739652
F119415,0.43157689682053507
F106844,0.4716367999798936
F112212,0.5074266553068182
F105832,0.4178762168677685
F121947,0.46610098878409784
F101841,0.47757045092841505
F115295,0.5175920779501264
F102786,0.44978313505389145
F108739,0.48932483948994776
F124052,0.4918465086065357
F112033,0.4769909591287206
F109200,0.4834624041737297
F101307,0.4698533237797847
F116142,0.49809609794936643
F116923,0.4503039886392141
F112328,0.5138823486266969
F109744,0.5032227580623716
F112901,0.4954832221782165
F100297,0.4713488925218707
F106331,0.5128401885828552
F108745,0.508005032900731
F118987,0.46888708597979434
F109362,0.4845157682742646
F110804,0.4500330203763018
F107474,0.4749879843612209
F114558,0.4737083182295636
F116890,0.48808047256808884
F113360,0.47958959831346615
F115612,0.49537923758070584
F110049,0.4833760168815325
F108747,0.5159583026025077
F105182,0.46963278646098033
F104033,0.492673671241814
F111015,0.501897042095894
F115764,0.4367607710103594
F111029,0.4690993819280974
F115056,0.48293927903963674
F109302,0.49159429301582575
F122737,0.4715201886611207
F100416,0.48171766648350667
F108765,0.46637346890742104
F100382,0.498290910180577
F119964,0.48424218856930556
F118924,0.44680928723978236
F119687,0.4835349276087762
F121773,0.5004997681135014
F103119,0.4664588855737961
F124159,0.4591207060506932
F113540,0.457480816787947
F119690,0.4946619252379043
F124124,0.4551188895889103
F106874,0.47641516816757273
F124254,0.4399376454567691
F117206,0.46223034131944263
F116103,0.4719459223087862
F122415,0.507073192879744
F114830,0.48381971686727665
F100470,0.45056908566217874
F119810,0.4866143455446993
F107705,0.5259393780011363
F122443,0.4970733538226224
F101447,0.4878652601063153
F110636,0.4353095493878088
F118571,0.4425164148805163
F124080,0.48894691039135824
F109930,0.43982598083999586
F108900,0.49506925709290994
F116182,0.48656056241103346
F107775,0.4517936783429289
F109914,0.47667717605568577
F107440,0.5272144185535779
F111821,0.5115771303504275
F116376,0.500513790025557
F116093,0.42090590841206077
F114477,0.46585874051595655
F107480,0.46508402537223464
F111851,0.46564940682908135
F111086,0.44401243908887755
F123115,0.4703696096959336
F108151,0.49838637250509754
F105727,0.47840085216136813
F121308,0.4888647260452717
F111963,0.4868365622649489
F120189,0.48306080542117297
F124354,0.4723342853898542
F106821,0.4513918140574917
F104285,0.4628015392592727
F119069,0.47967953152583426
F105983,0.4428209680282784
F100970,0.4513684655593779
F112515,0.4674730190386283
F116847,0.49833835870732124
F102872,0.4758853186838966
F120378,0.4849766841226902
F116531,0.4575399705162556
F109448,0.49668116113606003
F116394,0.466205092269868
F104949,0.4657536913778682
F104022,0.4772872148424819
F109661,0.48840431871741113
F101127,0.4996532481623433
F105458,0.4843801895353427
F111359,0.5287877005994888
F104832,0.49496553638475904
F124194,0.46026887905690994
F105827,0.4805134069691285
F107425,0.49429318183079196
F102306,0.48615166355005224
F119913,0.4466066294357889
F101672,0.5609534642676974
F103056,0.4992192669962251
F104382,0.4584435369614629
F118968,0.5596976939235307
F124767,0.45959507962533636
F109725,0.4647360017817896
F102929,0.4785991934307756
F106360,0.45970027946148395
F115541,0.5176441015939656
F123884,0.48869614495360325
F113152,0.47885158280595413
F107913,0.4647134152917792
F109226,0.4971575392942631
F105023,0.48234338854153286
F102322,0.46284749751855037
F103788,0.4851659064483004
F107396,0.5148551868867431
F115281,0.4910780166968841
F100273,0.46658833236434955
F107970,0.47161266488559855
F120773,0.5080016475728302
F112894,0.47370167928867274
F104441,0.46915545686156185
F111676,0.5008023030231095
F113899,0.5120470386243995
F124975,0.48587666428682913
F109944,0.47149214334809164
F118346,0.4816150597489151
F121350,0.48825996354914514
F107638,0.4518530528541073
F121517,0.5052800631592159
F116362,0.5018451965398258
F102513,0.477532324151526
F119158,0.4729833999729567
F119159,0.5066249991752131
F104153,0.4154690939699976
F101120,0.4812133816541621
F113681,0.4659136420695264
F121532,0.46238009575776584
F103335,0.4969700012065177
F101237,0.4700940138920954
F122458,0.48493387754648487
F120053,0.4338825620889456
F101349,0.47135334041293436
F108195,0.46990705193638427
F106115,0.46750833450024815
F101981,0.47252137985302506
F102653,0.4798967110914127
F111226,0.4543159944589799
F114911,0.4956885052050191
F104370,0.47487829899011447
F103728,0.47274232148542417
F109989,0.4841036139894824
F109136,0.4624974518523249
F109377,0.4592334068775871
F116367,0.5017523115206077
F121974,0.504043928573836
F122473,0.46933992326240503
F106614,0.4736524200594055
F101124,0.488802554088505
F115128,0.49365778750316774
F102816,0.4945554879722017
F103041,0.4412627326023693
F116138,0.47935151992391484
F117373,0.4476086322388824
F115252,0.48181602388264255
F124056,0.5263035653913194
F119772,0.5056833723371392
F104436,0.4875163919878545
F107423,0.45492919813955657
F100095,0.4892905740753697
F100364,0.49300911844546425
F112038,0.47688246511301513
F104522,0.4921829209638695
F113109,0.49117248637976496
F110974,0.4693058166510735
F101872,0.46816229096085776
F101068,0.4588781787197267
F104709,0.4859081891935079
F120644,0.5225959148080909
F110439,0.4981957433792892
F108131,0.491684651038985
F109717,0.4330803584135608
F109622,0.46571614599822675
F123571,0.4550751817853844
F102686,0.4816990365710596
F119216,0.4672493890399012
F123527,0.48614015397516325
F112500,0.4628949312659812
F120660,0.5013187458320181
F121830,0.4754147652070376
F104237,0.45481587224323794
F115190,0.49405387644555776
F118920,0.4909076796928344
F116871,0.4936736957210063
F116973,0.45638259881449267
F123010,0.4993060292066094
F114876,0.4916327511442943
F110215,0.5025948385718053
F107723,0.4443967222310768
F108436,0.45464494583361126
F103074,0.4977549982122436
F114136,0.46485533098033627
F120082,0.49979775326172465
F115581,0.5018770134718193
F108293,0.5048769179785036
F115417,0.510852944551994
F116833,0.464416805137214
F100029,0.4841850104915557
F116985,0.46571966886592214
F111833,0.5311069188486116
F120260,0.49798150497127225
F109583,0.48895555496034476
F123693,0.4694770889630679
F115645,0.4926213779371337
F122301,0.5089439449226908
F119206,0.4830727457480216
F100826,0.5231421328308653
F111926,0.4734208299393655
F112417,0.47889821274667965
F110403,0.4283670077998014
F119140,0.5426586495395885
F104695,0.47347271015757797
F123804,0.4521239680361061
F117199,0.4469328895493768
F114751,0.5050452930671282
F113662,0.5019309872427791
F119786,0.4873105511472421
F109722,0.47406619688942014
F117726,0.4908627728917977
F120605,0.47167667135116403
F104546,0.5195686523111193
F119188,0.5057254511495595
F116439,0.44821788894358283
F111002,0.45985306281956473
F123070,0.4671350950997968
F106147,0.4977537458650943
F104932,0.46971391416501007
F109194,0.49423519911129743
F115531,0.48623560869637383
F105641,0.5015492325254527
F112111,0.5105303060800859
F102598,0.46632098936260635
F109342,0.4777865382559754
F118390,0.46324785423665105
F113576,0.4651017115964148
F106199,0.4677378765877597
F116290,0.4988410266183801
F107611,0.4961659725253104
F113223,0.47624294173233117
F118464,0.46662810356173323
F123013,0.4977595742474596
F120006,0.49995993298088576
F116478,0.5058190855200546
F101312,0.4206588139316071
F123042,0.46888324930031716
F100045,0.4798338790327301
F113407,0.45602317900543854
F113374,0.4715831306900106
F118256,0.4500159256519618
F104208,0.4070467673676626
F120343,0.4740124887586214
F101762,0.47085487887705096
F108658,0.47278928409379484
F116339,0.43706288946876787
F124368,0.4625759334620778
F103787,0.4372727408528941
F113870,0.46032466913806336
F111713,0.4598044096718806
F118677,0.5048621132654978
F104312,0.48626927482472515
F106606,0.5063312115508092
F118122,0.47245448744218904
F106599,0.5143610956946582
F109570,0.5217166321191629
F113081,0.5145772054343567
F105129,0.48267095331288734
F109831,0.47743486761292897
F115161,0.46546184699327947
F122139,0.4831246583551138
F114634,0.4838277906143257
F105517,0.4752613130440929
F114407,0.4785479748896115
F109772,0.4244108830222794
F124495,0.4621509386601136
F103543,0.4957228671173516
F124747,0.4555365121132652
F119084,0.44832955192167223
F115815,0.5236349517595745
F118726,0.447263748901767
F119478,0.4883770329782567
F122521,0.45257400331328645
F102328,0.4887949054803015
F100842,0.49337852455256515
F104040,0.5054493120232915
F123101,0.48658702473594084
F111886,0.4686081525565562
F101212,0.5254021220703072
F116420,0.4972218115660896
F118287,0.5273772016405928
F111054,0.5086804884614641
F100706,0.4944747243488992
F120788,0.4730586006469945
F106477,0.4617120073011786
F116902,0.5162754064156895
F124738,0.4748721982147434
F105208,0.48003798043191026
F117963,0.46095488678365565
F119238,0.4907098406186254
F106181,0.4940025526065481
F119735,0.4753175187855211
F122554,0.4753528866169395
F122008,0.48827140898902327
F111317,0.5005946288817216
F123120,0.44297439237357056
F114225,0.4841105850187428
F121985,0.5162370629069369
F110484,0.47935497822328577
F108430,0.47979656922673014
F115305,0.45105062981754285
F124268,0.4528133730022152
F119847,0.4994502144781383
F102738,0.47900730917509626
F109464,0.4619248463093082
F124522,0.5142327744513122
F103969,0.44973367300206496
F109225,0.4777222336934937
F115136,0.511470554759148
F116931,0.4453362244859558
F122013,0.46774866881968735
F124436,0.450922349007535
F104149,0.4701734278858944
F110606,0.4720737309325576
F124802,0.45332816752090144
F104345,0.4778774594249061
F114672,0.4470324947375766
F119848,0.4824268966275745
F103290,0.4930576533211678
F104888,0.4743207033672357
F113520,0.45707291161556174
F119168,0.5075639854298591
F104655,0.4467476399109883
F100234,0.49388692016968727
F123659,0.47624278481571775
F121306,0.4608501607232721
F122919,0.4734238405412105
F119185,0.5010586480155415
F114557,0.45026380151752915
F120068,0.5038080867969211
F110255,0.4786296994721458
F114668,0.5203120892561722
F101784,0.5018125741117966
F123733,0.44171577565980796
F111087,0.512049678871758
F108592,0.4975263432094899
F110370,0.5116466206591219
F124017,0.4658149864495806
F102724,0.47393566371262247
F100722,0.4973903007229594
F119291,0.5213723534817796
F104360,0.5288816157715863
F120415,0.4549981025457012
F104816,0.4871018686119025
F111397,0.47189300015675556
F112336,0.5084086567778724
F110568,0.4547708948421584
F106576,0.48644129476723424
F100151,0.448013461570963
F110197,0.474286704064428
F109336,0.48921953988460826
F124798,0.5057686078521938
F100162,0.4794249358988261
F101699,0.47572711220119984
F112645,0.5032488343276998
F112829,0.511281709039138
F103331,0.4663723010163552
F120328,0.4631653923126239
F104367,0.5186885517650027
F114200,0.4926550939140729
F104673,0.4911391977217626
F122029,0.4729985281445119
F101404,0.45271202533997396
F109571,0.5041044620974923
F117648,0.5030845794828872
F123171,0.5045158266092307
F106429,0.49174103316337786
F119641,0.47588513814081423
F100178,0.4810280680260416
F117139,0.4339623320311992
F109205,0.45921030203488955
F123893,0.4403909742446966
F100733,0.4827928144019626
F105491,0.48056022389819786
F110633,0.5647101993201673
F116553,0.49319613450861016
F105633,0.5088279526769804
F116134,0.47219591010059164
F121291,0.4780499043590347
F107773,0.45624660182394144
F108088,0.4867780844171571
F112707,0.5116686593650605
F109569,0.4576518803530321
F120566,0.4912693154520357
F123968,0.48831042846936207
F123283,0.48757946277258957
F121506,0.4937989401216949
F118573,0.5003216493100109
F124881,0.4932726040797424
F103023,0.43289200818746126
F121534,0.48319492393109686
F114154,0.503412291800106
F122007,0.4788056331913984
F104670,0.45537383906283563
F109248,0.4904047554228484
F110905,0.4844903325520454
F117212,0.5160937327739934
F121030,0.4641464643308268
F113457,0.46790688381063916
F109021,0.48419814572192305
F104306,0.46557963524185686
F107503,0.49250901072382197
F119787,0.4748946007952584
F109176,0.4844766223274709
F119859,0.5149217718909858
F123185,0.45660688491170776
F117230,0.4962245721203354
F116635,0.4657118156614378
F111519,0.507872637685262
F104098,0.47237476255049254
F118801,0.4837608018380259
F116581,0.49641281818949146
F101213,0.4837385827547005
F124269,0.4661252811219001
F106830,0.4562314502079228
F104895,0.49831157659752023
F114121,0.43789213854071896
F105776,0.43550566722596984
F119536,0.4818781151394157
F122474,0.5152757420895956
F111688,0.4864945395607907
F107540,0.49121371018023796
F112403,0.4585805410536876
F105677,0.5285031423625066
F124624,0.421004231367343
F112912,0.42654694506391283
F108372,0.4762980091799938
F120719,0.44580742779613136
F104378,0.5562658829155309
F104813,0.5027637722706155
F116535,0.4765847453942674
F111736,0.48445031558302937
F106479,0.47715420004974396
F103242,0.4664102172010544
F107847,0.5057408349754944
F103745,0.4388309883630804
F118429,0.4558036345498471
F113004,0.4628705772732941
F119726,0.4889065747009461
F123790,0.45118194712681375
F100034,0.49309228498194635
F120440,0.4732576709313162
F120180,0.5002682620471153
F103656,0.49746004832850643
F112455,0.4870825906368428
F114722,0.4672605071586087
F112118,0.4981080955843145
F113876,0.4934296778438652
F118160,0.5044160554355843
F107376,0.48011809224685886
F116340,0.45791116251467806
F122412,0.5484966875364887
F115761,0.48711398083710583
F115139,0.4376188183968162
F119614,0.4182627557683144
F103980,0.4860419014165599
F117948,0.4240529501738999
F114958,0.45587728586849463
F116637,0.49498763142396823
F104803,0.4804610812219144
F109432,0.4736074011089217
F113672,0.44208085585266266
F109842,0.5064683716939405
F108896,0.4532430155394261
F107375,0.5268164906858022
F123387,0.4473019825085966
F109033,0.45106499631633895
F124376,0.4545912918324138
F115318,0.45939878547083024
F119660,0.49342526863295916
F121151,0.501168934222479
F120631,0.5018788065175764
F114549,0.49375676384476286
F101564,0.5104537506924401
F124619,0.47414603487448925
F116778,0.449447539880218
F101453,0.5142339383960061
F120928,0.5163447875401267
F114264,0.42824436666952076
F112329,0.4746592502529454
F101843,0.4765353610604294
F106051,0.5137239981800199
F115673,0.501054929019938
F121338,0.49119020026737686
F102169,0.4916100131260038
F119965,0.5072728169523626
F112596,0.4941480948328185
F108499,0.4499037579081629
F115880,0.4354733794640203
F123734,0.48422782709982914
F107446,0.4895968567031175
F117816,0.471019374319648
F105036,0.4751563384705393
F114356,0.47324240970495246
F104341,0.5167020289026634
F120665,0.4811619905877861
F117856,0.4852956154169777
F114709,0.5084106558601963
F114293,0.4958193834476773
F104545,0.48392493675190196
F120020,0.4662745565506898
F116643,0.5131783784747316
F112763,0.48405009889862094
F106407,0.471985734857753
F104724,0.48807899726317694
F118714,0.44778093888466064
F124702,0.4820335704475461
F117532,0.502753874079774
F111065,0.5047161727136193
F101010,0.4756768641625
F106494,0.46352873986824866
F117477,0.464640442515663
F100685,0.481112530124282
F118386,0.47396540554548044
F119360,0.449196367686902
F105237,0.4797167163605986
F110277,0.4761858528844762
F111872,0.5131308574385522
F106074,0.4793428426007489
F117047,0.4634651549612236
F121491,0.45952015067943425
F121176,0.5181427727406622
F111292,0.4538915472345319
F123267,0.52817346556337
F109498,0.44774347908214274
F118709,0.4776478772901391
F103696,0.41139346484951206
F116806,0.49814149251794454
F120702,0.49385425514934556
F104260,0.46599947678472636
F109515,0.4944540842021584
F121169,0.480663241032198
F113126,0.478215263163474
F110555,0.44632165267349005
F111033,0.48617296018780765
F107429,0.4703417168504675
F109347,0.49648708724924
F105088,0.5408301130718267
F101848,0.4660043655948665
F109353,0.5155784783477674
F119003,0.48964728344422626
F102969,0.46738312514512076
F122274,0.5218728267866922
F104854,0.4544617304736696
F117822,0.5146817170497172
F107891,0.430621197151635
F105037,0.4822942940871082
F112575,0.4746621654231449
F114509,0.48263200460531397
F106600,0.4473935710018753
F109291,0.4630421065882233
F100317,0.4909282952154276
F110155,0.4762681438229046
F106033,0.4900033128169839
F108058,0.45345669963476826
F100261,0.5215939828891122
F124396,0.4863394462321909
F118697,0.5051385695855894
F102451,0.4909113601262353
F102538,0.4828193574765279
F111894,0.49707318358634917
F121146,0.4487586233758936
F119246,0.4738407694153892
F106764,0.48210113560521267
F117322,0.5102214736337933
F115755,0.46038747322002704
F113605,0.42251312097630994
F102710,0.44499556451679795
F119391,0.49378522032650307
F123996,0.5028304385441648
F111637,0.4509316137492233
F115162,0.49647517970898863
F107792,0.4975231702409405
F123145,0.4944962088573341
F114613,0.44864011513949464
F123044,0.47466895724588337
F106749,0.4849226445957133
F100836,0.44914397116380694
F114598,0.4735353067255155
F107653,0.45931779634107095
F116849,0.43811065616150113
F108605,0.4513787559599544
F107383,0.44894773926973364
F123911,0.4650529018067908
F111184,0.4903513663405904
F110214,0.4958893105966219
F123822,0.5151014634241027
F112193,0.5063790011597558
F120841,0.4920698121261656
F117956,0.5120463792916295
F124877,0.4531728381753885
F100062,0.466816065239965
F101837,0.4885981029439891
F123424,0.47891407556873444
F120509,0.48008821486474834
F120729,0.48918528992267657
F108163,0.46229813062069525
F110580,0.5039482152236291
F102803,0.48649439570028563
F122612,0.4919924814738838
F104600,0.46840809052815796
F113106,0.47324960949671685
F101545,0.4559752720306603
F121559,0.49339373326569014
F104337,0.5025641203303032
F122298,0.42837857761827663
F118818,0.47566578585933283
F121191,0.47021105016343245
F110094,0.4622025975172158
F117833,0.5165520954060632
F118565,0.4895956322285671
F105137,0.4736146151235657
F102304,0.4628274480391832
F101992,0.4933498514581726
F105940,0.46292311341344844
F120312,0.4481325281597414
F122523,0.4900045472764113
F105644,0.45574004063359763
F114930,0.4954836175849935
F102055,0.4947203863676691
F101865,0.4703662885042677
F113006,0.5116849606800079
F111517,0.48431305148665316
F107205,0.45509938875507133
F100281,0.4723320684421129
F106249,0.43065123320597165
F101795,0.48198216656501985
F123338,0.49463894537584846
F100417,0.4875067922070084
F107552,0.4343719770812391
F100421,0.4705970512060216
F122717,0.4756711159339421
F110029,0.4649521950938182
F116213,0.4698296608555131
F120203,0.47783345792989557
F121400,0.4687868949970427
F102410,0.46931563962864115
F113164,0.5030525467318058
F112430,0.5139679676803999
F110772,0.4846196960377493
F107726,0.5131007430606682
F115940,0.43863442657083673
F102875,0.4769104697784978
F119355,0.4508932260131265
F113306,0.5056225573381312
F105384,0.4590252830055311
F123072,0.49513743191217024
F109979,0.45233734563813016
F113891,0.46685125778876607
F109099,0.47880497532027366
F108435,0.45411248951548716
F123416,0.46346988428089453
F101919,0.4945412998825512
F101766,0.5194752619292722
F115238,0.5241157708303972
F119887,0.4918135247519884
F118656,0.5215911983507662
F111062,0.46931132087237454
F124530,0.4605015050207589
F107975,0.4958531686396427
F104548,0.5176272999353557
F110843,0.512515282628584
F110256,0.4633915079632234
F109074,0.4528513452895185
F124484,0.46379882126467686
F120196,0.47652610280037283
F104294,0.5385680649717266
F107467,0.4838187533703366
F120244,0.4970246007097432
F123187,0.4688266698566435
F112771,0.4991156552798456
F117023,0.45482676324708654
F119213,0.4592457537493863
F113098,0.4898205863037223
F116855,0.4999564981451447
F101306,0.4619099792257097
F100909,0.5115713487327436
F114368,0.5297577537195747
F114371,0.5095969525341814
F120980,0.4739730148572507
F118550,0.47326829413609683
F104843,0.48789808985739663
F118498,0.527144460634439
F104761,0.4524571176188959
F113347,0.476871343320468
F110363,0.4248253766531313
F102342,0.48694155537704503
F102609,0.5315950427978758
F114479,0.45608215899459903
F108351,0.46495253449507984
F112614,0.46416200567831956
F112204,0.4833510600877822
F119447,0.4844488265940042
F109298,0.47409503811754644
F116652,0.4991077384356384
F119068,0.49451262597986306
F105089,0.4974572665097262
F101636,0.49650683728268824
F106619,0.5424554546365737
F118108,0.48957569075907353
F112851,0.5015560789766449
F115111,0.4948656488741722
F111622,0.4918028493434691
F108793,0.48739632559848345
F118800,0.48778608476001034
F115275,0.4654578431606456
F102362,0.4892535688772392
F107284,0.46410703771600087
F120471,0.5060064901563863
F123050,0.48801343496194477
F119940,0.480360366971591
F121582,0.4749874434434133
F114972,0.45424584909334476
F108065,0.49375508266955803
F120580,0.46885664164261714
F114945,0.46653665724534554
F102408,0.4878696808023961
F110431,0.4867781082506316
F103669,0.5010638474028667
F123781,0.5343441186488606
F115715,0.4396269416830988
F108380,0.4825259740112636
F106089,0.46652549921186515
F113793,0.47386049037923006
F103269,0.5071479066178267
F110531,0.4493927487025848
F103529,0.4574398487604868
F109149,0.5127462683549108
F117568,0.48710349411937515
F122152,0.45387384785184226
F106396,0.4616837578119835
F101797,0.48852200559995135
F112318,0.48624545175170053
F103122,0.49104776506126885
F124064,0.4824581851689259
F118639,0.5032921667511782
F115913,0.5019023653283456
F109873,0.4741480648635869
F120091,0.5143090996311301
F112609,0.4430527047065053
F114961,0.4787524826250145
F119734,0.5021268095822115
F114566,0.49482773044157485
F117003,0.4598524131238796
F105055,0.474828656925135
F102011,0.46814908393288096
F100934,0.5177374719059282
F111696,0.4463244181999966
F108316,0.46451007202555855
F115710,0.5023334548954256
F108210,0.48916521401886465
F101403,0.4492117542669492
F114763,0.4740265548600217
F103191,0.5271263673479247
F112148,0.5259721924829242
F112365,0.49173247044905055
F110678,0.493609283162836
F108746,0.48337388987097196
F124293,0.46487585902667594
F109222,0.4911385488377572
F103183,0.4436378742485469
F101183,0.4866235560125357
F107095,0.46115591772124387
F110704,0.47787590642531314
F122267,0.520390016362855
F101657,0.4385928493628796
F106951,0.4911976288994789
F124399,0.4901564387210826
F112526,0.5175353727955129
F119013,0.4768847277495596
F117862,0.5152238608592451
F122016,0.49645231948284146
F119088,0.4630960233542369
F107519,0.4792838899597428
F122224,0.45988795531773974
F114056,0.5168442975767008
F106801,0.48571991301626094
F110016,0.4857837610849687
F111578,0.4646401531671172
F113671,0.48906467959131894
F100966,0.4316305264501047
F121428,0.5069271123440354
F123633,0.49334831424041276
F102981,0.4908459951041935
F108192,0.4819732150037213
F106415,0.4569577397698466
F105420,0.5072210020067324
F102891,0.4437473733403744
F112864,0.49615178613820604
F119796,0.466331340259073
F122286,0.5067722118764132
F111968,0.4771519951913853
F119271,0.4683048567296801
F121319,0.5343168331571695
F122989,0.4552992112304647
F110587,0.5537474831632685
F119835,0.4840831859832632
F113804,0.49645592777638575
F120608,0.48711537874721733
F100063,0.47744524267973293
F111602,0.4323147024397985
F107242,0.5002496980193992
F111447,0.4712464777537766
F106101,0.47904461354829625
F120610,0.49648730503388966
F111823,0.47945691109141875
F110848,0.44931262664762117
F104147,0.49237761780372596
F120801,0.4756536396363815
F108269,0.5130382079877266
F122035,0.5115650758907675
F102387,0.4895283038518193
F124608,0.5033037070068371
F117790,0.4523974692414093
F104029,0.49796888961221847
F115235,0.5268176082498495
F110891,0.4724339978421083
F122291,0.4588284062783652
F114721,0.46738314957769644
F109328,0.4795063956904292
F107995,0.5209552011862199
F121056,0.49697562033296444
F111933,0.4831522424379881
F117608,0.48228558346928374
F107155,0.4994011021121212
F108926,0.4774665899537577
F106237,0.5026896284324709
F112467,0.4567787784468764
F117632,0.44698216786223144
F101380,0.48709703691158146
F101621,0.40900607634271174
F115108,0.47378859552009234
F122264,0.47178445532026286
F100303,0.4896741553658332
F105445,0.5068782062343916
F102267,0.47157307099064627
F119046,0.5167470695862513
F122308,0.4719077333439477
F107153,0.5201339311241966
F117843,0.4469373371256514
F101910,0.5098943467219562
F114196,0.5278581259078902
F105769,0.4702674717398525
F119541,0.4767098581589253
F114088,0.5097628157456606
F115915,0.4794522226229494
F119736,0.5100520562561558
F111740,0.45909486601195115
F114594,0.4828862825746821
F116558,0.46894188847537466
F113078,0.5186786645900967
F100369,0.4813534506592153
F110194,0.4422756049010822
F105193,0.4667578265841585
F124542,0.5227814396178573
F104589,0.48436787216629384
F104361,0.48649515040468355
F116568,0.47792786612875243
F117695,0.4390906309646968
F104183,0.4459081782600551
F103675,0.45784793072898095
F102368,0.5053393624383254
F113625,0.5003179049726175
F118503,0.4928399585978901
F122740,0.49264023382766287
F106321,0.4605065102605698
F110321,0.48435457282400907
F103934,0.48681525779618984
F121797,0.5056151585975225
F102651,0.47319590368176967
F120766,0.5127128893026728
F118858,0.5033137537334853
F104815,0.48408330116922993
F115827,0.49614951106646477
F101686,0.4652572073240381
F114701,0.4766302496127847
F114078,0.5230013129715623
F117801,0.4676595021960029
F122684,0.46918709568964767
F123855,0.46534400297803263
F108565,0.5053961423844124
F114810,0.5152908983067531
F105579,0.4934276997431275
F106859,0.4727851906419346
F105364,0.4896231361216133
F116307,0.47398432670534957
F121889,0.48969351299336283
F122442,0.4752506107741991
F123936,0.4976727089696659
F121631,0.48910953469907037
F117055,0.4973391115686783
F109654,0.5048988214826586
F124546,0.5080554993003336
F113811,0.4660072444715275
F118936,0.48374952126591025
F124526,0.4595869218544811
F116075,0.45778131224573954
F117880,0.4841362677575944
F100117,0.5129620568963412
F101966,0.4867046788805098
F114404,0.5134981922721507
F115372,0.47762218606874096
F109898,0.4971228632845848
F113034,0.503312989561476
F111045,0.4803618010837098
F109096,0.5301780762857486
F108596,0.47080578590936945
F119689,0.4758168987417176
F102311,0.4716548607083913
F108047,0.5166172378127267
F116621,0.47905797160858515
F101279,0.519039246061993
F102314,0.48037992972016236
F122908,0.460793519335561
F109229,0.4916573670909387
F111778,0.4382580566144231
F124529,0.4929199045489636
F101674,0.48183303872553573
F110878,0.49673437519932495
F101942,0.475705685470819
F100662,0.4468899462651365
F114234,0.422127229637365
F119443,0.4803566686177804
F116400,0.4843257286116316
F106975,0.45448113612482716
F102758,0.5185382208156393
F109727,0.44110829603668644
F107258,0.4819439329396372
F102979,0.4471261946813919
F115578,0.48106537044664627
F107711,0.47228501071870593
F103091,0.5242708457267475
F117680,0.478051921337744
F101508,0.4655718720031384
F115284,0.4900260569732197
F109277,0.46081765942645925
F107648,0.48513068727890907
F102072,0.4590447531031976
F110092,0.4698797172207191
F116611,0.5008159311105498
F103080,0.47385418348210734
F101913,0.494756170818567
F122131,0.48092834280947067
F124057,0.48815127057358243
F112930,0.5210412098252579
F105262,0.47846888426891115
F117660,0.4902655841089294
F102962,0.4783604653412545
F110450,0.5307847029801401
F117292,0.4622565145557097
F100124,0.4932137682167287
F107355,0.46550302481522976
F100676,0.4851503289068074
F118568,0.48423162976376616
F121315,0.4859683377306828
F105243,0.5122673060224691
F115486,0.4950651231647753
F105536,0.45853459732016333
F122476,0.468661098237422
F114635,0.5078751391778885
F114860,0.4932744040415148
F120946,0.4812428448127254
F107566,0.5082288870053058
F113521,0.523642443952916
F106032,0.44687482938821355
F100430,0.521094783860254
F108705,0.46179111495686315
F114616,0.4827927541228474
F117673,0.5015175189354991
F111701,0.4376035934535337
F120700,0.45668338763845423
F123090,0.5031663225580908
F115296,0.4744249404574234
F119856,0.4634627263767637
F105403,0.4930070535675985
F102948,0.514262164833388
F119484,0.49188402578958346
F111890,0.4767877210537212
F120961,0.4622892724538416
F103322,0.4858629246421788
F101204,0.4524755545472005
F100381,0.5077504929656598
F111363,0.45596682347554984
F108761,0.4711783223126779
F106107,0.48956960105148994
F101048,0.5034562354740425
F113832,0.5153034265449448
F103620,0.4867748152876329
F120874,0.4687907451165319
F108396,0.5267428062258139
F103921,0.49081282593181963
F114217,0.5100211982220413
F118553,0.5024632992406338
F102942,0.4910446363540764
F111745,0.45750063574263644
F124294,0.496220272283762
F117821,0.4856172496814529
F102501,0.4892747044483934
F121007,0.48702828290202865
F109120,0.5038869762770062
F124906,0.4992802223082882
F110934,0.49117797513960587
F103892,0.5144148244032378
F101988,0.4389081162090781
F117297,0.46274683865867006
F103333,0.45675045168425626
F124532,0.5460979002857698
F110317,0.47452606625226507
F101326,0.5004909245890502
F123640,0.4961732789493358
F122450,0.5187425789906511
F121658,0.47452817591200824
F105792,0.5126905592025791
F104454,0.49531039430940604
F120705,0.4736260869054712
F111750,0.47629847509882833
F109324,0.4782924956664872
F106103,0.44776274807791777
F107508,0.48745116550340334
F116292,0.4591939727308336
F110812,0.5109708601786161
F118252,0.49947836305494336
F110876,0.4844750942562179
F115199,0.5137987803695697
F111179,0.4983327014445451
F124475,0.4839898854901271
F103147,0.4603841933501842
F100344,0.4782781464610863
F116474,0.47272211864528774
F109615,0.4479249052607932
F108437,0.4611430885203662
F107824,0.473311892058771
F122006,0.47097714529784357
F112927,0.5052843387322341
F112746,0.499104010057752
F110474,0.4787645907119342
F124709,0.5112967455941028
F115106,0.48050704678595263
F123513,0.45359727731615146
F118216,0.48431661703733936
F112998,0.4947502566235519
F105529,0.5141483915981556
F108501,0.49693586555539476
F108282,0.4882528554794139
F113583,0.4304696487635067
F100574,0.4890475746985005
F118499,0.5024045540060197
F109104,0.4995237971932161
F122637,0.4903581714859614
F122437,0.5054052859530166
F124901,0.47924215423147865
F106283,0.47840215865437763
F110003,0.47421808120244513
F124217,0.4081080769067194
F101199,0.48753695912170014
F102781,0.4884954368000752
F110469,0.5028915978182
F109133,0.5101482641595698
F124950,0.5016622109606227
F120339,0.46354194939752114
F105887,0.49072802574533164
F112225,0.4507757018337564
F107370,0.46448972010156814
F103559,0.461663655446632
F107478,0.43684647959800343
F104308,0.46651004201208635
F104732,0.4788920054673548
F115187,0.4441456027562085
F118012,0.5029891765615119
F117228,0.5015435450114917
F116614,0.49345299857752484
F107910,0.4814385756990833
F116998,0.4473043814222833
F115046,0.4686146568079578
F110361,0.4666917353873713
F118665,0.4873604158434537
F109652,0.47790841176409177
F114497,0.4504001648613032
F104957,0.5009964131784342
F101949,0.5043238921706121
F123522,0.44917307429466774
F117038,0.48089895432984614
F102234,0.5147146137564108
F116997,0.48398744800290816
F107715,0.5350494366891977
F106209,0.46701893582478476
F114631,0.4863417101597517
F111047,0.46106792687987297
F107722,0.5414730633591371
F123629,0.48097567347326986
F105307,0.5271321201712055
F100276,0.49262645285806445
F120474,0.5100903144594935
F114160,0.45161401454544564
F110975,0.4495993385038452
F118874,0.47039854403035464
F104088,0.5347631678025128
F100779,0.4679932009166074
F109610,0.4832076929187079
F102568,0.5276210997117987
F122318,0.4531083148628572
F107513,0.4549777754091353
F121989,0.4919407219203809
F105505,0.5141738662303004
F116533,0.47444017901565455
F106849,0.4328752113669374
F106802,0.48114426913068387
F124883,0.5199941214308988
F103571,0.4918148380137629
F112567,0.4735966888972416
F113994,0.5018299758096023
F122663,0.47915379417111625
F122659,0.4522450251460648
F108701,0.4707633926625601
F102880,0.42727306025500056
F108569,0.485094719213231
F121717,0.431319634983211
F109974,0.4916784005679689
F120370,0.4971497855998385
F117473,0.4453814658971854
F112693,0.44036676133240404
F105000,0.4544117068049784
F100285,0.47725398823946324
F114122,0.449158237891541
F105751,0.46380640825666214
F107788,0.47648565029989737
F115467,0.46843461064703057
F102622,0.47868170533065474
F107899,0.43592166898090795
F102079,0.5262177988008963
F109416,0.4902389473764006
F104238,0.46422978470655313
F100461,0.47580390578914405
F112622,0.4988015423366693
F110160,0.47336270340057257
F112915,0.4836087771797528
F114018,0.4552185182721904
F113896,0.48648011461055873
F120170,0.4881855669698857
F113854,0.4746874130447491
F103818,0.5274958529334355
F106810,0.42387667114277033
F113124,0.4633371373778216
F100838,0.5174611597078179
F102996,0.4663737779359052
F115842,0.5229677365048916
F114888,0.44024263801038377
F101293,0.5031912680538438
F115443,0.5010738355162332
F107521,0.5103882267508238
F115413,0.5125120840779626
F114250,0.4817904096821355
F118786,0.49083037877033914
F122254,0.49966574545810344
F121689,0.46857519003361536
F117848,0.4947085603528986
F100852,0.45346613763885596
F122845,0.504216092165324
F123435,0.48014177863226987
F111311,0.4974667741064489
F115693,0.4799050270192048
F114977,0.4644943039089692
F104897,0.48222804931191604
F104821,0.5309903132663657
F114993,0.5137094058515332
F100904,0.4450018935844242
F103244,0.5285881436450232
F107784,0.4768816156328634
F112491,0.4448141430240422
F116895,0.4657604060057143
F100545,0.4715323468691084
F104812,0.49690382198965494
F107098,0.45170178344579887
F124363,0.4637626327036615
F116584,0.5002995574477802
F107171,0.5092511753851648
F122313,0.48403187903435047
F106383,0.4466940182242254
F104226,0.4796512615959444
F115928,0.4233359723225713
F121080,0.4740343738528543
F124138,0.4729280647434996
F112198,0.47901557851982746
F103361,0.4855708257412573
F114204,0.4885994258217433
F117323,0.4566723809459433
F108519,0.4852949446870326
F116883,0.45578572169863524
F112759,0.45856913387162185
F111901,0.4845468279311661
F120650,0.4561289905926158
F103826,0.5240880685150271
F112527,0.4752097714672917
F122498,0.4949948677140886
F124072,0.5136097393395943
F103159,0.5087939009711749
F108242,0.49340437259611447
F119219,0.5149790712749558
F120620,0.4729716894952404
F116601,0.4628202496242226
F112813,0.4776760849829852
F121489,0.46074555348505364
F112435,0.46935385591550643
F113841,0.4352439714933069
F106438,0.4857343728329063
F119840,0.473370429615246
F114199,0.46020124197908713
F111612,0.47899592366908017
F117617,0.4791436570247269
F121901,0.4765277491936638
F108459,0.5190206922196758
F124668,0.5002933855900643
F118354,0.47757338836834956
F100578,0.44008638794537086
F104874,0.461433814454089
F108094,0.4829859396265943
F119640,0.48301620085613023
F121313,0.4730269922875567
F108467,0.5357507881794246
F121072,0.4740883768658638
F113024,0.5138573550463905
F118961,0.4275406490110458
F112331,0.4612847296041781
F111393,0.4510774420288599
F118824,0.49557089649183966
F104630,0.4723527073164112
F119694,0.47725620603681734
F115168,0.5216933733059897
F113160,0.48149538392510777
F112047,0.4828450392287989
F119427,0.469048162092534
F101595,0.5004041817123449
F109179,0.49418491236385725
F100275,0.4760748899822634
F111079,0.501060954298756
F109465,0.47402411685854784
F112919,0.4674578110668537
F124460,0.4279724582234037
F115813,0.49671939942688076
F121070,0.4840401183992536
F105662,0.4593422944329585
F109958,0.4804287178334851
F114149,0.4550521456766957
F114380,0.4855662563533329
F111485,0.500442682571304
F101685,0.49810973305329126
F117721,0.4575425282685938
F107967,0.4677812785419789
F119972,0.4915270375291716
F122321,0.49028587129584583
F100012,0.4767246835854801
F119093,0.5250254972708129
F100667,0.4780166157132965
F110167,0.4651876559826099
F123985,0.5383524776315328
F123465,0.5068930969126735
F123655,0.4366933930089793
F124835,0.4903210669640689
F103445,0.44970297061328457
F115195,0.4752589089727222
F120478,0.4453971674683448
F101017,0.5144698122521475
F124732,0.49093710388517886
F110965,0.4657350036939143
F118844,0.5313773630031166
F107954,0.4661665935482219
F111156,0.4525663305413843
F100623,0.4975984019453234
F104855,0.5082206907040755
F119661,0.47313828944065567
F100599,0.45881332934373464
F103358,0.4945572752190382
F107994,0.5254812182646776
F117248,0.4479437573019904
F103476,0.47411051419259254
F102399,0.5172202298862619
F119623,0.4032872380632581
F111593,0.5071709502628854
F122377,0.5159580374093806
F120253,0.48996573405040167
F122347,0.4932629339350186
F124561,0.5071604723979707
F108281,0.46508817528081536
F106031,0.5145744893039396
F112641,0.4811639346403779
F114279,0.48546639584682405
F114552,0.46796295981859054
F113767,0.45606429947448784
F114432,0.4791082360140378
F106840,0.48731111898990526
F107323,0.4622255854597215
F115626,0.4643208846690255
F109540,0.493739569695064
F114980,0.5080880441965169
F118205,0.5200889783712292
F124755,0.4885443864835973
F115152,0.5238218871239458
F101796,0.4548044518372087
F113981,0.4999800250258977
F112050,0.45842640739436696
F119564,0.4519006995347977
F116438,0.5135227917183395
F109893,0.5100804388249927
F106047,0.5078953604465822
F102657,0.478050930442401
F111568,0.4533923152908908
F121907,0.48757490398567166
F124040,0.5052768050092167
F109261,0.44860100116579754
F112642,0.4825996226210275
F105759,0.4516121924048533
F120095,0.4666480686568311
F118721,0.487814013602535
F123330,0.4768045281316139
F123851,0.49262368364436665
F124150,0.5283021563652989
F114705,0.5168953894762099
F101299,0.4271847614260585
F124749,0.45732420965921916
F115566,0.5244904118685323
F104414,0.48564991135621466
F103154,0.46688458679008465
F117644,0.4516199681292203
F117213,0.473873530333885
F103504,0.5150900713710236
F109589,0.4549805359687468
F123196,0.4902929552557994
F119529,0.4664158924299697
F116689,0.44634664385473444
F106997,0.44445130723594056
F107128,0.44591581097824007
F116356,0.5040110778650415
F104563,0.4872185998585515
F114657,0.4603513634270086
F115824,0.4495409389567709
F110572,0.5044101082281923
F115702,0.5344090785237836
F122399,0.42969651537468656
F110201,0.4804568629451648
F102157,0.46658901735513336
F109472,0.5201510276976425
F103211,0.49334332331221536
F122265,0.4687968038654957
F102927,0.46469895595165833
F111582,0.4815492440229142
F121411,0.46067208035578033
F114336,0.46592307008330064
F107007,0.504686512301297
F111569,0.5025055700716176
F105846,0.43790169672818996
F101168,0.5041623727376418
F115923,0.4948184306411759
F102593,0.4836180608196519
F113640,0.47113914229768317
F121066,0.4869940026714391
F124919,0.47141171350918076
F114084,0.5045949879535303
F106809,0.4400762736042083
F104024,0.4892364193352343
F105616,0.475232041699713
F111082,0.45454383490419714
F105244,0.4643499349130284
F111099,0.45272573663815674
F109961,0.47202855210083255
F103033,0.48759416893321417
F102794,0.5048721271037521
F112356,0.5083702655871688
F113831,0.46045819181083514
F104280,0.49612531505549606
F109521,0.45132775402622843
F123888,0.4854294944737922
F112485,0.4088549281726172
F109273,0.5207515549290918
F118391,0.44919898136395325
F103822,0.4321312790614046
F100116,0.5423754440991204
F113084,0.48637093454838015
F107233,0.48547466403613215
F107585,0.483322210240888
F117529,0.4707047351068171
F121589,0.5551257616672118
F103116,0.4904917158795251
F122459,0.4877684601987739
F107724,0.45528230230539096
F117749,0.5002403051503987
F116278,0.4950310412081556
F101629,0.4611004261021232
F101577,0.4806235999682426
F120763,0.47003109899109596
F112218,0.4545340304574445
F108583,0.46868298780941403
F103258,0.4804816939188379
F100848,0.4612977516827615
F122727,0.4869030739000655
F117009,0.49866661664841916
F118990,0.47310763776495596
F104102,0.4640306669465355
F115599,0.46515404397921617
F118788,0.4727268526758537
F112935,0.48026868064545236
F118331,0.4564612510481306
F114359,0.502365443857256
F100246,0.47623070034323156
F116622,0.46158065452682917
F108938,0.45618198856833553
F104396,0.5016950722883817
F117056,0.4787634315421027
F123896,0.515952825395205
F120726,0.46027266886849866
F121823,0.4910436039391808
F113548,0.45046016706866526
F120616,0.46907097799085773
F116391,0.4484246468192084
F113049,0.4995957543395777
F113818,0.4807913575884504
F110072,0.4829020831114457
F109588,0.4684671544257256
F115906,0.4652414550394574
F120576,0.5135936664376514
F118413,0.49804902797145545
F113174,0.505174179576184
F108700,0.493630676061515
F120069,0.5043187032556661
F117480,0.4830509462214521
F117064,0.4771317733419768
F112404,0.4388384154899998
F112863,0.4935724494937503
F103935,0.5057980358541796
F124344,0.49251974856423375
F118087,0.4924986646715094
F107237,0.48525338207264224
F113866,0.502859665920354
F120676,0.47438868655983296
F106787,0.4910654277837445
F105649,0.4581972972458335
F124100,0.43048980795438013
F115945,0.5104304474363303
F100441,0.49542993921197864
F102525,0.5115897142508957
F122088,0.4957777377564084
F118867,0.4736228422969051
F107232,0.40364463152935337
F102769,0.5039879094809547
F110807,0.4906113158968702
F100438,0.5313795139744111
F121910,0.4504567165352801
F111480,0.5049194709427401
F123340,0.44044994435497326
F103042,0.5054483322884089
F107596,0.49057257085801004
F115776,0.4769230689561674
F102502,0.5050313826437167
F111318,0.5045450414157147
F112062,0.5090567036498913
F124792,0.4823406442584444
F122966,0.47185712049812983
F110465,0.46730205213642617
F116038,0.5153816196574363
F102188,0.4866594207849415
F122326,0.45067062782315404
F114610,0.4913469215031753
F112674,0.48388370930563895
F113381,0.4340295601905224
F115351,0.48368955245082956
F100891,0.44468384702315406
F112199,0.4516533094810582
F119698,0.4255219797612345
F123440,0.47047372609852384
F101164,0.49235765957263955
F108790,0.43662801582498995
F109130,0.4960146997075769
F123152,0.4726159639932171
F101544,0.48232392933256074
F103474,0.4864856474198606
F109574,0.4700541083888351
F121431,0.5109858925827606
F114966,0.4841062108255194
F119928,0.492827117369981
F113901,0.47085192126589903
F100133,0.4842949351410386
F114828,0.46325810099907205
F115554,0.4890766018296904
F105903,0.47586538783305166
F123392,0.4809547953263362
F109145,0.4887158379761759
F105656,0.475412687327931
F111280,0.4966064657957475
F107504,0.45991968973878733
F105564,0.4808439345892721
F106909,0.48152345683653835
F116486,0.5072727181172118
F124281,0.48062784265706265
F111436,0.49044402710767676
F123782,0.4826166010376621
F107371,0.5147785864211616
F115651,0.46805445035403354
F116494,0.5093034087239188
F108845,0.4171243484253309
F115890,0.5132815112460871
F119552,0.4822909908280022
F111516,0.5254765678464381
F112465,0.4893503102326682
F100643,0.5137144199518234
F123291,0.45278723489146105
F108470,0.44931866806748955
F106417,0.47036738477673706
F103424,0.49776571103540457
F119908,0.4676009907526275
F105719,0.444979452821261
F113530,0.47219812479222595
F120259,0.45063983877328384
F101281,0.44733612472307405
F111685,0.4351628799812234
F105203,0.46632948265570673
F107678,0.42696647881103195
F119335,0.494485682687231
F103601,0.46624958604159333
F118229,0.47574011230026236
F116112,0.5136004850205751
F111818,0.51007615075091
F105707,0.47076569745040003
F112311,0.47364119936379157
F115246,0.4355038023157618
F103359,0.4766352423745977
F120089,0.5305356073291
F120875,0.5094474417448148
F104362,0.43511036359156724
F114442,0.5307530718878599
F114182,0.5199143180953247
F110118,0.47340014512644174
F106175,0.4250183882619695
F108537,0.5403867018631476
F103204,0.4589829742195829
F124978,0.49704806594214823
F122021,0.5070157458726289
F118039,0.4558295476995735
F101238,0.4817085391617017
F113274,0.4756883754861879
F104550,0.4588884900900075
F101330,0.4704708361098106
F116399,0.47948279422437873
F116644,0.4916252008942506
F116854,0.47221652088970056
F104164,0.46509042411108836
F116185,0.46112673961702527
F105730,0.460660966678955
F114152,0.4482108745242327
F111128,0.45910305325366946
F108709,0.49951278088944356
F115912,0.5007982398818916
F119894,0.4624320190355032
F106493,0.5018834550444068
F101189,0.4806408848358905
F111139,0.5022393964012665
F111006,0.47780037463596176
F107577,0.513559712381673
F117510,0.47132720615238227
F120494,0.4937970119429058
F117719,0.46980700040530965
F122879,0.4662527983031287
F107625,0.502102418440683
F105437,0.4586414408830643
F118010,0.4812107026068163
F116881,0.4880769502473262
F100187,0.49277488882224096
F121376,0.48983016891744746
F109587,0.5127431434449133
F103688,0.4620521450677936
F121488,0.4796981510616564
F117629,0.4971385068518712
F105425,0.5092475676264565
F121404,0.48225538589159717
F118337,0.445390604348702
F104030,0.4880443621090897
F115256,0.45309184151097265
F123740,0.49322215465260444
F109670,0.5019113692999345
F110823,0.4857403542806526
F103197,0.46076389347329405
F115021,0.44541510566545567
F100459,0.4350657788733956
F122047,0.4531022781449784
F113025,0.47056000271547443
F120777,0.48488126916783947
F102882,0.4805342216754634
F105070,0.47989844320617236
F114682,0.4806343713518665
F116192,0.485277315979841
F104397,0.5156902257363208
F120524,0.4844945445139146
F119934,0.45913103405159456
F110929,0.45622091323873454
F102859,0.5021928636964608
F124754,0.4573372090774578
F101087,0.49237801040014395
F109233,0.4934081040874993
F112119,0.4260724765133374
F122242,0.4674633455028282
F120785,0.5441856246462997
F124559,0.49929215152439416
F110824,0.5113655461506028
F118459,0.46437748173569443
F103051,0.4351718508489312
F105150,0.47729019823035795
F124944,0.45700206037727004
F103363,0.4856639860331471
F101489,0.48986692454097913
F109369,0.4839188299316746
F104904,0.4823584662100378
F111766,0.5027492415007606
F111931,0.4949683033130049
F103979,0.4630499796615321
F110559,0.47889875418255834
F122549,0.4809482370733957
F119047,0.4406722861114474
F106513,0.45501904631017737
F100803,0.4530933060431291
F110961,0.45679388189542236
F107236,0.46146700422376924
F109756,0.4830142939164127
F105762,0.4507497606305944
F110064,0.45954447395012604
F117417,0.4677726823505304
F100074,0.5203649163585888
F109326,0.45003661384493293
F114621,0.47045742908965904
F104151,0.4804852941401209
F118524,0.46697539505014873
F103836,0.4433998326333271
F113787,0.5204824866898361
F105820,0.4958289180191044
F103783,0.4690347461968576
F108993,0.4775640957760166
F100775,0.531774703920923
F107481,0.4705072027879229
F111112,0.46179507648872303
F117751,0.47997588098468197
F112203,0.4900822451028646
F111119,0.4994566979571772
F117114,0.472469604144086
F111458,0.4929564214891205
F115086,0.5212071854778446
F107349,0.4525990888018286
F103152,0.47093917452656553
F103723,0.4602682458418191
F110188,0.44897814733877683
F121282,0.5033766964056622
F111781,0.4860270928599752
F110537,0.4792361385923251
F114249,0.4473774219207206
F103527,0.4987428015996678
F115596,0.41268407911475485
F121388,0.48369208657583174
F104942,0.4761333569262566
F116910,0.46649632269473934
F106905,0.5087226031142753
F112994,0.4988422626225549
F120535,0.4906240004033088
F105123,0.4587172289828085
F114679,0.4539573421406104
F101779,0.5006335589536928
F118270,0.5151987017625428
F123714,0.48341041592874157
F112307,0.44866475428281005
F115870,0.5077841307874456
F113144,0.41316976745153877
F123133,0.4752819050891588
F114349,0.46513900409280234
F121855,0.4391757582074576
F111044,0.4682169419877557
F108224,0.45495503358712147
F102671,0.4859422700782197
F113859,0.47856949953893396
F120245,0.500396041430327
F106290,0.47054048137860083
F105685,0.49841350541260376
F105097,0.4752310181050951
F110498,0.4986528028210192
F106123,0.4991518098643478
F122927,0.48824851515020085
F115219,0.4597359975871682
F101377,0.49177277056799673
F117468,0.4914828596185595
F118829,0.49213722329379006
F112690,0.48366762771288757
F114255,0.4583007881945449
F111474,0.4945428437220202
F121971,0.4875624011330407
F108844,0.4793136134842913
F113348,0.4579127013580934
F104569,0.45221590573056997
F120611,0.4719364224139327
F113173,0.4955115946062997
F118633,0.4855371680462018
F104251,0.5276438121138028
F104671,0.45500245426626623
F123798,0.5132216842240401
F116010,0.4865447746865263
F117979,0.526714463665636
F122376,0.5094658125631928
F108669,0.4495915149341625
F115302,0.4603066898492416
F122815,0.4739443828391763
F119004,0.4845848621562825
F118644,0.498015245232455
F124540,0.5232417443176163
F121332,0.45564163316817763
F109027,0.5076604734082839
F119425,0.47025093352550684
F107040,0.46777484395153374
F112722,0.5183795699328836
F100681,0.4841745240634783
F120514,0.49987818943811896
F101855,0.4690263095096084
F123344,0.49959136256282327
F101123,0.4720720132869933
F108986,0.4664391289241665
F122938,0.48489612317238046
F116817,0.4827989299580537
F109201,0.46775674471562745
F103697,0.5532842301538271
F115502,0.43552539428774373
F118720,0.510410368443504
F102464,0.5298819734666362
F113800,0.4721132539322326
F119446,0.4597971844913799
F105054,0.48412989615775226
F124894,0.4607533022559059
F115433,0.4684559297274038
F119757,0.43988574069328057
F120112,0.49958583818253205
F118927,0.5050542717752162
F120805,0.5032788581613559
F112273,0.49125842477051096
F116197,0.46818517107554003
F114863,0.4830456323793446
F118241,0.4727561250021353
F119729,0.496592515979698
F122423,0.4519965235152099
F105359,0.48081431768897154
F123129,0.48456574059902896
F108755,0.4852824086440678
F109675,0.45368019428255185
F110349,0.45177317130458183
F120381,0.47902162210799515
F124501,0.46959751288062196
F104682,0.5141478816351127
F124009,0.45582202971062785
F108849,0.45370660764529536
F115855,0.44905651863844276
F111929,0.4327960693505084
F116938,0.5101863100111966
F113587,0.4819357448852344
F102665,0.4730552277101828
F106210,0.5058120647896159
F121703,0.5115691450968887
F112925,0.4801496139322234
F116899,0.44657215891671087
F124171,0.5182084658371484
F124990,0.4701258029845535
F120039,0.4504111284853885
F111382,0.490903721151241
F108213,0.46114869967144895
F107820,0.47609089284821426
F115509,0.45808197677105644
F118349,0.46900133834410046
F104318,0.42768092598720536
F118304,0.517554334434426
F111005,0.4823826950760581
F106972,0.4527196718728101
F109404,0.4970963286010203
F124981,0.4769058380993036
F122758,0.4447689309191644
F120098,0.5185439320905728
F111347,0.5259350332972628
F115655,0.4940988245442544
F121415,0.48717048836069643
F110492,0.4699686446662911
F106495,0.47081166067571795
F120074,0.49607958839084904
F102440,0.4898572318787073
F123489,0.4660345039795786
F108096,0.5271937591959067
F108872,0.5005711591359915
F119904,0.4787542861541975
F112636,0.5204764624702525
F106662,0.47043036867098553
F115898,0.4833621477874636
F112108,0.5179649266758161
F121024,0.49170757629676426
F112774,0.477375023345095
F111413,0.5097083987491433
F109759,0.49732399723165926
F100772,0.4724208494684144
F112389,0.4682974006520677
F122276,0.498700772151483
F105336,0.4994097433390899
F101607,0.4916189463703604
F121295,0.4789168616086726
F124818,0.4946274568927738
F112531,0.4911533328865952
F121503,0.4791636605105804
F113282,0.5040284059761377
F106428,0.4542687544426045
F123390,0.46838533632252566
F100274,0.4637695210021751
F123460,0.5072690721747452
F105884,0.4891433758771967
F116602,0.49711097931636383
F101451,0.44486167253839
F105282,0.4892830809232566
F110639,0.4871229261833967
F123126,0.4889840669140104
F122571,0.5044893415024442
F105726,0.5232483606270262
F121789,0.45596249719016607
F117998,0.45885183124238993
F101634,0.4659751785911345
F122216,0.4997817998736091
F122406,0.4831360551580854
F101560,0.48302373754556427
F116183,0.451889199613476
F120127,0.43591202012963737
F118436,0.47997024448734255
F113853,0.4948636339572716
F119350,0.5420341755883606
F121868,0.4877803029039616
F118879,0.4800411824438015
F112708,0.4476225798413991
F109637,0.5335152247435808
F102757,0.4645925188761287
F124866,0.42455342127044743
F102873,0.4999485828108407
F109215,0.49567478454906433
F123681,0.47803652599962454
F117392,0.48326803884943237
F104750,0.4786194201353271
F117615,0.45402887937477
F106295,0.49123500536362597
F104877,0.5174154919905047
F101582,0.42404478965219106
F119339,0.47943331457594857
F121141,0.5080394737568195
F120774,0.4342542073522379
F114494,0.4758074919729392
F122672,0.5155856589627065
F120362,0.45861547698030136
F110151,0.4402071790114693
F108911,0.49581920414885705
F118926,0.4809917148668583
F117352,0.4871792235776259
F103991,0.46507827738000396
F107315,0.4709415268545304
F104856,0.5039619059566438
F123322,0.4990412317122548
F103486,0.48204358286108384
F110563,0.4565202923979974
F111624,0.438343097513905
F121013,0.4372502895114831
F114715,0.5203516170959717
F118999,0.4685740359484078
F107957,0.4882685066975662
F118045,0.48128011158333256
F122002,0.49109263325425967
F103326,0.49915755558386654
F110651,0.47140113099530034
F121518,0.4528153703363187
F104349,0.44928246521027787
F121134,0.47317623602661196
F114934,0.4805167213543342
F102900,0.49840741469111327
F113777,0.479242838586434
F120023,0.48349195796255645
F101205,0.49186769300000743
F115040,0.4849902775008009
F123546,0.44560005452718954
F108218,0.4872200281780241
F108033,0.5116362910731663
F107014,0.48709333148184414
F121079,0.4747068109356685
F105514,0.43065507032103956
F104662,0.4430522120739025
F119205,0.46447852975529913
F123188,0.4991043475293604
F112304,0.4843446684054605
F122885,0.4980059343885998
F124825,0.44014871666093147
F104777,0.4961709330099073
F108969,0.4811579070816661
F116859,0.530956017857106
F117296,0.5160655374635712
F110562,0.5281767900920191
F122435,0.5170135568306745
F114589,0.46383007695074724
F117083,0.5080402471758306
F103683,0.4955520866054771
F120173,0.5158372458916916
F107869,0.45553829215837965
F109736,0.5127710243379482
F115522,0.4913139922239373
F113163,0.4620858666151758
F110841,0.48730137401894186
F119566,0.4680702905139763
F113638,0.5015671214255906
F116398,0.47264994355849393
F109054,0.46001446224883374
F121206,0.49486392834154797
F114011,0.5126422176829648
F108561,0.4955883165837894
F112178,0.4808958674455641
F103775,0.4799709308972246
F117690,0.47810234809110763
F110297,0.5008857001843829
F109301,0.5283914633927386
F113691,0.46786601530934885
F108570,0.4191050488848343
F110817,0.5215294731738526
F102335,0.5145349087596102
F107243,0.5234549104927343
F102543,0.5034536120034765
F112852,0.472970619313178
F124523,0.4778723797466088
F117169,0.4971637994966024
F122369,0.5048669708618571
F121303,0.4480298599703896
F113914,0.49490356234171157
F105755,0.48844927927904874
F107263,0.4856716250387881
F118103,0.5274573952225723
F114588,0.45030339418359805
F118190,0.48617604276149584
F113620,0.48002873183916145
F112699,0.46242311676614195
F117741,0.48792818357164985
F112564,0.4785534128460268
F108405,0.4749036902851054
F101225,0.5243636688296639
F114620,0.4617603716455632
F101537,0.5076668532242593
F112840,0.48040123374849086
F124469,0.5424605689519807
F103839,0.5037816155637831
F102778,0.43692749908992795
F100456,0.4870007896390934
F102175,0.5204890427384513
F102961,0.4790586296250147
F110479,0.5001195374939642
F116285,0.503997100013528
F105600,0.48573391310803415
F104202,0.4703129812074546
F107740,0.5022829844557168
F102813,0.5078877600785714
F109985,0.4646298570712826
F121652,0.4771049403342837
F117217,0.4841574742994058
F113204,0.4972080064618551
F123432,0.5020105626908707
F124423,0.5315666514902851
F104231,0.49341659292244433
F123691,0.4811971611061003
F102716,0.5186954643700882
F115196,0.4817340145804951
F121973,0.4458238558996818
F122877,0.4901933211784645
F113118,0.47360743068180655
F121209,0.4736204114978265
F124144,0.5011330109337258
F121200,0.5055398834771001
F111646,0.5150538318340323
F116909,0.4681035734423299
F102684,0.4548518933412857
F120306,0.4762249410238628
F117528,0.4611868254704806
F112964,0.4840187312486649
F119204,0.5163567276317034
F103012,0.48318038743131353
F116878,0.48540854080828866
F115026,0.4757639399385055
F104929,0.4940446880688658
F122917,0.42086940822139546
F118178,0.4736836699163621
F103158,0.46388120424770624
F120762,0.5391753366748627
F118876,0.429158295509898
F102203,0.45740491212399764
F104143,0.4577708423704287
F110444,0.46485398520393306
F102595,0.473898563241156
F106825,0.4501858250499703
F122839,0.4938841772452725
F117499,0.4863283266794521
F121366,0.5193970422900355
F124345,0.5038288624967635
F123666,0.5017378930968369
F124745,0.483858051200396
F112321,0.5154856325395489
F114231,0.47704544613361566
F123891,0.501912503563025
F100990,0.5560774937907886
F101219,0.4915752781841987
F109500,0.47078215910262616
F106709,0.5019493854706466
F119979,0.46225944348576475
F122162,0.5130712175644014
F108408,0.4029427717243095
F121187,0.5198787020577698
F108410,0.4636967534201818
F117014,0.4750383757919668
F105706,0.46168515683611017
F115869,0.42400966531869294
F119559,0.46025846220356226
F117107,0.4520534984795228
F101367,0.41085240382057936
F108168,0.5040303919966795
F118918,0.48850263603400157
F124110,0.5561853903555224
F107400,0.4838939661499982
F122033,0.4885964370193103
F104052,0.48243824240366245
F113350,0.47904189017302157
F111725,0.5021378916472976
F109860,0.5309033001446202
F115017,0.4521849531268095
F115259,0.4686853296924843
F110154,0.4577998017944522
F100926,0.45163553118526795
F102228,0.44347703232455904
F107046,0.5024613834580508
F108203,0.5032639723533718
F110248,0.49742273362382333
F117460,0.4819150455299698
F111352,0.49474274200955787
F116243,0.4492227741054086
F116045,0.4797648177565838
F115608,0.48062138891794404
F120168,0.4766170020733683
F105327,0.4809585059593779
F121735,0.49874352581491116
F102094,0.5011629562865145
F106989,0.5267368278673349
F122140,0.4674472628105509
F124227,0.5286819060818448
F113251,0.47263565982221883
F114648,0.4887704705700945
F104090,0.42914635926104927
F115262,0.44982535857037237
F121671,0.5004923546056308
F114856,0.45781571102960783
F104690,0.4474679221701287
F115407,0.46176457156115464
F117034,0.48374982139216915
F100882,0.500399476757634
F104773,0.4536982844032786
F118047,0.5064112679194384
F106758,0.527712173754575
F119275,0.4740735485252905
F119227,0.4986277956004259
F100915,0.4387089213553163
F117889,0.47021231543768777
F110862,0.46485384355103493
F115950,0.4927459004631841
F110491,0.4703607164299997
F113388,0.49455559524393566
F105406,0.4755126601968081
F112585,0.4912625678919898
F113425,0.4543543901667906
F119657,0.4987196350029052
F114015,0.49639018553824504
F122278,0.46889045429426546
F117549,0.4362135033154615
F117269,0.4826337389190836
F102282,0.5118445614012631
F112632,0.4917032744221614
F106548,0.4399509411743799
F113371,0.5148746042100031
F100565,0.488416289206467
F105824,0.48072370141094356
F112686,0.4898042622443868
F100313,0.46623099487498754
F102864,0.4823759921015562
F102561,0.505909728333895
F117260,0.4945358176825072
F106273,0.4766118016319214
F111251,0.48028087473003206
F100923,0.45602511443702837
F113779,0.4536374964703617
F111997,0.4813171921243708
F113741,0.47200286597052704
F110888,0.4978033706012723
F111977,0.47054153575270924
F123528,0.47981866195216333
F106677,0.4993194987631408
F100661,0.5428490400237608
F100583,0.42859373517435306
F123555,0.5000057718241524
F102949,0.49781825590760187
F110984,0.4971133586031025
F120760,0.4721421858855488
F114992,0.47579453750736256
F105399,0.4843441660804143
F101361,0.4971199796572537
F115286,0.4775411367561582
F123603,0.4866430881228593
F112157,0.46393650408830583
F103395,0.4327024314591437
F122546,0.5299933532730488
F115818,0.5002268856113761
F101579,0.4709098064130457
F102826,0.48492328620034403
F112030,0.4748998219363441
F118090,0.5130278127780982
F104717,0.5057556866569152
F107042,0.45457246533906254
F100914,0.4608985907217023
F121925,0.4727518189131183
F124403,0.495961567213123
F122063,0.44055554802225205
F111873,0.4481871581117953
F106543,0.44011754985099705
F120447,0.4874474550573225
F105278,0.5147136831840478
F103430,0.49080364234716356
F121005,0.4750274148304517
F102069,0.4730316540194242
F119160,0.4645198045554277
F113088,0.4234544199559986
F105670,0.44532496513897846
F117836,0.4377215110630308
F121697,0.4891157577799368
F116829,0.47073935762028457
F117196,0.5089880853272326
F120476,0.43148277527308415
F107450,0.4179691267177937
F101113,0.5123409843282523
F119438,0.4686798972684359
F107608,0.4406853331906969
F104380,0.49286027077944145
F113557,0.46328332743852363
F119095,0.48093822064330155
F117873,0.4686622152705464
F116469,0.4733806996038745
F109576,0.5311433089051769
F117267,0.4821592434849062
F108617,0.48537674124873265
F113710,0.511973169492398
F106581,0.5128183116237229
F123084,0.4949010061897865
F122281,0.49666049266836276
F121761,0.5005101153690906
F100696,0.4234658016695445
F114106,0.4702616759928218
F106806,0.5160162569229387
F111904,0.47337726820569404
F104250,0.43586835309103433
F106718,0.5125554093193057
F113600,0.5079490333601031
F105276,0.49411439805138546
F113977,0.4926249950793829
F117702,0.4515547901127147
F122564,0.46005261928370145
F110176,0.4752539723524268
F108426,0.5044345350676536
F105515,0.4524318638406784
F103742,0.5162710671726211
F113197,0.4530928854410309
F111826,0.4712321654350832
F105450,0.4756755859117295
F119543,0.4848504048462626
F112551,0.47235526069205674
F110488,0.4503956738044771
F115910,0.4985407989624443
F100084,0.5281108726937327
F114669,0.4483191914150197
F113029,0.48201568326984207
F115540,0.48714574070213085
F101528,0.4721672726906521
F100092,0.5042356596179238
F121075,0.45389360614982543
F116053,0.47862000170992497
F105195,0.4865193229298517
F115779,0.4400608698703871
F118320,0.43700178893446046
F113937,0.4844633046543748
F107999,0.5411235427216143
F109671,0.46708420105135934
F119267,0.5015207983012433
F115338,0.4852136994083778
F101746,0.4669603645821022
F123963,0.45500872211706506
F124023,0.4653399897327987
F120213,0.48220528211066715
F122848,0.4903288424763207
F103793,0.4757227542839046
F122575,0.4899496385925102
F101210,0.46645032193095237
F111055,0.4967556643886151
F103271,0.4585058058208835
F118329,0.4627473665207405
F115167,0.48303243871693624
F121921,0.46495271369824437
F118460,0.49757142102608076
F123992,0.46113194977951344
F119948,0.47755431894340683
F113756,0.4524358814344186
F121581,0.5212815125172219
F104847,0.4827367669513754
F100079,0.4708239822194951
F118513,0.4281256855091045
F105053,0.4747117962495926
F107072,0.4816322348461021
F109164,0.4626646165147057
F115544,0.5196289480625115
F115440,0.4366772740061188
F109406,0.4821633857918948
F123244,0.4964365694168152
F102173,0.47061825431513754
F109606,0.4877082303352078
F103450,0.44866890273179555
F117442,0.4733918464275311
F124027,0.4913889217811059
F107438,0.47674283267704015
F108206,0.505012359266569
F110530,0.4813453081870131
F105180,0.4565302792057785
F101475,0.4739723581603319
F120643,0.4358317481921529
F101971,0.4615017684842452
F110419,0.4891272682926349
F108208,0.48770503216885985
F103955,0.46795039643641384
F102199,0.446353780850644
F102866,0.5004593329819009
F101469,0.482791639771213
F120884,0.4846689534351412
F120979,0.4634726192584775
F113138,0.5219268719468003
F108392,0.4970568121340288
F112571,0.5037803948521408
F116366,0.48900192728834885
F115051,0.5145902388234799
F114071,0.5109791746650844
F123677,0.511104041853957
F100632,0.515093634448415
F111189,0.49046047727692765
F111096,0.5292158392967573
F102899,0.5020924115201197
F103525,0.5099361675698796
F114179,0.4954073171347088
F116692,0.5115058355723076
F122962,0.5274394085185592
F122941,0.484004942362257
F116922,0.5003865012507253
F113151,0.4801662558902402
F117317,0.5140127511837448
F108468,0.495301742815268
F109959,0.49716289211208187
F116262,0.5042024293778934
F124497,0.4668359523483052
F123433,0.4533385279468682
F114656,0.4863011604249749
F104118,0.46769767237416054
F101713,0.44719508136947966
F116143,0.4459661508621019
F103943,0.4959836239648233
F109080,0.46692679308687063
F113195,0.46635945586389815
F100613,0.46638141529792276
F102489,0.4635107785827794
F108495,0.5162541624017295
F119986,0.4820025439762695
F103849,0.44067060247347506
F123067,0.3708014204693037
F100929,0.5074121915478398
F110998,0.4632339850606856
F120261,0.46406861386603687
F118143,0.4694461057208234
F114265,0.43951308843480735
F122816,0.5212064687866528
F123170,0.4667959219887221
F116737,0.4840355750420213
F101474,0.4919793291796545
F100949,0.4798575282286495
F105609,0.47406397814474976
F109628,0.4561212593712825
F100974,0.5362664701879319
F117677,0.48611601250740827
F123325,0.4551301181451789
F111536,0.49283225719705903
F100026,0.4763125762978219
F100237,0.4897625878833063
F102154,0.49654130958638876
F107227,0.49408410789207174
F113643,0.4870976589634181
F119359,0.49881368696412637
F108239,0.4828670553382857
F101853,0.49700471964980053
F111985,0.4454243705496724
F106842,0.4594395576786393
F102316,0.47574082697819087
F109925,0.5130592029929885
F119589,0.4920140840467284
F121088,0.46396030561684576
F107139,0.4920220881949443
F105227,0.49526147496184425
F113754,0.479045751334681
F108352,0.45800953568146874
F111743,0.45944932944515043
F104193,0.4435061499656434
F122728,0.46511559590949875
F116575,0.46833995764050107
F104657,0.5158473112953386
F104363,0.4961972188919272
F114139,0.4913454256604644
F108645,0.4570696055516518
F115289,0.4990939301379544
F111505,0.471180510109904
F119668,0.4882230900094078
F109619,0.44798108990368124
F104399,0.47550534626167473
F116968,0.47597146390721257
F112287,0.4854253170227519
F119242,0.4835167437933211
F123830,0.5323056442451422
F122770,0.5246779355361669
F107403,0.47397306402092093
F107791,0.4576782040208891
F123172,0.4497704094646879
F103170,0.4651961029445735
F123835,0.4955396607806547
F107829,0.5005041298626098
F106679,0.489269620348325
F100267,0.4795162358230693
F117435,0.45657060689377815
F121772,0.4560512081478656
F105883,0.49104512865424527
F102508,0.48059789416582244
F124870,0.5186409814088832
F122787,0.49794767508983306
F116775,0.4653082830636432
F102960,0.4532963252532716
F108697,0.4257358433119906
F105934,0.5015472088715153
F102818,0.47203601339362516
F106076,0.5072234130545308
F104222,0.5267323729693661
F123272,0.5177903821327345
F112958,0.521369887569672
F114957,0.4541750738748687
F119503,0.4991030672946044
F111915,0.47980279872278775
F124101,0.4570502863756085
F108702,0.45792726425211944
F110112,0.5085508764375984
F117032,0.4496161427594171
F114132,0.5303697319683284
F119528,0.4689349113350839
F103129,0.5534862468266759
F123730,0.4976160436342132
F112748,0.48295990564186614
F107833,0.46640793379455914
F111917,0.46027876827113917
F109988,0.46373448950050034
F114960,0.47012425675266256
F105397,0.4707866797426638
F117747,0.4649276005540702
F108199,0.5436762244027857
F107145,0.49448273336316917
F115759,0.5144873292505449
F100468,0.48078007075247936
F119121,0.4757201718046192
F108262,0.5047513311238435
F103408,0.46331152021023664
F101847,0.5294452019219192
F121670,0.48601586894797033
F112737,0.5023111172581581
F114503,0.4867409343182008
F109783,0.4806593324956301
F103803,0.503614926855806
F124502,0.45535530411390474
F107060,0.5063319751916915
F113618,0.47820565994993275
F110554,0.44907905512528723
F124142,0.47156379751093264
F111529,0.508407342084355
F120527,0.504989705545957
F105910,0.45062645511832816
F123274,0.49807180301109455
F111962,0.49949988378499577
F117302,0.47262790083722794
F101737,0.4761343018386777
F101042,0.44420666409756865
F107198,0.515622441780811
F103209,0.516052386764851
F103520,0.5147508711167786
F106450,0.48582463627872846
F101965,0.4327608580111293
F101960,0.45756592203741353
F103817,0.4991714316580122
F121375,0.48027292953714906
F120557,0.47972078164941784
F112409,0.47596649390832985
F113466,0.5381457191810847
F124133,0.52935005454615
F119075,0.49515831435649704
F117661,0.48683476091006583
F110507,0.464556501839747
F119758,0.4995600278773975
F101457,0.5236695540668033
F123685,0.4850040559088791
F110241,0.5309099021342368
F114878,0.47605924429438906
F117812,0.5200774476678611
F108721,0.4367748374603674
F103700,0.46581305645188037
F110476,0.5115893657191442
F109487,0.4287847081921338
F115127,0.5084690395865442
F110759,0.5142243992034037
F103714,0.47607217426353865
F104323,0.44253322808561324
F115758,0.4701546471684365
F120952,0.483973919955158
F101923,0.4998500786853719
F115011,0.46276946020090964
F112113,0.4661633259393452
F122248,0.5139352382061342
F122490,0.4960606768559158
F123819,0.5078270534176832
F114743,0.5203527074278064
F124820,0.4706418125903844
F107639,0.49050578865678707
F117117,0.47911276605915165
F104612,0.4621107856520015
F116397,0.4974137028629256
F103469,0.46892838011644583
F105969,0.47694902933420025
F116203,0.46181214979193286
F118077,0.538488028136163
F117563,0.4736297698001019
F116407,0.516550604049371
F122795,0.5066472563564085
F102453,0.514051968118419
F114999,0.47692625761163476
F109520,0.47506735954376
F101513,0.48142126595718726
F113423,0.513395391022635
F104413,0.47692816713831626
F101891,0.45705892902539563
F106597,0.5086076573137784
F109864,0.4332793916550155
F115201,0.4913325699984782
F121122,0.45865353687311566
F118055,0.4440787569519725
F118135,0.4522971907778552
F108868,0.46706573330149953
F117319,0.5297329710436719
F116707,0.4978046878692803
F108555,0.46910457033513053
F120365,0.46296513386141364
F118616,0.5096267905322421
F101170,0.502975129630044
F104868,0.4687216926821653
F103136,0.4758663558186058
F112200,0.5091911050895185
F104466,0.45371377818347824
F100659,0.5249400007681233
F120018,0.5185629622420399
F101718,0.5218351969137095
F102476,0.47204691955230876
F123173,0.47560661304027235
F100338,0.5117121645678979
F111262,0.4397827957959726
F110898,0.5044595292628956
F101767,0.436794750272892
F120823,0.4669218735408003
F108292,0.4974922392421192
F107528,0.4874437654184447
F112036,0.49466234571053697
F123031,0.4400118231030126
F123116,0.49030452909882516
F119994,0.4982784304225148
F105513,0.5013540319618606
F115625,0.5066243248879393
F102366,0.4821635539676774
F123791,0.5054322119403293
F117502,0.495777990662734
F105738,0.4763923163063559
F100399,0.471079945971253
F113562,0.5274279922800472
F124235,0.5043556634259334
F122241,0.4739786048694787
F109285,0.47581163560373885
F124489,0.5147163812253716
F118501,0.504901660686065
F104964,0.4986995225378927
F110120,0.5066528829477653
F110175,0.48471540214620257
F112288,0.5015293533628319
F122352,0.4818568029018164
F119842,0.48567134723845384
F124660,0.46503630280819713
F116457,0.4826324998139068
F106012,0.47267951584289647
F107035,0.4788900675815035
F117519,0.46580949693910173
F105345,0.47557685817957956
F113659,0.5040921783221095
F100507,0.5158367844520078
F104165,0.4873088521950877
F105789,0.47507138322228804
F104705,0.462614692266309
F107966,0.4820558967491102
F121867,0.4794640326132681
F123175,0.5068265607873914
F102857,0.4916145284168004
F105255,0.5212255130617073
F118790,0.4613126298980418
F119545,0.47145827167989107
F106294,0.5063984183357751
F112249,0.5252605269891526
F119245,0.4672385121683728
F123237,0.4359888588276595
F106545,0.5341921430699734
F113494,0.5132387770278162
F122854,0.46217347991596847
F115410,0.5029907690252222
F106678,0.4701348662647113
F124022,0.4694896121253066
F122045,0.4894144238773247
F115878,0.4829710955606746
F111462,0.4741683808625082
F106121,0.4839848422626338
F114443,0.5128951054394003
F116687,0.4900874958133331
F107590,0.4719676735447498
F103603,0.4580909854876679
F105834,0.5353339226190543
F118871,0.4900186173297963
F121666,0.4854516269730985
F103565,0.4682160394627563
F114849,0.4619746645563512
F124988,0.49942138309843503
F115649,0.4970471957426498
F105801,0.4737209476193875
F109034,0.47859063520160494
F120938,0.48259439950988564
F104769,0.5361360929197567
F101860,0.44379198504144446
F100455,0.48245025352871623
F110707,0.49230761059526545
F114263,0.47856759156739825
F103345,0.520380532002818
F124426,0.5130387970686148
F109118,0.47173707208973475
F101844,0.5304272224134029
F100306,0.467599918295737
F101166,0.5218962688639857
F117542,0.4877770825128015
F102326,0.45154805142655724
F122480,0.48164097551726337
F103442,0.5139476098277229
F122230,0.4762312035685364
F103327,0.4899549531208455
F111141,0.4906427097868545
F105312,0.5226307451498573
F106891,0.4699863757456561
F120222,0.45394545447243223
F107630,0.4859564949452259
F110123,0.5237566334660808
F104846,0.45766961184210125
F104093,0.47063747701197745
F108154,0.5278796990274367
F115947,0.497252640932887
F124909,0.46522308062809675
F116388,0.47101067315375494
F124153,0.49729039788079515
F113554,0.46514890124879466
F122504,0.5007659053015481
F122056,0.4943655783137995
F123752,0.5458694734419322
F122945,0.49806220229231557
F107968,0.49025418485753636
F122066,0.4760015864547352
F120998,0.5029492859709511
F111080,0.4756313132133163
F109249,0.5182712790195894
F101171,0.4393190137623881
F121221,0.49617320134280474
F119924,0.5076373520134582
F108453,0.47155140079539354
F117250,0.48133924377615334
F107656,0.484010500466312
F105847,0.5071041571261642
F121429,0.5035517026838512
F112384,0.4921824505220906
F113551,0.5184723606551498
F100586,0.4551620089165314
F115434,0.47723551048119023
F114352,0.4556700625813964
F113218,0.48737806917765003
F109863,0.4953616430064331
F112751,0.5327159621384309
F115669,0.5157621120551831
F119230,0.4580241144055826
F120634,0.5120000675180165
F116680,0.49966628394708146
F124700,0.4931661306692041
F119492,0.4622058703251002
F103881,0.43911352511280877
F118149,0.4802869209564559
F123376,0.45231456383614577
F113575,0.5111718815235774
F124869,0.47005293201176
F110865,0.481803577847751
F114491,0.44378346553391435
F118014,0.4707129309251933
F106623,0.4873106214468008
F114203,0.5233465569712344
F105485,0.45195561209817464
F124876,0.4631066781158117
F115428,0.49575558838783523
F107330,0.5509648258099052
F105082,0.5162157085845263
F101920,0.4688668156498024
F115153,0.48112718569404334
F120704,0.4812764877567172
F115409,0.4750006504834732
F113827,0.45252579412846633
F122559,0.5053859918369656
F110323,0.46990797870974105
F101292,0.5016396651692366
F102798,0.4755057372382085
F110262,0.44308460975855457
F120737,0.5302899482646746
F108412,0.4568544632672814
F100467,0.4690567509688882
F121988,0.4916945635852573
F110964,0.5166381089171067
F107733,0.4683523667634852
F114591,0.46569370960374473
F111805,0.4813832454949668
F124251,0.4651939568578861
F104572,0.49415985661423145
F120283,0.43632880989018097
F120083,0.5187742876458273
F113123,0.46453788074768815
F103125,0.5455301322439731
F102432,0.4630388149923095
F100413,0.5096274635786022
F116279,0.42941758931964863
F111647,0.4422367352859837
F113260,0.4708607902289826
F121527,0.5068333592410541
F106833,0.4773771253918678
F116173,0.4630927918365253
F106920,0.4638615667675921
F118448,0.4832815678522729
F106072,0.47926810888827026
F118428,0.5039190055569748
F109286,0.4687729078881933
F112379,0.5036578079575363
F107259,0.5150536919995239
F102615,0.48263603986198356
F104515,0.5375113104952288
F115088,0.4858498128025313
F100617,0.4944074339926507
F123845,0.43966272209205415
F119233,0.47840424172084073
F111906,0.4947568076320627
F101694,0.5089576616893524
F106459,0.44242299920441047
F102887,0.5085133319042192
F118363,0.4837172562612662
F120728,0.46650494011560095
F107896,0.4718184904472782
F120640,0.4947155277405775
F110909,0.4733263527922736
F113498,0.473408091293739
F106596,0.500018202987906
F124318,0.5094043945661999
F110727,0.46257615172991634
F124476,0.4578475158732002
F108549,0.47782891001797695
F102172,0.5028830693166292
F111235,0.5031219667220252
F106899,0.5281723657377136
F117025,0.4857174167476199
F108461,0.44392809157962354
F105581,0.4764721691328156
F123577,0.4877101184425361
F124032,0.5199793207292226
F119287,0.5015793228507067
F119765,0.4798807783506073
F108576,0.5054063053983817
F116957,0.5107702112562666
F106267,0.5234365832696818
F118728,0.4738912817921482
F115729,0.4337389104187038
F108338,0.47005226002923733
F106730,0.4771931484838899
F100686,0.4779541281116424
F119228,0.5281944413498827
F114238,0.4931783600650313
F115521,0.4517713921688644
F113826,0.4696988081463806
F119402,0.5072354741392265
F100572,0.4623587314778499
F101927,0.40893052069130204
F119949,0.4628599104234765
F105291,0.46948822130775136
F116437,0.525127497752482
F112560,0.5080551288145824
F120251,0.4857405073530436
F116802,0.47912662666701633
F119389,0.45428784939157846
F123820,0.47079918942310645
F115258,0.5162778317439446
F108717,0.46037493848278604
F124873,0.5054750845184315
F114476,0.5303379288711254
F120990,0.48134919247060837
F110280,0.5246525048533417
F118657,0.5114641901845534
F113653,0.4696140534164138
F111032,0.477013977769215
F113290,0.5131391150762346
F107206,0.47363265572789376
F124491,0.4718314927978159
F119960,0.5068414548163812
F121826,0.47212839522570343
F123661,0.4843837867924042
F108671,0.4837282773974376
F115223,0.48501415643225637
F121220,0.4923663760558612
F114086,0.4601002186578285
F117521,0.4574930999090832
F118466,0.4411040688188788
F116683,0.45325580025476436
F118171,0.4544612827868142
F110166,0.4730066761282133
F112793,0.518472055163866
F113420,0.5324589487464767
F102694,0.4688397382899369
F102964,0.5076373941272012
F123215,0.5093086096021289
F118699,0.4904204053053664
F102270,0.47383214974738813
F104899,0.5039381118628086
F108538,0.5209890817445959
F104794,0.46246423562518724
F122203,0.49452261758426364
F112607,0.48550558883734846
F111541,0.48104806515174464
F113437,0.4743230062182636
F123049,0.4617326856816329
F119923,0.5060984165009457
F120368,0.5218453185518199
F118895,0.45698018826510045
F105660,0.4976809776937687
F124404,0.4984854845363976
F109421,0.4929793464997358
F104861,0.47495016129830064
F106728,0.49904153736002804
F111376,0.500102508007022
F111401,0.49123979138688606
F100055,0.4858809717484104
F111959,0.4226850877327802
F106361,0.4557057890488808
F120508,0.4873274874072091
F113449,0.4359981272972312
F118005,0.470226052876863
F122601,0.48729729710806946
F108612,0.4509046640930497
F103755,0.4071949495298713
F121622,0.5179043856892336
F111010,0.4894734337883461
F119381,0.4391145065073436
F122703,0.5003873932804545
F122400,0.49035882887371846
F110796,0.5470119340726177
F113331,0.41930065392692006
F101594,0.46552034783339313
F107465,0.5204415848322246
F115404,0.45503576470921114
F119621,0.47898180175145383
F106096,0.47153319979992986
F104825,0.49528569827027047
F109950,0.4756039641035226
F103011,0.5266373419568591
F124445,0.4705718811222274
F113394,0.5017887465512578
F116310,0.47636421994979805
F109653,0.511832002790798
F101906,0.4687127379466578
F124258,0.4761157628193799
F124771,0.5011554883920296
F104353,0.4684902527559583
F111615,0.48896330319296255
F122025,0.4494391210639722
F105961,0.47543590513796125
F109044,0.4561522450936352
F111966,0.4770367451544363
F113616,0.4367793544910734
F119714,0.5098469667145004
F123900,0.47956751805141545
F119073,0.5060672701076506
F117729,0.44517021386429634
F124451,0.50295260982016
F107197,0.4425934411810885
F120751,0.48615371780581784
F122533,0.5187885926509797
F102762,0.47400040120691633
F112275,0.4515393156876715
F122233,0.4941027760966239
F117584,0.4540061584552442
F104269,0.5195119153673198
F105982,0.461553858863194
F103443,0.47638071286421224
F103575,0.46126849584615565
F119326,0.4919584530203274
F112593,0.4514591813652472
F122920,0.47723093129300903
F113150,0.48074902220541604
F119218,0.44663497520275103
F123532,0.4878629585342483
F108517,0.5098205854822627
F103185,0.5329884008498594
F120372,0.4655584581133549
F120711,0.4913390730971167
F122751,0.4976929791103746
F117148,0.4819717949677369
F101382,0.45358689175736805
F101336,0.5065545486698575
F114429,0.5217554256177086
F124005,0.47304118385965077
F121138,0.4509457412104907
F109305,0.4228613693082096
F119626,0.5049924344829437
F117122,0.47082362389074417
F111279,0.4888133769208872
F118491,0.49807011171629906
F102456,0.478300146023411
F110852,0.4892011459777564
F100668,0.48329439926760726
F112299,0.4807917409669955
F102114,0.4855525667718965
F106204,0.48989633904917357
F118897,0.4562138757313892
F116517,0.5038638294600292
F113990,0.4897106382489739
F114506,0.4741811113248689
F111654,0.48575911054715426
F106633,0.48158984196196375
F122762,0.49454110332590984
F100699,0.5401788573388849
F109879,0.4718489364610506
F120356,0.4420173746870988
F118778,0.47519397275138336
F116747,0.4315087756967108
F110375,0.4450291107596637
F123738,0.4595450994842455
F105665,0.45479262495248896
F105816,0.47169972356516765
F110774,0.4908702644557575
F116115,0.4592313404518505
F109791,0.4868691543525818
F107067,0.4781290167161726
F100460,0.4870719917885187
F102418,0.46602510269315384
F124231,0.48301079783467943
F114886,0.5371330818156491
F106252,0.46317570978466205
F100257,0.49488305955048995
F104943,0.46884094493440054
F121152,0.4558542819167227
F104356,0.48115695829340405
F109046,0.5261422640712445
F107920,0.4359265644105591
F117808,0.5149832664424092
F103777,0.4785644354039781
F111618,0.4761200916282626
F115354,0.47892908147050456
F123315,0.4662812436035313
F115553,0.517607254189802
F116526,0.478588376638787
F105329,0.45111236950928374
F108922,0.49880929036634086
F100893,0.43315665681858057
F108787,0.48205096371566963
F108348,0.5013334347705322
F110392,0.4696106276735033
F110074,0.5097574502253758
F111830,0.4847339949948092
F120265,0.5031794769585399
F115731,0.47536855048108306
F102463,0.5151819003239788
F105099,0.5051686329037309
F107372,0.4588387228256942
F120004,0.5000465505922125
F123034,0.4617646143990687
F103792,0.4715156963454394
F107862,0.4425957190447501
F101764,0.5175797034692333
F123095,0.47090600667991767
F115157,0.454707158731619
F105695,0.46282033041769616
F108869,0.48008527230715375
F100805,0.495345965787932
F106507,0.5088094476915912
F103990,0.45100587706609546
F100408,0.4822778324869448
F123377,0.4629188449814424
F113528,0.5292391384459177
F121163,0.5015329512295107
F123739,0.4733361092306571
F108321,0.5447853221940301
F124918,0.5239231904738675
F104700,0.4530022144114368
F101840,0.5117332472467068
F123321,0.4500854513523682
F102877,0.5119188384658104
F107592,0.489232844539918
F114582,0.47038119484636237
F106039,0.4605216772459365
F112757,0.4960944244694304
F107563,0.48055509083546893
F117984,0.5042265264539108
F105387,0.45906602949983977
F112488,0.4626581167606872
F106570,0.48927369977299645
F110540,0.4745279012400508
F109644,0.5015724258547136
F100400,0.46956254364775624
F106529,0.45832511897533773
F108678,0.4532990199486072
F104019,0.4719830474375549
F115149,0.4415518158524136
F114767,0.46077227353933264
F103317,0.5076852867785213
F120789,0.4813902860230901
F113443,0.4749696209767143
F115974,0.5018152912129202
F114782,0.5133163009824285
F119745,0.4844029135693599
F116956,0.4677638252630464
F115065,0.49431651715373215
F110714,0.44788917631194675
F117141,0.4507355809296279
F118792,0.5009389992831893
F122720,0.49825922356879393
F113797,0.4887718904334682
F104571,0.5144499126486212
F110673,0.4538790111926701
F123743,0.5239032911531487
F109381,0.47295209266798366
F108237,0.4540256653882573
F118188,0.4519679429565172
F115807,0.4709761259707808
F102869,0.4979075044921255
F110114,0.4939315061625957
F113857,0.5250907747454543
F124597,0.5198645307489996
F114156,0.5068091211185658
F113250,0.4878684158115231
F111792,0.5072801726635108
F120739,0.49803643248881885
F124167,0.4871595586521803
F100259,0.4874535213616678
F113089,0.470188374484085
F108918,0.4856888625942087
F110007,0.48303234594729255
F106111,0.5412059461561946
F110720,0.5118647254867745
F110040,0.5289398973654708
F118599,0.49127966343059565
F102617,0.46923109050822687
F103444,0.517943820228743
F120318,0.4499972655739137
F108864,0.49820213990699946
F110043,0.5122641509998093
F106282,0.49258731775781206
F112276,0.46460212068182194
F100776,0.5602799547426732
F104307,0.4637696537946888
F122548,0.48255880797096323
F118663,0.48390228000779933
F114708,0.47195916124446363
F124741,0.5002813431684192
F104456,0.4242173020817307
F122574,0.43865521266293006
F101496,0.5071108199468867
F108394,0.4427744448210885
F116509,0.5137532996853177
F106097,0.5072866675391507
F113324,0.4582576299552176
F118593,0.5050466774350701
F113086,0.4844993703067603
F110808,0.5046377465018891
F100136,0.4382579019383283
F101989,0.5118724931589907
F109684,0.4919893846565552
F103649,0.4214402979670044
F100141,0.47681576898614364
F109178,0.49168251930129664
F109905,0.47226638215336125
F101922,0.4613734273556759
F101696,0.4529353267501607
F115422,0.4692320098245945
F124874,0.4717254349195308
F116487,0.4965795805427897
F119951,0.5001591869636051
F124326,0.4533515369251067
F120829,0.4809379622786892
F119119,0.505963301905594
F114796,0.5011804533935709
F118840,0.4827819111756666
F124248,0.47137600073140656
F109580,0.5023759914020457
F107136,0.4705227860512774
F104787,0.5366788469964235
F115471,0.4920727705991336
F123749,0.48134223158630807
F114393,0.4726336120766758
F107114,0.5091914592372238
F117290,0.4942869963434321
F113147,0.48082492642973446
F109220,0.4996052603331621
F113488,0.4778743003818232
F105614,0.46712824929389435
F117192,0.4836892132700799
F104578,0.5198422691566212
F106195,0.4823654319230826
F122859,0.49858901644006964
F114905,0.49718577054149315
F109680,0.5006231505434534
F109739,0.4598155244326328
F108604,0.4611260447209774
F119926,0.4193169766565646
F110659,0.4914887605846841
F101133,0.4803421458556167
F102359,0.4963180298041639
F115119,0.5128702283909837
F100481,0.43793707559203787
F117859,0.420302358625683
F111367,0.48401754329836244
F120758,0.5104019175811486
F124992,0.47520939106727134
F114467,0.4954253391023448
F120538,0.4953286027968562
F110162,0.47256784201566426
F119008,0.45069483198533844
F122180,0.4747008354915207
F106379,0.504946664399269
F110006,0.44787140598957664
F110663,0.47331031690247916
F100436,0.4628952312888427
F112795,0.46954974084816764
F101091,0.5017417499928474
F118900,0.4778006259664926
F101816,0.4962722512630398
F112398,0.48865977690610807
F106224,0.5013026039913242
F123501,0.45434586769442087
F103475,0.4714315674246308
F102363,0.4560935827396421
F105358,0.4675677876372308
F104829,0.5183939258656596
F100457,0.4680665224546326
F107272,0.4843615078770796
F102041,0.5303114703083847
F111053,0.5155774191954905
F100347,0.47757296841438196
F123204,0.4879940762607243
F108279,0.5010046859825266
F100616,0.48291755190541896
F108313,0.4539260217974701
F123197,0.47467919916306023
F118854,0.4934228745931566
F100132,0.504741109733665
F112656,0.465717321730342
F103975,0.5095196659789764
F119818,0.5025888156753738
F121143,0.4731332434754268
F107244,0.4830257579743285
F108060,0.48493631566581963
F122894,0.4998471157337461
F111741,0.5156220202664875
F100069,0.5127791109817562
F106307,0.5008853569749224
F115312,0.5012497448202256
F105512,0.43738288907115924
F106320,0.4876725153844626
F113802,0.4859030943159808
F121722,0.5103511089186034
F118239,0.48906807986592116
F111846,0.4773956545548479
F102514,0.5283605102456805
F121294,0.42077890951255015
F111037,0.4992996472189756
F115006,0.5200155087608268
F107019,0.4670736753771892
F113761,0.49526446337718877
F111747,0.4783711990598319
F105680,0.4878468380906174
F111048,0.49481802675000996
F124061,0.4832793284093701
F115904,0.4568460102178313
F118516,0.44029178523996426
F123588,0.45732032163038777
F120515,0.5087057998291326
F111559,0.4707481111995347
F106530,0.4612160984845649
F103372,0.4875789575439294
F111819,0.49132690591536243
F121033,0.5033363151139931
F108710,0.5043328433036238
F107884,0.49708994057419076
F100319,0.47716040228144324
F105786,0.48447059616780264
F102699,0.4856549805398117
F113881,0.44802299701787396
F117405,0.5059005868220976
F114220,0.4688686796638867
F113586,0.41305159776525807
F106525,0.4990985111172083
F110030,0.5060971426400129
F115547,0.5019977480534951
F118093,0.47403364377317414
F118288,0.4841745777238769
F117867,0.47574123820181957
F110432,0.4925541771337702
F106511,0.4746002282544284
F103281,0.49400506954305223
F104923,0.4696052941928899
F111180,0.4759240344847846
F105481,0.45096584191655636
F108121,0.5028929949969073
F114918,0.4828696374855256
F109409,0.4393626683035361
F116426,0.4889911332603827
F117672,0.5400450227100717
F101721,0.5043421734960826
F109833,0.529016743503321
F111326,0.443213146371955
F123753,0.4813833773294336
F113958,0.4789156941112722
F100596,0.5163794258163705
F113235,0.46328260186456677
F114019,0.4538159353388361
F115717,0.49659139859379453
F100113,0.47556917290286577
F103440,0.4924992270536555
F121111,0.45704889577132074
F124067,0.46422854850364886
F113172,0.45545446152112623
F123524,0.4886316588960279
F114516,0.45057214535712925
F101435,0.47032175254744407
F120671,0.4787636615325737
F115009,0.45128649309452507
F106993,0.48240517043165304
F117466,0.48065918376953215
F115617,0.5038483028667092
F105878,0.46130458231450905
F123053,0.48963099261781745
F123785,0.4548923591860368
F114574,0.4579865907241673
F107437,0.43393146842494185
F119096,0.4734879695418593
F104087,0.45529867760814974
F117074,0.47352246865915293
F122044,0.45958450709091386
F100786,0.493242303633417
F120152,0.46684327696614053
F112490,0.5036306872953891
F119390,0.5049891393048624
F111026,0.45746267046231937
F122510,0.466742061310419
F109558,0.46779890841047805
F111445,0.462047395814158
F117942,0.5015561553087283
F104579,0.4996704679793876
F103727,0.40864874927797384
F106317,0.44473489149292905
F103178,0.5144360129849678
F117328,0.46398915462934104
F107768,0.48677717949212557
F106182,0.47867789093113594
F121044,0.5055812837705289
F102099,0.4771630972553072
F100232,0.4912762950468815
F112679,0.45413740917563844
F102509,0.47245909052977064
F113624,0.5177579326734424
F114772,0.4755846268943061
F110692,0.5050146033557196
F104192,0.5134157062009377
F113629,0.4849391583458084
F102074,0.4746058679435959
F121676,0.4837291678936779
F111755,0.4994551906615022
F114514,0.49851918009405133
F120982,0.48865800516744073
F112752,0.5218494843440235
F120043,0.4684021671078981
F108265,0.46387287987981574
F124681,0.42867806196952585
F108606,0.4630692178105756
F112858,0.4790615545978744
F121092,0.5139863630640489
F101178,0.45875217251354355
F107149,0.4472617024342256
F104620,0.4692484693034069
F108318,0.5035228639621664
F107654,0.4337900695144574
F124896,0.480339475875888
F116837,0.44088332631286753
F117222,0.4625406617672693
F120007,0.49799923873682067
F102435,0.4527145600063388
F123038,0.5059304941653958
F116970,0.5084630048897306
F113000,0.48951181764768315
F108487,0.48300692828737835
F120673,0.45122503093176675
F120239,0.5504299867358866
F117180,0.5109623807263234
F122650,0.5001238046951444
F106958,0.5089387595710935
F114174,0.4584755529286901
F121865,0.4578942695054276
F117237,0.48219434100514563
F106635,0.48434221645346576
F124182,0.47115232152553965
F120917,0.49311402393246667
F110858,0.47867202545657983
F119426,0.46769595869325087
F110089,0.5017527827010962
F122620,0.47073199911441205
F101935,0.5171935473004978
F104613,0.5182338182981266
F102298,0.4983411991284719
F120586,0.4799132205462022
F100046,0.4708044297393301
F100068,0.4636165312395341
F102329,0.4703557156620146
F105785,0.5326431551519905
F112586,0.4698954299423432
F105272,0.4652402474289225
F121977,0.490181015821033
F120410,0.4788828285567284
F115283,0.5303308456898073
F108848,0.4875964268779046
F115528,0.46357874941515803
F108267,0.47341210884379376
F112105,0.4723274117752061
F101488,0.476774680599112
F114547,0.510676255025652
F102462,0.5144712985633754
F102570,0.5081016618616767
F101198,0.4517415591350826
F121192,0.4394487738457957
F117306,0.4923721190456241
F117285,0.47326242013639597
F107695,0.4751844301231925
F124003,0.4485102467543179
F123512,0.49650230265550654
F118443,0.48647120994309484
F124277,0.5178355286489723
F112461,0.5023471752777927
F110384,0.5055258616113202
F114740,0.4700972786136609
F113960,0.4603886654437971
F103179,0.47486797688782023
F117723,0.5063834056465591
F120387,0.48241349002578443
F100111,0.5135934696543654
F112568,0.4771030099968841
F107646,0.527485128153046
F106897,0.4686030885520646
F100238,0.44362040574864614
F103622,0.4664304050927136
F111812,0.47346378433389075
F103416,0.47774013669129617
F123299,0.4976304892718474
F107544,0.46292387439139887
F110978,0.5060326726909571
F106090,0.46143368227921133
F108764,0.48194116634462253
F100397,0.49230738017049985
F116463,0.5052376317579558
F116126,0.4972394489811011
F120209,0.4191061921987901
F123346,0.4978482403472497
F101739,0.5236796413237103
F108434,0.4821687485902436
F115005,0.4873953674803532
F123862,0.45136291881029056
F124180,0.5320811074089788
F124448,0.46931291603854
F114337,0.4813333120471437
F103674,0.4526919915701671
F108345,0.4827927293354548
F115688,0.5176488235424777
F110266,0.48190004674234604
F100735,0.49345036322092956
F116776,0.5016289339309912
F117603,0.4748426047126503
F109916,0.4669957218081094
F105859,0.4809904595559505
F120267,0.5281960241836847
F100041,0.4552835774806753
F114112,0.5010369788788885
F122517,0.4919167141787607
F109629,0.46690990622593054
F112903,0.4454058287549532
F108998,0.47057295729211396
F108069,0.4083030424918517
F116501,0.4805227077730014
F105122,0.47682625848172455
F112860,0.46001566733168475
F118610,0.4968080455065087
F105353,0.44937752369623357
F123045,0.4484482405017198
F107278,0.4729932279566614
F100318,0.49480604081423224
F109681,0.48835416063376674
F101889,0.47921572462202094
F100483,0.4860134524940814
F118673,0.47879597990010436
F116600,0.4418239908398103
F116252,0.47305380744754116
F112777,0.43105296752927724
F115402,0.46919601816500306
F113566,0.5118778289328926
F119293,0.5086210237114664
F110165,0.49673959678857166
F103713,0.5263705473431846
F105509,0.48029550121790093
F120449,0.46153025914941653
F120972,0.5214497078595837
F104940,0.4553703617978482
F124352,0.4923463019218633
F119526,0.4821238457296337
F106770,0.46415442791445943
F104770,0.4718499016075487
F109952,0.4892713723657765
F116873,0.5131042147420904
F101875,0.49337719415748127
F111046,0.4992610689287946
F117438,0.48618662558789416
F106212,0.5246429531958791
F109351,0.44171030396930117
F110387,0.5024269475195153
F108809,0.5024906520229786
F119580,0.45237652194803535
F114125,0.48691203216092943
F112232,0.5284948980197841
F113903,0.4963248193316943
F120591,0.4977559743635424
F114403,0.5157990296473991
F105295,0.492314247677723
F112464,0.49995383001529264
F117381,0.47848888233920694
F110755,0.48754306199906283
F118218,0.5395723759984882
F113302,0.45396744159674296
F106722,0.4739861875881151
F124082,0.47360151420685836
F113021,0.5350957238782824
F102532,0.4827757450829706
F121063,0.488198069677869
F101080,0.5128531422064783
F104395,0.500873117720206
F103376,0.4292441167605551
F110041,0.4817346838130905
F111916,0.4675650353511891
F116200,0.4923986730114095
F103431,0.4622195805715407
F118538,0.446214204321868
F123514,0.5084520878381333
F104533,0.4383635597540778
F103570,0.5032147386208605
F109084,0.4814576200179956
F114609,0.5221512526548545
F108504,0.47669657237273033
F116434,0.5050921280499702
F108227,0.4895915128262154
F100127,0.5238160101454558
F101259,0.4734793951213904
F107802,0.4895833223362268
F123662,0.5265168295995997
F123505,0.4636056751707962
F103341,0.4755163390033287
F101878,0.43165148654936353
F122335,0.514451824644791
F114926,0.47165786176967744
F112749,0.45176679240952944
F120743,0.5169547391385215
F102372,0.4601982019606853
F120013,0.5134201182481775
F102001,0.459108466520675
F100244,0.5014520612937368
F113693,0.451565871776596
F115722,0.43191418385482044
F101725,0.5174825393787844
F114785,0.4720381456630889
F124588,0.46625630799448664
F118819,0.4847435212144063
F103671,0.5004897719316584
F111594,0.5094701771389635
F124455,0.5169789160604408
F121918,0.4673987541007154
F122591,0.49129980357761144
F113369,0.4743948446514574
F118722,0.4799276282985484
F116016,0.4755770730681529
F113935,0.4895521057663578
F109356,0.4804590315311213
F111987,0.5124003833366801
F110258,0.47653030097883897
F107097,0.4682191500531207
F112730,0.4922539359657815
F103556,0.43956268089872924
F123019,0.4905841722524929
F110793,0.4684318552947109
F103710,0.4978844413026937
F118667,0.5137765821343121
F108881,0.47854075953819275
F100493,0.4652485843837087
F103069,0.4790944244891952
F121785,0.4983667492335172
F113336,0.5008976250689704
F114546,0.5018391220167284
F105586,0.42146148134499734
F104295,0.46438413775490767
F102582,0.47718175801375556
F109445,0.4753190619914389
F103267,0.4532847764843514
F107720,0.41237834978384563
F120164,0.4748544510267569
F113248,0.5010199497595543
F122136,0.5356093745190497
F107342,0.49738850162439213
F124093,0.49329859316900565
F113243,0.5374695387248016
F120506,0.4386311561434875
F102954,0.468259735204482
F112163,0.4940239629660271
F115510,0.46692112266109326
F118183,0.48562624845679975
F121201,0.44110007292926623
F101329,0.5046828548136798
F100788,0.43710381304207635
F119650,0.5307565833516367
F102550,0.5167495700035287
F107739,0.46716261355589506
F114153,0.4705494994802041
F109546,0.5142813353263883
F117778,0.5081298758843791
F103118,0.49416974928769
F111196,0.44988638163964045
F122656,0.44325077947393426
F115843,0.5327035913543556
F124569,0.5124812355534734
F108409,0.4744465205844366
F124571,0.4819626578484449
F114093,0.4756463618039557
F103005,0.46023292065499943
F110783,0.4693072150976427
F110012,0.5085820729651666
F113210,0.45215127694882906
F105146,0.4677518271488659
F105652,0.5104777976067847
F111864,0.503562504437132
F121625,0.4468239791589283
F108092,0.45627327308788246
F119396,0.4599532321754785
F107290,0.49936879909503307
F109707,0.46669318272148025
F103049,0.45503104310972065
F118042,0.5165677074842367
F121709,0.5057890866196001
F122875,0.4812300543227364
F115222,0.41415502367045376
F124603,0.5063685041912287
F115790,0.41693362483635094
F115559,0.44051864441544947
F122931,0.4791105599774914
F123003,0.4824292402694688
F120315,0.4641605884798399
F106856,0.4920963716091069
F105944,0.4688506426272803
F119016,0.5049150513023797
F120432,0.4388321971613202
F103390,0.481460432227775
F123832,0.4700927846707528
F104267,0.4938673808925657
F124155,0.4809230842545422
F122499,0.48281806433571445
F112590,0.4472563473479105
F108794,0.4923275353224629
F117884,0.5030448572727106
F101414,0.4696872632918418
F124838,0.48106878592655505
F120618,0.49514028080880584
F114940,0.4595812532536303
F116288,0.4582829742316666
F104706,0.4720021364947654
F119711,0.4771607318827017
F121160,0.49131683732716847
F119881,0.5245089926294213
F110371,0.4955737288013275
F110281,0.46645991399482817
F121284,0.4713524780991897
F114100,0.4742916600131865
F120596,0.46562089062628786
F109962,0.5015169086740678
F102036,0.48100521709699545
F113259,0.4851428205390892
F112953,0.4573962365050418
F118878,0.4750023876829022
F108423,0.4608630348033617
F106936,0.4908483850539527
F100189,0.5001273809185308
F123756,0.5044297004124163
F124602,0.5091531903769113
F106319,0.4961079367152784
F110584,0.48809173215758783
F118770,0.44789673327328067
F101006,0.48630017237018996
F107568,0.5151792219174121
F124706,0.48116051108229896
F106804,0.4647501695894087
F117933,0.4320101029446695
F122431,0.47863658501296263
F123497,0.4872206836586552
F113675,0.47755849175837894
F119945,0.46285155969145353
F116032,0.46507756539142026
F121432,0.45872147197714075
F103034,0.49219532407668537
F102413,0.4637104011805646
F123265,0.4841345243512089
F115676,0.5030333305423949
F118594,0.5093070495854206
F124788,0.5033543176766512
F117485,0.47239583994311346
F102109,0.49787254756992994
F105283,0.47320398853423784
F105569,0.4691984416690448
F123605,0.5269862322167154
F122857,0.48973494835412745
F118086,0.5035859999010023
F106134,0.4837993666959496
F103631,0.4751204239512512
F112675,0.5085071799126345
F116646,0.45535833116488267
F115298,0.46042655214062156
F115971,0.47872217846334947
F120695,0.46490305764596124
F101541,0.45872269596528387
F104516,0.4636400063274082
F124852,0.4915317208330736
F117490,0.48981813732733415
F123294,0.48603506074613906
F116042,0.4861893625661764
F115598,0.48370035633948966
F124606,0.47313811895826335
F123131,0.5019119764827565
F114418,0.4704409516168859
F102839,0.4728310082131664
F121594,0.5029754051052968
F112979,0.4819796235199302
F122535,0.48308546674344444
F122674,0.47410968659691266
F105220,0.43859590793807063
F105256,0.4827264425053792
F122730,0.497961273514212
F108822,0.4358531887069208
F111793,0.4585025243899577
F123812,0.5244053179862427
F118476,0.4454800586784673
F120551,0.49508240268723697
F121677,0.4653127824986464
F123876,0.4947125446178427
F121835,0.4855345222378769
F100352,0.4669492649819232
F107783,0.4993655521088711
F119602,0.5295808579899449
F111614,0.45962606106557463
F112908,0.47559364090009526
F121458,0.4192424584944418
F116574,0.4566530861886859
F122101,0.49137704738219373
F110102,0.4670974299024447
F113364,0.4858830840476792
F119090,0.5065815332520415
F117669,0.480856024760314
F107548,0.5188589465326717
F111353,0.44796857053310746
F107793,0.4747361113074189
F109456,0.4739132930284514
F119190,0.5068481141614601
F100871,0.4729449632848164
F124789,0.4693074337319953
F122820,0.47065557378160267
F116446,0.4791771137284112
F101547,0.4791887578850814
F121456,0.4729362117576654
F108139,0.5187122213294482
F102688,0.46854173592067877
F100211,0.47374955093043164
F120738,0.47202767230349263
F109492,0.5275413868799576
F105571,0.5286735604036971
F113667,0.4962157121406218
F109585,0.46977145396024594
F114159,0.47136883361455945
F115270,0.49399183115643974
F117514,0.495770682121219
F114057,0.49429287083360185
F111332,0.5371551279351227
F114967,0.5468404166914228
F122004,0.45476478915412666
F108552,0.4442856052412532
F101761,0.502258450380512
F119131,0.5098458768272816
F102445,0.5166991121123268
F110385,0.48746563202280807
F123025,0.4872861160720619
F103895,0.49974553126729465
F100394,0.4859015381639503
F123103,0.4753629478780475
F124655,0.4723232324041405
F106034,0.49753344017407813
F109975,0.47866965227417935
F100749,0.5060466034856439
F124485,0.4992547155876849
F121707,0.47939882758878133
F101121,0.5113252256057337
F105246,0.4694242371388567
F102499,0.48242550870540213
F102212,0.48301492817011876
F115575,0.49988308579134105
F113552,0.4797076393420064
F105535,0.4783305477481912
F113396,0.47965746095163525
F101324,0.47838863305037854
F120553,0.5008717680902859
F104704,0.5126663175314113
F121960,0.45470548171536146
F112070,0.499945429352496
F121825,0.49069746638043166
F121673,0.4254423134201316
F103434,0.4615801429185861
F105296,0.4560519961805669
F122516,0.4649257705610136
F100670,0.4746267495520826
F104567,0.47274030172813863
F108055,0.46765703928178987
F106746,0.48372193826171356
F100150,0.46671929634644505
F116429,0.4570046339588902
F111914,0.45238739100961445
F101880,0.46030372445174667
F110294,0.49901937526720747
F106303,0.4816300025007231
F122586,0.4636921009017031
F102804,0.49472157061724187
F104494,0.45011250721933727
F117225,0.5012764343009615
F104177,0.508862520233823
F107056,0.49282253126853903
F100299,0.42864668611116397
F112302,0.4492498505635317
F114859,0.444916856249688
F121982,0.5206058974715903
F116403,0.5003963082895189
F119557,0.5176467591254296
F104582,0.4827124455998842
F102354,0.44142633601092324
F122838,0.4849951729649599
F105431,0.4565080943033202
F123713,0.5038083426932468
F106613,0.48761724234954484
F105958,0.45278453793606294
F101181,0.5139335205593923
F104204,0.48363395490240335
F105710,0.4788455306243143
F107665,0.4900627242457728
F124567,0.4652019273074328
F123109,0.4986074326437343
F103918,0.45170402125636705
F124696,0.4388040748487522
F117096,0.4804968151725388
F105187,0.4820054803639773
F122220,0.47473793991516733
F114107,0.4743718174816464
F112136,0.49289983707313845
F118032,0.46628483507729185
F109142,0.46365097008508227
F106222,0.45705321621879036
F106298,0.469313583667303
F101655,0.5215846924534437
F108665,0.4649162743006398
F104263,0.5308568598631095
F123869,0.5007791204645412
F124312,0.48424636322669934
F120942,0.42126025325069716
F107799,0.4642216287063612
F105173,0.4902409072368418
F119324,0.4639798124157768
F120332,0.5158578349913856
F114902,0.4833892332283724
F105902,0.4871109346582053
F101001,0.4412297556272402
F111473,0.48114307623982494
F110267,0.47256418646671855
F102348,0.46595302810313294
F118913,0.4841191659575318
F116563,0.47807922345115295
F110458,0.49932934221573244
F110179,0.4945943611812603
F108014,0.5232812803404301
F102159,0.4659763940252761
F118487,0.4765668321610246
F114608,0.5217189104253696
F110313,0.4718025854731347
F124704,0.44245242657162076
F102057,0.47670670707330404
F100241,0.4569194870613776
F121196,0.49562565577804774
F107331,0.5841096915544238
F116932,0.5070910811108377
F113258,0.5115142930778995
F109453,0.4757861835895287
F110831,0.47787736878208015
F116694,0.526713620776737
F100843,0.46161401263904833
F104817,0.49016232077561983
F103448,0.4602819279126608
F109161,0.5015185831833371
F112255,0.48841720647681147
F118347,0.5117800222690041
F108525,0.5044144673097566
F121777,0.5096895996617368
F110202,0.4849667923135341
F122209,0.4222377456547209
F119286,0.4779781020977452
F110827,0.49237254448433126
F105330,0.4712479448399549
F106960,0.46018983740358427
F116733,0.474739616504531
F114348,0.49584415330384674
F109408,0.4814708880438395
F109497,0.47199588576595836
F105552,0.47374211207666955
F109376,0.49840616547452543
F115208,0.47737156831583166
F103353,0.4939563242697879
F104806,0.47517180585815677
F103276,0.5308615451764553
F117153,0.4934619534071197
F109447,0.4858168735729096
F117572,0.4749887959643275
F120533,0.4464499303605378
F102829,0.4718202298545032
F123721,0.47283756416463824
F117607,0.5313366712543538
F121646,0.4805827512718701
F108865,0.4821603032917576
F118222,0.4797426446791621
F116585,0.49815140297898275
F100804,0.4689796827549994
F109867,0.4681345944478947
F104274,0.45793446068610666
F122752,0.527442819980116
F108635,0.4698958211476601
F115699,0.4534898453356582
F109846,0.43746419559550387
F103151,0.47570228064146225
F121216,0.49305649328279355
F100833,0.485800477878109
F103664,0.4545772260156173
F114986,0.4746463756272419
F106330,0.4936387029523415
F112616,0.44044792553312356
F117516,0.44286211234637196
F103206,0.42181412218587944
F102168,0.45899254853076565
F119550,0.4564781761118804
F117544,0.4897441230873962
F111964,0.4340162124699733
F108758,0.4514540338597963
F122380,0.46935094633182267
F108388,0.509061674108147
F105221,0.4477222736137621
F112011,0.48489260840528164
F122060,0.5005749086781317
F119625,0.47824708145999295
F116159,0.47985511355461147
F118197,0.5290552826258704
F122855,0.4738119968865048
F103280,0.45697230686794954
F123066,0.4859089590467846
F114489,0.5108057018032478
F113341,0.4843045888562142
F123104,0.44103364460016437
F121913,0.5290239636711467
F116967,0.48980544515545565
F117692,0.49790962131471955
F114449,0.546428647020825
F114917,0.45465551255825554
F106626,0.5312742149267745
F105752,0.4713983940364366
F110180,0.45717597332434967
F122579,0.49603133172134894
F104771,0.43770576025644614
F122049,0.5371024506226632
F121834,0.5116128706159601
F105643,0.4609995063096983
F103538,0.44435205416442947
F104641,0.4275739431134
F105709,0.5093920528737611
F103610,0.463670550849666
F120886,0.46477159021738923
F114229,0.5138338100086979
F124875,0.4745384250933205
F110680,0.5338098642466682
F101671,0.48009222520245426
F112428,0.4809992511574125
F102048,0.5060173222116602
F121862,0.5053584052875281
F106191,0.5244059949008438
F104268,0.5026395151299365
F121265,0.4660419993498632
F110088,0.46974634539831467
F116110,0.5043769341165351
F124891,0.47988364014887164
F110683,0.5214036188355604
F100801,0.4435093606152325
F104725,0.462292064207947
F105176,0.4351404058232235
F108128,0.4944777486563898
F120237,0.45929137574766793
F100023,0.494573895252024
F110705,0.4865404520847542
F115600,0.46799544234328055
F124518,0.4632689346458849
F120303,0.46711910901681264
F123287,0.4961133798856078
F120924,0.518954400859892
F109199,0.4591267124445727
F102014,0.4913286390721153
F105763,0.43647058446667475
F105638,0.43721834807520993
F112786,0.4899373268718203
F120516,0.49835725533638314
F107868,0.47650447357028775
F115045,0.46680468809438214
F103465,0.47518653275844425
F115988,0.5132932720759134
F100205,0.50027049103259
F113413,0.47271186532825293
F113198,0.46084079410891626
F101460,0.48803660100054125
F106150,0.5179068338799633
F110552,0.48051461249255
F114387,0.4324392285077849
F116026,0.49503257353690655
F100626,0.5311355886966855
F123500,0.49564370820539716
F103668,0.4868191539843889
F101415,0.5050807541378385
F118214,0.48630793052290106
F116914,0.4655614214970709
F111586,0.44562761978886684
F101520,0.4627749202575284
F113776,0.5118136404121365
F100242,0.4747790620391858
F121541,0.5369836888417328
F114306,0.4632188627062792
F104640,0.49527109943285386
F115144,0.49429632423287784
F117476,0.44350168960497777
F119201,0.4431780056295447
F119942,0.4642742105443604
F121040,0.47359939065609225
F106973,0.45702325877873207
F118779,0.48195693601640127
F122201,0.4916921336650427
F116886,0.4743997500317853
F102466,0.5152571206808877
F102121,0.4522630687183258
F108853,0.4883111810736795
F117553,0.4627757085763796
F104284,0.485102091945638
F116616,0.451887690459006
F117409,0.502164094956938
F111888,0.500576832684514
F106624,0.46520631911532156
F120501,0.4609181560643826
F101295,0.4846160385205873
F124986,0.4529026013278347
F109667,0.4809660811701171
F124245,0.47680529742275773
F102754,0.5116937900288285
F118902,0.44110833275578387
F100537,0.5043868343523477
F114802,0.5074136003916573
F124943,0.4935211533815968
F107886,0.5027084701600689
F122870,0.45726724034926913
F112378,0.48125119526160776
F100221,0.4406873496388401
F113208,0.4879628287705803
F104351,0.474442253769244
F115314,0.47599382639808563
F117939,0.5144180530853961
F109436,0.485561496440911
F116634,0.48247950861219674
F115383,0.45050113555223736
F107327,0.47305678849184596
F108158,0.4876320364967992
F114614,0.5049155316170943
F123110,0.4568551866757997
F108691,0.5199338172000334
F107857,0.5023092235097246
F107919,0.49027341485443815
F115243,0.5432088113767584
F123530,0.5176748883201827
F103297,0.4891574562968651
F108000,0.4980925680676355
F100174,0.4889658541553009
F110677,0.4955500818545455
F123806,0.4878965632111864
F104614,0.4602781690395411
F106828,0.46012337065254433
F118335,0.48520171028687253
F116127,0.4804982759129292
F106574,0.479542345915479
F114778,0.4649564294138835
F122104,0.4996327375210743
F111475,0.46992015448381097
F104444,0.5324815031523193
F116934,0.5044062589455641
F122685,0.42688774848886313
F106771,0.4909134379707013
F114030,0.5051666780166238
F114040,0.5027516607442193
F123008,0.48737070211673245
F117483,0.4615407136916721
F123134,0.49959548221177824
F109641,0.48890220614497204
F100021,0.45135633137569425
F102331,0.48119105092591846
F110192,0.4914070166420769
F112160,0.4900612456863384
F114617,0.4554036586781571
F101262,0.49466356979200504
F102042,0.4912193826306212
F114016,0.513024395887089
F105974,0.4420784406772361
F121644,0.5007314647799711
F115526,0.4672074801420004
F120734,0.5007980896494062
F119489,0.4690711798137162
F108299,0.4880756095039338
F124615,0.4623442794360459
F102652,0.4610122820145301
F117699,0.47497877553412327
F118761,0.4612099914282252
F123637,0.4446535546198611
F108355,0.4800949028217125
F100950,0.4661898160166327
F116741,0.49893112469568324
F112787,0.48009125996199825
F109995,0.46654559113288396
F113120,0.46726945418673005
F106926,0.4822907370479108
F119874,0.5130216025200396
F117045,0.47550064551966814
F107271,0.5173666053869299
F100737,0.465123914678212
F115949,0.4637329571868721
F100611,0.5074971365417121
F111171,0.5000200739202317
F110406,0.4730716074428979
F117598,0.456588520829252
F102524,0.4640051150597538
F114340,0.4629608850364456
F106448,0.47965570913947236
F115408,0.49524416348483796
F112179,0.4781793421633706
F121369,0.48661648896751314
F110713,0.4729696149228646
F102955,0.4614300583692413
F105074,0.45744862778410755
F117019,0.45710602458099014
F101572,0.47856432881834965
F117916,0.47714779575573657
F120541,0.47332909260688527
F116099,0.4946266073582824
F115933,0.47456291877883827
F104099,0.4524735479414081
F111550,0.5217072742026435
F116738,0.4268744195980083
F114550,0.4840790700292431
F120782,0.5077299788397861
F109113,0.47607588237576637
F123023,0.4868856829224444
F107213,0.5012076855345883
F123540,0.4813226787933089
F113169,0.4651895319511768
F105377,0.46222914412118293
F107084,0.47907259008853775
F103456,0.5268085385687014
F103227,0.492783794391182
F120513,0.5114628935443766
F100015,0.48832249035178465
F122876,0.5054690983822201
F116229,0.48803830032986906
F119012,0.5019515078562996
F112286,0.481340476925154
F107104,0.45128686576042715
F101822,0.4875319209316084
F109747,0.5032594173694356
F101029,0.4387660934550808
F115060,0.5214723430869295
F117560,0.436616340051925
F119779,0.4362807161973834
F104595,0.49411238240472877
F114554,0.4741168027445744
F101801,0.4570862298096426
F117575,0.4879215460376251
F112592,0.47459793247196297
F118845,0.4818593437943301
F102220,0.4466905108823905
F124831,0.49459476733166907
F119264,0.4645478384340069
F122355,0.5071304343394489
F108102,0.46241295696112467
F120918,0.4605099716206675
F123443,0.5011203094362409
F106225,0.5035938916835261
F104738,0.4966422225333015
F114417,0.4805550967598888
F121976,0.4939184647300341
F106774,0.5433234177881803
F104638,0.4834044966760581
F119039,0.47646527477076195
F111484,0.47896105981586623
F110971,0.4951916898155049
F117772,0.4758882101237773
F122712,0.47826165565313306
F108402,0.47092895008537344
F100396,0.500323940258664
F101740,0.49311654593786447
F103705,0.4701233547424468
F111554,0.44138268417668386
F106067,0.4865914073076938
F100543,0.45178357688632403
F113299,0.4972664473027406
F124487,0.47996479500896255
F103540,0.4659860237576717
F104227,0.4837098091323262
F124262,0.45126127667054333
F106168,0.4632533356298294
F121499,0.47881263484467645
F107348,0.47964660683800836
F115613,0.4868188502812343
F100972,0.4944683531489243
F114882,0.4416003755117091
F101137,0.4815212016211668
F106247,0.5009951846333232
F113304,0.47261127191922686
F123030,0.4771195072588655
F105610,0.5014705102716995
F112978,0.5089808417610462
F116077,0.5064950409017849
F118456,0.4785833317934906
F103194,0.48652670199353626
F115574,0.5044074274472057
F112544,0.48731274674900277
F119809,0.47711909759565024
F114611,0.5076791634038197
F108134,0.4927254441504454
F100329,0.449991248378219
F108247,0.46218769239360774
F123227,0.5146134242514482
F121253,0.5064430361771769
F104626,0.4645984363653257
F124350,0.45874961291679156
F113339,0.5101644168770215
F102915,0.5089794469821153
F114654,0.43307409250634976
F105273,0.43065156346593486
F100033,0.462636785128428
F102742,0.47062798141105244
F120354,0.471063951698528
F124715,0.5119384942689449
F110031,0.5032480446024462
F107906,0.46537003745578587
F120793,0.49074317852751376
F111450,0.453247529620519
F118964,0.47022974434469667
F114254,0.46271974375420216
F106058,0.4371860794661646
F120668,0.4819150253922005
F120913,0.43401070775486256
F117160,0.4848814879240645
F106648,0.5203119509362607
F116726,0.5171686835663416
F124577,0.4644702306130533
F111525,0.4563119329365316
F112745,0.5079839584193628
F119702,0.4793688464941972
F102116,0.44777591683024653
F108772,0.49514569028274924
F107424,0.5502775132013907
F103479,0.5046882921258433
F123149,0.4984017647682583
F111072,0.4797996655577325
F122097,0.49965449478693136
F114087,0.495596953804162
F104809,0.514438974909133
F114098,0.4237365973956511
F116880,0.5298339634839984
F100450,0.47434602969507267
F119057,0.49286939043187045
F103666,0.41521083857235425
F120106,0.45963565506307436
F106571,0.4665456527301651
F103970,0.47875718072727336
F123969,0.5062725336992708
F111255,0.5051951841995771
F103344,0.5142247796922951
F119143,0.49942635792812445
F116577,0.42612130655520314
F114734,0.5036408721771842
F111250,0.44963419029598506
F115135,0.4868959111647639
F117362,0.4897718161535622
F122260,0.49013531195425086
F121277,0.5173464932476054
F114783,0.5028089800030053
F118109,0.48647580402187496
F100387,0.4740346957019227
F116031,0.4492352968456488
F109014,0.4878132843801301
F117456,0.4934338848933862
F113480,0.5206485720808213
F110667,0.5044812800838897
F101209,0.49156450227955784
F117971,0.5000752918073961
F112292,0.4720486723933021
F117732,0.49917513551814935
F120448,0.4507248664008976
F119957,0.4612425872513918
F102918,0.4828811504958566
F122528,0.48180677255505217
F106419,0.5019056534270303
F106697,0.473543715156789
F109567,0.49365619087919926
F104619,0.4839230054770265
F102647,0.46786911820217414
F123916,0.5036491355905516
F109131,0.504677262103382
F108962,0.49194174005130414
F104775,0.5124804052177447
F110756,0.4633022429027146
F113157,0.44471293019124647
F102997,0.4740071620340397
F110631,0.4777980010830788
F115863,0.48734121248561185
F118447,0.44401094909910993
F121168,0.4977636561024551
F111636,0.4602546958911656
F117868,0.5129825760002573
F111859,0.4759750048377086
F109735,0.5124861692029127
F105767,0.54107617495951
F117143,0.49119528224893644
F116763,0.4813363495304548
F106437,0.4970122177774301
F102046,0.4774820755114256
F107609,0.4726096898101374
F110945,0.4783169192855183
F105453,0.47210208560763267
F105821,0.49617468908044654
F116964,0.44427746219293
F119609,0.49503754746096923
F120583,0.4588136179529391
F106125,0.48612619269007423
F123144,0.5124701423013716
F119423,0.5229926194013104
F100607,0.44112313448868357
F116199,0.47374593619541455
F101866,0.5046552271943963
F104493,0.4840489304912054
F116889,0.4801789873984915
F109869,0.44622931596640275
F112334,0.5077172782250724
F119889,0.45481367601851797
F122065,0.45336248207290025
F100180,0.4391211559574797
F115350,0.4610965849178044
F109477,0.4880116133078232
F107499,0.4722690899303397
F105684,0.4912451408983429
F100048,0.4683429468371711
F113232,0.4801521846974263
F108315,0.4934850954832347
F118372,0.5001238207704543
F110926,0.4815173154610815
F118041,0.49948546167133884
F104956,0.5307321898531943
F122913,0.46663280380190947
F116989,0.45795427298069424
F111260,0.44112614273077305
F105667,0.44006903066757835
F100714,0.459257749820735
F122146,0.4730902045172807
F119385,0.498451265728981
F103670,0.48275081370546974
F111921,0.43175811219306376
F107414,0.45438263082448804
F110289,0.5069023135972958
F104935,0.48895214754176897
F115644,0.44046729122465716
F118561,0.4650267155371086
F100682,0.46694507917469835
F119620,0.4750804496698035
F102396,0.5393185853569007
F100888,0.46276816111744234
F124987,0.46222761115806266
F123840,0.5130479815817139
F120103,0.48590118928464165
F102143,0.46691164048586076
F112685,0.48790015087663835
F101695,0.5009882207261851
F111547,0.476039442837501
F106878,0.44756768066377756
F105463,0.46220059678548975
F109522,0.46137892954125165
F111452,0.45499803364258506
F111170,0.4748239906438242
F114262,0.4630446897271138
F120833,0.47817064572406026
F102365,0.47795814035465406
F121002,0.46219588040158344
F109692,0.44911368302402094
F105334,0.5031229491615172
F106531,0.46234078902671905
F109518,0.5160462808757255
F120188,0.479765282423555
F122584,0.49226976262210426
F115206,0.49698341428147036
F107333,0.4421109435092408
F116085,0.47622294944199234
F121053,0.4978341961087512
F120289,0.5116497847167798
F102184,0.4608108525863452
F114959,0.4809166061811824
F110254,0.5057368444340293
F105043,0.5009939064318693
F119184,0.5313501765365282
F109940,0.45970530301571116
F108876,0.4712674885903687
F122769,0.5144319312725584
F123482,0.4761455576072819
F120725,0.4648336403339354
F106669,0.4792459305653754
F116794,0.509748550069462
F104178,0.4594995596664753
F105928,0.4777671076473232
F115701,0.4663931272973053
F108235,0.4501122461774304
F116928,0.48292364807590266
F118749,0.5041829080357796
F121008,0.4700177914883454
F103694,0.46336941239207047
F114240,0.5114109255571506
F120027,0.5230456117894089
F124782,0.4915837762119959
F116378,0.4578236454110094
F105209,0.4774021941445657
F112018,0.5116333498928706
F106250,0.5402586885280781
F109953,0.4489040653255557
F101543,0.42656191454402903
F121509,0.5275283333845157
F105628,0.4661425012523135
F115546,0.4851384074345039
F100704,0.5015798080742041
F110368,0.4875066739420258
F121528,0.48471553687599234
F101100,0.4882703752607997
F112525,0.4563443291672575
F121356,0.5033331035563449
F115951,0.4911730739406458
F107795,0.4358303263811142
F108817,0.538379056907241
F111387,0.48005017866105026
F117804,0.48409121237318653
F110936,0.5269486089732973
F114004,0.462257456417276
F107270,0.48345573575882417
F119956,0.5477131563143105
F111828,0.45971770774246545
F107203,0.4654659613024979
F116496,0.4948047128730993
F119361,0.45740249658247406
F115552,0.4944072284566208
F113702,0.48291313386731755
F111225,0.4144746406927072
F116943,0.4921796915797551
F111429,0.49601705233179944
F113806,0.4758528424430694
F123307,0.4730839453450124
F119728,0.5058448616467967
F103180,0.43696760035054805
F108160,0.5347248330443615
F119338,0.4875624142097827
F105024,0.5232932920656445
F100983,0.4748702178287153
F118064,0.4440929737698059
F108152,0.4693892338546955
F102301,0.46932189656602724
F107420,0.49605978764828546
F112453,0.48285500182859203
F121252,0.48325259328225295
F103182,0.5220648844106326
F102746,0.4489721077355398
F110087,0.4586939463487768
F106141,0.4729914841136124
F107022,0.4393252796366109
F103397,0.4879357531389244
F118137,0.48251448357662297
F122022,0.5088391386888045
F116906,0.5070442146973899
F123841,0.44903785575652355
F100930,0.5594584726257671
F119076,0.4429892804010621
F120302,0.48291295142372587
F105583,0.4970753412651438
F100630,0.46467136831737427
F108776,0.5083158836847614
F119459,0.48254632643858536
F112620,0.4845434035164014
F108675,0.500496152356497
F115164,0.4585616761618092
F116255,0.4458816537208629
F108207,0.4931221669498284
F121915,0.4780377271339141
F122673,0.49523293993227135
F122512,0.493466423603862
F105207,0.5191457045270154
F112600,0.4561396545363615
F109251,0.5266240964057686
F124775,0.4906901021491464
F107159,0.5005611207817146
F114438,0.4623278289395178
F116936,0.4240036421446494
F109971,0.4861256280003461
F107529,0.4465200949478091
F105347,0.4784050488576989
F119872,0.4492461039784363
F124963,0.48674132372927575
F101527,0.4822608250254082
F123725,0.46147816964660415
F109802,0.4719010794200118
F105605,0.4782958225288244
F114987,0.4916739924465232
F120330,0.47878398228687963
F112090,0.45407082195116755
F106455,0.47593170713098326
F111162,0.47636091819110854
F113014,0.4783464920170522
F103680,0.4834738897463691
F115260,0.4416131445041321
F118706,0.48324664404119044
F108389,0.4668306187235478
F108743,0.4980371187298205
F120572,0.5170560870885803
F102141,0.4512059120373725
F102149,0.48355499639486615
F107157,0.4459185917324628
F106026,0.4792501130061285
F122189,0.5065220790403397
F102726,0.5084388489732403
F114612,0.4724356805832944
F104564,0.5086417684845129
F116599,0.474779664875504
F120026,0.49861829533325824
F114143,0.4850026482167653
F114824,0.4928764141079513
F108145,0.4595913932179283
F118207,0.48521074898036354
F120984,0.4779857048319895
F107103,0.499373484746253
F111360,0.5006505993041819
F109123,0.485709049608387
F103665,0.5186563510648974
F114115,0.45222531700327345
F120105,0.4927117051469382
F102511,0.48999111542580864
F119174,0.45977973007981987
F123222,0.5011009656552826
F102727,0.44564034040378536
F106054,0.545297833382076
F108133,0.4998706709872542
F102594,0.44331303841094843
F102784,0.4897150430658711
F102210,0.5281906315724296
F110644,0.4483687891424904
F108530,0.5020699525672705
F122155,0.5274049886549487
F122742,0.4706290068169037
F124974,0.5046111788658856
F115568,0.46875909461667653
F120682,0.44027362418077154
F116180,0.4751588159987421
F106255,0.44757690093232766
F121255,0.47996404001230475
F111424,0.4906799116816566
F114445,0.4945475719674537
F117142,0.4836031877144393
F119968,0.4739416913784471
F110742,0.4903840977996361
F116012,0.4878428419715926
F109110,0.46300673738787085
F116905,0.5269862408549032
F103635,0.4804400676742349
F101384,0.5268753142799835
F120545,0.47403381428957286
F124205,0.4203949968688821
F116805,0.5172554985228511
F118784,0.5193180624203025
F119155,0.5032913451808992
F118983,0.49377087597588054
F116295,0.4735179882489896
F118537,0.4359052264167565
F123906,0.4975834786013222
F121359,0.516065261896221
F123295,0.44309534720209226
F121403,0.47168275638805807
F105128,0.4880540733840746
F111939,0.44430698949740305
F107201,0.4647272350236583
F117098,0.42006584189501717
F124004,0.5031004173475596
F115084,0.5269759070289476
F104987,0.4898847432446335
F124186,0.48345092304954046
F124105,0.5199780204592837
F100614,0.5230063442497545
F115920,0.4706653768537429
F107100,0.5104692549896787
F104083,0.4986044419556219
F110329,0.46021602237287634
F113009,0.5057749485755979
F116174,0.48164410267469115
F103588,0.5187383119540755
F124689,0.47071694460835084
F104814,0.4997519715936252
F100589,0.5213575911021829
F104918,0.5000978438108165
F119414,0.5103145521228956
F113072,0.4800206418034124
F109966,0.4766961126079006
F102358,0.4459382505718587
F114326,0.442480157037259
F102052,0.5106805272930476
F121229,0.4390588210807241
F115500,0.4856447358022075
F117940,0.47822163681434077
F100940,0.5050820654846432
F105314,0.45831387714406613
F105479,0.5421454467245684
F115016,0.47978265003495196
F114400,0.49653424222616166
F118291,0.49650006392122675
F112755,0.4904559360954058
F113345,0.4477254421333204
F111589,0.4699463798783562
F112817,0.4844551592837003
F115899,0.4376495331681116
F122372,0.4806593235210502
F107231,0.46005990405195996
F121736,0.4686629912926764
F103552,0.4982926726344683
F102797,0.4564746391156373
F107172,0.5112969378778061
F121740,0.48956724541764407
F113209,0.5317291745522171
F120175,0.4837790707208702
F114435,0.4739151044827091
F122370,0.47130329456734127
F116097,0.47892972728936484
F101462,0.5071806562839358
F114465,0.4825054550407833
F107880,0.4967246556930079
F101812,0.5014511649243487
F114561,0.4445964153049185
F107367,0.48842523371372304
F115881,0.4793627719109016
F118184,0.5125931508505943
F118435,0.5120695545563916
F102307,0.46361568476897996
F110456,0.5237235155395341
F114310,0.4305682815031223
F104179,0.4281506767661396
F103967,0.4848434968647597
F104053,0.46651763890957076
F102255,0.452525342198556
F108364,0.4707589206020273
F109601,0.5106125466112864
F121027,0.5077270223095854
F117743,0.5015153190605287
F112974,0.46840159607023363
F102817,0.46395314411478744
F110737,0.5165901388458255
F118258,0.44979968249632624
F116592,0.4736648261519497
F104465,0.46314872578272964
F104411,0.45464462288872737
F113596,0.4823540595682866
F105423,0.5014383988219667
F110800,0.5092068667990681
F111584,0.46375794507572465
F110762,0.47006341919417644
F102313,0.43456382078823175
F102883,0.43802349838157256
F118260,0.5054284751214682
F105371,0.4802594791909239
F112383,0.4856842240977557
F111663,0.5019720523565946
F105549,0.4798521270722681
F102976,0.5163101598018021
F122624,0.5154670229190662
F108589,0.4854924903221605
F120051,0.49306572492410006
F121364,0.49033340791087926
F119616,0.4890556667812263
F110951,0.449833471789479
F113261,0.49769860418878165
F111331,0.49551413753646056
F124854,0.5287577675813218
F101161,0.49202622988771816
F113519,0.47815613282316843
F119417,0.475116982207923
F106192,0.45912755263344934
F124302,0.5414736390092444
F112169,0.5175558695246302
F118414,0.4871543091948121
F123504,0.4818235306391145
F115492,0.5127989299529788
F110027,0.4206474262059119
F122387,0.5273006376359868
F102191,0.44841101184594434
F111469,0.532005797652312
F107154,0.5040465849085132
F113256,0.45717770731476326
F109932,0.4488545534363375
F113897,0.4858430294410781
F110652,0.43506772409851097
F100218,0.4667581675232597
F105126,0.4750434506988446
F124361,0.46367008707944035
F111427,0.4659918414822492
F109730,0.5052556820747084
F119762,0.4966852219657039
F106408,0.49609968717365144
F103626,0.4534353730551275
F119134,0.49428620403588963
F110594,0.4862665290802656
F116242,0.494878304373774
F121193,0.48336362920099546
F118548,0.40987818528694037
F105835,0.498061930058272
F105554,0.5014804216095603
F109858,0.47835352487686394
F116096,0.4976309348461868
F105882,0.45634351649337923
F110250,0.5019001503867839
F103660,0.4642098640651389
F113137,0.48470060962243483
F116179,0.5120673524068313
F123870,0.46539028613918376
F102689,0.5134097207490937
F103467,0.48079277687594163
F110717,0.49745619336904323
F112042,0.45324061234516333
F123857,0.5328222115644162
F103893,0.5133333156310761
F116119,0.49618856487108515
F109816,0.47447556547701336
F108243,0.4255768732842809
F119586,0.4739577625579935
F108493,0.47494290373974085
F102503,0.49219208958434185
F101400,0.5127960854182794
F113180,0.5135609336837837
F110497,0.495753898619188
F121430,0.5137590378336361
F110788,0.4613362287773729
F107997,0.4429866815059747
F121538,0.4863022781954166
F103869,0.4356821353065885
F107074,0.4455352549263524
F111782,0.5143288421173253
F100715,0.47292808284610005
F118689,0.46559899543473865
F116342,0.44425746707331876
F102560,0.503971764131609
F112439,0.4981307919430043
F100383,0.4751376901489131
F109612,0.5010266428289333
F123239,0.4775376357938944
F103939,0.44128482157332577
F104109,0.4709075642524721
F121393,0.47043789996095337
F112802,0.4882643372727344
F109757,0.43475162028345443
F106243,0.460232036855172
F114576,0.5334035097672231
F120764,0.4633857606686012
F108968,0.4404080082064319
F122636,0.48836894634786265
F122776,0.4700147287086109
F106149,0.5222814246909336
F102986,0.5060872569705855
F109255,0.4404766885434159
