record_id,flood_risk_score
F104559,0.4735865843198077
F100765,0.44543754857249196
F107573,0.4880924081749787
F110345,0.5439834673828714
F118850,0.5025875872478671
F118228,0.49768180855479993
F107230,0.4712338607267064
F118529,0.42359091704830626
F100418,0.4796802683988899
F104883,0.520010494101873
F111040,0.518509703757051
F108454,0.4867388164287492
F110834,0.5704986551145893
F100969,0.46559593790262355
F109368,0.5022814012570092
F102545,0.4110854065245897
F122488,0.44036434413187053
F103894,0.48388041655629993
F105408,0.4877524051787175
F112579,0.49850969673588164
F103663,0.493544194942212
F120363,0.45328446084518903
F124722,0.45550368465184476
F116480,0.5148128749121924
F114951,0.48203010425603643
F100738,0.45530160545716414
F110536,0.4855920254097782
F122026,0.52178366869658
F105117,0.49699456018611265
F108958,0.5357155494601701
F116660,0.4002399503643162
F114422,0.4205400076342676
F120962,0.4619367676391019
F111174,0.47469778426035414
F113429,0.5527106844795421
F124188,0.507647199588133
F117761,0.46155232851808303
F118236,0.46171086993731536
F107714,0.42581992830282145
F118833,0.5427154699052017
F100761,0.42526734245777753
F120268,0.5509433763864066
F109138,0.4643167318996522
F124412,0.4728477136418131
F120691,0.4929054579349772
F124661,0.5051453141059584
F108890,0.48091022588622756
F121417,0.4592197137969565
F118138,0.4687150879227248
F121512,0.48396649052541596
F108954,0.5321362766856974
F113146,0.4625288665926875
F105087,0.5388781625388485
F121469,0.5244136377053455
F102542,0.45402747826886986
F100209,0.583038434938338
F124632,0.4037511601461194
F107038,0.4725215722741441
F100938,0.5324312528698427
F107925,0.48367561281979055
F105361,0.4709781375397903
F105697,0.5182917293405879
F115744,0.4583475471258393
F107426,0.451006312024949
F124172,0.4660373112599306
F104946,0.4821298265335428
F102095,0.49218041909958016
F123356,0.44142840219249285
F102650,0.4609853700642275
F106539,0.43838440788493016
F112891,0.4706570842592702
F108289,0.4804399302250633
F115077,0.4410709148843273
F122323,0.4549754442114255
F107204,0.4948423974223841
F113309,0.47709704097749334
F105741,0.5220368476529769
F113925,0.5024323587945229
F103318,0.492695565720934
F105950,0.4554644183013763
F119672,0.46283725984657986
F109242,0.5422979432869545
F122020,0.4356941498246218
F111466,0.450408799066131
F119578,0.5168597429005926
F104122,0.5395254931709629
F117075,0.5395826821561157
F119337,0.4773376082401233
F104315,0.47589815568259325
F115990,0.49650339671822863
F121530,0.44119140755586944
F107744,0.4658320775041714
F121368,0.5090875263451748
F104624,0.4469604577942228
F104063,0.5065791562274385
F104344,0.4913452254091768
F118253,0.5196757828957944
F103315,0.4511420473305683
F119431,0.5717543726268729
F112167,0.5142298795804621
F116395,0.4992061403418894
F107209,0.4010110741941672
F106831,0.47954871396710114
F110362,0.5105526424190071
F123715,0.49227531813164704
F114686,0.48095303311001975
F100236,0.4184618247640286
F105475,0.5012498167840745
F119724,0.4960677839223881
F121653,0.4998385666369794
F110182,0.43534634385467635
F124466,0.49330246887428153
F109994,0.5222066264881715
F101098,0.4396059657879048
F110819,0.48552488184888937
F124937,0.40770386330682684
F105167,0.5307677743455174
F109738,0.5244430296654439
F117504,0.516705762229367
F123201,0.5348440965644375
F104276,0.5148070642456023
F106674,0.4977220430187031
F102033,0.567633320161351
F114776,0.46233854773211747
F106675,0.5294880010975274
F107195,0.5289607045801751
F115966,0.4421563459122421
F110078,0.4682973041102799
F101644,0.5572613476465773
F100635,0.43920399433809554
F106895,0.4891110666270862
F115420,0.4948225242850171
F122657,0.5035707168426669
F121159,0.42844603083164695
F106498,0.5320757768086665
F123880,0.4350521416376005
F121738,0.49609732401693013
F103530,0.541802237961177
F118037,0.43192367245200175
F121887,0.5432721210474813
F117474,0.4731457216873719
F108838,0.5537723867047079
F110850,0.4609328381671858
F108920,0.4607894780131886
F116417,0.49300355936078916
F123163,0.44930029156796697
F114455,0.4303390701308116
F101247,0.5269923502413502
F104992,0.4531774994093244
F118511,0.41556007530368777
F114644,0.4730761727582411
F102251,0.4832801150162438
F109818,0.43027081353210317
F111847,0.45323107611444047
F104955,0.4396304747043999
F119652,0.5237541832990408
F122133,0.4237485862481613
F104993,0.44758165044959497
F113510,0.4660837189001482
F123557,0.48260279489467367
F113962,0.40690439990085203
F105947,0.47884361671631726
F106911,0.5045954122201098
F100652,0.4630405841343406
F109685,0.4445306833952608
F116475,0.49410564843087784
F104565,0.4907900999155375
F124062,0.44725340095249905
F115932,0.4187845527797523
F109613,0.5246590921421412
F102386,0.5076882251658064
F113483,0.42316493657597876
F117088,0.48465992120358387
F101277,0.5038436111727768
F124674,0.45832220977635435
F118679,0.49124299024406015
F100697,0.46689520212312596
F107785,0.4696056964248054
F109642,0.4711278830628332
F119574,0.44662904694622063
F114841,0.5302324792150354
F112762,0.5448751821268337
F123792,0.40803303998320534
F107168,0.531724665641877
F120641,0.5841255349330322
F108273,0.45175151817310955
F124407,0.5071906335954686
F114604,0.5126732368309425
F102970,0.4900159811980581
F122148,0.4230280827968216
F108010,0.5087130957522161
F117610,0.5034669297434142
F100140,0.4607080323749946
F113938,0.4289263235918211
F121084,0.46376396742527687
F101060,0.5107046800690711
F108562,0.49783609096474873
F110164,0.46922296441087585
F110472,0.48405326913021196
F114543,0.4386272523744685
F122852,0.47976221164395744
F123987,0.519976240010513
F106836,0.4547900289339125
F101754,0.4001564384872331
F113931,0.5067121188263202
F124553,0.4531254129021994
F102295,0.48251718439153063
F112168,0.44100599932347023
F119601,0.4579630334882993
F114744,0.4890732178465732
F102112,0.4303781560443272
F113311,0.504297063691695
F101833,0.42346548790709787
F103038,0.4179687153202118
F120560,0.4303089905842922
F112035,0.43142776889679085
F111041,0.4306518613746706
F106820,0.4122590483822064
F122282,0.5412048589717949
F122812,0.4308578582945031
F121959,0.4899419488173768
F111241,0.4750899188047332
F115679,0.5583025433876705
F100487,0.436095857040266
F110726,0.4857416310050052
F117027,0.43542033218112597
F111810,0.44886870660554357
F112058,0.48225083850102624
F112471,0.47816032081168186
F103296,0.5194969935747661
F115646,0.4768619671507397
F103349,0.4474954833744537
F122192,0.4670081167936241
F107979,0.48139473404334776
F124864,0.46624334926303396
F122862,0.46797331865989167
F118545,0.45212230138161075
F123305,0.47617464590490566
F110767,0.46433466851272337
F103752,0.4264913289831992
F121115,0.43648789448375586
F109639,0.5266899267499123
F101751,0.482372554416137
F114586,0.5206340773500493
F112250,0.4424596726738837
F108536,0.4726905486878069
F116656,0.46656858441059923
F121706,0.4386808192356087
F118536,0.5193845816887444
F105191,0.5206534876212233
F104561,0.47077455695923276
F101998,0.5218138896674902
F115774,0.4209550599821402
F115983,0.5158319067052911
F123259,0.48595185769771326
F100753,0.5456250512124451
F123982,0.45230482962393403
F116710,0.5414506670312594
F102019,0.5171833325076024
F123612,0.5024892139004276
F115548,0.44723237287525436
F114793,0.5360494908957772
F101753,0.5674741378065309
F104066,0.5540304038226174
F107166,0.46035511179565664
F104321,0.4094275630618973
F105839,0.5263545241470716
F118851,0.5334737678502628
F109929,0.42032996705824477
F118079,0.5362616873250508
F106387,0.45261297927984834
F117429,0.4349373486231244
F112211,0.4482689978370731
F101550,0.47840671342269403
F121466,0.46721114819882736
F107148,0.5380759322354904
F118450,0.39628886576686373
F111865,0.5325406283914986
F110969,0.45260497365374386
F109782,0.456704792139164
F111408,0.40383164038012964
F108063,0.48372860403335094
F120971,0.5317886902686892
F123231,0.49402158093868836
F122302,0.5047421371971518
F121337,0.46571654948337443
F119311,0.41419471130438934
F124628,0.4925963247587768
F113156,0.520239052798268
F122818,0.45326209335296946
F116061,0.4545829220513426
F114676,0.4622844469012051
F105188,0.5014565379460737
F109111,0.46725588204856
F108985,0.4774388108863145
F118123,0.46255438248428166
F116826,0.5053165826525846
F111800,0.5347632229960936
F110853,0.4586988838646669
F110615,0.49722625597452297
F107116,0.4536031195777533
F121710,0.42643278705659216
F100340,0.4796822490548359
F101311,0.4926362543669887
F106219,0.4384189281711362
F114711,0.5120869474710915
F102516,0.5577085840986268
F124145,0.4774085449311382
F110628,0.5193066684231843
F104011,0.5630209219495559
F105525,0.47408740242412584
F120431,0.4142560391843088
F109437,0.5263929763379055
F120177,0.4349993535769536
F112433,0.5056830716765861
F100873,0.5335054516111053
F123892,0.43661286415282174
F100488,0.4599902047425192
F123556,0.4760297329819453
F107354,0.5584708255866396
F123503,0.5247905691580323
F119966,0.43219957850786567
F117678,0.4741407814809726
F121895,0.572906971414836
F122053,0.4594455036349399
F112917,0.4678718703908079
F106363,0.5211694805862174
F102370,0.41419930430455604
F117001,0.45920251982766985
F101693,0.45031599564596747
F105339,0.4611605148617079
F107942,0.40307178910855856
F101824,0.40347212824531187
F106272,0.46002684994849014
F124074,0.4427448429530886
F106358,0.4285514065217561
F119832,0.4167991297501176
F110240,0.4502132106911551
F119296,0.5134346469629961
F109476,0.4213618726117496
F107789,0.5504944432714117
F100736,0.4968672286396657
F116588,0.4735579077219411
F122290,0.4952486810137998
F101154,0.5009979385373309
F102389,0.5017340404262377
F117811,0.42839727248861476
F111868,0.5439041354035623
F101781,0.536784294046241
F116332,0.451385891350511
F111610,0.5023621534080432
F122095,0.522098938967636
F109282,0.4876819713067356
F105010,0.4988846493006437
F119399,0.5156581376998167
F101522,0.4773163298167283
F119679,0.4724901360130418
F122804,0.5698233456244451
F108115,0.45804438454836865
F119513,0.5531212127875357
F115012,0.4928249888627557
F106658,0.5242450228662585
F119250,0.4416637501937576
F118688,0.5423142113995852
F117432,0.4592572433036596
F114870,0.4489469134992597
F103602,0.4402566952419124
F101598,0.47105487608276025
F109441,0.47092226864446424
F124954,0.5180349220153448
F115780,0.4070648370621604
F122592,0.4966232594304889
F109049,0.41769099094143
F114002,0.5086992259786394
F114251,0.4297516008570841
F117006,0.5254368585581335
F115034,0.5085422570963296
F104720,0.45519238124049616
F109984,0.5604872337180252
F119430,0.509817667221103
F105198,0.5049933105077504
F103837,0.45292411321424686
F114551,0.4456818392546819
F103104,0.4390510074400272
F120376,0.4295681405181275
F104851,0.5234388055193514
F120183,0.4745470134605079
F124885,0.4905967614559801
F102201,0.4393261837175149
F119491,0.5125664077868308
F104606,0.45743288827334266
F116372,0.4745110592574285
F119040,0.5436382474321656
F101915,0.5211339479150441
F109175,0.5075816099878278
F115685,0.45374596800517153
F111428,0.4383955716311723
F103111,0.49055339373585843
F110873,0.4231589332628902
F107633,0.46549704413147475
F107787,0.5097558392858307
F117530,0.4861629622616657
F111396,0.5447001469077245
F100767,0.5477969094432912
F123768,0.5040209677302891
F119595,0.4899546738265582
F120457,0.5165956253731976
F100411,0.48273004946698084
F124692,0.5085698597713247
F121841,0.4820342595246567
F120055,0.4219938723978343
F109741,0.4781732891400472
F116870,0.48583890909981575
F105897,0.4963540771349015
F111705,0.4977764342150365
F111019,0.485088675468137
F112687,0.43157076375736325
F120794,0.45501980426746663
F108983,0.4828993981591622
F104288,0.4236443656761916
F104780,0.5405254935767035
F111451,0.5274197850600854
F101955,0.5213195482794507
F108150,0.5223468437287196
F116150,0.475222583038464
F100183,0.5416089633897423
F117639,0.522887603399197
F121714,0.49653709470528207
F120937,0.495661745644186
F113890,0.4008761645751652
F108932,0.49796214613535994
F122822,0.5183307074917508
F109135,0.49503410462122643
F100552,0.5094469092065669
F101261,0.5170882463015064
F100114,0.5082453785331428
F117108,0.45438494896145115
F123679,0.45524614539680097
F111243,0.4560418357174741
F113133,0.5480982532791899
F104645,0.45982842274573044
F105874,0.5183681955794134
F119181,0.46284467210037816
F101394,0.41651084080064943
F124488,0.43094273778013176
F116999,0.5387616586114123
F116068,0.5308854028230225
F118719,0.446686691043744
F120589,0.5478080843378069
F116146,0.503539627428375
F119080,0.48573467948432925
F122698,0.5096516745341481
F121018,0.46461728439029043
F123107,0.5778013451229363
F122501,0.43170256762815445
F102275,0.5242803294590517
F108923,0.41946305456622845
F108770,0.5307515750585475
F118911,0.4926300730398404
F118847,0.4626176923103754
F107313,0.4990186448830956
F100472,0.45826240144254027
F101105,0.4833828266533241
F119002,0.44734801884473196
F122076,0.5458160425247167
F107518,0.5608490800201986
F101013,0.4602426511119777
F114054,0.43160247963798065
F111988,0.5687414924874642
F105303,0.5477804250089695
F118549,0.45278765782233416
F115072,0.5176826186369157
F103483,0.5042770114488773
F108248,0.3925783127271168
F107192,0.47839688016175813
F104489,0.47278389044353286
F115885,0.4481291396864545
F123246,0.5424744148194168
F124020,0.4984973926944734
F106433,0.4045201775890103
F108155,0.43635930963994096
F104023,0.4850704789133097
F105426,0.40424626379426765
F106140,0.5283721888726487
F120579,0.5233441897565381
F109403,0.5052263321833876
F103161,0.4433624020399718
F120903,0.4594264445762498
F114267,0.43853196952501
F114603,0.45703560524838754
F101173,0.5451330948424351
F118312,0.44252919882077507
F112957,0.5208182734236221
F108174,0.4728174200724597
F107679,0.4913588127317815
F106552,0.4787226810775498
F123409,0.5210220295588821
F124647,0.5159945986206476
F116742,0.4194994605896185
F117931,0.530422059999327
F116665,0.4540107387456333
F115205,0.5207204457567732
F100312,0.440866783131943
F116986,0.48970276888574926
F111842,0.47505118802165974
F124289,0.4868449428982066
F123926,0.5440776314854543
F121069,0.43628010990749005
F122330,0.43520842729182774
F102060,0.5060492878814733
F120022,0.4616204637079399
F120754,0.5022147792553213
F100793,0.39849523222486494
F103998,0.4447726165344607
F118846,0.4780954989272813
F110851,0.454255195723652
F121612,0.47442781586240346
F118155,0.5044829097948824
F108002,0.4603687397322372
F122670,0.4964610649458645
F124458,0.44976880190124957
F103392,0.5139978492237856
F114535,0.45075282907686764
F116547,0.5379947739223222
F102145,0.4060744532392049
F105687,0.4615368152682204
F109473,0.5398533742402286
F121006,0.4681326276432739
F112627,0.5720473286356611
F113522,0.41033017639010594
F118369,0.5114997595509693
F106945,0.5176882195665122
F102604,0.47170521306692037
F100080,0.46953543557104355
F111323,0.40530508855110525
F117613,0.45907903843297737
F110569,0.4974576956349402
F104756,0.4021877226081164
F118393,0.5002203980781237
F114181,0.46017620851155305
F124170,0.5266559557527822
F101428,0.4520223533025277
F111588,0.40934417126022865
F117567,0.5349752114990082
F105661,0.4112662751896715
F124355,0.5203765996185477
F114965,0.4681132276744381
F120057,0.47290817837066257
F122212,0.4291631312969014
F116977,0.5172983192501195
F112559,0.41485585753220156
F105212,0.45541424022784394
F100954,0.5285804290350543
F121941,0.45604392887525574
F115462,0.5106342445533035
F116974,0.4645794205270358
F106977,0.49684168116469046
F113158,0.4378161118563541
F104864,0.4713388489443008
F105837,0.43860320889949306
F114309,0.49830884481251586
F114564,0.43647562868424306
F106157,0.5357679665019043
F105206,0.5154113257378148
F107052,0.45968755723420723
F107894,0.5443919566478995
F120568,0.514632482551821
F119555,0.46776117208290363
F110716,0.43738176516437294
F112055,0.4426255673191653
F120856,0.4901501731542922
F109446,0.5507464051973887
F105342,0.4545053011490166
F112668,0.4858770350471695
F107650,0.41696067984800456
F111844,0.4172485019886351
F115697,0.4402532010674934
F112253,0.44783344209834874
F106643,0.49224388932170265
F116282,0.4587073898346273
F106165,0.4490091897939009
F120271,0.46317708670102237
F123729,0.4848118776215651
F100377,0.44456522839217283
F108642,0.4023872013710819
F112115,0.4289068790613453
F102438,0.43081670686762175
F116606,0.44745190023651593
F118051,0.40687499162078045
F101272,0.4335422460975323
F122322,0.4949871001838017
F108021,0.4383693800033885
F109367,0.5087381364532175
F122111,0.52713969904356
F112812,0.4456056018821108
F100908,0.473767328928359
F113094,0.45174407263425553
F100501,0.45763837634553167
F118716,0.47574818595492274
F124793,0.5139195802826078
F107085,0.5033939419051473
F107738,0.43267137229722424
F110914,0.5047531955536143
F117788,0.415481723622408
F118159,0.4489476566131294
F108667,0.5000288546171704
F108071,0.4560772284076492
F103657,0.48914376109286684
F119748,0.5598530755391108
F101308,0.44617902720070884
F116569,0.47325212448967396
F100038,0.4716964004215827
F112205,0.5484549880020189
F103240,0.471201444716739
F113950,0.44569227623954943
F100517,0.46780602087037326
F118227,0.42051165739225765
F106284,0.4377005161493266
F107250,0.4873665320196804
F108987,0.47524459692739357
F115171,0.5390790612712737
F105144,0.47238891233916597
F106889,0.5187007835179901
F108820,0.5313350233225766
F117312,0.4899544534341485
F106690,0.47072070478460626
F109425,0.5114216242626488
F106041,0.5379906945075477
F112476,0.4685375006999027
F117231,0.45211622488977493
F105013,0.4204968278819072
F103834,0.39323783882052515
F122912,0.4456361792873981
F124120,0.48153173285868606
F116850,0.47409326206425034
F116021,0.4826994566892159
F102974,0.48772130773793687
F119415,0.4290550921325215
F106844,0.4732137721500625
F112212,0.4662575934110963
F105832,0.40028646950515984
F121947,0.4237901786400596
F101841,0.43544238386503564
F115295,0.5527231609355759
F102786,0.44808021389139446
F108739,0.5076990136178519
F124052,0.4923703715505487
F112033,0.5001401800958855
F109200,0.5054321621714432
F101307,0.48631241154818916
F116142,0.5057087562868476
F116923,0.4065966133143538
F112328,0.49995856624218393
F109744,0.5016183385128946
F112901,0.48792303032290363
F100297,0.44985918748447434
F106331,0.5297531051220022
F108745,0.48878486102430996
F118987,0.4880925763059189
F109362,0.46925221266713696
F110804,0.41848781072558494
F107474,0.5145939898005034
F114558,0.43006399199305
F116890,0.4464962515769802
F113360,0.5007641455732915
F115612,0.5019728075970452
F110049,0.46623947691196516
F108747,0.49388981480478683
F105182,0.4753839490939076
F104033,0.4813642409986795
F111015,0.53085215309782
F115764,0.4574978053029649
F111029,0.4657987397704907
F115056,0.443028689782386
F109302,0.45812786124399646
F122737,0.498502874193996
F100416,0.47374491009162556
F108765,0.4604282347137213
F100382,0.46157824218648713
F119964,0.47782374284461954
F118924,0.4265823287654946
F119687,0.44679147265255464
F121773,0.46650438500951863
F103119,0.4840969945520615
F124159,0.47346913305479993
F113540,0.49806424731462207
F119690,0.4631678501078265
F124124,0.3997320484179431
F106874,0.5384714651054067
F124254,0.42652273273629665
F117206,0.4345227422630336
F116103,0.4589457079659723
F122415,0.5106599889087157
F114830,0.44322426978130547
F100470,0.47126935616201576
F119810,0.5073315846123099
F107705,0.5028529309884159
F122443,0.5648666306126218
F101447,0.47734928117849135
F110636,0.4174544243372028
F118571,0.4058751281713443
F124080,0.468582343362047
F109930,0.4047763978657043
F108900,0.519208033481228
F116182,0.4843096653618997
F107775,0.4322201241291549
F109914,0.42316659012801744
F107440,0.48098954455726534
F111821,0.4910489725436079
F116376,0.49050132990843215
F116093,0.4095239567164182
F114477,0.4789943487948614
F107480,0.4612136158192393
F111851,0.4871089132558029
F111086,0.4792334107921155
F123115,0.4234783242812652
F108151,0.5004839755127594
F105727,0.49179510376254787
F121308,0.5322433152660296
F111963,0.4744653378477003
F120189,0.48436251058339935
F124354,0.4487981224483646
F106821,0.48346376511342143
F104285,0.4695793600336476
F119069,0.4675260967280072
F105983,0.4449364944242803
F100970,0.46294899805515444
F112515,0.46019220321167703
F116847,0.44581679112069206
F102872,0.4787273811410644
F120378,0.5384185337093849
F116531,0.43980654852761025
F109448,0.542749976940981
F116394,0.4494899596464675
F104949,0.48687609739820764
F104022,0.45469603330970065
F109661,0.49535281367044276
F101127,0.4822096775449174
F105458,0.5258539115633474
F111359,0.501596140339229
F104832,0.46478628340411354
F124194,0.44211053092542485
F105827,0.4649447722036612
F107425,0.4928732172327439
F102306,0.4905755636618598
F119913,0.4244186254499715
F101672,0.5178428839757521
F103056,0.5063383376227415
F104382,0.4316068151884247
F118968,0.5851657485971736
F124767,0.47885196559497645
F109725,0.402960049736511
F102929,0.4703668675370013
F106360,0.4619115258315686
F115541,0.5064373669226406
F123884,0.47792299268744803
F113152,0.511395913199372
F107913,0.4217023957476523
F109226,0.5294792918453886
F105023,0.5030528887028928
F102322,0.4794202074895547
F103788,0.483180287961349
F107396,0.5332901804898021
F115281,0.4735042459489669
F100273,0.49490144691112203
F107970,0.4176634303561982
F120773,0.4756515706799483
F112894,0.5397515160533145
F104441,0.4101676786749176
F111676,0.4890693853343326
F113899,0.44877689254757347
F124975,0.4528771824410159
F109944,0.5456501086633885
F118346,0.49385247824877865
F121350,0.4815456265139899
F107638,0.43027614661987407
F121517,0.5033083763539301
F116362,0.5498188609478865
F102513,0.5027652365170878
F119158,0.45537626915246915
F119159,0.46522029410416854
F104153,0.38877352004288807
F101120,0.5195014626127409
F113681,0.4874560466755833
F121532,0.42816260095786296
F103335,0.5369129896655062
F101237,0.5627243722101086
F122458,0.44262828428708734
F120053,0.409659113551184
F101349,0.44014182400400265
F108195,0.48725645773474036
F106115,0.47916570575484524
F101981,0.4943908315195701
F102653,0.4527716594803109
F111226,0.43642854095161154
F114911,0.5055621213542423
F104370,0.5048606241100032
F103728,0.4699752693322252
F109989,0.5429757739908905
F109136,0.4457175353160765
F109377,0.4031859725944857
F116367,0.47924048091509475
F121974,0.5107123442454868
F122473,0.4686516012062024
F106614,0.500171376607514
F101124,0.45816762972652975
F115128,0.5327105639728498
F102816,0.514176203619857
F103041,0.44223114418885845
F116138,0.4446560114471663
F117373,0.4297274427595755
F115252,0.48871951397222485
F124056,0.5030013111315413
F119772,0.5084925544094374
F104436,0.47466028112379144
F107423,0.48193231144955195
F100095,0.41322732225574405
F100364,0.5193994625709283
F112038,0.5226843955461882
F104522,0.4740527313374185
F113109,0.46262434201138003
F110974,0.44069935009759886
F101872,0.49623232385920985
F101068,0.47530398466552887
F104709,0.46218712133079476
F120644,0.47081906890385766
F110439,0.4822284294188308
F108131,0.5021209502843761
F109717,0.4174670093152782
F109622,0.5113734586019729
F123571,0.46847930296902024
F102686,0.4690717925423936
F119216,0.4735719321769494
F123527,0.5466202057211873
F112500,0.40363585777494415
F120660,0.46894115842850387
F121830,0.4799954979559357
F104237,0.4434941346866788
F115190,0.5251861711088747
F118920,0.5089561920359222
F116871,0.5176879065676016
F116973,0.4199197084197629
F123010,0.5477798259906135
F114876,0.43893461919484
F110215,0.5143442697298348
F107723,0.46008810976629927
F108436,0.4841000131452439
F103074,0.556751713087319
F114136,0.4306337583313292
F120082,0.45889649736487265
F115581,0.5358757323714135
F108293,0.49722697181065956
F115417,0.5107654828963588
F116833,0.47018907351964495
F100029,0.5240763834243434
F116985,0.44310606661913077
F111833,0.5687485435639986
F120260,0.48101428703534493
F109583,0.46621872258627844
F123693,0.48296495574695747
F115645,0.5265182953461705
F122301,0.4719356245098786
F119206,0.4478897880908762
F100826,0.4878213608322826
F111926,0.4962785626376433
F112417,0.4891105121001792
F110403,0.4183638126942114
F119140,0.5406797479616618
F104695,0.49554523975784226
F123804,0.4266232343263433
F117199,0.43196770715608546
F114751,0.5100288782597586
F113662,0.540606833545414
F119786,0.46529128450515367
F109722,0.48601667011104577
F117726,0.42382031672119763
F120605,0.41501247738209035
F104546,0.533551459312522
F119188,0.4670434587898771
F116439,0.4449427586940644
F111002,0.4411554978287202
F123070,0.4818920004598686
F106147,0.4474201256735385
F104932,0.48345635298492234
F109194,0.5130752068937096
F115531,0.5184863599417928
F105641,0.5082999226807311
F112111,0.49834515796012135
F102598,0.4128055327505135
F109342,0.4208332381367112
F118390,0.45074134911776736
F113576,0.45629545858697956
F106199,0.5190932115117486
F116290,0.5151060484485347
F107611,0.5270823178594698
F113223,0.4812172089766975
F118464,0.5003429709829387
F123013,0.48854758463300574
F120006,0.4845047163461995
F116478,0.5073453001121868
F101312,0.3942004294387972
F123042,0.462210720730514
F100045,0.46813006618742753
F113407,0.4553031666403558
F113374,0.46361242018784
F118256,0.426559935742654
F104208,0.41298425909655123
F120343,0.4189279247180896
F101762,0.46274481240549065
F108658,0.4267841646086876
F116339,0.4619866932464588
F124368,0.4487862912819826
F103787,0.4634092089434384
F113870,0.4606817474918435
F111713,0.4967646838037211
F118677,0.5297820292551106
F104312,0.4389983402751419
F106606,0.5243353308135289
F118122,0.48899020023032214
F106599,0.5514488574705881
F109570,0.5422135015970292
F113081,0.5097385221512355
F105129,0.4460256857627199
F109831,0.44028105517986926
F115161,0.4584283455773864
F122139,0.5100758141709438
F114634,0.4510490295621037
F105517,0.4635209086908392
F114407,0.4986195507275359
F109772,0.42586428909533686
F124495,0.44827239188085405
F103543,0.5689446516170503
F124747,0.471940465939439
F119084,0.428874374939418
F115815,0.5152850285320182
F118726,0.4143791997895148
F119478,0.49427705264246724
F122521,0.4109509580968591
F102328,0.5064271169819957
F100842,0.5148425276693575
F104040,0.4443126844973028
F123101,0.4722048434450107
F111886,0.4662173899114628
F101212,0.5268396170071211
F116420,0.450974319044741
F118287,0.5145986164025125
F111054,0.5508955753984676
F100706,0.5760244445079543
F120788,0.4450895829952063
F106477,0.4961040286910531
F116902,0.5393015230469256
F124738,0.4506374668556497
F105208,0.4963165246325002
F117963,0.4511613031195076
F119238,0.4770349051450078
F106181,0.46651316000635
F119735,0.4237450793412829
F122554,0.48252702827749255
F122008,0.4705788167882512
F111317,0.49196969767213855
F123120,0.42897356136717973
F114225,0.4495128328743723
F121985,0.47325509832843515
F110484,0.5034111749766481
F108430,0.4755764636777663
F115305,0.43106747618718877
F124268,0.45750291680973443
F119847,0.4635412501390941
F102738,0.4311264514468711
F109464,0.4675915496168596
F124522,0.5200149030024444
F103969,0.42604754326184274
F109225,0.4396844329610904
F115136,0.5905652833483673
F116931,0.458369919824889
F122013,0.4316907442357615
F124436,0.4925991048106611
F104149,0.4865166636657228
F110606,0.44491035666195394
F124802,0.4350050282907602
F104345,0.5007005473641881
F114672,0.41763336379546306
F119848,0.5332117313188951
F103290,0.4542758018491916
F104888,0.42926461921239306
F113520,0.4556900547652404
F119168,0.44677241188976075
F104655,0.43858457286999564
F100234,0.4930170949830801
F123659,0.49388204943198827
F121306,0.4007854975578498
F122919,0.4770404838663448
F119185,0.5089892420425696
F114557,0.44056401989674193
F120068,0.53763973379958
F110255,0.4493087199520295
F114668,0.566525015440578
F101784,0.5280048395640885
F123733,0.4277707210030758
F111087,0.5635601954732776
F108592,0.4736553327161337
F110370,0.5308631714457239
F124017,0.5478253733224073
F102724,0.4879026866533847
F100722,0.48359430225755473
F119291,0.5118312019791392
F104360,0.5590469004151338
F120415,0.48283965075696167
F104816,0.5153892630468758
F111397,0.47722324140183814
F112336,0.5222296550108153
F110568,0.42904758835111845
F106576,0.4692439439982993
F100151,0.39701680288649394
F110197,0.5426058721827929
F109336,0.472305332880959
F124798,0.4897119419495399
F100162,0.4829642131674593
F101699,0.4634026627275542
F112645,0.45646909188151963
F112829,0.5269077537696168
F103331,0.4596485920408041
F120328,0.444297778439837
F104367,0.4850236924712572
F114200,0.5460128022744756
F104673,0.4784520469990079
F122029,0.46984420987563835
F101404,0.465617999719661
F109571,0.47377137617581655
F117648,0.5376787546586416
F123171,0.4864142796047733
F106429,0.5184787756710686
F119641,0.3931819766237935
F100178,0.47615619437774115
F117139,0.4247997231783185
F109205,0.4067637367637437
F123893,0.4401273508039176
F100733,0.48040663145299983
F105491,0.4216937181827741
F110633,0.46894101410835687
F116553,0.4572773007635038
F105633,0.494968312688713
F116134,0.4219387396102415
F121291,0.510443305226071
F107773,0.4397715473790589
F108088,0.4629378222930412
F112707,0.4882574844738687
F109569,0.4824429962794692
F120566,0.4455240551321922
F123968,0.49273589273866797
F123283,0.47297971717876014
F121506,0.47152598254518513
F118573,0.504874300858562
F124881,0.44106834164913883
F103023,0.430605955780778
F121534,0.5292519839032079
F114154,0.5154349597113976
F122007,0.41979798318835126
F104670,0.4732706315125432
F109248,0.48853542845494813
F110905,0.4964506101835925
F117212,0.5289950599778145
F121030,0.4898914702601036
F113457,0.4328751795815452
F109021,0.4429373952351887
F104306,0.4629593672545553
F107503,0.507010496646803
F119787,0.4592336897221045
F109176,0.5042911729871933
F119859,0.5419503137695678
F123185,0.4374992397029369
F117230,0.4867065068882268
F116635,0.46843672901218414
F111519,0.5770289060014296
F104098,0.4437667629532261
F118801,0.4624388122540484
F116581,0.516249613665198
F101213,0.48808762897467883
F124269,0.4536639238278369
F106830,0.41861915565465957
F104895,0.4654455822180715
F114121,0.4370272346560175
F105776,0.4340404462231952
F119536,0.4064986217580361
F122474,0.5532189342131326
F111688,0.48719279107247987
F107540,0.5389665887440294
F112403,0.4577851440899771
F105677,0.5208674078996572
F124624,0.4070567692240836
F112912,0.39903131064830005
F108372,0.44870655702873496
F120719,0.4175977317712083
F104378,0.5473929967389611
F104813,0.4875154723469837
F116535,0.5315182092162787
F111736,0.5349562114484525
F106479,0.5382767832928842
F103242,0.4200336666744522
F107847,0.5007413495298476
F103745,0.4199308262363458
F118429,0.4391024584045352
F113004,0.4461102892960293
F119726,0.4592431448727834
F123790,0.4026573585268068
F100034,0.5407305235672273
F120440,0.47464948089774867
F120180,0.42274999117484113
F103656,0.4680164156555988
F112455,0.45654144034847194
F114722,0.454366876035335
F112118,0.5113728576758604
F113876,0.5095570454410139
F118160,0.4925418437544952
F107376,0.5180219677655543
F116340,0.4497111633614738
F122412,0.5710466290379065
F115761,0.4566690240527144
F115139,0.4034341081761408
F119614,0.42758811041300465
F103980,0.4676671327023146
F117948,0.44539681786415014
F114958,0.47167049408269585
F116637,0.47479010287029133
F104803,0.4843797969287279
F109432,0.47690181616478733
F113672,0.46634024253991985
F109842,0.5514223207392298
F108896,0.396906030990663
F107375,0.48291848997236714
F123387,0.3983164048984217
F109033,0.42735838461225406
F124376,0.4407923234835287
F115318,0.5072900163213129
F119660,0.5011906331377607
F121151,0.4922687683862547
F120631,0.5143178409708653
F114549,0.4792158221061943
F101564,0.45749124445432465
F124619,0.507785157399441
F116778,0.43431194677822366
F101453,0.5286379360088315
F120928,0.4953695819538086
F114264,0.414593745882001
F112329,0.43916518475755134
F101843,0.4855829017265943
F106051,0.4817079199152536
F115673,0.5149486908729659
F121338,0.5148467885522064
F102169,0.4565056852166626
F119965,0.5025625263018955
F112596,0.4521415857493589
F108499,0.4368313278121869
F115880,0.4358379063913361
F123734,0.47612566000551204
F107446,0.47479703161616
F117816,0.41814377307898154
F105036,0.46571270914125784
F114356,0.44635379891335897
F104341,0.48824394610872224
F120665,0.41848921227507235
F117856,0.4939504428499637
F114709,0.5072468294111663
F114293,0.4651985705837024
F104545,0.5300544189195479
F120020,0.4340854333429157
F116643,0.46924628116522493
F112763,0.5055277148548117
F106407,0.4755889025043839
F104724,0.5042188014457865
F118714,0.40927589970886885
F124702,0.4967520057412951
F117532,0.4867186831123812
F111065,0.5674488946466715
F101010,0.4631437048681679
F106494,0.4615962776023949
F117477,0.4783283804609164
F100685,0.4186538102836639
F118386,0.4552334717370736
F119360,0.4566002186419785
F105237,0.48201677103714763
F110277,0.48271896477039705
F111872,0.5239009728729128
F106074,0.4666358747777929
F117047,0.44248454680945093
F121491,0.44792172502566546
F121176,0.5069303445650031
F111292,0.45136866233691025
F123267,0.553246698096508
F109498,0.48177723592336436
F118709,0.4511125512612906
F103696,0.423283116591508
F116806,0.4476081557271267
F120702,0.42423752697282874
F104260,0.437769393076484
F109515,0.4520134930011396
F121169,0.4759366384282185
F113126,0.43028567249558075
F110555,0.427951509816634
F111033,0.47751678853893587
F107429,0.4666062378467638
F109347,0.4621866871096539
F105088,0.5390497944417137
F101848,0.40708579075398693
F109353,0.4850821226125003
F119003,0.5028980409339818
F102969,0.4720099953743573
F122274,0.5289783166290757
F104854,0.45704466901783364
F117822,0.600509813784522
F107891,0.40226668327111104
F105037,0.4996431785279781
F112575,0.4466344877587102
F114509,0.46105847878823214
F106600,0.46138014282523987
F109291,0.4915040655506983
F100317,0.4260365441253336
F110155,0.5207793915968364
F106033,0.5291580732530279
F108058,0.4639589017294179
F100261,0.596473512975469
F124396,0.4513242677370434
F118697,0.5307886233640712
F102451,0.4783568493217141
F102538,0.4795664290198794
F111894,0.47851782510608026
F121146,0.4558752759705236
F119246,0.46261207664346465
F106764,0.46015094943154766
F117322,0.506310889074688
F115755,0.48154369784956164
F113605,0.4317648497244313
F102710,0.42148513774354074
F119391,0.41094351679857827
F123996,0.5223049343595014
F111637,0.44776224354544053
F115162,0.5071945561563855
F107792,0.49436819321364994
F123145,0.4933065394398578
F114613,0.4497320367155013
F123044,0.40725010734873046
F106749,0.4665725093067178
F100836,0.4209442639657381
F114598,0.4566143396772524
F107653,0.4341613208556614
F116849,0.4601370642085308
F108605,0.4506975551924027
F107383,0.42173181714039787
F123911,0.40747009718486443
F111184,0.5121245093236036
F110214,0.4923294897385805
F123822,0.4629363536207413
F112193,0.5094666738289998
F120841,0.4935955344860447
F117956,0.45547385941485635
F124877,0.477841015947512
F100062,0.4639106795138365
F101837,0.4655803907395063
F123424,0.4883255286027093
F120509,0.47624204059460473
F120729,0.45286066699137006
F108163,0.47642961038979204
F110580,0.5206993351597314
F102803,0.44173561564131003
F122612,0.487243709956176
F104600,0.4603336118936886
F113106,0.4795648559518547
F101545,0.4421456550305639
F121559,0.5064305040872105
F104337,0.5273722155951764
F122298,0.42066603242618367
F118818,0.45949603909413084
F121191,0.4253460247635675
F110094,0.4513816489082275
F117833,0.5536338049866045
F118565,0.4636953497528365
F105137,0.4444276586362321
F102304,0.46631967008947905
F101992,0.5008584103063306
F105940,0.42802379393012413
F120312,0.47358551046394276
F122523,0.51894529250024
F105644,0.41347891729396247
F114930,0.4605428308163649
F102055,0.4842030771260304
F101865,0.4493814380499194
F113006,0.5269637133692385
F111517,0.43228449747632186
F107205,0.4173057888016804
F100281,0.4393714986646327
F106249,0.41925612760194547
F101795,0.5075489393087794
F123338,0.4392398126307411
F100417,0.46937473969341936
F107552,0.41792716282845466
F100421,0.4149632285755158
F122717,0.4430162164342364
F110029,0.47187552161817914
F116213,0.47159784260472964
F120203,0.49205061985953946
F121400,0.5147747953133011
F102410,0.46813463174969583
F113164,0.5894013921263087
F112430,0.5381098119121205
F110772,0.41669813847831316
F107726,0.49247972963317793
F115940,0.40558824223006174
F102875,0.48990083576287
F119355,0.42246894448883565
F113306,0.4782431177488717
F105384,0.4745398104971022
F123072,0.4369162217165734
F109979,0.4476237015794479
F113891,0.48269657488880074
F109099,0.5591516152603196
F108435,0.42460715805944677
F123416,0.5052091512533289
F101919,0.46958213292752066
F101766,0.5185132031989107
F115238,0.5079080085722848
F119887,0.5413931054007096
F118656,0.4927381272907386
F111062,0.4960896776363311
F124530,0.4520429567244699
F107975,0.5884006585105944
F104548,0.5114822731136711
F110843,0.5385961069286991
F110256,0.478936468264967
F109074,0.42940633256488997
F124484,0.42736982774686205
F120196,0.46866707204906705
F104294,0.5126238801253854
F107467,0.44556771574688037
F120244,0.4883197288170079
F123187,0.44226340512537515
F112771,0.5541677891110115
F117023,0.41264182245474124
F119213,0.4747325947008173
F113098,0.49584457341340255
F116855,0.5285303104474365
F101306,0.4512456964661473
F100909,0.5091533113969601
F114368,0.4846016661337224
F114371,0.46372920146821633
F120980,0.46964980852895644
F118550,0.458103000873928
F104843,0.4609640237612342
F118498,0.5514246082532163
F104761,0.4402125900496064
F113347,0.5284236373089073
F110363,0.42499862543620637
F102342,0.4761136959005973
F102609,0.576778423543157
F114479,0.4546209634032462
F108351,0.44561666784421505
F112614,0.4700317689103476
F112204,0.5955100515330273
F119447,0.4928093915926306
F109298,0.47920024470968897
F116652,0.5117469610607388
F119068,0.4833788898405696
F105089,0.43372267118376295
F101636,0.4967442477128133
F106619,0.49731078971483866
F118108,0.485856569031534
F112851,0.432909271491827
F115111,0.509922588737964
F111622,0.4817130820884171
F108793,0.5044297394042129
F118800,0.5036159519953879
F115275,0.4619167909656885
F102362,0.532225126734772
F107284,0.5024672569688996
F120471,0.5009423990905113
F123050,0.5048672345572327
F119940,0.44152337868407143
F121582,0.42288634299717487
F114972,0.44396198598296643
F108065,0.5397921781772125
F120580,0.44269422895853666
F114945,0.49980372720709726
F102408,0.5213611695927471
F110431,0.4598210469181657
F103669,0.4903449398234491
F123781,0.5640668339306307
F115715,0.48815348736255465
F108380,0.5241123333282751
F106089,0.4099543122467669
F113793,0.41785657361570117
F103269,0.4663483360775389
F110531,0.4492432825779129
F103529,0.5065634874710034
F109149,0.5131338842134315
F117568,0.5013848955296162
F122152,0.4561560273430386
F106396,0.5010300606247826
F101797,0.4598794912362755
F112318,0.4918292106757053
F103122,0.5001906174041448
F124064,0.48383067742073765
F118639,0.5470505141050241
F115913,0.45559883589317773
F109873,0.5171680309137668
F120091,0.46164128390942843
F112609,0.4153652845879891
F114961,0.4981793876176891
F119734,0.47980523267957886
F114566,0.47680291770319244
F117003,0.4575760987629685
F105055,0.465637562721907
F102011,0.5182244230244245
F100934,0.47189131904837983
F111696,0.4758278895654597
F108316,0.4317297406469035
F115710,0.4894415144815326
F108210,0.45896095791362396
F101403,0.45054837662586056
F114763,0.42266007270876943
F103191,0.516973213887456
F112148,0.5318097815829835
F112365,0.49340287729035626
F110678,0.5314010709411863
F108746,0.45531163114184015
F124293,0.45817766261533277
F109222,0.47859105402333624
F103183,0.41281015394802006
F101183,0.497072141734895
F107095,0.5626187592369126
F110704,0.4815685030864157
F122267,0.5776887863157691
F101657,0.45898299807460713
F106951,0.5037355131784866
F124399,0.5141565377555879
F112526,0.4957211070781992
F119013,0.4980704724924686
F117862,0.5176590091248428
F122016,0.4818032721887022
F119088,0.4138138633828308
F107519,0.46801206387609756
F122224,0.5021011276510174
F114056,0.4398041172602074
F106801,0.4802752763106025
F110016,0.47078343474580103
F111578,0.4859373194038872
F113671,0.5160872714066463
F100966,0.39768999711442693
F121428,0.4782823696666806
F123633,0.48686179944674884
F102981,0.4561470295910656
F108192,0.48885392906627506
F106415,0.4538126324867735
F105420,0.4608473735661832
F102891,0.38663596499148034
F112864,0.5416855482390469
F119796,0.47813671659508794
F122286,0.515606780236444
F111968,0.4365705745981037
F119271,0.47169536773163573
F121319,0.5618176544387
F122989,0.43315568009814626
F110587,0.5406154427751365
F119835,0.5086201806099039
F113804,0.5394338211943326
F120608,0.4848434029543804
F100063,0.43993400329406485
F111602,0.396664321735855
F107242,0.435242263568426
F111447,0.4224287609444448
F106101,0.45419495060678716
F120610,0.47441469896834226
F111823,0.48828841392299105
F110848,0.4677184129300246
F104147,0.5393492220589542
F120801,0.481662157783974
F108269,0.5467554390675411
F122035,0.505109847805448
F102387,0.44681976407926627
F124608,0.44791351577577254
F117790,0.5434807494586463
F104029,0.4669897324666579
F115235,0.5024162060392093
F110891,0.4357519738731376
F122291,0.4466334357880773
F114721,0.46627024581608767
F109328,0.4366908295494629
F107995,0.5118721991584255
F121056,0.46761256216200486
F111933,0.4853271609122345
F117608,0.3920319350915282
F107155,0.472980277023377
F108926,0.5161062858051578
F106237,0.4398993491633329
F112467,0.4306468475494749
F117632,0.4071458880960677
F101380,0.47109177299359845
F101621,0.43509100311486487
F115108,0.46420794765152973
F122264,0.5018838389932089
F100303,0.4911429162121842
F105445,0.5275567494952711
F102267,0.4549988710283491
F119046,0.5397502480247462
F122308,0.452740569671373
F107153,0.5257883467361437
F117843,0.4868479502150478
F101910,0.4359201747039405
F114196,0.5493095834588954
F105769,0.4947837019126269
F119541,0.473488150966577
F114088,0.46486772536287874
F115915,0.47781841308007356
F119736,0.49120476144375586
F111740,0.459306803248783
F114594,0.48412794009749655
F116558,0.4613890750708765
F113078,0.4943796551961689
F100369,0.5310011351812933
F110194,0.49029343247441515
F105193,0.4328452967313937
F124542,0.5074264676713419
F104589,0.41446441199904854
F104361,0.41462620854108284
F116568,0.4760229291322072
F117695,0.4876698980185249
F104183,0.4590351201637033
F103675,0.42713486014588375
F102368,0.456841881076254
F113625,0.5484839340508709
F118503,0.4753325447767045
F122740,0.4561827408008559
F106321,0.5107352534360982
F110321,0.4994373390505444
F103934,0.5009569084928851
F121797,0.48335669905521117
F102651,0.4625080444635165
F120766,0.5837177953493454
F118858,0.5027981622507874
F104815,0.4856486780338214
F115827,0.5097308274644599
F101686,0.4549136852695962
F114701,0.46273548841064
F114078,0.5176752874391525
F117801,0.5142008138804941
F122684,0.4567782794272981
F123855,0.43462313740738945
F108565,0.5576927422842163
F114810,0.4509028674649703
F105579,0.4314680890496448
F106859,0.4817681193144082
F105364,0.5017054650437628
F116307,0.3984214613087716
F121889,0.46556250133899185
F122442,0.43855019980776827
F123936,0.5243062593019189
F121631,0.5109023461844739
F117055,0.48540855206056205
F109654,0.4841674265606342
F124546,0.4841914126786029
F113811,0.41193995661114824
F118936,0.48181690055578874
F124526,0.39873732645761173
F116075,0.43353991957708155
F117880,0.42736130781475107
F100117,0.5582567380903072
F101966,0.5291295926882341
F114404,0.5611748102015305
F115372,0.5156306340606596
F109898,0.49565177338978045
F113034,0.4767110998335574
F111045,0.44685372621167324
F109096,0.5032672939790799
F108596,0.41878888329525016
F119689,0.5185896602452368
F102311,0.40983498153099895
F108047,0.48968008745947544
F116621,0.5347257594263413
F101279,0.5294781567588847
F102314,0.46237743504290535
F122908,0.4575647415482429
F109229,0.4468402932473902
F111778,0.44444442741382834
F124529,0.4463886215192306
F101674,0.47734030684737017
F110878,0.5269374135730646
F101942,0.47754366002589704
F100662,0.4746198484218737
F114234,0.40723172429835663
F119443,0.5042941148064177
F116400,0.5046413999368685
F106975,0.4299379036730542
F102758,0.46052979968700214
F109727,0.45502278823433095
F107258,0.4850520538700216
F102979,0.40777209134959386
F115578,0.48665792697628457
F107711,0.4433332802428375
F103091,0.5499184296002612
F117680,0.45108098296397053
F101508,0.44015660181404215
F115284,0.48560461847479985
F109277,0.4511753728522797
F107648,0.4895269440043489
F102072,0.4986993629164309
F110092,0.4596021580099963
F116611,0.50098881827905
F103080,0.45713546221118556
F101913,0.48225538536197976
F122131,0.5088677251568657
F124057,0.49169150441419945
F112930,0.5325037882651401
F105262,0.44250308810816996
F117660,0.5280890904754981
F102962,0.5043953516203513
F110450,0.5479301014012994
F117292,0.4500919659932692
F100124,0.4521117108475166
F107355,0.42563007192963914
F100676,0.4992760559407466
F118568,0.46234592400482444
F121315,0.40830345827905673
F105243,0.5056664602823855
F115486,0.4938697537598471
F105536,0.4128527307057741
F122476,0.4593274231189069
F114635,0.4933981183757636
F114860,0.4624478057892266
F120946,0.49972113961961395
F107566,0.5052137769837463
F113521,0.44959193712518064
F106032,0.43887394841674815
F100430,0.49517447661941466
F108705,0.4518873468930549
F114616,0.511317421313833
F117673,0.5289206842333347
F111701,0.4521257934565061
F120700,0.4504096064501238
F123090,0.43629228465918674
F115296,0.4719590065891683
F119856,0.4573363771672513
F105403,0.5274810228287783
F102948,0.5503435081043729
F119484,0.495173929918739
F111890,0.4424899085160113
F120961,0.4519876762583407
F103322,0.5273253994497944
F101204,0.421437155090675
F100381,0.5535321427182376
F111363,0.4480942709400882
F108761,0.467068099231286
F106107,0.4564407113019619
F101048,0.539521669264294
F113832,0.48972313681470964
F103620,0.49620199884648847
F120874,0.43273013536379906
F108396,0.47431968551270653
F103921,0.5129327275595655
F114217,0.5163845662155404
F118553,0.49512898273753386
F102942,0.46570084619615354
F111745,0.4465358652449802
F124294,0.49547544874333455
F117821,0.5442256516629403
F102501,0.5083690788138994
F121007,0.4870105909800822
F109120,0.505430340214277
F124906,0.521292373026876
F110934,0.5017801313071326
F103892,0.4817893794092025
F101988,0.3871426466670372
F117297,0.45494334909322376
F103333,0.4618951567406015
F124532,0.5767796471050742
F110317,0.46542042269233125
F101326,0.5340344371585631
F123640,0.5431554551340443
F122450,0.5112979478329116
F121658,0.5250028244161511
F105792,0.48194464416365823
F104454,0.4269554057913505
F120705,0.49183923745930247
F111750,0.478259678652662
F109324,0.48985026667358156
F106103,0.4141510191607124
F107508,0.49553839059562693
F116292,0.4348441718595634
F110812,0.5317763668748186
F118252,0.49041214171851233
F110876,0.48122512386666233
F115199,0.5184029799339825
F111179,0.4797398752407833
F124475,0.44991320812179014
F103147,0.4207658456885672
F100344,0.48394967579129017
F116474,0.5233313296797124
F109615,0.4367987548328578
F108437,0.4734958685290828
F107824,0.46771285408914853
F122006,0.40859040686863424
F112927,0.4828669869108512
F112746,0.44368686042910116
F110474,0.5120377652157111
F124709,0.499046550319944
F115106,0.4712680241301815
F123513,0.47026753999280996
F118216,0.5274338958254533
F112998,0.49624627418640144
F105529,0.47938497586759
F108501,0.4381553236961106
F108282,0.47387620443825407
F113583,0.42057831727680806
F100574,0.4583248555102136
F118499,0.5400167810811474
F109104,0.49103707951769116
F122637,0.5135101681434157
F122437,0.53705706846664
F124901,0.4864425837467776
F106283,0.4889850318769788
F110003,0.4199979935292101
F124217,0.45290687448765415
F101199,0.4684930412555768
F102781,0.46851254313673074
F110469,0.5000259880460176
F109133,0.5216875421890494
F124950,0.5469830753414601
F120339,0.4707582535494507
F105887,0.5180761925304835
F112225,0.45536807283754244
F107370,0.40888287543843815
F103559,0.4495118660465516
F107478,0.4314520998509303
F104308,0.4346179304938423
F104732,0.5091826552505718
F115187,0.4739212795461035
F118012,0.5069008426616014
F117228,0.5076367456782644
F116614,0.4712541002877886
F107910,0.42972893879860435
F116998,0.4121546861560372
F115046,0.4689718297006979
F110361,0.43785525389769314
F118665,0.43738425470404896
F109652,0.4621889805142733
F114497,0.44531745299826553
F104957,0.5447322792479039
F101949,0.5286405982023734
F123522,0.4127332252848432
F117038,0.476119909969674
F102234,0.5145643845082775
F116997,0.5286131429038005
F107715,0.5494048264165343
F106209,0.45022705876639696
F114631,0.4271576429104888
F111047,0.4589748128136053
F107722,0.5245067277290902
F123629,0.5052858759784769
F105307,0.5624371147224133
F100276,0.42955257543815456
F120474,0.5468445769897204
F114160,0.4165460324149672
F110975,0.46867147239950196
F118874,0.44431564321987815
F104088,0.5784638885454534
F100779,0.4510340596402977
F109610,0.47222965724053584
F102568,0.5099422543644385
F122318,0.4727276619347646
F107513,0.4418852375471949
F121989,0.4892971562912853
F105505,0.517616262032825
F116533,0.43834421420597514
F106849,0.40786535908175425
F106802,0.46892171994113147
F124883,0.5163350681613741
F103571,0.5299062627969132
F112567,0.4651780159249844
F113994,0.4794148642780161
F122663,0.4609136143498653
F122659,0.43328024446344515
F108701,0.41801457905779227
F102880,0.3759820999302081
F108569,0.5232342023960532
F121717,0.4195154200977688
F109974,0.4948528269178531
F120370,0.45080790038294927
F117473,0.3877000569529892
F112693,0.4770669369614749
F105000,0.45515496585709103
F100285,0.5121112538443205
F114122,0.472446345804593
F105751,0.4593585760322743
F107788,0.47564285687003544
F115467,0.4384111769967987
F102622,0.43976954941965407
F107899,0.4126926003648585
F102079,0.5393955969041128
F109416,0.4586450078798283
F104238,0.4459290644720671
F100461,0.4947623178963255
F112622,0.48602684627536685
F110160,0.4464252339679561
F112915,0.5125839783341282
F114018,0.4242955892210841
F113896,0.46748600356947373
F120170,0.4697045080477791
F113854,0.46558991503610386
F103818,0.5148863833947488
F106810,0.43095309741976284
F113124,0.47322835514590467
F100838,0.5382618827982957
F102996,0.47673041949663836
F115842,0.5195284161130301
F114888,0.4877978569598095
F101293,0.4605908221421621
F115443,0.5465608441864582
F107521,0.5056270432909962
F115413,0.5080754979441728
F114250,0.48178634160345735
F118786,0.5369159719080463
F122254,0.5029601593742571
F121689,0.4434196458129045
F117848,0.5023919219372517
F100852,0.4315527769776717
F122845,0.5084958448327572
F123435,0.48911272503403597
F111311,0.4848214530443366
F115693,0.4196002411733891
F114977,0.4623587482333876
F104897,0.5027352718062652
F104821,0.4888414315716806
F114993,0.5296733046031727
F100904,0.4209003304900533
F103244,0.5227472351426795
F107784,0.4453182884697114
F112491,0.4822747189714574
F116895,0.4587369540142822
F100545,0.4896170347302502
F104812,0.4894866230154714
F107098,0.43611723579613615
F124363,0.46830743050118545
F116584,0.46017339079489566
F107171,0.5160258757235109
F122313,0.47707574934971103
F106383,0.4692329650594257
F104226,0.507721589888615
F115928,0.38204407908107424
F121080,0.5183558487897729
F124138,0.47520147474898355
F112198,0.4339347646147822
F103361,0.47811994450397705
F114204,0.5014287766104533
F117323,0.42270238033772994
F108519,0.5047491880223626
F116883,0.4766138073678913
F112759,0.4521005481674316
F111901,0.48384387108428784
F120650,0.4596659799973324
F103826,0.5083011460315922
F112527,0.41262781515719565
F122498,0.42813898202972017
F124072,0.5142481337309367
F103159,0.4955937513121956
F108242,0.4846517836065953
F119219,0.4764025582623528
F120620,0.4658091817755401
F116601,0.4825952967689215
F112813,0.4633070165112601
F121489,0.47938769996114433
F112435,0.45016977807050673
F113841,0.45540473902149115
F106438,0.4581078520160151
F119840,0.48506911768941063
F114199,0.4281547914294551
F111612,0.5014840451809638
F117617,0.4435625566642815
F121901,0.4348023757095081
F108459,0.5494582321471861
F124668,0.5060380138026616
F118354,0.4512776721820281
F100578,0.42624427278550286
F104874,0.47027650846476543
F108094,0.5023821809060549
F119640,0.48164548089469666
F121313,0.4203394716655062
F108467,0.5380147796717213
F121072,0.47343954180604675
F113024,0.4967874086248684
F118961,0.4023139750763353
F112331,0.47225979763333215
F111393,0.41022520273075924
F118824,0.4341222640998616
F104630,0.4405660989719141
F119694,0.4458411083615552
F115168,0.5918967058569397
F113160,0.4729912268870182
F112047,0.4917733170804618
F119427,0.4725844810435986
F101595,0.47287086361891817
F109179,0.5168952886140834
F100275,0.43353919050085493
F111079,0.4849222662932284
F109465,0.4550754507768499
F112919,0.4871466597260219
F124460,0.4167705102600743
F115813,0.5192788227666748
F121070,0.43011608409126684
F105662,0.44987608155822123
F109958,0.4724389684201505
F114149,0.438355305545076
F114380,0.4301555571790392
F111485,0.47990826287171134
F101685,0.5045608718437052
F117721,0.42677938581771013
F107967,0.4752493210971101
F119972,0.4827248084661469
F122321,0.5332350188451469
F100012,0.44057971476981045
F119093,0.5116613173900156
F100667,0.4609474184811184
F110167,0.4251230227301019
F123985,0.49902365938746535
F123465,0.5217072170449641
F123655,0.4104943009212055
F124835,0.4395608518980721
F103445,0.4436877910310248
F115195,0.48294556731337024
F120478,0.44778711829567924
F101017,0.5147024385247396
F124732,0.49767800321102
F110965,0.47209481015558613
F118844,0.5538687318226181
F107954,0.43958194780307164
F111156,0.45564736478234275
F100623,0.49509195722276345
F104855,0.5544964955741205
F119661,0.47839403585179247
F100599,0.43681421224766204
F103358,0.5476436846746922
F107994,0.5446920341491961
F117248,0.46754437194716747
F103476,0.48928440279940794
F102399,0.5159559373253133
F119623,0.48555540627819854
F111593,0.5133574105836912
F122377,0.5529198480479093
F120253,0.43325662205525545
F122347,0.5155933323498365
F124561,0.5237124927743609
F108281,0.42718533590090607
F106031,0.522020552289168
F112641,0.45929927416144284
F114279,0.45498752082495325
F114552,0.4757327791789844
F113767,0.4367382182204436
F114432,0.5320960898926632
F106840,0.5366041267514956
F107323,0.4756620382949654
F115626,0.4324935446941095
F109540,0.4899794592837564
F114980,0.5050503353307096
F118205,0.48444423964969585
F124755,0.4121459898294478
F115152,0.5286366229382279
F101796,0.42386612245046845
F113981,0.4962383326577523
F112050,0.5140251990238217
F119564,0.40048638626477395
F116438,0.5784904762429239
F109893,0.49796845447911664
F106047,0.5357520212211798
F102657,0.45682506992336697
F111568,0.46518303119287746
F121907,0.48485228756787024
F124040,0.43815341458059687
F109261,0.4272331980010142
F112642,0.4751373378480514
F105759,0.49171275000176745
F120095,0.44125215627931813
F118721,0.49718056550044615
F123330,0.4334445835864563
F123851,0.44027410664833805
F124150,0.5254518385842265
F114705,0.5343770498073941
F101299,0.42546424340222216
F124749,0.4066550892371478
F115566,0.5675720225010443
F104414,0.47763568061086137
F103154,0.4374435764485466
F117644,0.4534581290875893
F117213,0.4748572595668138
F103504,0.5698357762864799
F109589,0.41269644082389534
F123196,0.4290162103143514
F119529,0.4620569279237045
F116689,0.5090434972399466
F106997,0.44142674569300694
F107128,0.4465252164318611
F116356,0.5324837367476506
F104563,0.5023370120428093
F114657,0.4264633299369423
F115824,0.4193366303012595
F110572,0.44513222425385107
F115702,0.5226795531076363
F122399,0.440845791944189
F110201,0.45636605424546134
F102157,0.5185614800870922
F109472,0.4758359985702236
F103211,0.55201696521855
F122265,0.4636869018712793
F102927,0.5098409227293244
F111582,0.44487893002509543
F121411,0.4786170244519401
F114336,0.4639794195413729
F107007,0.4213425447444133
F111569,0.5101848422365942
F105846,0.3950490288912032
F101168,0.48438553821913344
F115923,0.5059411548698582
F102593,0.42611743243977873
F113640,0.41425436111897185
F121066,0.42858860716991803
F124919,0.4566835222933082
F114084,0.47981755111528723
F106809,0.42544617330780504
F104024,0.464968074556399
F105616,0.4477500151814079
F111082,0.4332960769664476
F105244,0.4727654466570238
F111099,0.4714970889158675
F109961,0.4560358341544666
F103033,0.46545462195199727
F102794,0.5158093768557677
F112356,0.4973234524523361
F113831,0.4682408323944181
F104280,0.4583260704548441
F109521,0.4285069904242932
F123888,0.5205902451145111
F112485,0.4018084736202867
F109273,0.4870195211741422
F118391,0.44113500412639745
F103822,0.4133850285123125
F100116,0.556019362839865
F113084,0.48024066466093646
F107233,0.501830448939404
F107585,0.4399081780045868
F117529,0.48245219392471045
F121589,0.5449401489308225
F103116,0.4796467346767186
F122459,0.4946601557194275
F107724,0.4453580663084007
F117749,0.5180411210284658
F116278,0.4585412856435725
F101629,0.45790068154723246
F101577,0.4964691080062409
F120763,0.5076449895983033
F112218,0.46255699618432855
F108583,0.47234399614249356
F103258,0.46296496718012015
F100848,0.48934150883100724
F122727,0.48844831857846216
F117009,0.46709945587264823
F118990,0.5195397972577471
F104102,0.450948386458423
F115599,0.44469280098058006
F118788,0.4598325209499117
F112935,0.47408139783786396
F118331,0.49430031583154677
F114359,0.49281274458758995
F100246,0.42112396834320753
F116622,0.4537327797548765
F108938,0.48501997205390673
F104396,0.4837915139287177
F117056,0.45929820853209735
F123896,0.5284883434288538
F120726,0.44552150129830986
F121823,0.4485769514456799
F113548,0.44242071399407973
F120616,0.45617984783380433
F116391,0.4497135014333865
F113049,0.5302506575005097
F113818,0.42779697330124455
F110072,0.4247560146582101
F109588,0.46352070316593363
F115906,0.45331603354775873
F120576,0.5306250635422286
F118413,0.5534906997884502
F113174,0.49572736760859726
F108700,0.5092425094234493
F120069,0.527239265442632
F117480,0.5139784597096831
F117064,0.42231761487306096
F112404,0.44101536923302254
F112863,0.4594170805513682
F103935,0.5541531319601855
F124344,0.5157082609734536
F118087,0.4932959893317718
F107237,0.46682777382479135
F113866,0.4885740107540568
F120676,0.43958434574053035
F106787,0.5104373844806112
F105649,0.47294732652375704
F124100,0.4500643602016703
F115945,0.4656056463587237
F100441,0.5122390318102047
F102525,0.48546282653539113
F122088,0.4777055759160918
F118867,0.45690671405105354
F107232,0.3928523833276514
F102769,0.5303141387098846
F110807,0.4905412589399533
F100438,0.520554904950397
F121910,0.4847693163615747
F111480,0.5475111696100033
F123340,0.48160616557414265
F103042,0.5033887040753965
F107596,0.4549664752239268
F115776,0.4964160047966514
F102502,0.4831358955270459
F111318,0.555705968755493
F112062,0.5626083704555532
F124792,0.47644247880614904
F122966,0.4568444309302814
F110465,0.4491653437743613
F116038,0.5233800839146335
F102188,0.4551981317913444
F122326,0.4163880226915295
F114610,0.49254455554386467
F112674,0.4526792634334336
F113381,0.47232154157564543
F115351,0.4840431260985035
F100891,0.40233026195910404
F112199,0.4618294070760928
F119698,0.3952029290033841
F123440,0.4448387761631274
F101164,0.5048766987415003
F108790,0.3960242357160355
F109130,0.49021820374966213
F123152,0.5156211287377434
F101544,0.43044648226442395
F103474,0.5172369609947313
F109574,0.5214903801066377
F121431,0.47936372879228323
F114966,0.5255510885402369
F119928,0.45819897636283047
F113901,0.44353981059001985
F100133,0.5536329965456248
F114828,0.4502689379692849
F115554,0.4830008094149161
F105903,0.5563606743325469
F123392,0.46934659919833593
F109145,0.5090365866418779
F105656,0.4992272027459832
F111280,0.5314143648326095
F107504,0.428998405035298
F105564,0.443297003406855
F106909,0.47231263446196187
F116486,0.52641851922746
F124281,0.49205016690765946
F111436,0.479131613825089
F123782,0.45457609219569795
F107371,0.5145101547768103
F115651,0.441927248776519
F116494,0.4850532446232531
F108845,0.39480583838161853
F115890,0.4474160247914912
F119552,0.5655121147433171
F111516,0.5481798666710916
F112465,0.5223988539533664
F100643,0.5173890318173701
F123291,0.4590917880658959
F108470,0.39829368477396215
F106417,0.45735264792285296
F103424,0.46606807964568137
F119908,0.4591209318340655
F105719,0.4574027060514206
F113530,0.4357844136195104
F120259,0.42595094895849034
F101281,0.4752923585120371
F111685,0.4388237235222337
F105203,0.3968397321347453
F107678,0.4468268023806302
F119335,0.45613734114746685
F103601,0.46481315974422255
F118229,0.5155971423522783
F116112,0.49070184081195545
F111818,0.5394595713597901
F105707,0.46491004013366666
F112311,0.4828058495619025
F115246,0.4502653210005451
F103359,0.5018584547424356
F120089,0.5501897860867608
F120875,0.5322300360562566
F104362,0.45145222470314444
F114442,0.5334004618819702
F114182,0.48740526017118935
F110118,0.479893040942432
F106175,0.43971537175065095
F108537,0.5493887409623942
F103204,0.47382380472729363
F124978,0.5005039853771153
F122021,0.5057530111635167
F118039,0.480970869115042
F101238,0.5335058125153839
F113274,0.5118860471085704
F104550,0.47674777066350477
F101330,0.4516602793126384
F116399,0.5269339101255234
F116644,0.4641956706228543
F116854,0.47080911565758626
F104164,0.443627991153861
F116185,0.5137081704295491
F105730,0.4406566014043612
F114152,0.39470524443354343
F111128,0.4423466665056283
F108709,0.48611978770945
F115912,0.5107498709251298
F119894,0.44213427061427446
F106493,0.5252475842183689
F101189,0.4792945150529436
F111139,0.49439236813259807
F111006,0.49323750101782443
F107577,0.5491401280508452
F117510,0.5028520268558803
F120494,0.5224614285207543
F117719,0.42702474619912895
F122879,0.4349451014459866
F107625,0.5388765377374463
F105437,0.44001303603025876
F118010,0.4968550529621651
F116881,0.5061280107287256
F100187,0.46358211987621856
F121376,0.4975568114014777
F109587,0.5166927932984402
F103688,0.4361978566281664
F121488,0.4613892953452681
F117629,0.5306894799458975
F105425,0.4989694601666616
F121404,0.4741628272523049
F118337,0.4549671988304697
F104030,0.5318868011003232
F115256,0.4609656654432806
F123740,0.4587712612909181
F109670,0.5079627965762621
F110823,0.5349901766088581
F103197,0.42714751614441065
F115021,0.4273913787609925
F100459,0.45302701664274325
F122047,0.46713424466607517
F113025,0.47480139480838185
F120777,0.4709280076228384
F102882,0.4592060262099784
F105070,0.5003767211164539
F114682,0.46335775187455114
F116192,0.48644139066894937
F104397,0.5275288042015702
F120524,0.49081085816518283
F119934,0.47269080844227856
F110929,0.4952745770459726
F102859,0.48112718809661087
F124754,0.43380581789704703
F101087,0.4641083095863844
F109233,0.5220978235819657
F112119,0.40945199230755724
F122242,0.4258387511789114
F120785,0.5045303608563128
F124559,0.5294781905210819
F110824,0.4867898396572402
F118459,0.46006242632563366
F103051,0.4225366658094956
F105150,0.4651794359229914
F124944,0.4387896881188457
F103363,0.5063982392458125
F101489,0.5198191707184966
F109369,0.5015605847498823
F104904,0.41318912850152656
F111766,0.5301603796599627
F111931,0.4651518725289934
F103979,0.4474974869558136
F110559,0.47839696233423584
F122549,0.4242159986909339
F119047,0.41593380189499984
F106513,0.4824876180283194
F100803,0.4239791645371391
F110961,0.4143186370223628
F107236,0.478376634966065
F109756,0.5101034046051086
F105762,0.47619343815344833
F110064,0.4606747484635676
F117417,0.4216612889801663
F100074,0.5213267183864922
F109326,0.43257295558015646
F114621,0.4409914350796049
F104151,0.45188624727973403
F118524,0.4806297094738666
F103836,0.41381712161089607
F113787,0.5195164571896794
F105820,0.4418077566702109
F103783,0.471209221749871
F108993,0.48590808358370585
F100775,0.5644429728891401
F107481,0.46928754129304767
F111112,0.42963697685787455
F117751,0.4981593808234751
F112203,0.4789415110022135
F111119,0.5344162665209536
F117114,0.4520346133874511
F111458,0.48786032252832057
F115086,0.5348660022635114
F107349,0.40548169435673936
F103152,0.41348319524078647
F103723,0.4826933688751614
F110188,0.397611529356927
F121282,0.5045629114362956
F111781,0.5241897381155634
F110537,0.44748729513458296
F114249,0.4220124602137958
F103527,0.5266577464125847
F115596,0.43571873250099435
F121388,0.48240193562596395
F104942,0.437174143501474
F116910,0.5361887345593442
F106905,0.5217653662789453
F112994,0.5428934411558273
F120535,0.45196017191697085
F105123,0.47463903061884527
F114679,0.43243304814750766
F101779,0.5202697192844941
F118270,0.5001397182809345
F123714,0.492866959672922
F112307,0.4169634477836005
F115870,0.565128776024595
F113144,0.41242321354659967
F123133,0.46930621909542775
F114349,0.4651774935832415
F121855,0.44180688075530367
F111044,0.4515456519408874
F108224,0.4627695146237808
F102671,0.4745253486017656
F113859,0.5174721149616719
F120245,0.5062214625679577
F106290,0.49484667065456556
F105685,0.5388407679801462
F105097,0.47510762507592275
F110498,0.46813397608736396
F106123,0.45898346636271037
F122927,0.44016761865775944
F115219,0.4251317617771204
F101377,0.46353863621477515
F117468,0.4526450855512287
F118829,0.4603226268491761
F112690,0.46079620387705794
F114255,0.4235409221927154
F111474,0.47867821087144713
F121971,0.4693851703912613
F108844,0.5374801522635039
F113348,0.443774410826576
F104569,0.48800731884115556
F120611,0.4951853757060688
F113173,0.519002817699754
F118633,0.49224705132979646
F104251,0.5753654312459618
F104671,0.4932808055950407
F123798,0.4992741270075159
F116010,0.48763376003790304
F117979,0.5256596260424955
F122376,0.5930951542514059
F108669,0.3916934540013861
F115302,0.4355939606496307
F122815,0.5052963683352526
F119004,0.4665149725478798
F118644,0.4389197155333452
F124540,0.5615719085328237
F121332,0.47902128964422896
F109027,0.4851980827508902
F119425,0.4765090637007875
F107040,0.4550392998868053
F112722,0.4988326971111979
F100681,0.4631095858403384
F120514,0.44584902010754784
F101855,0.4751299927118967
F123344,0.4616033669347778
F101123,0.4462639893026838
F108986,0.4405559542019227
F122938,0.484267121529988
F116817,0.4694823906573429
F109201,0.5006089200930749
F103697,0.5080807951628908
F115502,0.43507773138965355
F118720,0.49951607724793123
F102464,0.5271480136141024
F113800,0.4608360627138347
F119446,0.4175524940174455
F105054,0.41783540246715595
F124894,0.44134964491751066
F115433,0.4545340033431119
F119757,0.47597605023164496
F120112,0.5610006675547494
F118927,0.4914758184362837
F120805,0.49758390443085027
F112273,0.5200378547808473
F116197,0.47386020339242835
F114863,0.4580389613698542
F118241,0.456939586653118
F119729,0.5273624344743778
F122423,0.47273335929164306
F105359,0.5211257190477443
F123129,0.4343920187775748
F108755,0.49661620517860267
F109675,0.4511525061886115
F110349,0.4330352664623307
F120381,0.4926891926173254
F124501,0.44012694003519787
F104682,0.5144885663817831
F124009,0.4444787611313079
F108849,0.455987933957194
F115855,0.41362632494393853
F111929,0.4518597211776513
F116938,0.5092917843075995
F113587,0.4889605212682546
F102665,0.49589400103267073
F106210,0.5134687186389464
F121703,0.5770277939327754
F112925,0.4169780647088821
F116899,0.40606197834105245
F124171,0.5517858204659393
F124990,0.492540112787418
F120039,0.41978616835954363
F111382,0.4811656200659819
F108213,0.43548332194074596
F107820,0.5106012001135573
F115509,0.46522644701883764
F118349,0.44151827427821644
F104318,0.4497533550237839
F118304,0.5645426237780865
F111005,0.469708955263635
F106972,0.47008782473276195
F109404,0.5080665451219692
F124981,0.5491730109276923
F122758,0.4177090418011513
F120098,0.49343438143190704
F111347,0.5641963636344193
F115655,0.47399455318478756
F121415,0.4523237595120855
F110492,0.46329647445383293
F106495,0.4794725961693999
F120074,0.4688958361507326
F102440,0.5113284172910791
F123489,0.4701771201919535
F108096,0.5497978389173829
F108872,0.4447808531369879
F119904,0.5671187932667615
F112636,0.5361490022867198
F106662,0.47184162460081575
F115898,0.4854093555371953
F112108,0.5601436047859981
F121024,0.5219601308540387
F112774,0.4438559958918317
F111413,0.47498010650646255
F109759,0.4592405658167196
F100772,0.45944988272058046
F112389,0.4369445436997664
F122276,0.4492918725847052
F105336,0.47122284916446405
F101607,0.49722273592823946
F121295,0.4725813400861697
F124818,0.5037879625800455
F112531,0.516501711457874
F121503,0.4740112792009555
F113282,0.5492778441697537
F106428,0.4265389460758282
F123390,0.41067953090679715
F100274,0.3953576232425645
F123460,0.44068302767075307
F105884,0.4793122748314378
F116602,0.47175281015612686
F101451,0.3880495905666797
F105282,0.4980497025063532
F110639,0.47890777601776435
F123126,0.49432586075195256
F122571,0.48414350624322666
F105726,0.4712086695150589
F121789,0.49123831772235554
F117998,0.4429752322774264
F101634,0.49205316574006397
F122216,0.4847496767593275
F122406,0.4789014644133853
F101560,0.4982989381932698
F116183,0.4636255401541617
F120127,0.4510526834235239
F118436,0.45630559702825585
F113853,0.4740980971573611
F119350,0.49202337218899295
F121868,0.47594438966347424
F118879,0.4696369485674735
F112708,0.43444767877668616
F109637,0.5352784975024302
F102757,0.4547100734273928
F124866,0.39063623915226964
F102873,0.4893163445359271
F109215,0.5288137131894588
F123681,0.5018259557572612
F117392,0.4615567621646937
F104750,0.467402982009702
F117615,0.4566130057589141
F106295,0.468564116822231
F104877,0.5247058487822192
F101582,0.41908959679984154
F119339,0.5050681293207937
F121141,0.5045361866949721
F120774,0.4754825323924205
F114494,0.46003891838500927
F122672,0.49334523389007257
F120362,0.42921233703999934
F110151,0.39500637964591984
F108911,0.4452290921861261
F118926,0.44325346764857265
F117352,0.48230353106162666
F103991,0.4221041432926336
F107315,0.48259354157057704
F104856,0.5889117457096278
F123322,0.49086199347322174
F103486,0.516597884774805
F110563,0.4569122561827107
F111624,0.4299056779165357
F121013,0.4097663203682807
F114715,0.5159313653542681
F118999,0.4600354634050676
F107957,0.5046875935647306
F118045,0.4854329407733978
F122002,0.4021146274816488
F103326,0.49183735993709365
F110651,0.4775162060637956
F121518,0.41546019215954905
F104349,0.40998123334109565
F121134,0.4658954419314484
F114934,0.49466002838803147
F102900,0.5020124903098353
F113777,0.49855639950796055
F120023,0.48724970011518304
F101205,0.5170975450330255
F115040,0.5279108424099919
F123546,0.4395604744843462
F108218,0.44942673855936444
F108033,0.49219200040509564
F107014,0.43999032288217604
F121079,0.4419461651451725
F105514,0.4620380524022975
F104662,0.44914255457003277
F119205,0.42922823286478606
F123188,0.5337258942659734
F112304,0.4370658558767668
F122885,0.5052723130372394
F124825,0.448024313614917
F104777,0.45481090236000277
F108969,0.4625472873858516
F116859,0.5300221768076878
F117296,0.535963313981046
F110562,0.5605623484179763
F122435,0.5329239125868827
F114589,0.4853299239086631
F117083,0.5182837230405958
F103683,0.516237302356079
F120173,0.5809327136611774
F107869,0.4742592138106432
F109736,0.4999364950629641
F115522,0.47356458438844196
F113163,0.4798511759357412
F110841,0.45481208443936993
F119566,0.46414173325147745
F113638,0.5256096765156225
F116398,0.4564099430605997
F109054,0.438872889536844
F121206,0.4555745048675064
F114011,0.4451017786302856
F108561,0.5001325749644766
F112178,0.4529172646822279
F103775,0.47182300995807785
F117690,0.49083200613821837
F110297,0.5518166811847419
F109301,0.5619502132845436
F113691,0.41117495404512777
F108570,0.4680395141296514
F110817,0.5674258262306026
F102335,0.5169071685786982
F107243,0.4907573222694724
F102543,0.5309641133364396
F112852,0.48306443248884096
F124523,0.4623644685417238
F117169,0.5128433017609786
F122369,0.4756394974740347
F121303,0.4434911137915841
F113914,0.47887445815886126
F105755,0.45330999321499427
F107263,0.46833419929002523
F118103,0.5262526006411727
F114588,0.430778133236572
F118190,0.5278540599468382
F113620,0.4276508894567056
F112699,0.4301297205689471
F117741,0.5360580616223783
F112564,0.5483043116370241
F108405,0.4766460392453244
F101225,0.5504245243109924
F114620,0.4588607597655708
F101537,0.4892738760637698
F112840,0.5065305062599017
F124469,0.5718704699041621
F103839,0.5079929450867995
F102778,0.4217572121489138
F100456,0.5339740510475283
F102175,0.5485952878085885
F102961,0.4510983970623761
F110479,0.42523838168748335
F116285,0.5205476316899211
F105600,0.48656663167685965
F104202,0.49286784792540844
F107740,0.49813156485643556
F102813,0.48284247232921806
F109985,0.4428565972802795
F121652,0.43416680074327574
F117217,0.47277209370494266
F113204,0.553032315952452
F123432,0.5295277158331798
F124423,0.5479734607639418
F104231,0.4833144622372107
F123691,0.4394172761567563
F102716,0.595515652537173
F115196,0.43461878156588263
F121973,0.43275472820986377
F122877,0.5006907398349224
F113118,0.4560506430538622
F121209,0.4754738561376032
F124144,0.42920235237635607
F121200,0.47704263650957307
F111646,0.5558811777638777
F116909,0.4816634854423871
F102684,0.4418319295335957
F120306,0.40315993889636514
F117528,0.4248198799144357
F112964,0.47081135827973336
F119204,0.47492148158178465
F103012,0.44544056885336053
F116878,0.5080802456351607
F115026,0.43740007774338163
F104929,0.4994255413446773
F122917,0.40346495099103225
F118178,0.48088330776305466
F103158,0.4876103002567559
F120762,0.5045167430210178
F118876,0.4621158896607094
F102203,0.4682522162099866
F104143,0.4831348337026132
F110444,0.4745716437975679
F102595,0.4686637393595393
F106825,0.45117863926562085
F122839,0.5026811964340703
F117499,0.4664021720883426
F121366,0.459840881772067
F124345,0.551775788817406
F123666,0.5274088381167923
F124745,0.5250427079578883
F112321,0.4538522630786382
F114231,0.48039681319499294
F123891,0.503508885225613
F100990,0.5141278488131276
F101219,0.49319784698447006
F109500,0.4975831687222884
F106709,0.5413674343743958
F119979,0.43138029239203
F122162,0.4771391115414416
F108408,0.39707112781141796
F121187,0.47127553920050136
F108410,0.41011999197780563
F117014,0.4445294359464118
F105706,0.4292506895939553
F115869,0.41260132654012627
F119559,0.4276266282167875
F117107,0.438160326671217
F101367,0.3769951463512626
F108168,0.49375932029218644
F118918,0.47754727189993507
F124110,0.5573539371213669
F107400,0.5680611594662189
F122033,0.4919844991337194
F104052,0.46229712436466164
F113350,0.4543261801555161
F111725,0.4960582783658916
F109860,0.5695104942187281
F115017,0.5121753501780484
F115259,0.47980286930229205
F110154,0.4311617435462746
F100926,0.45791738858747705
F102228,0.420894337576485
F107046,0.5180206687600987
F108203,0.487230117225407
F110248,0.5210208081536412
F117460,0.46790180359946687
F111352,0.4991280817747206
F116243,0.4839329250813699
F116045,0.47438804649025196
F115608,0.4602035017931455
F120168,0.4336746923670821
F105327,0.5099220771872811
F121735,0.4913238516996623
F102094,0.4980181239488187
F106989,0.5715067679820363
F122140,0.49083463786435183
F124227,0.5315426951473312
F113251,0.43030299401729455
F114648,0.46866931086861996
F104090,0.4775908664344335
F115262,0.4176865103034331
F121671,0.4776717725420074
F114856,0.41765465082367015
F104690,0.4450544628231272
F115407,0.4227058084147029
F117034,0.5153877954175875
F100882,0.45067578104924266
F104773,0.40209001712742937
F118047,0.5464010035709616
F106758,0.5289956217347486
F119275,0.42867821058596856
F119227,0.5073820192316678
F100915,0.44719185436209463
F117889,0.4406967559851233
F110862,0.4644128477455514
F115950,0.47371767867396397
F110491,0.437854055695406
F113388,0.4723113564805474
F105406,0.49690406709080487
F112585,0.4527325657861563
F113425,0.44403515101209734
F119657,0.46521502887584665
F114015,0.5188408571590744
F122278,0.4507138759085806
F117549,0.4128301240559077
F117269,0.46850457118447947
F102282,0.5157305074178282
F112632,0.5270830457359788
F106548,0.4545884660253175
F113371,0.4696488473638405
F100565,0.5178193033944123
F105824,0.4088035589207581
F112686,0.4789839760917412
F100313,0.46233515384656293
F102864,0.47222954700311875
F102561,0.5666737539494349
F117260,0.5272032619280064
F106273,0.4764682387383378
F111251,0.4794727440657745
F100923,0.46345671294702206
F113779,0.46287118761606133
F111997,0.4904379889123238
F113741,0.46209223915384345
F110888,0.4532527329415276
F111977,0.41562502810137186
F123528,0.4265207846171614
F106677,0.46796433210475646
F100661,0.5285866174640738
F100583,0.443664580235847
F123555,0.46600737773199824
F102949,0.5249564281551145
F110984,0.4143267940356522
F120760,0.46534963828747383
F114992,0.46217496773984956
F105399,0.4651865687801652
F101361,0.4469179969405282
F115286,0.41166652868982123
F123603,0.4727690931173804
F112157,0.5069966053179528
F103395,0.41542656812600526
F122546,0.5163505599685742
F115818,0.46964406446011153
F101579,0.4870733478700737
F102826,0.5403091102565349
F112030,0.4403264374095317
F118090,0.546734384882989
F104717,0.5339972425582107
F107042,0.44704346074247914
F100914,0.4577222238727196
F121925,0.47758907067055345
F124403,0.47746617428133914
F122063,0.477044566893682
F111873,0.4396771762516852
F106543,0.4386763989348712
F120447,0.451765311669509
F105278,0.5321438851089734
F103430,0.49120599865475123
F121005,0.5060773535049957
F102069,0.4275275544664098
F119160,0.4179146101493593
F113088,0.4392802672848969
F105670,0.4890016941393069
F117836,0.42671232065449444
F121697,0.45226160200631615
F116829,0.45544957592280927
F117196,0.48663099979986685
F120476,0.4243391496244391
F107450,0.4429111266377845
F101113,0.5330348711689099
F119438,0.4793535287280381
F107608,0.4660710019597864
F104380,0.473629283157687
F113557,0.4686081525879962
F119095,0.47724027482519565
F117873,0.43378648104435
F116469,0.4690749040864507
F109576,0.5185331831625101
F117267,0.46074073471659427
F108617,0.5054565938938577
F113710,0.5010531129111345
F106581,0.5303501384399874
F123084,0.46548612635758935
F122281,0.5070159228737362
F121761,0.44071731680791254
F100696,0.39611065058409173
F114106,0.48278457081919857
F106806,0.5119780590660746
F111904,0.45177976188775215
F104250,0.46809861940108405
F106718,0.48129502281187625
F113600,0.535763592390599
F105276,0.448641794075526
F113977,0.4458649912222296
F117702,0.46880641624828934
F122564,0.44441027323898696
F110176,0.5510228559921216
F108426,0.5150235518827303
F105515,0.44282268417861825
F103742,0.5256077545949537
F113197,0.45064872584845006
F111826,0.46556567758402445
F105450,0.5037692065354687
F119543,0.46115236649279745
F112551,0.46469423698201795
F110488,0.4515204833234369
F115910,0.46271619245783613
F100084,0.502916150481519
F114669,0.4260725562212389
F113029,0.42256526940911227
F115540,0.5139193858583434
F101528,0.42425358710344196
F100092,0.5165843586793583
F121075,0.4178154177570591
F116053,0.43567538827669616
F105195,0.5232843559393047
F115779,0.4372873145648058
F118320,0.43556474626505814
F113937,0.4701179371959009
F107999,0.5477763699442348
F109671,0.4855310367193295
F119267,0.4628920151690291
F115338,0.4663605132018494
F101746,0.4445057892543633
F123963,0.4753244567801012
F124023,0.4175520477067782
F120213,0.5201197916618344
F122848,0.49647486770886334
F103793,0.4420520514630871
F122575,0.4599853032451918
F101210,0.4667420035246485
F111055,0.5147500998820439
F103271,0.4039667060584506
F118329,0.42427343874073664
F115167,0.47386514177992034
F121921,0.5309974312962056
F118460,0.5127490285960316
F123992,0.4516132539643778
F119948,0.46045195064797545
F113756,0.43881371197575747
F121581,0.4621817703125179
F104847,0.5072875471437381
F100079,0.49918184016029804
F118513,0.437792123103536
F105053,0.5271959833948847
F107072,0.4575905881786343
F109164,0.44295266711404524
F115544,0.5083937156112115
F115440,0.46368216238747895
F109406,0.49937383774918265
F123244,0.47211913301658043
F102173,0.4504774637048512
F109606,0.4436149266283813
F103450,0.4260818678470776
F117442,0.4311228068746905
F124027,0.5288281847465199
F107438,0.462784660817493
F108206,0.5154903062180937
F110530,0.4899289313653866
F105180,0.43167566613396496
F101475,0.46286582562322187
F120643,0.4186901626890426
F101971,0.43765963689099263
F110419,0.47054021710375854
F108208,0.5114471308078152
F103955,0.43290011134211653
F102199,0.4240482128852091
F102866,0.5161846206253189
F101469,0.45365590086073154
F120884,0.44540302735887616
F120979,0.4476754616321684
F113138,0.4613212289336741
F108392,0.5238963594660975
F112571,0.45778816672660416
F116366,0.5199817311061217
F115051,0.5355726433394551
F114071,0.49016701050701644
F123677,0.524408721804288
F100632,0.47733963553551256
F111189,0.5268582293641513
F111096,0.5543331056448162
F102899,0.5261140154508288
F103525,0.5675052469801856
F114179,0.4675280561532133
F116692,0.4911898121033966
F122962,0.5264116904412566
F122941,0.5328151577398031
F116922,0.5376389250543016
F113151,0.4874177789558881
F117317,0.4669729841035331
F108468,0.4731085756530298
F109959,0.45563317180842566
F116262,0.5366907262271736
F124497,0.4345253359172225
F123433,0.5150533689474961
F114656,0.4835282045067394
F104118,0.41274709583531427
F101713,0.47544841337759214
F116143,0.42459346583144425
F103943,0.48031572877397993
F109080,0.4788958425620421
F113195,0.43830543171066283
F100613,0.4781461177451557
F102489,0.48991864777788424
F108495,0.47447883275942593
F119986,0.48594508530648856
F103849,0.4439802837187038
F123067,0.40475428502766886
F100929,0.5167751255287715
F110998,0.43944765968744076
F120261,0.4568107663357518
F118143,0.4299345538085564
F114265,0.40976713985039465
F122816,0.4554206251092885
F123170,0.4476786754642616
F116737,0.44998817056925233
F101474,0.4041380784972734
F100949,0.532374487688831
F105609,0.4175594463733306
F109628,0.4186347754808693
F100974,0.5663859181629892
F117677,0.5169205358867568
F123325,0.4458428612018078
F111536,0.542380109694575
F100026,0.5273267756906846
F100237,0.4797713841433952
F102154,0.48094716471670573
F107227,0.520073410628861
F113643,0.4343204129794923
F119359,0.5198414589300454
F108239,0.49018007831714977
F101853,0.4732273161732772
F111985,0.4615403549139258
F106842,0.4861026823022658
F102316,0.4438103881791544
F109925,0.491263423141296
F119589,0.46018509506741756
F121088,0.41875309949667316
F107139,0.5148775495897284
F105227,0.5265823901401102
F113754,0.5078939100462099
F108352,0.418528011666673
F111743,0.4178474704996546
F104193,0.4472288513914208
F122728,0.4411830126302284
F116575,0.41638799691627165
F104657,0.5252793712008069
F104363,0.5588738421165792
F114139,0.44785020172031914
F108645,0.4270004479341804
F115289,0.49008532783289843
F111505,0.4964254377984703
F119668,0.5020777892009142
F109619,0.4666085132642893
F104399,0.46071509991777937
F116968,0.5068968536491288
F112287,0.5007962397710042
F119242,0.4825235007546924
F123830,0.5184533478140422
F122770,0.5425387387298161
F107403,0.5295239983828346
F107791,0.4513534631288965
F123172,0.4137237840583088
F103170,0.5037721445568437
F123835,0.4841340879535324
F107829,0.4657938268690339
F106679,0.4906578201004615
F100267,0.49188623324879566
F117435,0.4676237667415195
F121772,0.4713923496593839
F105883,0.503513138625168
F102508,0.445101392226082
F124870,0.5409122843157231
F122787,0.5210459542786555
F116775,0.4403456024625991
F102960,0.43638713829363623
F108697,0.45011189391610673
F105934,0.49652061337706893
F102818,0.5206084208846559
F106076,0.49513807396433906
F104222,0.5153271636023439
F123272,0.5484134281872062
F112958,0.5269585625334474
F114957,0.5313401058379673
F119503,0.5360876488131143
F111915,0.52149942260611
F124101,0.5293707166907853
F108702,0.49678635569910906
F110112,0.5054125333864806
F117032,0.3956686678260812
F114132,0.5371169117200307
F119528,0.5279121177092662
F103129,0.5343035947804573
F123730,0.4838082692205993
F112748,0.5044101076192439
F107833,0.4302462849156394
F111917,0.49984732650145913
F109988,0.4410136419935178
F114960,0.44474055463364687
F105397,0.43810653889538176
F117747,0.43009829008459266
F108199,0.5313411519560569
F107145,0.4634480993416299
F115759,0.45087178302744796
F100468,0.4809764193430116
F119121,0.40777642604620123
F108262,0.513037405594462
F103408,0.4855599978884527
F101847,0.5653023689119844
F121670,0.4597653797939989
F112737,0.5255188413656204
F114503,0.47516516523947994
F109783,0.46275309591123404
F103803,0.5033757639269241
F124502,0.44921454635261127
F107060,0.5567889022155216
F113618,0.46482618802059744
F110554,0.4592075138310414
F124142,0.46201140241841737
F111529,0.5605117221659293
F120527,0.48855996537803464
F105910,0.44062527879511615
F123274,0.4797560290707239
F111962,0.5055406574371419
F117302,0.46742366063667046
F101737,0.4952813164982826
F101042,0.4566672113489903
F107198,0.5121882459921456
F103209,0.47672161139765357
F103520,0.536897226005749
F106450,0.4985634787595062
F101965,0.41163871584408773
F101960,0.4512572493076356
F103817,0.5046393827138694
F121375,0.4449232244503404
F120557,0.5431411019415003
F112409,0.4441143833530611
F113466,0.558853610707976
F124133,0.4958537672371126
F119075,0.47231383105107355
F117661,0.4512826437231355
F110507,0.4968065843705275
F119758,0.5029769732279962
F101457,0.5058282341794554
F123685,0.44956497781363847
F110241,0.5173940982966736
F114878,0.4883355287204928
F117812,0.556332531499256
F108721,0.4357046754372965
F103700,0.4865441468409268
F110476,0.5143225448556267
F109487,0.4052585571191267
F115127,0.4647996847820846
F110759,0.5249592811900305
F103714,0.4575992657680835
F104323,0.4343686807494396
F115758,0.3961729789245718
F120952,0.5156085787540929
F101923,0.44478145852152984
F115011,0.47312420308466324
F112113,0.4771228967354662
F122248,0.5316558903384883
F122490,0.5049712793104156
F123819,0.5081992191996102
F114743,0.5146644091743511
F124820,0.4630851246772054
F107639,0.43954994564103905
F117117,0.4443825754841712
F104612,0.445900485564855
F116397,0.4786462239639651
F103469,0.43555091331582607
F105969,0.45433454639654497
F116203,0.40572989413873856
F118077,0.49274429598639974
F117563,0.5205679835838118
F116407,0.5514021365651526
F122795,0.5078522921941078
F102453,0.5089681321013524
F114999,0.45469106683862454
F109520,0.47811497133372516
F101513,0.4423505173466818
F113423,0.5409614111438938
F104413,0.4243533269947613
F101891,0.4316691155286217
F106597,0.5255182248186472
F109864,0.428747449742796
F115201,0.48622698776513246
F121122,0.48413909694241614
F118055,0.4476689382462792
F118135,0.46362336340368704
F108868,0.5159211786335604
F117319,0.5160617225902939
F116707,0.5052739307196965
F108555,0.4341870905645276
F120365,0.46073610401189735
F118616,0.4661018196294661
F101170,0.47497597696137767
F104868,0.4139367677507255
F103136,0.4712300134112505
F112200,0.4721629691352424
F104466,0.45586567154202395
F100659,0.48476108528372697
F120018,0.5421053765375422
F101718,0.486674138182365
F102476,0.41498760863434636
F123173,0.47019001274247035
F100338,0.4852737204223304
F111262,0.39725300768117644
F110898,0.5259973150682739
F101767,0.4194882566249093
F120823,0.45267005306266567
F108292,0.5284698275601795
F107528,0.4688681417677383
F112036,0.5081905751896142
F123031,0.42292063125778456
F123116,0.5051080760605182
F119994,0.44391319210355495
F105513,0.5012835851078045
F115625,0.501076362589307
F102366,0.43839543106119594
F123791,0.4876347281434126
F117502,0.5140078276749611
F105738,0.44138361533226145
F100399,0.4420779296369285
F113562,0.5540604186259831
F124235,0.5202552874071089
F122241,0.4962488573157683
F109285,0.4337908771268463
F124489,0.5099838075572951
F118501,0.5111853886721959
F104964,0.5134456920087138
F110120,0.5402787528596938
F110175,0.4816892964895512
F112288,0.4973149383220582
F122352,0.4328837435799468
F119842,0.4490229894372843
F124660,0.45144052016640107
F116457,0.48525700956861395
F106012,0.45223352448993925
F107035,0.4178598524666739
F117519,0.4309571352986006
F105345,0.506498245330523
F113659,0.4872575969057331
F100507,0.49309016146465523
F104165,0.4638969264945664
F105789,0.48939651841949416
F104705,0.44751145642665385
F107966,0.5480955362715407
F121867,0.46625321857338864
F123175,0.5110194527563766
F102857,0.4759852103429749
F105255,0.5030910971965151
F118790,0.45199322528001384
F119545,0.4318972257038336
F106294,0.48653630947097776
F112249,0.5597182383293907
F119245,0.46149829605766085
F123237,0.4177564563978312
F106545,0.589021481365549
F113494,0.5470042074879927
F122854,0.4801856968807125
F115410,0.4811628320907264
F106678,0.43000652425156555
F124022,0.47759285834489973
F122045,0.5244796248950692
F115878,0.5117565815613376
F111462,0.45439331194739635
F106121,0.48032409858668046
F114443,0.5513914762359867
F116687,0.5098207067533627
F107590,0.44066067755460236
F103603,0.45818252393152126
F105834,0.5819145033140921
F118871,0.4634570518071571
F121666,0.4861739648663158
F103565,0.5680575394818744
F114849,0.4560844885103719
F124988,0.4832165106381302
F115649,0.528078092360405
F105801,0.47138902616377587
F109034,0.48573090879436603
F120938,0.46205583454267407
F104769,0.5385369934380029
F101860,0.44735124939584187
F100455,0.4158617650642406
F110707,0.4631857607884069
F114263,0.4601764756930738
F103345,0.505410608090388
F124426,0.5522749327869019
F109118,0.42598369869389785
F101844,0.5741300277158699
F100306,0.42912025852484814
F101166,0.5264291808234725
F117542,0.5625214734843621
F102326,0.4502509999094964
F122480,0.46537503557522436
F103442,0.5080281400945768
F122230,0.5448864048272257
F103327,0.5388964076256475
F111141,0.48112831937820494
F105312,0.5377225624109612
F106891,0.4503144158893724
F120222,0.448953449675125
F107630,0.4816227087934084
F110123,0.5437155747337646
F104846,0.4444782876936382
F104093,0.5515087202184735
F108154,0.4861380478101373
F115947,0.50133740511479
F124909,0.43844073659740845
F116388,0.4488186248579897
F124153,0.534767223667423
F113554,0.5083747048315781
F122504,0.5211652502763201
F122056,0.5317501092803334
F123752,0.5542730076599311
F122945,0.5003972559584652
F107968,0.5093664520157611
F122066,0.42549090715376675
F120998,0.46331605317394225
F111080,0.4881845742695563
F109249,0.5550922535094874
F101171,0.47214195533364606
F121221,0.4418936003318169
F119924,0.4993270866332845
F108453,0.4817902990205096
F117250,0.4766742672258341
F107656,0.4724734511254438
F105847,0.5371638488583708
F121429,0.47111485922998686
F112384,0.4752052682652686
F113551,0.5269841662896214
F100586,0.4825922994292754
F115434,0.4560290289133324
F114352,0.44859640954473257
F113218,0.5080034422169805
F109863,0.5209006912455127
F112751,0.5156762811682843
F115669,0.507309351870325
F119230,0.48458003638989633
F120634,0.4934291926419187
F116680,0.48296270222036697
F124700,0.4772497611870536
F119492,0.44485770500110794
F103881,0.4577340567160992
F118149,0.5115543659216856
F123376,0.47224466242295676
F113575,0.4730741197394609
F124869,0.4896980229325083
F110865,0.4744656402644554
F114491,0.44888309755828226
F118014,0.45113303054732745
F106623,0.4910593869435649
F114203,0.5378513302393563
F105485,0.46163719540780573
F124876,0.4786118186418051
F115428,0.5052911207367057
F107330,0.537269524378303
F105082,0.5232227854979834
F101920,0.43182030203411254
F115153,0.5127526738024705
F120704,0.4475825360718189
F115409,0.42848237441023246
F113827,0.4910276107529046
F122559,0.5185402198620692
F110323,0.5153617269156129
F101292,0.5286864761356889
F102798,0.4956796237555353
F110262,0.47026917302934634
F120737,0.5539167822623814
F108412,0.44365286823058453
F100467,0.5299570829164384
F121988,0.44776676231528706
F110964,0.4994160046170736
F107733,0.5165853022520887
F114591,0.4749361442380585
F111805,0.47183752444796695
F124251,0.5492959428483428
F104572,0.456495664914415
F120283,0.46059010769846315
F120083,0.4910926900488025
F113123,0.4520342390123363
F103125,0.5428681814319128
F102432,0.4600717676320386
F100413,0.5307363614677766
F116279,0.43892259839744996
F111647,0.4448784768559909
F113260,0.4875389806991751
F121527,0.4900882732315964
F106833,0.45387769064056416
F116173,0.43224302019765376
F106920,0.4407510964339053
F118448,0.4355604006467378
F106072,0.5244008307640204
F118428,0.44976775380467365
F109286,0.4415313531164655
F112379,0.4738604815852762
F107259,0.5181088857769668
F102615,0.47366762760711834
F104515,0.5222864270678281
F115088,0.47743290309294717
F100617,0.4876918861736585
F123845,0.4397152989393805
F119233,0.5349225935749914
F111906,0.4808326007851631
F101694,0.5044097589826317
F106459,0.4725558659429597
F102887,0.48433753674760105
F118363,0.4908782902658693
F120728,0.4337925411784931
F107896,0.4940764543310691
F120640,0.45605266464638167
F110909,0.4551369256230895
F113498,0.4330712070968171
F106596,0.46505275129219853
F124318,0.5194109372857588
F110727,0.44256837080054634
F124476,0.4168274811967583
F108549,0.4804243894963705
F102172,0.48892943034741587
F111235,0.5044930942730032
F106899,0.5244799586376615
F117025,0.43485344047046803
F108461,0.4506449069799564
F105581,0.45473689918252436
F123577,0.49609147344508725
F124032,0.4673386363220803
F119287,0.4818547892983254
F119765,0.5447563224252727
F108576,0.48198851255501374
F116957,0.4471182263448916
F106267,0.5295248765343015
F118728,0.5177291980236964
F115729,0.43812548404522705
F108338,0.45740980926629576
F106730,0.464999386350011
F100686,0.39852935556813274
F119228,0.5718623513739282
F114238,0.49241069424981476
F115521,0.4464239871881296
F113826,0.47083425755385955
F119402,0.4567485362883812
F100572,0.4258375777994497
F101927,0.42448380057815344
F119949,0.44951285464435353
F105291,0.4899505468752119
F116437,0.45492443733824467
F112560,0.5094974687159348
F120251,0.5132192417127891
F116802,0.4993520161318152
F119389,0.42749311967273323
F123820,0.4967935873721618
F115258,0.48099778939904725
F108717,0.47212278212614583
F124873,0.5135896995486223
F114476,0.5352832168720209
F120990,0.45662918152070125
F110280,0.5240034279441174
F118657,0.5276780282931953
F113653,0.42525521932351246
F111032,0.4608422401372499
F113290,0.5061493176598664
F107206,0.4350078696309204
F124491,0.5070512500479518
F119960,0.4903373053024314
F121826,0.4719015784086065
F123661,0.48663929779725823
F108671,0.5135182972951443
F115223,0.46253213373964475
F121220,0.5380720126433761
F114086,0.45480471186719146
F117521,0.45505670089292655
F118466,0.45131815890211957
F116683,0.4259854913247857
F118171,0.42681531980629134
F110166,0.41946034783315655
F112793,0.5063195672279445
F113420,0.5343203545057064
F102694,0.4372081669128652
F102964,0.5330370891885143
F123215,0.47194129863435513
F118699,0.5199001029037057
F102270,0.5432011050572394
F104899,0.47891753904989576
F108538,0.5452320184316078
F104794,0.4596917945493223
F122203,0.4896556802205748
F112607,0.5024231565702479
F111541,0.4674054289114321
F113437,0.4827821054356297
F123049,0.5070094536044294
F119923,0.4828161322395468
F120368,0.5640378636794877
F118895,0.45782467443281694
F105660,0.510817617837554
F124404,0.48608650993282015
F109421,0.5104541180103389
F104861,0.4453680689882256
F106728,0.5265906806074186
F111376,0.4833474789491794
F111401,0.4815346395560703
F100055,0.48158044237283343
F111959,0.3980453030264564
F106361,0.4745074454527708
F120508,0.49429301354087435
F113449,0.4254527058062415
F118005,0.4854705026540326
F122601,0.496546964288261
F108612,0.46500485190342
F103755,0.4485115186010167
F121622,0.4177858109987087
F111010,0.5189185903612005
F119381,0.40488687963895725
F122703,0.4985128477672179
F122400,0.5154740112274719
F110796,0.5559969942781359
F113331,0.40062922496696524
F101594,0.49474084540062185
F107465,0.5261072686169723
F115404,0.4162154530800594
F119621,0.48386726564317295
F106096,0.4482024313676203
F104825,0.46982374862848897
F109950,0.4953075320541457
F103011,0.5081265206075798
F124445,0.44237874437813096
F113394,0.5241560820636201
F116310,0.44399310632807815
F109653,0.4351838827065073
F101906,0.4206218109188343
F124258,0.5004655248659236
F124771,0.5589972119667616
F104353,0.413768579586219
F111615,0.44576023956846395
F122025,0.40669847723576596
F105961,0.4629920565380537
F109044,0.41529527098352365
F111966,0.44990471895100814
F113616,0.4568710032061597
F119714,0.4877597860030284
F123900,0.44628349497241976
F119073,0.509681905905331
F117729,0.47631460579684226
F124451,0.5440940770327065
F107197,0.41802781606853395
F120751,0.46471855536975587
F122533,0.5355236397204437
F102762,0.5095822471171073
F112275,0.44904977641435195
F122233,0.5041528206394292
F117584,0.45057999904906687
F104269,0.5383646216999247
F105982,0.41794516796023684
F103443,0.49941843498031896
F103575,0.4528918216603717
F119326,0.5357558449467361
F112593,0.44082862484186025
F122920,0.4710923417747744
F113150,0.4803251114509098
F119218,0.4653861483645185
F123532,0.5010193668721583
F108517,0.525235250255646
F103185,0.5464358622157264
F120372,0.4672998900675681
F120711,0.4766883444930012
F122751,0.44813047622398205
F117148,0.5015889137580993
F101382,0.4359398253371122
F101336,0.5153711995207806
F114429,0.5309315251008607
F124005,0.5300621427998594
F121138,0.4927843833957772
F109305,0.39042640152612906
F119626,0.5336749310379463
F117122,0.469810367242293
F111279,0.521464607764585
F118491,0.4464087100065755
F102456,0.4181797031848615
F110852,0.5579853574324545
F100668,0.510458461644169
F112299,0.4840818727141455
F102114,0.47535808410159486
F106204,0.45238177666914425
F118897,0.46502173497353566
F116517,0.5166165539244276
F113990,0.48628364672096464
F114506,0.47683697714068624
F111654,0.46103785861679253
F106633,0.5015552044565622
F122762,0.46754793773742764
F100699,0.5475229166097874
F109879,0.4450435884203507
F120356,0.4848611746218367
F118778,0.48706071807263435
F116747,0.4670527314079409
F110375,0.4499716835765167
F123738,0.411148343132739
F105665,0.4513613834829562
F105816,0.40300411551774
F110774,0.4504766860286037
F116115,0.48142042297090415
F109791,0.5392485051228849
F107067,0.42644713980363985
F100460,0.504439224461873
F102418,0.4629976466079173
F124231,0.4912249121462861
F114886,0.5349433307348409
F106252,0.47777926271052096
F100257,0.48092421457045903
F104943,0.42729309132713844
F121152,0.44305149392169596
F104356,0.47761567925739806
F109046,0.5446896363354419
F107920,0.41328280047606775
F117808,0.5480629313470347
F103777,0.5163966804310001
F111618,0.480751353266147
F115354,0.44560964997498254
F123315,0.43935378277503395
F115553,0.5326021688298994
F116526,0.43946815820317353
F105329,0.45385604720507555
F108922,0.5013926076323156
F100893,0.4086969740476463
F108787,0.4620505852990287
F108348,0.507131988216445
F110392,0.48225161469642464
F110074,0.4398985744079792
F111830,0.46465824792812666
F120265,0.46880353076215486
F115731,0.48722223048310126
F102463,0.5501029025200246
F105099,0.4739183297499592
F107372,0.4480875836834224
F120004,0.5031660073216049
F123034,0.45382629204690966
F103792,0.4286755977785999
F107862,0.42100075735017456
F101764,0.5472236402688649
F123095,0.41186071091122367
F115157,0.4865595592601569
F105695,0.4547286168247659
F108869,0.43190288649138864
F100805,0.4985204757173688
F106507,0.4859216563027406
F103990,0.42329547403273887
F100408,0.4275881037529928
F123377,0.4532810546246065
F113528,0.47815223086973935
F121163,0.48372605872206975
F123739,0.5094207965181009
F108321,0.5712704807661203
F124918,0.5488979847907661
F104700,0.5186150585312903
F101840,0.5199626185731288
F123321,0.4452292689655259
F102877,0.4543662355388951
F107592,0.4631378733665508
F114582,0.45955688966425917
F106039,0.4965901783166363
F112757,0.5318097739180812
F107563,0.44501911123532073
F117984,0.5073852380350579
F105387,0.4771224819875692
F112488,0.4240983883040597
F106570,0.4807192267419865
F110540,0.46501276445251416
F109644,0.5276034275725613
F100400,0.4615796652211035
F106529,0.43772883974773297
F108678,0.4284946426582772
F104019,0.4240662460712923
F115149,0.4211099286487029
F114767,0.4848696569783071
F103317,0.49488066146619836
F120789,0.4436329155780292
F113443,0.47131992862580796
F115974,0.48769557893153104
F114782,0.5295573114118547
F119745,0.5010038759035973
F116956,0.48762038564449306
F115065,0.4474113981736925
F110714,0.45214842696079444
F117141,0.47108739550176415
F118792,0.5865440207421596
F122720,0.4894468628114952
F113797,0.4529415438434598
F104571,0.5286232611017337
F110673,0.48554830750741573
F123743,0.5190189412372134
F109381,0.44332798997062406
F108237,0.43814816014800534
F118188,0.4485236614938586
F115807,0.489690648725482
F102869,0.5350190771762654
F110114,0.5078988389338361
F113857,0.5351893819996235
F124597,0.5521467271816635
F114156,0.4920214407146613
F113250,0.5400007741371531
F111792,0.46845519251593026
F120739,0.5248022728273444
F124167,0.45523902802795013
F100259,0.4944486761776294
F113089,0.4241143366027956
F108918,0.47241980285050184
F110007,0.4681034828134798
F106111,0.5602574806064535
F110720,0.5289072394513974
F110040,0.525779993172003
F118599,0.431764458276753
F102617,0.43814454420585425
F103444,0.5109715180528656
F120318,0.48043269004404743
F108864,0.5499175047667391
F110043,0.529386884982481
F106282,0.4956735732960002
F112276,0.4143170256625107
F100776,0.577652266232259
F104307,0.4158625777870773
F122548,0.43284000135351075
F118663,0.47427450488478595
F114708,0.46646891994961515
F124741,0.48570719951224617
F104456,0.42049707643161205
F122574,0.4339110564524441
F101496,0.5641567369988877
F108394,0.41551658711656536
F116509,0.5123100082443092
F106097,0.4383509379073672
F113324,0.48490399042649807
F118593,0.5215074628069403
F113086,0.47117007382340725
F110808,0.5408449470850989
F100136,0.39635851668329447
F101989,0.5109345532277522
F109684,0.5136376971726928
F103649,0.39084733727872684
F100141,0.4448141875400775
F109178,0.5135971119276266
F109905,0.4449482141500878
F101922,0.5104215196001385
F101696,0.4507600445581411
F115422,0.4877232850923472
F124874,0.469298538015227
F116487,0.4660053295798416
F119951,0.47325789940231505
F124326,0.4368901880670207
F120829,0.4561884561230059
F119119,0.5046562357206906
F114796,0.5468726711056537
F118840,0.46578257139142715
F124248,0.4192905404269309
F109580,0.48824591933120726
F107136,0.48931788893516465
F104787,0.5039853475968034
F115471,0.45278261203837356
F123749,0.49632928247088964
F114393,0.4562306009819237
F107114,0.5165911937157031
F117290,0.4578225607889697
F113147,0.4858505985801741
F109220,0.5294368179791702
F113488,0.4756265391186087
F105614,0.4277958346797113
F117192,0.46602327904655716
F104578,0.47767797738729656
F106195,0.4949686865755883
F122859,0.5027825150874503
F114905,0.47092242585338406
F109680,0.500812384918327
F109739,0.44515299286260623
F108604,0.432543818943754
F119926,0.3864793631648783
F110659,0.4598133454292908
F101133,0.4636904064942403
F102359,0.4935388793884241
F115119,0.5386800849697975
F100481,0.43443159620480604
F117859,0.3944131796616683
F111367,0.512446125637047
F120758,0.5256567728514364
F124992,0.4141467932220284
F114467,0.5243448737186467
F120538,0.522045853037517
F110162,0.4511536222103733
F119008,0.44251506660164525
F122180,0.47055712188956916
F106379,0.4759592435208363
F110006,0.4654884880288288
F110663,0.4404187952148854
F100436,0.450262800964406
F112795,0.4983432971200691
F101091,0.5337814236527014
F118900,0.46271667454789556
F101816,0.4769418295388426
F112398,0.4962424205087423
F106224,0.47206624635425604
F123501,0.48241351564270507
F103475,0.46883976658788307
F102363,0.4575578261483047
F105358,0.5097235960810734
F104829,0.5174907182522973
F100457,0.44197035987516314
F107272,0.5173994411723523
F102041,0.5341607130258299
F111053,0.5517793306304207
F100347,0.5174793754462588
F123204,0.4563275049258147
F108279,0.515538455669168
F100616,0.45547573256071766
F108313,0.4491829898101532
F123197,0.4375457741621328
F118854,0.512309938425795
F100132,0.5478718011072973
F112656,0.42316274617395244
F103975,0.4910647590266555
F119818,0.48322078562486087
F121143,0.4399519637167299
F107244,0.4317249087562457
F108060,0.47943000787161905
F122894,0.48515632506846995
F111741,0.4933905087809369
F100069,0.5627455740598863
F106307,0.47637105563840243
F115312,0.4883611120613272
F105512,0.4242585161621286
F106320,0.5495741560266952
F113802,0.479721075472316
F121722,0.4917832956462483
F118239,0.4731372389789755
F111846,0.4622907354730781
F102514,0.5582766954041937
F121294,0.44666897985593157
F111037,0.4874295106115002
F115006,0.5005490124087422
F107019,0.4298633895417323
F113761,0.47135979648846693
F111747,0.49961660604661146
F105680,0.5059584780944169
F111048,0.46407932960071874
F124061,0.48187365647127295
F115904,0.439961650937449
F118516,0.3944342504184933
F123588,0.418502582454705
F120515,0.5802346098659829
F111559,0.49053429117366676
F106530,0.48876160000731267
F103372,0.5368553779405005
F111819,0.4968325476564205
F121033,0.4958381733464159
F108710,0.4757336899245384
F107884,0.516364564157569
F100319,0.46904580845376576
F105786,0.5481051931994453
F102699,0.479836596927284
F113881,0.458320344160971
F117405,0.4543132147735027
F114220,0.44455379174433485
F113586,0.3931167551975064
F106525,0.5056183238452079
F110030,0.4621781604273943
F115547,0.5277737765305248
F118093,0.43797055406512575
F118288,0.48465719183266326
F117867,0.43425919894545373
F110432,0.46455255151186936
F106511,0.4614473203467514
F103281,0.4989018717735673
F104923,0.46495805051487743
F111180,0.47228837613505964
F105481,0.44741071476580135
F108121,0.560463151450391
F114918,0.4642436470343182
F109409,0.4573049175928974
F116426,0.5034731472822807
F117672,0.5805236551775929
F101721,0.4885582523807427
F109833,0.5879224044826227
F111326,0.45923479092226505
F123753,0.52076105429359
F113958,0.5300433844909559
F100596,0.5063477308235875
F113235,0.49154947564308465
F114019,0.4384415067216262
F115717,0.5070567028810474
F100113,0.4931775186418629
F103440,0.49762023223553103
F121111,0.47191113214819547
F124067,0.46127857192257077
F113172,0.4010332364479041
F123524,0.5239310705373409
F114516,0.484259202714701
F101435,0.47638432703649514
F120671,0.46544576513345187
F115009,0.4491084836089015
F106993,0.48908615699070207
F117466,0.45043802101461927
F115617,0.49446851102482225
F105878,0.43704615257140944
F123053,0.4381615204854484
F123785,0.45482274937951356
F114574,0.4321847009696902
F107437,0.39166945288324767
F119096,0.4326346107713508
F104087,0.46452232005567007
F117074,0.4035235555259279
F122044,0.4642941525542936
F100786,0.4775521490333741
F120152,0.4472949605660556
F112490,0.4585105211205859
F119390,0.5016994052781928
F111026,0.481826035225108
F122510,0.43335639357769173
F109558,0.40840370185702446
F111445,0.44701591582033046
F117942,0.47984017993588385
F104579,0.5257637040362135
F103727,0.4336586220578792
F106317,0.43204653139455
F103178,0.5564735983269727
F117328,0.4542375985760343
F107768,0.4600466150348751
F106182,0.43529035183456954
F121044,0.5352165156554546
F102099,0.46303607800620844
F100232,0.5105823056772594
F112679,0.45358101896435066
F102509,0.5032314642768159
F113624,0.5008382381341127
F114772,0.480264528092095
F110692,0.5234838702933072
F104192,0.5286171774921565
F113629,0.526326476855152
F102074,0.49895869230981077
F121676,0.4471412299580721
F111755,0.4920757313480127
F114514,0.5031820225592724
F120982,0.4564436906556947
F112752,0.5575803976733439
F120043,0.5022834156949214
F108265,0.4748341339145219
F124681,0.41419694888717945
F108606,0.48155394660048495
F112858,0.5286072941871046
F121092,0.491566616768206
F101178,0.485960995617028
F107149,0.443619404403424
F104620,0.4951054624989381
F108318,0.49126501532983197
F107654,0.4359351536735837
F124896,0.43579544680468457
F116837,0.44227483731637857
F117222,0.4850367340180159
F120007,0.5317988587719888
F102435,0.4699878983362573
F123038,0.5228440624987543
F116970,0.48491929254412675
F113000,0.4860433640915595
F108487,0.5059706032721576
F120673,0.45159579067231886
F120239,0.5197479661986123
F117180,0.49816164860631157
F122650,0.5149471015102092
F106958,0.525771066693681
F114174,0.3934108657514761
F121865,0.4055331906193926
F117237,0.49730605602269823
F106635,0.5292441987648335
F124182,0.471570854013124
F120917,0.4716327692478177
F110858,0.4478417016701716
F119426,0.4459475608612573
F110089,0.4523115323150295
F122620,0.45646884225173995
F101935,0.5007266081157323
F104613,0.4822423712051321
F102298,0.46344279941471944
F120586,0.48922773545129816
F100046,0.4454322208440159
F100068,0.4463391289375368
F102329,0.4799115030510369
F105785,0.4789270061354513
F112586,0.4629671462370826
F105272,0.3970440697263586
F121977,0.4814912632576767
F120410,0.4477545108591249
F115283,0.5583924074844845
F108848,0.42152788084215076
F115528,0.44624369591000707
F108267,0.45563973718061934
F112105,0.49050149111201347
F101488,0.48470205004060696
F114547,0.49915054931117836
F102462,0.5036850116347085
F102570,0.49854816555254494
F101198,0.47685683199501555
F121192,0.41005670671575745
F117306,0.5040181148972906
F117285,0.42333206614409735
F107695,0.41489673828007584
F124003,0.4537979029063448
F123512,0.5175519440127865
F118443,0.48073540838326473
F124277,0.5513831307830169
F112461,0.536502177020462
F110384,0.4401753445848386
F114740,0.4097495000526886
F113960,0.47376780520195744
F103179,0.46056468563162173
F117723,0.49539340181988295
F120387,0.45153323926911615
F100111,0.5158985242136597
F112568,0.45679632867668285
F107646,0.49547193193730676
F106897,0.4804508960018788
F100238,0.5020009545022774
F103622,0.42957345559500554
F111812,0.4545825894803306
F103416,0.5497405144077666
F123299,0.45699034547512546
F107544,0.45953107974557195
F110978,0.4685169164155331
F106090,0.490274690025068
F108764,0.5053558977747309
F100397,0.48875934586286557
F116463,0.5052716263430835
F116126,0.4692460084159556
F120209,0.43460943923759227
F123346,0.475251857448123
F101739,0.5204891657179155
F108434,0.46729749439659807
F115005,0.4978532753409959
F123862,0.4120105171018643
F124180,0.536415155210535
F124448,0.44512964383163367
F114337,0.47073486628964795
F103674,0.4769535368676086
F108345,0.4771038895297905
F115688,0.5821712697229927
F110266,0.4903637368406769
F100735,0.4730147467051021
F116776,0.49828407770637556
F117603,0.4820490042044629
F109916,0.41101233760706385
F105859,0.4394923726874813
F120267,0.5301249607486523
F100041,0.44181138567841893
F114112,0.5364878711853696
F122517,0.4747991588789323
F109629,0.4530148581393456
F112903,0.43124594753524914
F108998,0.4597298172633276
F108069,0.38716640231316235
F116501,0.534232451614736
F105122,0.4754312131516287
F112860,0.45915590052445454
F118610,0.5284926898226023
F105353,0.4117568528675617
F123045,0.4315738723608249
F107278,0.4963046671111134
F100318,0.46594552931687894
F109681,0.517801881115574
F101889,0.5257122937313361
F100483,0.4378025227889743
F118673,0.47085987264109225
F116600,0.4310056298097472
F116252,0.48137395173462877
F112777,0.45961525125992064
F115402,0.46237201725085225
F113566,0.5247029916695783
F119293,0.510684451689543
F110165,0.4434532669958776
F103713,0.5571344997254762
F105509,0.47097728867097033
F120449,0.4210237310650905
F120972,0.5333709820823862
F104940,0.446940446025741
F124352,0.5346627715610471
F119526,0.5379961162147335
F106770,0.44928402755272795
F104770,0.4159928836327262
F109952,0.4944113482119054
F116873,0.5338856709428035
F101875,0.472807965635502
F111046,0.46634532938339085
F117438,0.4409142317028433
F106212,0.5470869523968398
F109351,0.4456798416671869
F110387,0.5224154453881966
F108809,0.4837655318237378
F119580,0.431884889097335
F114125,0.460037797955285
F112232,0.5584451943651166
F113903,0.5437535488972589
F120591,0.5302078089075618
F114403,0.4647261588700175
F105295,0.496122687917989
F112464,0.5770844338444461
F117381,0.4939846480128697
F110755,0.5084681873621694
F118218,0.5292385553231782
F113302,0.4951416320973139
F106722,0.41373418858025135
F124082,0.45959054988237547
F113021,0.5409453986343852
F102532,0.4982552725931699
F121063,0.4882041939716326
F101080,0.49325947095645784
F104395,0.5428742440139347
F103376,0.44843161332669423
F110041,0.5273256724696427
F111916,0.43630526127311364
F116200,0.4945246397621889
F103431,0.40801990205949146
F118538,0.42928223861583276
F123514,0.534953235009602
F104533,0.3926071022227353
F103570,0.45285577481668327
F109084,0.45874286885336796
F114609,0.5187831994665257
F108504,0.4460173727583827
F116434,0.44395239641618933
F108227,0.4753237501016878
F100127,0.5500167138528422
F101259,0.45085203382670713
F107802,0.4932845042789177
F123662,0.508070292793634
F123505,0.40512827500976756
F103341,0.48040898267406884
F101878,0.472024670704361
F122335,0.5289612073103833
F114926,0.5178476743704807
F112749,0.4698187596690011
F120743,0.5599365122489066
F102372,0.4334898813583011
F120013,0.5145400228232787
F102001,0.4543771429842314
F100244,0.47649041507885953
F113693,0.4486401834608739
F115722,0.3891777521111146
F101725,0.501724458336625
F114785,0.4768434411610802
F124588,0.4420822386396314
F118819,0.506810496803658
F103671,0.46905480145094797
F111594,0.4792156071801983
F124455,0.4859475709856804
F121918,0.5094906670941705
F122591,0.4659721195155691
F113369,0.44986091964575947
F118722,0.5102692849564565
F116016,0.45343081804712093
F113935,0.46830803150139766
F109356,0.4723291674989005
F111987,0.46013762867717056
F110258,0.48790779929886857
F107097,0.46885033978967433
F112730,0.5070020244160495
F103556,0.4241657290913602
F123019,0.47093977046362623
F110793,0.5369597221852814
F103710,0.4621360769105036
F118667,0.4499158584136311
F108881,0.4955733028512658
F100493,0.40290857116119916
F103069,0.44110084867174637
F121785,0.4407721096042644
F113336,0.5147284282915893
F114546,0.520538293684392
F105586,0.39758086945739346
F104295,0.4631202051796445
F102582,0.484965462671797
F109445,0.444898480052493
F103267,0.4558743607904254
F107720,0.4690664090256556
F120164,0.508459041319186
F113248,0.5460636766762594
F122136,0.5444837741215055
F107342,0.504076563953786
F124093,0.4809379643585512
F113243,0.5284112722848083
F120506,0.43373288481138245
F102954,0.4769891361748935
F112163,0.5097707882836932
F115510,0.4837100630119612
F118183,0.44189817776381124
F121201,0.45365037322879387
F101329,0.4703186414482422
F100788,0.42835882151058124
F119650,0.47711793115543744
F102550,0.5163980609846658
F107739,0.4873296951099427
F114153,0.4172926237119805
F109546,0.5348436187895339
F117778,0.5270196059289155
F103118,0.5220652790884698
F111196,0.43534610899926907
F122656,0.41395721406722635
F115843,0.5133012259396089
F124569,0.4966756873468695
F108409,0.4403978707817232
F124571,0.4451485217387333
F114093,0.43717907881955587
F103005,0.4411287307924064
F110783,0.4122934709111328
F110012,0.48687515846811946
F113210,0.449674498022666
F105146,0.4808777996271674
F105652,0.5450898542137741
F111864,0.5182725289178082
F121625,0.43041806075815325
F108092,0.4784851206001088
F119396,0.4697850706811132
F107290,0.47615948887942494
F109707,0.439429264099038
F103049,0.4777799562890668
F118042,0.5365541294308307
F121709,0.46990208712691406
F122875,0.45936408758907504
F115222,0.3953030113152724
F124603,0.48342828838373886
F115790,0.4152365437117251
F115559,0.4415554052821442
F122931,0.4695125514322121
F123003,0.4818010871143544
F120315,0.47183474551931376
F106856,0.48491896616076197
F105944,0.44257808662426135
F119016,0.46908205304242645
F120432,0.4075782230925875
F103390,0.5085572597720734
F123832,0.4388288688338473
F104267,0.4552138724186276
F124155,0.47361095566256767
F122499,0.4888811465420459
F112590,0.46883089091260516
F108794,0.5132555298062981
F117884,0.45166519652132814
F101414,0.4332808560980803
F124838,0.46420526750606667
F120618,0.4835608620932379
F114940,0.4532567481219384
F116288,0.4500481535195702
F104706,0.4720147587592089
F119711,0.5133977791712894
F121160,0.4186885635739472
F119881,0.5300004787185351
F110371,0.5498213147248006
F110281,0.5061451280532965
F121284,0.49998116998579933
F114100,0.45777637170123064
F120596,0.4115967100831854
F109962,0.4971721759961234
F102036,0.507821718391966
F113259,0.4757911013449234
F112953,0.4387795442887588
F118878,0.5214449106935056
F108423,0.4668630697414504
F106936,0.5115916059637327
F100189,0.47032195586668385
F123756,0.5225958721885169
F124602,0.5649567631807184
F106319,0.5133115384349048
F110584,0.4670041522148776
F118770,0.44911204672605126
F101006,0.47194044585053185
F107568,0.5318909177769785
F124706,0.4659651701627202
F106804,0.42730855233904647
F117933,0.447110685610702
F122431,0.44422032185569355
F123497,0.45138781278343965
F113675,0.43372280019579873
F119945,0.492589288228157
F116032,0.49414505862501423
F121432,0.441999196927689
F103034,0.520780137108119
F102413,0.43208975773523234
F123265,0.5042508404235124
F115676,0.4947202400030821
F118594,0.5475338685091892
F124788,0.48578100976494737
F117485,0.41897277936182664
F102109,0.464529125294835
F105283,0.4367693157666624
F105569,0.476846551120114
F123605,0.5201667999435081
F122857,0.4293011553015975
F118086,0.5607609321282798
F106134,0.48429394089007655
F103631,0.4756936538164399
F112675,0.5255928422840912
F116646,0.4575592532359997
F115298,0.47433328409254183
F115971,0.4372748048498451
F120695,0.42488621734980575
F101541,0.4634684100657576
F104516,0.5051542921051011
F124852,0.5566870422398866
F117490,0.534255829243262
F123294,0.5161454459411228
F116042,0.4774533978864413
F115598,0.5054513100075768
F124606,0.4858014136993752
F123131,0.509279591952971
F114418,0.4359527695620114
F102839,0.4338706156292631
F121594,0.49296815546013134
F112979,0.4871433705271433
F122535,0.42906035508204654
F122674,0.4574669336947541
F105220,0.4427009020544924
F105256,0.5054725775464166
F122730,0.4862618673187168
F108822,0.4448461781718215
F111793,0.4458532619729608
F123812,0.4667648521117925
F118476,0.42445347789732435
F120551,0.5015806777710753
F121677,0.4637698515487427
F123876,0.4796306736706208
F121835,0.5121833267291117
F100352,0.4475536233569154
F107783,0.5097564818239315
F119602,0.5812889716773082
F111614,0.4978817417568585
F112908,0.49907306530137335
F121458,0.443518100466815
F116574,0.4439112252124761
F122101,0.5364065010255895
F110102,0.4440536388913248
F113364,0.44616061551687286
F119090,0.5471709604539504
F117669,0.4379978452431239
F107548,0.5200241298770093
F111353,0.44502803828924015
F107793,0.4887623773860296
F109456,0.4759532338291986
F119190,0.5271887946616711
F100871,0.4296277440344311
F124789,0.45792564255209217
F122820,0.48445470304851024
F116446,0.5100679869729077
F101547,0.4889091553401498
F121456,0.4622542441942122
F108139,0.4966069074775383
F102688,0.48830990046897155
F100211,0.491477138842949
F120738,0.4555746366119764
F109492,0.5581785409098504
F105571,0.49393721475923763
F113667,0.4792144314480001
F109585,0.4644589269033524
F114159,0.4721914021483975
F115270,0.5499370537988105
F117514,0.47574290028660315
F114057,0.43696428693026285
F111332,0.47553353784798713
F114967,0.5351149172493891
F122004,0.41795440039470516
F108552,0.4050223111519838
F101761,0.45368941319408074
F119131,0.4478191832227187
F102445,0.5604206052856003
F110385,0.4986373428300715
F123025,0.41060173177407727
F103895,0.5269967411128966
F100394,0.45166520377446434
F123103,0.4970744512518963
F124655,0.5016152411799033
F106034,0.5330352901277023
F109975,0.46761688576904237
F100749,0.5235314638951253
F124485,0.4759915985101746
F121707,0.4673362699730338
F101121,0.5162643309123567
F105246,0.43127239066817624
F102499,0.5064604347439685
F102212,0.4726413442613705
F115575,0.47001988768564107
F113552,0.5106578239176839
F105535,0.5352693441639804
F113396,0.46024848636478
F101324,0.49807793993584726
F120553,0.5596442986450588
F104704,0.5241980599931139
F121960,0.45328558827334037
F112070,0.5071225075940077
F121825,0.4671250017033434
F121673,0.39161916803480196
F103434,0.45049063235372544
F105296,0.432222152326007
F122516,0.4674044446863231
F100670,0.4630752204230197
F104567,0.4637036508061007
F108055,0.4848743611798786
F106746,0.4536092375729617
F100150,0.5027172956775631
F116429,0.38556861046059104
F111914,0.4078929466423577
F101880,0.48629681378676887
F110294,0.4717434943099403
F106303,0.4511926048523477
F122586,0.49121840989405985
F102804,0.4730498442595202
F104494,0.4524849403028439
F117225,0.4988750534214971
F104177,0.5047294446714575
F107056,0.4860950199800169
F100299,0.43950456510710334
F112302,0.441188941304139
F114859,0.44433924082935555
F121982,0.5496153755570468
F116403,0.4756289161574405
F119557,0.5256996090262424
F104582,0.49568724696122485
F102354,0.40777562249254024
F122838,0.49481871587952225
F105431,0.4708436523705255
F123713,0.5235198978996668
F106613,0.48119426920545094
F105958,0.49348009765197265
F101181,0.521065215520844
F104204,0.5220021493508298
F105710,0.4263080823389681
F107665,0.47979746999551465
F124567,0.48814792689766673
F123109,0.5153511463767569
F103918,0.4594121416686563
F124696,0.41896187651289474
F117096,0.4983304534568775
F105187,0.4970074073156861
F122220,0.4953459234472155
F114107,0.46783551680298985
F112136,0.5645078437898741
F118032,0.4377841216939822
F109142,0.47021904490317096
F106222,0.4684402083045602
F106298,0.4328447680889132
F101655,0.5547556171061663
F108665,0.4814110636921345
F104263,0.5562252672164781
F123869,0.49734693951025205
F124312,0.46769765865573265
F120942,0.43102912363939494
F107799,0.5094306744279499
F105173,0.4949386009428384
F119324,0.4152851481691016
F120332,0.4809297915556436
F114902,0.4964551502069339
F105902,0.5128500469434351
F101001,0.46800452817052896
F111473,0.4018571373155885
F110267,0.48034325284852214
F102348,0.5103333023250054
F118913,0.43567352676841337
F116563,0.4830910411284466
F110458,0.539754656737206
F110179,0.4740945043378277
F108014,0.5662122708534838
F102159,0.5346402478218263
F118487,0.4681501462215062
F114608,0.5235260130445034
F110313,0.4615403571312542
F124704,0.43387206399510747
F102057,0.48943399997752923
F100241,0.40279712065956247
F121196,0.47692655951006135
F107331,0.5388271130443097
F116932,0.5214047156041767
F113258,0.5010188308103662
F109453,0.4946988670731964
F110831,0.47588263591613295
F116694,0.551804395217704
F100843,0.4834451579269097
F104817,0.4772737760657192
F103448,0.5012362240198058
F109161,0.4670185818935452
F112255,0.45875200803143334
F118347,0.5567479445332509
F108525,0.5488520861160474
F121777,0.5121454817838615
F110202,0.41723094869751814
F122209,0.40255724664866877
F119286,0.5141855241135598
F110827,0.42165865616422465
F105330,0.4562461889780532
F106960,0.4673381444797675
F116733,0.4825412562665976
F114348,0.5073088367733262
F109408,0.49706869408551413
F109497,0.45978237476175654
F105552,0.42518932489974015
F109376,0.5412243334672262
F115208,0.4347696664910163
F103353,0.5046099515360004
F104806,0.4902627444376125
F103276,0.4965626087812538
F117153,0.47504921071923617
F109447,0.4606715866930528
F117572,0.4575980701862713
F120533,0.47581708883654933
F102829,0.45017725504536077
F123721,0.4574430254838771
F117607,0.5669552765471836
F121646,0.47525594926245046
F108865,0.4840611101568047
F118222,0.48358787598548497
F116585,0.5199881010922934
F100804,0.44234256162927804
F109867,0.4779911023612708
F104274,0.46591050215488444
F122752,0.4697820163143823
F108635,0.4718034240691908
F115699,0.4807683404239217
F109846,0.4199466385735494
F103151,0.46815872175246637
F121216,0.44334771375569254
F100833,0.5340147565719934
F103664,0.4478964365347969
F114986,0.451635849194666
F106330,0.445570351382563
F112616,0.428392378105223
F117516,0.42228718164648876
F103206,0.3981168637151659
F102168,0.4130849101952128
F119550,0.4838988466220174
F117544,0.4931963734278782
F111964,0.4226134242780901
F108758,0.4305444940988019
F122380,0.4120010070788241
F108388,0.46640569178531327
F105221,0.4409480671598062
F112011,0.4807701177715703
F122060,0.45913855350569116
F119625,0.47366791816606674
F116159,0.4558156963738229
F118197,0.45213819413936257
F122855,0.4515861377219111
F103280,0.44452326698150885
F123066,0.5127864671507336
F114489,0.458654418986494
F113341,0.49566599382477383
F123104,0.5239351931781779
F121913,0.5038406968061295
F116967,0.4871588133995502
F117692,0.46299400438790245
F114449,0.540234866175912
F114917,0.4343465480788008
F106626,0.49284676079490997
F105752,0.4857339703955095
F110180,0.4327616285649234
F122579,0.4514884181946224
F104771,0.4487670534045968
F122049,0.5651357849338192
F121834,0.48019147212635793
F105643,0.44697157117859576
F103538,0.4394074398641005
F104641,0.4598044423638757
F105709,0.5179156588360981
F103610,0.48837825305957455
F120886,0.4409116921545109
F114229,0.5395806460516508
F124875,0.46965297141724416
F110680,0.5550080207986002
F101671,0.4599104684253881
F112428,0.4398974892589255
F102048,0.4837468418105432
F121862,0.5040372140314123
F106191,0.5242246543338038
F104268,0.49519543470011357
F121265,0.44101627301521285
F110088,0.4159557242089617
F116110,0.48332938315219753
F124891,0.5390165749834639
F110683,0.5753970759138808
F100801,0.42376997733256616
F104725,0.4522897838831642
F105176,0.4310031106031938
F108128,0.4878976086828438
F120237,0.4488676626663321
F100023,0.4593134597077049
F110705,0.4817992187371643
F115600,0.4838022181284215
F124518,0.4094997377662132
F120303,0.43060977553379903
F123287,0.5081307977672604
F120924,0.535277619976028
F109199,0.4328284529557089
F102014,0.5657467041334324
F105763,0.4158380303443846
F105638,0.43737515714832187
F112786,0.4989004635751163
F120516,0.48419486375841936
F107868,0.5191009983961475
F115045,0.4469658526545421
F103465,0.49005736321871235
F115988,0.5341070723857265
F100205,0.48386946449756124
F113413,0.4999653509134461
F113198,0.4509563113899008
F101460,0.4497631108689626
F106150,0.5233744094954027
F110552,0.524257797121048
F114387,0.4064157419909921
F116026,0.4611104531071729
F100626,0.5494411712373294
F123500,0.4844592509672914
F103668,0.4658876283370642
F101415,0.5334226354251408
F118214,0.49576136184083003
F116914,0.4358520819280034
F111586,0.4375586541050849
F101520,0.4410304605880568
F113776,0.5095326272590834
F100242,0.43377758519910226
F121541,0.5756952142990048
F114306,0.5036114011967521
F104640,0.48378277911781087
F115144,0.5035279931919749
F117476,0.458970728954188
F119201,0.4433355368912249
F119942,0.39840772323614887
F121040,0.43456730319007897
F106973,0.476487383846181
F118779,0.5273453398522586
F122201,0.4794809405643758
F116886,0.4326268362976842
F102466,0.4864952811283968
F102121,0.41478627164913584
F108853,0.49914371716836975
F117553,0.5213795467351934
F104284,0.5781714541192418
F116616,0.41304347252905277
F117409,0.45793410829955417
F111888,0.48186464500560766
F106624,0.43323416258653696
F120501,0.4944750447026009
F101295,0.4793869086780482
F124986,0.4226422321262163
F109667,0.46980659423996557
F124245,0.45678029853287444
F102754,0.4675501148513666
F118902,0.45708375444118104
F100537,0.484760734962248
F114802,0.482031599476303
F124943,0.49748274295002476
F107886,0.4768800899883221
F122870,0.416517751531369
F112378,0.45936131515493966
F100221,0.5078521927689496
F113208,0.4679265648412501
F104351,0.43412797885722465
F115314,0.4392035988125887
F117939,0.5022453206964667
F109436,0.45840891529835026
F116634,0.4584859799442128
F115383,0.4755447315838357
F107327,0.4218610532400734
F108158,0.4894373057066478
F114614,0.48499882854179055
F123110,0.42876842059773806
F108691,0.5490921459143318
F107857,0.4707148798602662
F107919,0.4626996175039963
F115243,0.5120601758048212
F123530,0.5106788439069312
F103297,0.5127225478076788
F108000,0.4989758736752851
F100174,0.5290751445971343
F110677,0.4985882760556526
F123806,0.5135687808580187
F104614,0.49513739585066235
F106828,0.4810601436105259
F118335,0.527868750808644
F116127,0.4404288100519382
F106574,0.4670003253486841
F114778,0.49939716331960426
F122104,0.48210302329080296
F111475,0.4695747353682682
F104444,0.5209032570475324
F116934,0.5103423492431896
F122685,0.404490539207464
F106771,0.5167507295995001
F114030,0.47165898916294574
F114040,0.5034593939126663
F123008,0.47545504809769357
F117483,0.45019490770970577
F123134,0.5094712743039245
F109641,0.4572668386208183
F100021,0.40835928787547204
F102331,0.45103972586756397
F110192,0.5298595201626889
F112160,0.47568272288786484
F114617,0.43767153603710085
F101262,0.4775493587430291
F102042,0.4816287647049309
F114016,0.5298749900844089
F105974,0.43837340993439916
F121644,0.5316956082581901
F115526,0.4695897084971447
F120734,0.49777049626749553
F119489,0.4341355104761365
F108299,0.4721393892514541
F124615,0.44443688897950884
F102652,0.4010039588094668
F117699,0.4104446068737292
F118761,0.451041364677604
F123637,0.4780425566469539
F108355,0.4762077246962314
F100950,0.4661085541754129
F116741,0.5367772743915271
F112787,0.4363335081448077
F109995,0.4409031596335569
F113120,0.5031871778079301
F106926,0.5286580583663155
F119874,0.5179636282025266
F117045,0.45182056089153444
F107271,0.5046506282188571
F100737,0.4858656001178497
F115949,0.44820925573945947
F100611,0.5321287687995124
F111171,0.537673885414031
F110406,0.44867860979341906
F117598,0.4313226881967867
F102524,0.4709296042606803
F114340,0.5004295983820769
F106448,0.4506894112679756
F115408,0.4923020591905737
F112179,0.4468828807060804
F121369,0.4948125372075361
F110713,0.5066523028774444
F102955,0.4338770765783215
F105074,0.4525029796220191
F117019,0.4387135082826304
F101572,0.44323073721240636
F117916,0.4163923813879761
F120541,0.5339933966651742
F116099,0.5076327615083619
F115933,0.47615434433376247
F104099,0.46444819546757465
F111550,0.5664580214438933
F116738,0.4252519046518874
F114550,0.43880446378943083
F120782,0.5462222796140553
F109113,0.48537105070049363
F123023,0.45492988598261747
F107213,0.520941743002542
F123540,0.49303981024119076
F113169,0.4464150822558593
F105377,0.4477516962437317
F107084,0.47238865366405536
F103456,0.55493742275084
F103227,0.4533001753873794
F120513,0.521021197091087
F100015,0.5245146683200614
F122876,0.4492373519726745
F116229,0.4672740164704128
F119012,0.4610314320987401
F112286,0.5121133020634157
F107104,0.4445934607624018
F101822,0.5069924104310509
F109747,0.5163162766972491
F101029,0.4252457084184618
F115060,0.521669401088737
F117560,0.40733900563795844
F119779,0.39855795544487127
F104595,0.487526828444145
F114554,0.4568192102950994
F101801,0.42452787627863
F117575,0.43440540184235077
F112592,0.5132531913026607
F118845,0.4803501801201125
F102220,0.4498152542499449
F124831,0.5027249861966169
F119264,0.39859287174684477
F122355,0.5108433175733526
F108102,0.4710594435343751
F120918,0.42273814614989635
F123443,0.5228576766319222
F106225,0.512751658759475
F104738,0.47440588896977637
F114417,0.47737716552142784
F121976,0.4496907048634057
F106774,0.5805950091574212
F104638,0.5230442712268563
F119039,0.49125487721197364
F111484,0.4943727898716309
F110971,0.46158372767575334
F117772,0.5462803123153295
F122712,0.49793206056803735
F108402,0.45528993108304705
F100396,0.4966630377958141
F101740,0.4729233781635486
F103705,0.4679071079561878
F111554,0.42070515009649584
F106067,0.4255201147652274
F100543,0.39366671788101165
F113299,0.49769046610167267
F124487,0.5165620827594953
F103540,0.4451386760991725
F104227,0.42986669103260294
F124262,0.45503190312539676
F106168,0.4077463067348006
F121499,0.4778523693749429
F107348,0.4743202585221457
F115613,0.4903658310988833
F100972,0.4793018305975149
F114882,0.44472824634826313
F101137,0.45828055414829816
F106247,0.4743953054762654
F113304,0.47456264060386594
F123030,0.4763626487584998
F105610,0.5306643854143299
F112978,0.4782017573460986
F116077,0.5402280888729205
F118456,0.4263097598335358
F103194,0.47162179016996636
F115574,0.4542286017533544
F112544,0.5063023448102775
F119809,0.44641355457704024
F114611,0.518448439617453
F108134,0.4561018311540303
F100329,0.440429598658658
F108247,0.4082463232688492
F123227,0.5524895789721627
F121253,0.4810408746567621
F104626,0.466066518382269
F124350,0.4768738219649916
F113339,0.5427884437919999
F102915,0.49465029552797785
F114654,0.4533199974691589
F105273,0.4129930307210008
F100033,0.40047159873775423
F102742,0.5063911816791706
F120354,0.44094852964846015
F124715,0.5240097170523309
F110031,0.4917516921370427
F107906,0.4949521179839125
F120793,0.5284757635466045
F111450,0.4398991854493272
F118964,0.48716821640735003
F114254,0.4422552033463675
F106058,0.4306361080697893
F120668,0.477503937937964
F120913,0.4582675689030331
F117160,0.4988556382293803
F106648,0.5222132727837215
F116726,0.49483821952189555
F124577,0.4280015327805882
F111525,0.49111819344715646
F112745,0.47525705984623734
F119702,0.39811670910818564
F102116,0.41543216597045446
F108772,0.5176138939470688
F107424,0.5413720033868472
F103479,0.4920603442690754
F123149,0.4947155736515912
F111072,0.4809184414358441
F122097,0.4932257358696713
F114087,0.4762038866145381
F104809,0.5123216060252584
F114098,0.44277016936081287
F116880,0.5693733693823987
F100450,0.47370650625744803
F119057,0.5297720021288985
F103666,0.4099915981933211
F120106,0.44620178122189064
F106571,0.4245715982555792
F103970,0.4676648813761058
F123969,0.5128462183585403
F111255,0.49501091803732167
F103344,0.4899759867153696
F119143,0.5283612763622475
F116577,0.44032012018717204
F114734,0.5045067897664046
F111250,0.4610677034608251
F115135,0.4750611691377937
F117362,0.5079705565806594
F122260,0.4645385577664185
F121277,0.46928868242945043
F114783,0.490561875884703
F118109,0.49206048269766034
F100387,0.44747753281386526
F116031,0.460883054897504
F109014,0.4778899594692347
F117456,0.484276193076807
F113480,0.48787756691924333
F110667,0.4654077213806993
F101209,0.4957207801337974
F117971,0.5004008629411123
F112292,0.488702536574596
F117732,0.4838580448263807
F120448,0.43771261705162323
F119957,0.4743965723831402
F102918,0.49556212787569154
F122528,0.47291677523033876
F106419,0.484617182343858
F106697,0.4136910208353272
F109567,0.45509575485484516
F104619,0.5187674752467702
F102647,0.4421368126839858
F123916,0.5104935183064215
F109131,0.5084894593083426
F108962,0.5078515603055302
F104775,0.5462148502296053
F110756,0.42516443091534795
F113157,0.39082105020032565
F102997,0.4522089054716501
F110631,0.5021941517505036
F115863,0.5139574909422403
F118447,0.4302567573749488
F121168,0.49844689832988576
F111636,0.43569900982735693
F117868,0.5187382523672798
F111859,0.4785649587925325
F109735,0.44176052872741856
F105767,0.5200147488239832
F117143,0.5246380381592165
F116763,0.4779792264706709
F106437,0.4933297865150819
F102046,0.538244361561742
F107609,0.44273613861269634
F110945,0.4707602977935447
F105453,0.47550956864496613
F105821,0.5098948885300842
F116964,0.46498434063400107
F119609,0.506601810336746
F120583,0.39920541236735385
F106125,0.5093564201837166
F123144,0.5247809240023331
F119423,0.5545744121352987
F100607,0.44591660674264594
F116199,0.5079816126988015
F101866,0.4637207036980516
F104493,0.47571691613623546
F116889,0.44237053878314514
F109869,0.4444305794976308
F112334,0.4775795154897952
F119889,0.4314755553134304
F122065,0.49135854117959166
F100180,0.45820405406653547
F115350,0.4371168151610603
F109477,0.42007791973352365
F107499,0.4244947436724209
F105684,0.5148986013211809
F100048,0.4361934480789615
F113232,0.49179132851022034
F108315,0.5050439517387016
F118372,0.47911149026424993
F110926,0.5087028266861522
F118041,0.5211551223602497
F104956,0.5034018228836847
F122913,0.42879854698253494
F116989,0.49865723151805524
F111260,0.4538812029845374
F105667,0.40208687282728167
F100714,0.41555836384573097
F122146,0.4562651888770552
F119385,0.4776954607158979
F103670,0.48157809345114666
F111921,0.40700982277044834
F107414,0.4187846879418621
F110289,0.46300716944596293
F104935,0.5211580717162337
F115644,0.5021629779407534
F118561,0.4759631493468045
F100682,0.45010351784886204
F119620,0.4480328210616413
F102396,0.5690979093291408
F100888,0.42348663887363086
F124987,0.4398943677117937
F123840,0.46819196128407425
F120103,0.41058819680523273
F102143,0.4923745967610075
F112685,0.5241652549594331
F101695,0.49184330814445976
F111547,0.44756747164512095
F106878,0.4160680972363388
F105463,0.44382572580749247
F109522,0.4181785479472526
F111452,0.44386454686231486
F111170,0.4668771778565966
F114262,0.46227964206784805
F120833,0.4690749069771816
F102365,0.4523738463011178
F121002,0.41664411992267325
F109692,0.41977329937998475
F105334,0.4793761592822416
F106531,0.43782444060742565
F109518,0.5239128224540717
F120188,0.520106315546136
F122584,0.4799175203146615
F115206,0.5146941411835426
F107333,0.3845400515497297
F116085,0.5050398299518662
F121053,0.5085908809818501
F120289,0.5305274655998848
F102184,0.44818698952826447
F114959,0.4706225568628173
F110254,0.5406496694413482
F105043,0.49211385558330706
F119184,0.497422803252054
F109940,0.423595293687386
F108876,0.45556297996276723
F122769,0.5416747112908307
F123482,0.4720213897282941
F120725,0.4697888570023385
F106669,0.5165709204240825
F116794,0.50959636591869
F104178,0.4443801449594366
F105928,0.46333731887331364
F115701,0.4328090590840569
F108235,0.4562481638219723
F116928,0.47578558237400687
F118749,0.4871984328697631
F121008,0.4774490040942637
F103694,0.48551971211084927
F114240,0.5237553984953061
F120027,0.5212577083898682
F124782,0.47486314422661824
F116378,0.4265339589539935
F105209,0.4272962390478621
F112018,0.5180181262381738
F106250,0.5613265471854814
F109953,0.4591493734190178
F101543,0.3913720626164825
F121509,0.5460704032837758
F105628,0.40186884986925947
F115546,0.5259990580143141
F100704,0.4828942247881213
F110368,0.5244184638197935
F121528,0.5060133112152575
F101100,0.5407346853593207
F112525,0.4506720555259374
F121356,0.5084603033996477
F115951,0.4441423660731434
F107795,0.5119042422839365
F108817,0.5749213256506264
F111387,0.5182721612411892
F117804,0.46280211164481216
F110936,0.5123689107027287
F114004,0.4336103748433355
F107270,0.4362718568432379
F119956,0.5597559015097394
F111828,0.44431100055188355
F107203,0.44925166515180087
F116496,0.45173390814208353
F119361,0.4679660415407058
F115552,0.5685329028425511
F113702,0.5264772932895633
F111225,0.4365921706238583
F116943,0.4738444175566008
F111429,0.5101616933749276
F113806,0.46872618217992246
F123307,0.46252827067470437
F119728,0.5167757005464696
F103180,0.4263616245756873
F108160,0.5357140540133575
F119338,0.4791300505627534
F105024,0.5530615995666996
F100983,0.45584965643019765
F118064,0.41461803060189845
F108152,0.46101545697567753
F102301,0.44972624528064853
F107420,0.4400330748929208
F112453,0.4794299065239908
F121252,0.45562926983388746
F103182,0.4860721801899839
F102746,0.41433783651876416
F110087,0.4883989599322035
F106141,0.45977330003163497
F107022,0.4539158989355405
F103397,0.4937607126696389
F118137,0.48076334238086404
F122022,0.5098083146956243
F116906,0.5961466971314018
F123841,0.4552336489164908
F100930,0.5661780868231849
F119076,0.44909773227132677
F120302,0.5064823596380935
F105583,0.5640070056727358
F100630,0.46238673131519603
F108776,0.5009088684893962
F119459,0.43796603934676615
F112620,0.4891849701495391
F108675,0.45471700384199526
F115164,0.4388266739727597
F116255,0.4126214580756129
F108207,0.48383520249422884
F121915,0.5132135335023338
F122673,0.5280486373853565
F122512,0.5169881143650293
F105207,0.49339174848767525
F112600,0.4107473282261129
F109251,0.46358758001925277
F124775,0.48454511953915885
F107159,0.433690785476799
F114438,0.4363172780137443
F116936,0.42227637354670516
F109971,0.479585765278279
F107529,0.4302636784686847
F105347,0.5112099945092994
F119872,0.4727045164618444
F124963,0.47191053426724094
F101527,0.499258698889162
F123725,0.4323472524856069
F109802,0.4192107513309258
F105605,0.46870544359770644
F114987,0.46115227662787334
F120330,0.4513687258283203
F112090,0.45391545040045683
F106455,0.5345143313185718
F111162,0.46924268450138484
F113014,0.4937859272854154
F103680,0.48561554078176056
F115260,0.4048632349626745
F118706,0.4732006797823546
F108389,0.44025717975839396
F108743,0.4668675643538041
F120572,0.5484284522321332
F102141,0.43024137741548674
F102149,0.5304421476736311
F107157,0.4737779289089517
F106026,0.466317453720804
F122189,0.5347977531345672
F102726,0.529711551458685
F114612,0.5160305504725456
F104564,0.5103719703562251
F116599,0.43902660791913767
F120026,0.4826870730841168
F114143,0.43704339856144364
F114824,0.5295218523494709
F108145,0.41723491463064716
F118207,0.5084617907047838
F120984,0.4839989407660274
F107103,0.44348935363994973
F111360,0.4716221613356108
F109123,0.5037399714286035
F103665,0.4743554659553377
F114115,0.4686218649715381
F120105,0.497986095595711
F102511,0.5643639396029982
F119174,0.4685362137599472
F123222,0.48139419614312995
F102727,0.47213656858887093
F106054,0.5555043711227212
F108133,0.5410569632460899
F102594,0.39008242975404683
F102784,0.47676898173880206
F102210,0.5109724591379262
F110644,0.4161126253954114
F108530,0.510146740423851
F122155,0.5177202123254799
F122742,0.5271105720277875
F124974,0.5323533153236312
F115568,0.43333962730782877
F120682,0.4430664699905769
F116180,0.4621696673942213
F106255,0.430649891759504
F121255,0.5038151063866072
F111424,0.45208858356092774
F114445,0.45840308675484887
F117142,0.4356229681410152
F119968,0.47146298982281876
F110742,0.4844740270585235
F116012,0.49604732821211894
F109110,0.429247938012848
F116905,0.5376615924353509
F103635,0.4452180554520444
F101384,0.587536347904258
F120545,0.4865366032650249
F124205,0.3972467185000552
F116805,0.5132874306672195
F118784,0.4706773953096037
F119155,0.49032572383578865
F118983,0.48730647745841355
F116295,0.4803307704884798
F118537,0.40935917328289817
F123906,0.5066000635592084
F121359,0.5219510454064039
F123295,0.42732010941798493
F121403,0.4602599975627974
F105128,0.5098190017942983
F111939,0.4402626831169724
F107201,0.5267602038406781
F117098,0.44740986313745357
F124004,0.5057905251391697
F115084,0.6168913123091033
F104987,0.4932486471945174
F124186,0.43810213645185536
F124105,0.5088171203169016
F100614,0.48968584454865205
F115920,0.43788271567374043
F107100,0.49769122331970966
F104083,0.5201950067192573
F110329,0.42023910731296676
F113009,0.5070228366250452
F116174,0.45298679376777234
F103588,0.508318069149043
F124689,0.481595853349294
F104814,0.49990212750701474
F100589,0.5286222665318123
F104918,0.4493430393521071
F119414,0.5102898100729814
F113072,0.5199097352335801
F109966,0.4316101617212345
F102358,0.46742126992516847
F114326,0.41537951133734297
F102052,0.49186098285148
F121229,0.47075361671501753
F115500,0.4073403470875026
F117940,0.4721343832805922
F100940,0.49467833301189323
F105314,0.44222482565011056
F105479,0.5529344673894608
F115016,0.4037080317752403
F114400,0.5166291244207177
F118291,0.4644471787861577
F112755,0.4595554126628209
F113345,0.43878656959309137
F111589,0.4743667219459685
F112817,0.5100700923144357
F115899,0.39976208143818587
F122372,0.48050922614629826
F107231,0.46266056847636955
F121736,0.4306220241207596
F103552,0.501418131300218
F102797,0.4627900074817982
F107172,0.5456422759778844
F121740,0.48496063792328487
F113209,0.5586078628265602
F120175,0.4837664670296598
F114435,0.5440371255676923
F122370,0.4366002055961112
F116097,0.4869906106005861
F101462,0.5526663863435392
F114465,0.45427474142260504
F107880,0.4911828058457721
F101812,0.4667611761134396
F114561,0.4058054826168908
F107367,0.4923451875090947
F115881,0.4953895962376365
F118184,0.5585312585882626
F118435,0.5425023293804571
F102307,0.4715162607682426
F110456,0.5298753811166765
F114310,0.4436232257820951
F104179,0.4284848504280025
F103967,0.46977203173664234
F104053,0.4341170777360337
F102255,0.45386245187917107
F108364,0.45712570092549304
F109601,0.4668846797551232
F121027,0.522694624729085
F117743,0.47242005171825463
F112974,0.47052749390967014
F102817,0.4655225518235268
F110737,0.5531918397257056
F118258,0.4321168337342681
F116592,0.4666912888164597
F104465,0.45227954296505124
F104411,0.46431931375376484
F113596,0.42753755060058196
F105423,0.4418590389065593
F110800,0.5155515484570881
F111584,0.48069684765531545
F110762,0.5175875969179519
F102313,0.3649696123382075
F102883,0.4496481891312584
F118260,0.5090706317818164
F105371,0.43304617476912943
F112383,0.4667162300916223
F111663,0.4941758138947806
F105549,0.47476051658188106
F102976,0.5064394661955522
F122624,0.5003451504196311
F108589,0.5375264917282685
F120051,0.45337865987467446
F121364,0.44478481685627347
F119616,0.445939223199039
F110951,0.4508328688472982
F113261,0.506355940643433
F111331,0.45583472586775503
F124854,0.5751736724869403
F101161,0.5127789562257438
F113519,0.45751312207978495
F119417,0.49560971355405736
F106192,0.43169413206595275
F124302,0.5970010696439549
F112169,0.520143238979013
F118414,0.4390157979984618
F123504,0.47973730522696295
F115492,0.5704682124289415
F110027,0.40541179299382774
F122387,0.5524213229230119
F102191,0.4010357716978098
F111469,0.5315893755563971
F107154,0.44192359141270693
F113256,0.45241200611112564
F109932,0.440551088217653
F113897,0.4573482500418671
F110652,0.4215848540122678
F100218,0.46259388133752366
F105126,0.5415624143068142
F124361,0.4946348653577526
F111427,0.47640228319946903
F109730,0.4833905424179508
F119762,0.5212812710954416
F106408,0.5202157766686188
F103626,0.4622448102127479
F119134,0.47840016591440776
F110594,0.5556887959802242
F116242,0.48139714838294995
F121193,0.4671459380603827
F118548,0.4291316485283922
F105835,0.5037113617363963
F105554,0.5100356476702311
F109858,0.4624324592702522
F116096,0.4586419792796853
F105882,0.44960691123428054
F110250,0.5482733535434936
F103660,0.4630775800775475
F113137,0.4701582438553306
F116179,0.569179055065963
F123870,0.4370091832968912
F102689,0.5088146009333409
F103467,0.5100290911976464
F110717,0.5095610683858234
F112042,0.46865125435007987
F123857,0.5216670286061905
F103893,0.5599231652867147
F116119,0.5253565122869687
F109816,0.4540095296915694
F108243,0.45226945479035235
F119586,0.42797014506541586
F108493,0.44825702622675795
F102503,0.4880896200849067
F101400,0.4988536800995123
F113180,0.4852460948827334
F110497,0.4807559768069615
F121430,0.5270458974346688
F110788,0.43586823809850794
F107997,0.46042979667699985
F121538,0.49972516730268324
F103869,0.4387795144733922
F107074,0.42811470186292505
F111782,0.5389445566868828
F100715,0.3981953400187599
F118689,0.4643595446311316
F116342,0.435287533903105
F102560,0.5439170101467485
F112439,0.5394293009658687
F100383,0.44987251717855786
F109612,0.5746851765527181
F123239,0.4763869651418888
F103939,0.4208753939665743
F104109,0.4582593925693844
F121393,0.4380633457461212
F112802,0.4855504081362624
F109757,0.4101553707477069
F106243,0.4125529722218817
F114576,0.5031877248256958
F120764,0.46515966459527236
F108968,0.4150415130094686
F122636,0.4842346740138456
F122776,0.5152738083051663
F106149,0.51868596896021
F102986,0.5032142241311947
F109255,0.43791208164923234
