record_id,flood_risk_score
F104559,0.4744611728809901
F100765,0.4525716452027531
F107573,0.47281557498713106
F110345,0.5578932201003615
F118850,0.5096353498194449
F118228,0.5105892128911612
F107230,0.46131453775750125
F118529,0.42152605573685165
F100418,0.48161808355002433
F104883,0.5174148683100231
F111040,0.5203068984614023
F108454,0.4966200610081003
F110834,0.5569037379251912
F100969,0.4764966308293798
F109368,0.5019334153739586
F102545,0.4163706696863614
F122488,0.434951899772772
F103894,0.4917585674523526
F105408,0.48879797495970095
F112579,0.5075703217236326
F103663,0.4979514005020787
F120363,0.4548928518634218
F124722,0.45492137465719706
F116480,0.5311048823647484
F114951,0.47877287144771885
F100738,0.4453188649885894
F110536,0.4898732555869316
F122026,0.5379540947796799
F105117,0.4942889508227841
F108958,0.5367548463457437
F116660,0.40038763957372236
F114422,0.4201840168928921
F120962,0.4573779529371916
F111174,0.473767790405483
F113429,0.5557319401891134
F124188,0.5124473918566055
F117761,0.46674846762511946
F118236,0.46669727785423043
F107714,0.4197429208462577
F118833,0.5373326090684509
F100761,0.4313660622646026
F120268,0.5610735616056027
F109138,0.4615471648579471
F124412,0.47733289683122604
F120691,0.5013551565505198
F124661,0.5067321679129261
F108890,0.4778645420231067
F121417,0.44771002785285813
F118138,0.46957009591243004
F121512,0.5025622692170632
F108954,0.5472661282552802
F113146,0.466548256829982
F105087,0.5474672165631522
F121469,0.52305256371952
F102542,0.44756934331107073
F100209,0.5991262658282072
F124632,0.40271180484469704
F107038,0.4752229552176981
F100938,0.5429788413086342
F107925,0.471746971832659
F105361,0.4624232919812291
F105697,0.5272141031350789
F115744,0.451621514497757
F107426,0.4491456025401787
F124172,0.47456799106295583
F104946,0.49057131401220494
F102095,0.4952636764826227
F123356,0.44325773434558724
F102650,0.4688529935411022
F106539,0.42967423174562924
F112891,0.4721086433571534
F108289,0.49297428291721157
F115077,0.4359177447900497
F122323,0.4573504019556103
F107204,0.5052595938342678
F113309,0.4748055465805876
F105741,0.5273027956917761
F113925,0.5281225350919274
F103318,0.49552725543275816
F105950,0.4636776490571489
F119672,0.45871349350396984
F109242,0.5460301724835714
F122020,0.4372794098329513
F111466,0.45196019759898204
F119578,0.5298028415642423
F104122,0.5633349502378401
F117075,0.5491123023980801
F119337,0.4851363322243432
F104315,0.4771702108871145
F115990,0.5019820851565767
F121530,0.4394990855817115
F107744,0.46053818811498687
F121368,0.5266328678683387
F104624,0.4423421574804362
F104063,0.5093364348096827
F104344,0.49854889134340363
F118253,0.5218196265740127
F103315,0.46621875387710454
F119431,0.5748977156307714
F112167,0.5206055944819608
F116395,0.5101152056720094
F107209,0.4015649251024537
F106831,0.4918509567612434
F110362,0.4984918186984033
F123715,0.4995199204914954
F114686,0.47133631620510474
F100236,0.41534070243892973
F105475,0.5136851573835833
F119724,0.5066825677973694
F121653,0.5112559940299584
F110182,0.4269107837149222
F124466,0.4970367132476309
F109994,0.5405237521835924
F101098,0.4457053447700308
F110819,0.49316751054627533
F124937,0.40295106437995953
F105167,0.5356505844637817
F109738,0.5257601501176475
F117504,0.5154423731975855
F123201,0.5411240504569732
F104276,0.5169395460347166
F106674,0.48697705502054073
F102033,0.585983501911667
F114776,0.46130295070734745
F106675,0.5379315678946801
F107195,0.5361480631861724
F115966,0.4451378321694115
F110078,0.4611758573105637
F101644,0.5577560463369524
F100635,0.44266929563124147
F106895,0.4919466682282211
F115420,0.49018473887736697
F122657,0.509879626280762
F121159,0.4382405366810185
F106498,0.5385898636635157
F123880,0.42370877499451026
F121738,0.4968942438705958
F103530,0.5635014943946619
F118037,0.43568885290311893
F121887,0.5556062294771559
F117474,0.4674687069098975
F108838,0.5684147949979894
F110850,0.45156022351123076
F108920,0.4412632640765381
F116417,0.4986506392497293
F123163,0.43926867885130766
F114455,0.42023514364008296
F101247,0.5311025332073891
F104992,0.4556367769180246
F118511,0.4111926071418913
F114644,0.4842100408253589
F102251,0.48373660470928004
F109818,0.4294628237283845
F111847,0.44633471552359205
F104955,0.43643005709991084
F119652,0.5218184392791853
F122133,0.42247589958056475
F104993,0.44078298921831893
F113510,0.46732871185082925
F123557,0.47066257750050444
F113962,0.39663857199944064
F105947,0.48242753983062303
F106911,0.5046487411805435
F100652,0.4712985603517195
F109685,0.44899390943212436
F116475,0.48951677380826
F104565,0.49036883069205073
F124062,0.44553798743795614
F115932,0.4209957569167143
F109613,0.5300833820934022
F102386,0.5120006343897129
F113483,0.4228797349757797
F117088,0.4943730119522637
F101277,0.5140605843304309
F124674,0.4566246486953075
F118679,0.4969579167341801
F100697,0.46910117036770493
F107785,0.46643660240607543
F109642,0.4649120383707412
F119574,0.44328311151296845
F114841,0.5183112447742183
F112762,0.5579824241647571
F123792,0.38454179833486163
F107168,0.5351925167129202
F120641,0.578541860735669
F108273,0.45553094127763344
F124407,0.5249931474573405
F114604,0.5088752397318035
F102970,0.49010002398760905
F122148,0.42247527897924353
F108010,0.5186339765228137
F117610,0.5123035746760113
F100140,0.46718864277527594
F113938,0.42570332221963925
F121084,0.4693622230343846
F101060,0.5142121813530914
F108562,0.5088613248519572
F110164,0.46940059334766304
F110472,0.4869322324092292
F114543,0.4269341871160653
F122852,0.4875197994633311
F123987,0.5230413670649888
F106836,0.4307560046698721
F101754,0.4033483742450303
F113931,0.5170985733306186
F124553,0.44932213127980136
F102295,0.5039600868801737
F112168,0.4390587060023731
F119601,0.4693063726027845
F114744,0.49003881417364603
F102112,0.42973967588751993
F113311,0.5020662345532905
F101833,0.42509852386106983
F103038,0.4116683761828531
F120560,0.43801936057000307
F112035,0.43928311479853266
F111041,0.4389488588669893
F106820,0.41747649822321875
F122282,0.5550998624671756
F122812,0.4226253410850859
F121959,0.49307361059985877
F111241,0.4859398512799966
F115679,0.5668795483653383
F100487,0.4370642364179692
F110726,0.49870325404847715
F117027,0.42895456455928815
F111810,0.43898008617321405
F112058,0.47841063925492977
F112471,0.4862300754722573
F103296,0.5308186520161488
F115646,0.4751964294594432
F103349,0.45065137483090856
F122192,0.4739327426321779
F107979,0.4824688156156445
F124864,0.47737273978060274
F122862,0.46432246994857945
F118545,0.457546367098015
F123305,0.47856946423998314
F110767,0.45726669850466733
F103752,0.4327067193936196
F121115,0.43178158872171646
F109639,0.5319883276087914
F101751,0.4871509489384257
F114586,0.5297265725224374
F112250,0.44074050479903876
F108536,0.47403821636493815
F116656,0.46126041593658673
F121706,0.4407331869008396
F118536,0.5251955500846376
F105191,0.5161487515435477
F104561,0.4720406153899383
F101998,0.5309664153049526
F115774,0.41743585959948065
F115983,0.5182769199711758
F123259,0.49366509132278613
F100753,0.5500187490711277
F123982,0.4464834263520609
F116710,0.5521095759521258
F102019,0.5196718522658482
F123612,0.5127119947455947
F115548,0.4487839930558163
F114793,0.5386647126539382
F101753,0.5715611064684537
F104066,0.5595415754896648
F107166,0.46639975765285646
F104321,0.4064759252920336
F105839,0.5341374467379196
F118851,0.5288778769266442
F109929,0.4095568405322272
F118079,0.5334418306096216
F106387,0.45008746262713617
F117429,0.42512288959274874
F112211,0.4516067741619285
F101550,0.4861200922671272
F121466,0.4704382657342041
F107148,0.5390712938402111
F118450,0.4076485912707556
F111865,0.5408007880698932
F110969,0.4540955747708991
F109782,0.46519342067034974
F111408,0.4092590554730098
F108063,0.49005013260832775
F120971,0.5330125835967503
F123231,0.4840734044197857
F122302,0.5014422637661953
F121337,0.46394429090813394
F119311,0.4053510304043021
F124628,0.49268062109893884
F113156,0.5366701686823592
F122818,0.4552096585930157
F116061,0.4612521845798537
F114676,0.4534829848123526
F105188,0.5025682132057688
F109111,0.46233670998629195
F108985,0.4760589798643214
F118123,0.46090874345775384
F116826,0.5181494139328068
F111800,0.542423186951718
F110853,0.4609646792302543
F110615,0.48640514812785995
F107116,0.45625782965977474
F121710,0.42859383019934344
F100340,0.47465458721352916
F101311,0.5136182460734118
F106219,0.44158277439679794
F114711,0.5188266909286435
F102516,0.5624402148066506
F124145,0.48545861359123343
F110628,0.5219763119259531
F104011,0.5529498087062699
F105525,0.4680955605513468
F120431,0.417104736475273
F109437,0.5322970279219674
F120177,0.4303758944711928
F112433,0.5014568318573802
F100873,0.5492400884285218
F123892,0.4351360899675448
F100488,0.45943900126688036
F123556,0.4685900334636144
F107354,0.5883765098465934
F123503,0.5164032818019505
F119966,0.43732853373227465
F117678,0.4538745011126666
F121895,0.5892553552710204
F122053,0.46709605358983364
F112917,0.4639450784986132
F106363,0.5340584408213968
F102370,0.41749067145943075
F117001,0.4687134016279871
F101693,0.4509241704685698
F105339,0.4556341659025286
F107942,0.4050056187969636
F101824,0.40117182020371706
F106272,0.4571793253401645
F124074,0.4381973835496971
F106358,0.4271551101137845
F119832,0.4173317689234622
F110240,0.45841907392264225
F119296,0.5178995215757178
F109476,0.42706800715279924
F107789,0.5601007316274443
F100736,0.4990952442880211
F116588,0.48537524482437616
F122290,0.4810440921219754
F101154,0.5091177342993167
F102389,0.5086246386502251
F117811,0.42672349126488723
F111868,0.547182899203374
F101781,0.5412436026413733
F116332,0.4421901710486674
F111610,0.5064352776115512
F122095,0.5279210767033674
F109282,0.47186437599513215
F105010,0.4930087188382189
F119399,0.5094071229654564
F101522,0.47265512896498163
F119679,0.45762846352029324
F122804,0.5736038590102048
F108115,0.453607832062005
F119513,0.549303602215027
F115012,0.487059652023882
F106658,0.5365339730301351
F119250,0.4356012901254231
F118688,0.5462938134013738
F117432,0.4654342764722217
F114870,0.44240019535488434
F103602,0.438601313614308
F101598,0.4796278143854336
F109441,0.4808826217100165
F124954,0.5262662311362766
F115780,0.4034966176657212
F122592,0.5024249034421079
F109049,0.4155450951448484
F114002,0.5185639230883269
F114251,0.42835373990867076
F117006,0.5205084430069905
F115034,0.5083030843450301
F104720,0.44560098656203206
F109984,0.5608926789265417
F119430,0.4992902671355537
F105198,0.5250457323488767
F103837,0.4664562893193057
F114551,0.46498397573532735
F103104,0.4400480526337961
F120376,0.44026190253101594
F104851,0.5276736317141593
F120183,0.4748342256440403
F124885,0.49925201094175603
F102201,0.44537517200104776
F119491,0.5206110982658696
F104606,0.44816210083744046
F116372,0.4705354875051141
F119040,0.5473629825426657
F101915,0.5314312113813983
F109175,0.4864033610724131
F115685,0.44551127925125533
F111428,0.4332687811028936
F103111,0.4948072614070767
F110873,0.4190488782283638
F107633,0.467476060855644
F107787,0.5161545171442677
F117530,0.48419747129159396
F111396,0.5483655283480575
F100767,0.5609640361708808
F123768,0.5035909062476001
F119595,0.49462827942962073
F120457,0.5209861667228974
F100411,0.475043954000035
F124692,0.5119676992122763
F121841,0.4918721632794901
F120055,0.42407319176909286
F109741,0.48564413398042716
F116870,0.4807718764476453
F105897,0.50899514656881
F111705,0.5010068117751377
F111019,0.4788738810555518
F112687,0.4271426113144896
F120794,0.4535370993937426
F108983,0.48943487081292386
F104288,0.4131897671317845
F104780,0.5377123030282995
F111451,0.5355090047823179
F101955,0.5183814816972029
F108150,0.5230618807705707
F116150,0.4845238180230085
F100183,0.5546179200950664
F117639,0.5288068452725689
F121714,0.4875037288895958
F120937,0.49880904012651506
F113890,0.40333738948894055
F108932,0.4988557131847505
F122822,0.5280515816148916
F109135,0.4913223349807647
F100552,0.519757213357663
F101261,0.5298989643677782
F100114,0.5076433005767682
F117108,0.4591935866840212
F123679,0.4494227092009543
F111243,0.4540897067290327
F113133,0.5694686313809185
F104645,0.46749435614908597
F105874,0.5259033192044773
F119181,0.4668324555386681
F101394,0.41620657066905464
F124488,0.43835446587980625
F116999,0.5432843072658121
F116068,0.5411553711719451
F118719,0.4458734024830652
F120589,0.5594169999572505
F116146,0.5115128058262899
F119080,0.48907765300352535
F122698,0.5154938212149047
F121018,0.4724910458179488
F123107,0.5888342086511563
F122501,0.4386364114777128
F102275,0.5118766353657149
F108923,0.436946131900102
F108770,0.5399697055392403
F118911,0.5094144602065164
F118847,0.4684984506681612
F107313,0.503855581463059
F100472,0.45772475390638234
F101105,0.4757565649808681
F119002,0.4415791038685506
F122076,0.5485876261697056
F107518,0.5634948258229246
F101013,0.47594261930241055
F114054,0.43176513830263347
F111988,0.5780604619206768
F105303,0.5532980859658988
F118549,0.4550900562645248
F115072,0.5190955700666915
F103483,0.5057063475581383
F108248,0.3974736040301838
F107192,0.47772855203060133
F104489,0.4647234403916719
F115885,0.4518106194415539
F123246,0.5495571227775826
F124020,0.48834884050324756
F106433,0.39567653185273566
F108155,0.4254309197677246
F104023,0.48248006066485316
F105426,0.4065486290762211
F106140,0.5253369092249186
F120579,0.5309377981937853
F109403,0.5135011942087586
F103161,0.43107615057158216
F120903,0.46248520581869335
F114267,0.4235082625522464
F114603,0.4536401102646403
F101173,0.5453967554143191
F118312,0.44759324934732464
F112957,0.5189935295587602
F108174,0.4721689370077312
F107679,0.4852239936825851
F106552,0.48542814165758874
F123409,0.5349288790037663
F124647,0.5124442876836334
F116742,0.42100667467172026
F117931,0.5331315157686548
F116665,0.4539977593951259
F115205,0.5242478819625148
F100312,0.43204400489797773
F116986,0.4845107707429621
F111842,0.4705929324001594
F124289,0.4816857808804739
F123926,0.5524048608255765
F121069,0.42238706097334844
F122330,0.4275017042276361
F102060,0.5065970359020343
F120022,0.4670530345757345
F120754,0.49435942891632023
F100793,0.3993519970450714
F103998,0.4511059556927027
F118846,0.47264147771331233
F110851,0.44856294894823234
F121612,0.4759290028703568
F118155,0.4981064886697277
F108002,0.46796711327392604
F122670,0.49319864485992576
F124458,0.45449825773918096
F103392,0.5168000124932557
F114535,0.4509756231104486
F116547,0.5426410314645489
F102145,0.3966721440844634
F105687,0.4672105219030935
F109473,0.5561254562756814
F121006,0.47679407799300033
F112627,0.582862573156818
F113522,0.4079519360340756
F118369,0.5218838932604564
F106945,0.5388570126994604
F102604,0.4643348343876571
F100080,0.48192453365533505
F111323,0.40921997831627344
F117613,0.47159166586918827
F110569,0.5145980144888876
F104756,0.3938196387194218
F118393,0.5137132932342445
F114181,0.4807916814612999
F124170,0.5382755537966387
F101428,0.45133858809690786
F111588,0.4142489889932743
F117567,0.5310373173448003
F105661,0.4160500769688544
F124355,0.5339355881962777
F114965,0.46952024390138
F120057,0.4980297747670035
F122212,0.4325029975168778
F116977,0.538522110937352
F112559,0.41686415268113086
F105212,0.4530849095325855
F100954,0.5394224743067064
F121941,0.45531761611387367
F115462,0.5039193454560411
F116974,0.4653932900313065
F106977,0.4992155583592224
F113158,0.4344650962698211
F104864,0.473637038648959
F105837,0.43273057312816493
F114309,0.4898171039729412
F114564,0.4290065840054791
F106157,0.5428806155105393
F105206,0.522121635332763
F107052,0.46409096782873593
F107894,0.5353468817268124
F120568,0.531362432256073
F119555,0.4634735311019508
F110716,0.43867608588327245
F112055,0.44945303276322923
F120856,0.5002469928501859
F109446,0.5633260893424764
F105342,0.4543286897073682
F112668,0.49445313270274444
F107650,0.41580911445010066
F111844,0.41545057816508424
F115697,0.44733849567106343
F112253,0.4510423445918029
F106643,0.49558885595540814
F116282,0.45137449555966364
F106165,0.4445681423728959
F120271,0.4503857199177729
F123729,0.49735924155256184
F100377,0.45085745646379116
F108642,0.39299765793590136
F112115,0.42325982555453273
F102438,0.42256344633005793
F116606,0.4419635086921763
F118051,0.39760293433115923
F101272,0.4275296962832225
F122322,0.48526675213645776
F108021,0.43208736858326025
F109367,0.5194551736160242
F122111,0.5287557413673842
F112812,0.43244575637710186
F100908,0.4900408545351831
F113094,0.450644155700584
F100501,0.46780715885298607
F118716,0.4865721654936258
F124793,0.508708383128335
F107085,0.5190770476111788
F107738,0.42710644472173065
F110914,0.5095789655052485
F117788,0.4318966189316572
F118159,0.467611451982052
F108667,0.504864062468886
F108071,0.4586043838236805
F103657,0.502868790137486
F119748,0.5638743442904539
F101308,0.43802383472281076
F116569,0.4618010912290884
F100038,0.47748338686850406
F112205,0.54273883502492
F103240,0.4706877392898494
F113950,0.4443863776137936
F100517,0.4590827431442827
F118227,0.42068082387799943
F106284,0.4395804221881765
F107250,0.4902276713878987
F108987,0.47874057651363544
F115171,0.5512278858006239
F105144,0.474804634692346
F106889,0.5234739971027184
F108820,0.5342366451134833
F117312,0.4927703213145743
F106690,0.4845848191109121
F109425,0.5290553891248695
F106041,0.5387452308904699
F112476,0.4703844640122505
F117231,0.44922732069508553
F105013,0.4122300601912832
F103834,0.4053539757506682
F122912,0.4443281465859672
F124120,0.4837470893579625
F116850,0.47936324566223354
F116021,0.479803476107177
F102974,0.48668446426233447
F119415,0.4364379641546795
F106844,0.4788788265278463
F112212,0.46875164399032043
F105832,0.40717826054685075
F121947,0.4170508890638984
F101841,0.42088357723593706
F115295,0.5626313636081992
F102786,0.4564445086591369
F108739,0.5194312435750232
F124052,0.49460492487672786
F112033,0.49725939545016556
F109200,0.5076392155156011
F101307,0.4755371539627096
F116142,0.5008961702750083
F116923,0.4110934928831389
F112328,0.49468691622469224
F109744,0.5139111255585999
F112901,0.4890733848128385
F100297,0.4444050366951421
F106331,0.5365713515921715
F108745,0.4965356249950368
F118987,0.49756653975855114
F109362,0.4714880423979341
F110804,0.41941160763887164
F107474,0.5233916959948162
F114558,0.41976389368364103
F116890,0.44503625039495637
F113360,0.5170283783649675
F115612,0.4935942085770839
F110049,0.45431878864195374
F108747,0.49262366899445553
F105182,0.4751980470966003
F104033,0.4882152909234976
F111015,0.5407371948889638
F115764,0.44999655298954516
F111029,0.48268311528689456
F115056,0.4396209671952379
F109302,0.45406308740525303
F122737,0.5084319373455284
F100416,0.47265126889005804
F108765,0.4621212328220395
F100382,0.47034457670982904
F119964,0.4738066204640597
F118924,0.4251258231666355
F119687,0.4461123681127928
F121773,0.4560848936649433
F103119,0.4979614401284619
F124159,0.4764380128142558
F113540,0.5006860786753656
F119690,0.4587540603875086
F124124,0.3973316033513995
F106874,0.5379207292210778
F124254,0.42025396415286875
F117206,0.4336413463237655
F116103,0.46843822984819544
F122415,0.5179293036611013
F114830,0.4540102156160666
F100470,0.46602522749151487
F119810,0.4991796394528174
F107705,0.4954250126962291
F122443,0.5790838071381571
F101447,0.48213263872552625
F110636,0.41820476608350765
F118571,0.4072348823868868
F124080,0.46913730224321526
F109930,0.38798986747204744
F108900,0.5309651127131001
F116182,0.49556679534951714
F107775,0.4315322551379572
F109914,0.4224253456646926
F107440,0.47120678652721804
F111821,0.5004771530674881
F116376,0.4931435928363338
F116093,0.4015318495384006
F114477,0.4816297560729189
F107480,0.45777844372268583
F111851,0.5048092263761819
F111086,0.46441150328147807
F123115,0.4210792614569955
F108151,0.4919806989590457
F105727,0.5046348672444252
F121308,0.5380204365909198
F111963,0.47777216350639173
F120189,0.49553740052937373
F124354,0.4425821806352732
F106821,0.47993542613605544
F104285,0.4746505066500184
F119069,0.4545596971976834
F105983,0.44563411976214995
F100970,0.47541566689464687
F112515,0.4503819076058161
F116847,0.4362231988931681
F102872,0.4822361659776774
F120378,0.5346817233204518
F116531,0.43972173824200056
F109448,0.5508498723442965
F116394,0.45366703783834994
F104949,0.48770075365768367
F104022,0.4576978990352558
F109661,0.4800708847381677
F101127,0.4886431643261867
F105458,0.5278597940414677
F111359,0.5106491482638735
F104832,0.47345491490347325
F124194,0.432975297459362
F105827,0.459015692908023
F107425,0.49794755823800674
F102306,0.4810708005910368
F119913,0.428658845896162
F101672,0.5188244752319585
F103056,0.501652333508644
F104382,0.42109234700011144
F118968,0.591237166200373
F124767,0.47646718055168835
F109725,0.3987750822813487
F102929,0.4684616045209179
F106360,0.4581692443610891
F115541,0.5173257004008324
F123884,0.48534605255186714
F113152,0.5100845633463923
F107913,0.4078082267806727
F109226,0.5422992086435451
F105023,0.511243323495543
F102322,0.4741753655225486
F103788,0.4900762162855353
F107396,0.5438037458660465
F115281,0.47393561600131673
F100273,0.49134649600762165
F107970,0.4203518081391904
F120773,0.47189373572102894
F112894,0.5464090191827282
F104441,0.42711168132308475
F111676,0.49235451368901584
F113899,0.4339853410539002
F124975,0.45197324772911773
F109944,0.5608629373070777
F118346,0.4975393583705363
F121350,0.4855677352005553
F107638,0.4252975511181981
F121517,0.48576322160486574
F116362,0.550973414178965
F102513,0.4997434843947024
F119158,0.4609407373847412
F119159,0.46429318539011555
F104153,0.37972774025584044
F101120,0.5162976848333383
F113681,0.4810495721510153
F121532,0.4246371972328891
F103335,0.5614123072790165
F101237,0.5560410931517913
F122458,0.4418157113741653
F120053,0.41033799550395983
F101349,0.43570540495773247
F108195,0.48778159132792154
F106115,0.48197104160382676
F101981,0.4841044347972636
F102653,0.45093628915369066
F111226,0.44046366857841446
F114911,0.508503022896529
F104370,0.5064327398596838
F103728,0.4712309995900347
F109989,0.5488317518452777
F109136,0.4368053552720881
F109377,0.3963951058654087
F116367,0.4830365850856957
F121974,0.508833572429432
F122473,0.46277111054995956
F106614,0.5070563620242308
F101124,0.46214730342405114
F115128,0.5420323314075887
F102816,0.5186186579590264
F103041,0.4478779684906391
F116138,0.44806116475193647
F117373,0.4381425353239983
F115252,0.4842688364052552
F124056,0.5146498636892651
F119772,0.5172788973052638
F104436,0.4957280819039287
F107423,0.48207556719336253
F100095,0.41956529155812383
F100364,0.5129860524536147
F112038,0.5346986125851635
F104522,0.47814992443725596
F113109,0.4603433434385812
F110974,0.43439396532406294
F101872,0.5044716900323292
F101068,0.48537154810608807
F104709,0.4666044542170035
F120644,0.4773655600551535
F110439,0.4815491256990866
F108131,0.5141907052185635
F109717,0.41222994921896394
F109622,0.5197270294907449
F123571,0.45070283257060706
F102686,0.4738378066634603
F119216,0.468270005407959
F123527,0.5651676422653998
F112500,0.3867484954619641
F120660,0.4655734476010614
F121830,0.48685368152328323
F104237,0.43350089160524097
F115190,0.5359115876388296
F118920,0.5041014615580307
F116871,0.5161352628141834
F116973,0.40631580933618194
F123010,0.5401016499644049
F114876,0.4357462362655391
F110215,0.5090588534160745
F107723,0.46373181200068014
F108436,0.4837383731383529
F103074,0.570243987096054
F114136,0.42623974987086277
F120082,0.4591984618571354
F115581,0.5429488490960994
F108293,0.508274778184339
F115417,0.511443824822771
F116833,0.4718194974122827
F100029,0.522638838899948
F116985,0.445072730712627
F111833,0.5730281674913936
F120260,0.4848231953594523
F109583,0.4701144106332146
F123693,0.48479928114104304
F115645,0.5315307442966146
F122301,0.476825356926307
F119206,0.45219732329161677
F100826,0.47968316218395435
F111926,0.4845240879984752
F112417,0.5030273512833532
F110403,0.42767226186905777
F119140,0.5347017383541355
F104695,0.5107443268305656
F123804,0.4270846927535611
F117199,0.42750467535539527
F114751,0.4978268873769536
F113662,0.5598731602656705
F119786,0.4697018965079723
F109722,0.48460130027769566
F117726,0.43228407460632556
F120605,0.4129730093706786
F104546,0.5423810027208626
F119188,0.46494675964056886
F116439,0.44086228684234596
F111002,0.44033394885232924
F123070,0.4809492203187286
F106147,0.44101979538599934
F104932,0.4890271682069293
F109194,0.5105366752921803
F115531,0.5267657928002639
F105641,0.525022620001296
F112111,0.5071706071173696
F102598,0.4087246886127728
F109342,0.41636581637451314
F118390,0.45927474921064054
F113576,0.4520851158977603
F106199,0.5312354733931132
F116290,0.5254882651994282
F107611,0.534944725007923
F113223,0.4946341775237732
F118464,0.48895149509353697
F123013,0.4875901993753684
F120006,0.4955421919358332
F116478,0.5033161413171185
F101312,0.3878847182258631
F123042,0.4708826716312675
F100045,0.46649851038594276
F113407,0.4597209847962538
F113374,0.4671053327617932
F118256,0.43017402762679474
F104208,0.4147574041851397
F120343,0.41839343986552924
F101762,0.4540803372037163
F108658,0.42194330464904817
F116339,0.45131229566613107
F124368,0.4454861502571004
F103787,0.45185800252867214
F113870,0.45411431274952085
F111713,0.490101079820542
F118677,0.5500728161376613
F104312,0.44713102063644483
F106606,0.5374805129069832
F118122,0.4966533577978748
F106599,0.5561408272211514
F109570,0.5530542715409447
F113081,0.5108243560021942
F105129,0.4386774408374319
F109831,0.4345823478478069
F115161,0.4625815931569538
F122139,0.5059882850843493
F114634,0.4526396712182036
F105517,0.4694218742014703
F114407,0.509839577287307
F109772,0.43294165896767123
F124495,0.4438379467942539
F103543,0.5677413241312533
F124747,0.4734218813049736
F119084,0.4259591983336032
F115815,0.523151614982948
F118726,0.4225416473286279
F119478,0.5061600551313834
F122521,0.40346598390750055
F102328,0.5102332658562376
F100842,0.5289976316974638
F104040,0.43648547607881644
F123101,0.46983134496680184
F111886,0.4706597087015641
F101212,0.5310931866298051
F116420,0.4337530875656933
F118287,0.5347242155396118
F111054,0.5607023188366507
F100706,0.5780574257538497
F120788,0.4325614580768779
F106477,0.4880323737851054
F116902,0.5525877710949125
F124738,0.4352768479800828
F105208,0.5039769872989018
F117963,0.45059957340735635
F119238,0.4850808112124318
F106181,0.45563320798222384
F119735,0.42243066660482576
F122554,0.48827115041024005
F122008,0.46337846968304464
F111317,0.5059396596551646
F123120,0.42509145319958647
F114225,0.4572666976709678
F121985,0.47014649258701646
F110484,0.49461490240066364
F108430,0.4641119893923971
F115305,0.43255685984044856
F124268,0.45514142783228007
F119847,0.45247581266671566
F102738,0.4368277957282541
F109464,0.462504249238026
F124522,0.5168118264833894
F103969,0.426086135663919
F109225,0.4368265259845652
F115136,0.593336655700427
F116931,0.4538059146176415
F122013,0.4377558083660984
F124436,0.5029423675707193
F104149,0.4816385365957625
F110606,0.4522476509614266
F124802,0.4406208027542955
F104345,0.5014957997900704
F114672,0.40997110994533004
F119848,0.543720241441631
F103290,0.44568744118689146
F104888,0.41850809513067455
F113520,0.4594419155467172
F119168,0.4528661726846872
F104655,0.4450894066940106
F100234,0.49135000847308186
F123659,0.4778162909513467
F121306,0.39153970283311823
F122919,0.4691953650135853
F119185,0.5169704494019031
F114557,0.45519256513111456
F120068,0.533075022381695
F110255,0.44604477889813793
F114668,0.5658180484452451
F101784,0.5344077851749853
F123733,0.43899683606612605
F111087,0.5727764116345604
F108592,0.4700090601413708
F110370,0.544760695892742
F124017,0.5557091221107341
F102724,0.48002583652387715
F100722,0.4928783238947443
F119291,0.5091943207768083
F104360,0.55850932548978
F120415,0.4853499331340247
F104816,0.5271183853155376
F111397,0.4772298538352253
F112336,0.5312200903772968
F110568,0.4299295422228322
F106576,0.4610129190577581
F100151,0.3936864440111487
F110197,0.5422142118364349
F109336,0.47060810836852196
F124798,0.4975294027775693
F100162,0.4852280014340742
F101699,0.45395285178012784
F112645,0.45979500078876306
F112829,0.5369524708068654
F103331,0.4478935289253023
F120328,0.4435492871769175
F104367,0.48142089192742854
F114200,0.547262431767591
F104673,0.4717116073568953
F122029,0.4674080770383813
F101404,0.47244820441732605
F109571,0.4654766895263033
F117648,0.539658811426984
F123171,0.5007041356180426
F106429,0.5124247342037539
F119641,0.3920475225436869
F100178,0.4848985315187889
F117139,0.42375331499268765
F109205,0.4079872004244002
F123893,0.4409676067701619
F100733,0.47648058306231267
F105491,0.41870241793596535
F110633,0.45856680044601106
F116553,0.45239087581452453
F105633,0.5083374887763399
F116134,0.4081843999527657
F121291,0.5290429353483267
F107773,0.4415335176190218
F108088,0.46323392324808316
F112707,0.4877402641329542
F109569,0.48839427606435065
F120566,0.445131842508112
F123968,0.5170947183299915
F123283,0.47337858296245827
F121506,0.4748455958560138
F118573,0.4895978486822854
F124881,0.43942491788792437
F103023,0.4331288190344559
F121534,0.5356207597771109
F114154,0.5260946690579473
F122007,0.41958547370677174
F104670,0.4690006727844157
F109248,0.4811153483409939
F110905,0.5011347282774989
F117212,0.5338767542406023
F121030,0.49542020168933504
F113457,0.42770542312288473
F109021,0.4363984518153339
F104306,0.45905958492154153
F107503,0.5272170378383516
F119787,0.4695303561691775
F109176,0.5160183928269737
F119859,0.5378867900597635
F123185,0.4282253094085757
F117230,0.47061082469259036
F116635,0.47350577010374634
F111519,0.5984902649327186
F104098,0.4505420196042416
F118801,0.459625391368979
F116581,0.5335114796873686
F101213,0.4911739337328821
F124269,0.4437105740983714
F106830,0.39890998821890616
F104895,0.4692195756302196
F114121,0.42826274317421353
F105776,0.42411005365232796
F119536,0.4136873900463417
F122474,0.5532622144061027
F111688,0.47722800992978953
F107540,0.5391909712889646
F112403,0.45565680027240074
F105677,0.5321306615092315
F124624,0.41233830220314216
F112912,0.39840329781484896
F108372,0.4557374751808439
F120719,0.4226168535693342
F104378,0.549695970425901
F104813,0.48227736331670706
F116535,0.5297737254142992
F111736,0.5560564950375807
F106479,0.544357635567043
F103242,0.42390775874567543
F107847,0.5003613972968659
F103745,0.40812835160884037
F118429,0.4391784141724507
F113004,0.4427418435578323
F119726,0.4617411237737191
F123790,0.3987473363648828
F100034,0.545225305106703
F120440,0.48189870643831717
F120180,0.4249811415540298
F103656,0.4820986357963189
F112455,0.4592660853819466
F114722,0.454575299112488
F112118,0.5230298257170252
F113876,0.5183522006726783
F118160,0.5069728395447048
F107376,0.5118572521357708
F116340,0.44251527031698884
F122412,0.5711241498130073
F115761,0.45698964176488016
F115139,0.4085376546923081
F119614,0.42159523156982404
F103980,0.4679717057166479
F117948,0.4422018485112342
F114958,0.4763365362614759
F116637,0.4807888444490476
F104803,0.4905636510413599
F109432,0.478595333707688
F113672,0.46928574704664683
F109842,0.5696705732227633
F108896,0.3832131136188648
F107375,0.4837418513670432
F123387,0.39689987635364965
F109033,0.4273433143164915
F124376,0.43184957384206085
F115318,0.5187839203729259
F119660,0.5162450395809166
F121151,0.49809448826518543
F120631,0.5051007435391863
F114549,0.4883828565110523
F101564,0.4484622024394633
F124619,0.5083747591156349
F116778,0.43637095133541093
F101453,0.5200934085154764
F120928,0.495771050950921
F114264,0.41504543502594377
F112329,0.4329048471762038
F101843,0.49504837047356187
F106051,0.479663039759619
F115673,0.5215565430297094
F121338,0.5191849540930632
F102169,0.4511611119570009
F119965,0.5162602273480312
F112596,0.44416086205369104
F108499,0.4390790222368377
F115880,0.4348472338215623
F123734,0.4812835527081627
F107446,0.4740774855101687
F117816,0.41338697297538013
F105036,0.4683789841170024
F114356,0.44641976013737883
F104341,0.4892743146906071
F120665,0.4208180567156665
F117856,0.5053077443740106
F114709,0.5131086806353529
F114293,0.46312406943121043
F104545,0.5383798396956744
F120020,0.43883613805598737
F116643,0.46791550740069676
F112763,0.5004244603824105
F106407,0.47440007919459937
F104724,0.5063435028925701
F118714,0.39900531026050523
F124702,0.492555983691188
F117532,0.483572793319076
F111065,0.5818622383255944
F101010,0.46067597481427364
F106494,0.4656047295937681
F117477,0.48811011361424983
F100685,0.423981619921399
F118386,0.46236532121687823
F119360,0.4458327012453511
F105237,0.4685043273112731
F110277,0.4784382236530228
F111872,0.5294382779267052
F106074,0.4733519254202011
F117047,0.4360378429105818
F121491,0.45286768744759254
F121176,0.5129989967669392
F111292,0.45417717328815627
F123267,0.554187851867188
F109498,0.4902164610388152
F118709,0.4567557178575148
F103696,0.42496257150548267
F116806,0.45018329564345405
F120702,0.42231000636782356
F104260,0.43907216100456414
F109515,0.44085616767668495
F121169,0.47053477420701895
F113126,0.43100950416012507
F110555,0.41933899141659436
F111033,0.4747078494864565
F107429,0.4696741537416935
F109347,0.46771034905770237
F105088,0.5556979518352266
F101848,0.40153218919142564
F109353,0.49717458601402614
F119003,0.5106967977318659
F102969,0.48096280000980746
F122274,0.5412684189394276
F104854,0.4570744213869994
F117822,0.5871490586731625
F107891,0.3980983224859844
F105037,0.49573164090212396
F112575,0.4408094611162628
F114509,0.46251831775085095
F106600,0.46469761194160786
F109291,0.4971226280124392
F100317,0.42691898786022275
F110155,0.5237322878473325
F106033,0.5281385193364787
F108058,0.4541113157219643
F100261,0.6064331643836336
F124396,0.4512813079233386
F118697,0.5318238795789553
F102451,0.481424278458334
F102538,0.4691745618125638
F111894,0.46970319994921306
F121146,0.46624176734952194
F119246,0.45772779287711585
F106764,0.45911542906489083
F117322,0.5146979878832503
F115755,0.48239448361373505
F113605,0.43096123499042127
F102710,0.42401090861115776
F119391,0.41897913268532405
F123996,0.5391171929695651
F111637,0.449214707222858
F115162,0.508191154020335
F107792,0.49676758044629465
F123145,0.4998263923536922
F114613,0.4448646429876304
F123044,0.402583936177499
F106749,0.45432882203541874
F100836,0.4156441529281819
F114598,0.46129126047657154
F107653,0.4274403278308546
F116849,0.46752191334296955
F108605,0.45590993308436173
F107383,0.42886094978249667
F123911,0.41234897503309614
F111184,0.5170188385946994
F110214,0.4955515658693819
F123822,0.4587854154912924
F112193,0.5238006888494422
F120841,0.4951530014057549
F117956,0.4611305061656502
F124877,0.48228327820968214
F100062,0.46566724398553183
F101837,0.47942707710772725
F123424,0.4890329767078399
F120509,0.47553084886891706
F120729,0.4465745109661011
F108163,0.47048463786016526
F110580,0.5277838388365075
F102803,0.44675859211989233
F122612,0.4808545100214339
F104600,0.45419944381351185
F113106,0.47519511152965366
F101545,0.4317657251824857
F121559,0.5099431729680352
F104337,0.538257859929077
F122298,0.4165502241797862
F118818,0.4560772792082164
F121191,0.41540396817817
F110094,0.44651594722505383
F117833,0.5526027141062578
F118565,0.4552621358723522
F105137,0.4443778016867566
F102304,0.47560439212619937
F101992,0.5057611365493179
F105940,0.4279649654942693
F120312,0.4761352546128219
F122523,0.5203391779556482
F105644,0.40859555877070936
F114930,0.4506355408002566
F102055,0.4914310348486381
F101865,0.44830382675032
F113006,0.5332791751002168
F111517,0.4215757226117296
F107205,0.4118007443755716
F100281,0.4380597642909335
F106249,0.4148646566708407
F101795,0.5178515422631286
F123338,0.44004480335602086
F100417,0.47367789494981494
F107552,0.4130319743476727
F100421,0.4145836719289433
F122717,0.43925127777190526
F110029,0.4643436039751201
F116213,0.4684524299165984
F120203,0.4901060087472151
F121400,0.5202669138979421
F102410,0.4715239570088834
F113164,0.6023718900574324
F112430,0.5435662576251848
F110772,0.4222318775271682
F107726,0.5023236304884225
F115940,0.3953920474495667
F102875,0.48305252805995647
F119355,0.42900982661199094
F113306,0.4864476159812191
F105384,0.4662788524314495
F123072,0.4390328449210893
F109979,0.44359591202349624
F113891,0.4936482483998735
F109099,0.5628215606848852
F108435,0.4221932968979577
F123416,0.4941772953851653
F101919,0.46558379746871315
F101766,0.5142078190628069
F115238,0.5136331292709163
F119887,0.5451220289902128
F118656,0.527717423137031
F111062,0.4991027653720388
F124530,0.44060939430281026
F107975,0.5946516071899519
F104548,0.5150709987438608
F110843,0.5453003904881758
F110256,0.4782556225629443
F109074,0.43047983657320943
F124484,0.41782854349975984
F120196,0.46117172920278016
F104294,0.5110918177812993
F107467,0.4461969014556021
F120244,0.49372085400276167
F123187,0.4406404382111678
F112771,0.561543225663533
F117023,0.40554451250185575
F119213,0.4646730244946639
F113098,0.5034022957489092
F116855,0.5424287258553467
F101306,0.44520708206394954
F100909,0.5099326729213504
F114368,0.47568530579419027
F114371,0.45852040399294575
F120980,0.47543706364939664
F118550,0.45178752506033826
F104843,0.46129742789006295
F118498,0.5652798306248845
F104761,0.4341069284405864
F113347,0.5376682469811161
F110363,0.4088737281965057
F102342,0.47811403416605325
F102609,0.5805021112387233
F114479,0.4513784891232551
F108351,0.4465160996186498
F112614,0.4650522210725485
F112204,0.5969482631500603
F119447,0.4916679246120645
F109298,0.4808959021269764
F116652,0.5121083026704885
F119068,0.4809074474575987
F105089,0.43302113914927765
F101636,0.5141346930351157
F106619,0.5015146316780925
F118108,0.4784310819700049
F112851,0.42842591672819796
F115111,0.4995037305306549
F111622,0.47705565314642584
F108793,0.49996117339456464
F118800,0.5030807223424782
F115275,0.46911610020868305
F102362,0.5409898838559448
F107284,0.49146050623204673
F120471,0.5198610799157989
F123050,0.5014345751431644
F119940,0.42423908502928365
F121582,0.41446742845864754
F114972,0.4379746993115187
F108065,0.5442075518842185
F120580,0.4415528348487435
F114945,0.5087418497698922
F102408,0.5308548981612478
F110431,0.4653022853281414
F103669,0.4946263299378859
F123781,0.5773593913537662
F115715,0.4938297089838596
F108380,0.5312642749530109
F106089,0.4101159611407682
F113793,0.4173615215368446
F103269,0.44961196421097027
F110531,0.44786105814653593
F103529,0.5088975812670706
F109149,0.5135479276945731
F117568,0.5026633733829375
F122152,0.4508272879536249
F106396,0.5166091029030434
F101797,0.4521654266520545
F112318,0.4932029466434018
F103122,0.5050108449250882
F124064,0.48179016759741655
F118639,0.5525496382526055
F115913,0.44196728026138654
F109873,0.5192606147334722
F120091,0.45665113786694533
F112609,0.4085762439635575
F114961,0.5084038859923081
F119734,0.48786394162873925
F114566,0.4877975509051005
F117003,0.47099458540611416
F105055,0.4641560092469534
F102011,0.5310133330518537
F100934,0.46365531373473406
F111696,0.4661956107906161
F108316,0.4259166130413521
F115710,0.4871322312902976
F108210,0.45888533840553253
F101403,0.44523853127541213
F114763,0.42041730798827903
F103191,0.5205298531611904
F112148,0.5410897601077211
F112365,0.4954202870619969
F110678,0.5319009308677057
F108746,0.4506344605199167
F124293,0.45393221686593316
F109222,0.48732993539794245
F103183,0.41843511776645564
F101183,0.49766447658962343
F107095,0.5756465513139118
F110704,0.47229750995267594
F122267,0.572813756423502
F101657,0.44761105600627626
F106951,0.5021477061737876
F124399,0.5193571245226313
F112526,0.5039520596663593
F119013,0.5144986971461425
F117862,0.5226147904831332
F122016,0.47939781137918014
F119088,0.4039738744996043
F107519,0.4834431662881757
F122224,0.5014817236857068
F114056,0.43290357172661986
F106801,0.48570534027811035
F110016,0.47391701274760806
F111578,0.47701938397553856
F113671,0.5070550135819659
F100966,0.4068217484874325
F121428,0.4894511824787198
F123633,0.48978357441045123
F102981,0.4538887917088767
F108192,0.4917757079496287
F106415,0.446393193093762
F105420,0.4562508954024458
F102891,0.39760283714452394
F112864,0.5572087687943231
F119796,0.4837646906383001
F122286,0.5311054554296792
F111968,0.43489327254940724
F119271,0.468171854596802
F121319,0.5681139635965903
F122989,0.4332506960377277
F110587,0.5529394201000098
F119835,0.5061654562973557
F113804,0.5403027799079367
F120608,0.4835700703073327
F100063,0.442864456206178
F111602,0.3860004724655499
F107242,0.4158065387055506
F111447,0.4188975321984695
F106101,0.4617331066029772
F120610,0.48067352477264236
F111823,0.49297188346805004
F110848,0.4668150410841171
F104147,0.555092206110945
F120801,0.48123807314241407
F108269,0.5550133376517213
F122035,0.5161732074274605
F102387,0.44056101567182804
F124608,0.44946112505280855
F117790,0.5464678476454717
F104029,0.46725334234244925
F115235,0.507651024799245
F110891,0.42743106855146407
F122291,0.43688840389203176
F114721,0.47195723696964637
F109328,0.4405022837999522
F107995,0.5159859988397157
F121056,0.46374419619138507
F111933,0.4896262216575845
F117608,0.39054667175447155
F107155,0.4654801592248435
F108926,0.525940944485078
F106237,0.4384639956237429
F112467,0.42911510918632395
F117632,0.4077016159055512
F101380,0.4599903289946316
F101621,0.431008875046209
F115108,0.47016203238418874
F122264,0.49903245390039797
F100303,0.5023336376192075
F105445,0.5182641486385765
F102267,0.449907611569846
F119046,0.533242101810876
F122308,0.454828324270057
F107153,0.5326855646310555
F117843,0.49429116366936826
F101910,0.43004333741324274
F114196,0.5553997936232602
F105769,0.49264681467076754
F119541,0.4705161160624092
F114088,0.4575415960912677
F115915,0.4863029693859504
F119736,0.496858627299842
F111740,0.46705294575720474
F114594,0.4875545320123584
F116558,0.46353051181518495
F113078,0.5051721484521243
F100369,0.5490923324803457
F110194,0.5003981533170778
F105193,0.4162952924514094
F124542,0.5039486000633876
F104589,0.40549715198788094
F104361,0.4126024658981616
F116568,0.47522952985013034
F117695,0.49375077930144184
F104183,0.44683194255742276
F103675,0.4279566505178074
F102368,0.4508451506195845
F113625,0.5543877761070396
F118503,0.47578095766721146
F122740,0.4575643070315287
F106321,0.5128436565407222
F110321,0.5079557129654309
F103934,0.5012795136073627
F121797,0.48353710445946974
F102651,0.4642739888418696
F120766,0.5861307799350721
F118858,0.5094458480775991
F104815,0.4863799801204901
F115827,0.49807684884522524
F101686,0.4475500948216832
F114701,0.46516091470856935
F114078,0.5259372929185457
F117801,0.5235499357190059
F122684,0.45583753249479847
F123855,0.4386562499700607
F108565,0.5685493268628967
F114810,0.44978687635264336
F105579,0.4353283267720448
F106859,0.4861795646380008
F105364,0.5015323271888309
F116307,0.39225240625777436
F121889,0.4685058083058645
F122442,0.4494092253771585
F123936,0.5319512825346167
F121631,0.5182855300176791
F117055,0.48818200787866856
F109654,0.4941692686122292
F124546,0.47611971171335554
F113811,0.41180748565765746
F118936,0.47526873876867615
F124526,0.3976985347094653
F116075,0.4342126355982773
F117880,0.42653174292580937
F100117,0.5554476764523107
F101966,0.5412366275123752
F114404,0.5761669984363206
F115372,0.5094826525696463
F109898,0.49022772987839536
F113034,0.48198963289272
F111045,0.4470658537394728
F109096,0.5038089584824081
F108596,0.4220291876711905
F119689,0.5402087880855145
F102311,0.4059637416006437
F108047,0.49495794564274576
F116621,0.5291691252642059
F101279,0.5347789183163899
F102314,0.45573717654813056
F122908,0.4548707734657124
F109229,0.44672763689417994
F111778,0.44390104567931604
F124529,0.440263596997008
F101674,0.4693996690573894
F110878,0.5408885362110966
F101942,0.4822526476264577
F100662,0.47477221511758294
F114234,0.40745379195480513
F119443,0.5073732890851703
F116400,0.5107352299739388
F106975,0.4251752377616941
F102758,0.4682368742341067
F109727,0.4466589456324175
F107258,0.48453706820529124
F102979,0.40273222664561115
F115578,0.504112292623038
F107711,0.4394031082138053
F103091,0.5603862853897391
F117680,0.45489758941964253
F101508,0.43717185558735805
F115284,0.4907247307496474
F109277,0.44809572461149605
F107648,0.4968131394103166
F102072,0.4975889571768374
F110092,0.47036439334590285
F116611,0.5031280171994847
F103080,0.4471976246591729
F101913,0.48084677198304043
F122131,0.5161548267024874
F124057,0.4964625309173609
F112930,0.5510663978487426
F105262,0.4508492540386062
F117660,0.5267366379140603
F102962,0.5163981343495578
F110450,0.5620770783360932
F117292,0.46163213570774236
F100124,0.45103362125595736
F107355,0.42608783227483565
F100676,0.5011242775967296
F118568,0.4624613628699177
F121315,0.40529164098335535
F105243,0.5130485899852165
F115486,0.496804696185901
F105536,0.41306233250045227
F122476,0.45424579669943965
F114635,0.5017539120857885
F114860,0.462167964123842
F120946,0.5110219277362938
F107566,0.5043881196920138
F113521,0.43742350999004564
F106032,0.43515483676949607
F100430,0.49806476221930884
F108705,0.46524337260233684
F114616,0.5190328186413107
F117673,0.5348825594838299
F111701,0.4593717385843122
F120700,0.4424366560603976
F123090,0.4424193826885785
F115296,0.4739331128710801
F119856,0.46109891014104465
F105403,0.5326200612725188
F102948,0.5550415047592834
F119484,0.5031117440590125
F111890,0.4410873483090028
F120961,0.44990068736529654
F103322,0.5284525465443515
F101204,0.418043140925451
F100381,0.5606250980266608
F111363,0.43947223519143624
F108761,0.46433917009740305
F106107,0.46765274413421465
F101048,0.549919416064163
F113832,0.49242203351766045
F103620,0.4971179500867239
F120874,0.42275899424038
F108396,0.48051176333971946
F103921,0.5143572835707332
F114217,0.5177093979492646
F118553,0.5035788506295448
F102942,0.4488911910891341
F111745,0.44537678783558554
F124294,0.49675524842108854
F117821,0.5474290419846137
F102501,0.5031368639209507
F121007,0.4880680579611198
F109120,0.5015256511530708
F124906,0.52843453890383
F110934,0.4985634159889217
F103892,0.5003971092216666
F101988,0.3745261242716835
F117297,0.4635561218117403
F103333,0.45492791639229535
F124532,0.5825891573946564
F110317,0.4608448886177817
F101326,0.5366600126931674
F123640,0.5440247023756917
F122450,0.5108517547793805
F121658,0.531166716601772
F105792,0.4752446389642875
F104454,0.42978532296932104
F120705,0.48811346183995297
F111750,0.4806228972754616
F109324,0.500420273756784
F106103,0.40546255387563535
F107508,0.4945015784318594
F116292,0.43256646253705666
F110812,0.5287157020210808
F118252,0.48750948435947
F110876,0.4715321451606009
F115199,0.5220777930926055
F111179,0.49156253770226294
F124475,0.43959239325215793
F103147,0.43115204673225527
F100344,0.4863819777921272
F116474,0.5228884181030864
F109615,0.4320645373560863
F108437,0.46203557372553766
F107824,0.4720980680705025
F122006,0.41599744043811115
F112927,0.4834621719105965
F112746,0.4477429400403303
F110474,0.5169447157429647
F124709,0.5018335831308591
F115106,0.48215097179293365
F123513,0.4560209925418516
F118216,0.5428252907662983
F112998,0.49840977103298423
F105529,0.46444937986063034
F108501,0.4329256821150229
F108282,0.4681869773673215
F113583,0.4141245724271282
F100574,0.4563816142314228
F118499,0.5237527622089571
F109104,0.4956618535309279
F122637,0.5174636223385175
F122437,0.5560195489454073
F124901,0.4915215314992931
F106283,0.48191705671742047
F110003,0.42213964003360477
F124217,0.45340087973491294
F101199,0.4650805617641647
F102781,0.46594896038937533
F110469,0.4985778965889376
F109133,0.5200801740554937
F124950,0.5448027177283501
F120339,0.45659100008332765
F105887,0.5340991131774926
F112225,0.4480208732924946
F107370,0.4032776861655384
F103559,0.4386257721356688
F107478,0.4326310651904822
F104308,0.43624852502965805
F104732,0.5241379934356981
F115187,0.4731069186494282
F118012,0.5084442466416034
F117228,0.5087480605681267
F116614,0.47777321946716783
F107910,0.4316076647563182
F116998,0.4095656184602814
F115046,0.4663189984333279
F110361,0.43938636689411625
F118665,0.4286179701650844
F109652,0.4644511480060531
F114497,0.44429039974599976
F104957,0.5523732039990291
F101949,0.5301832797286551
F123522,0.412351656168059
F117038,0.4707859435756211
F102234,0.5132043288334465
F116997,0.5583213557842936
F107715,0.5555304801864102
F106209,0.44977367492161446
F114631,0.4302454673295476
F111047,0.45665037137870385
F107722,0.5369139610501391
F123629,0.49979342291223683
F105307,0.5556928281656456
F100276,0.419647961122362
F120474,0.5504718902767248
F114160,0.40552734428649106
F110975,0.4713980990127207
F118874,0.4463144656536991
F104088,0.5860395987940834
F100779,0.4385950794355324
F109610,0.47444717101464506
F102568,0.526573572041951
F122318,0.4788864441677626
F107513,0.4364761340089447
F121989,0.4956310221461731
F105505,0.5202557910552816
F116533,0.4368585712307952
F106849,0.3976668602385234
F106802,0.47067170492614196
F124883,0.5181641586219635
F103571,0.5426596825057324
F112567,0.4699299751395586
F113994,0.4867188472412719
F122663,0.4650345029428271
F122659,0.42635088931875276
F108701,0.41274430780291466
F102880,0.3814706125991074
F108569,0.5351763784427438
F121717,0.41303265805488565
F109974,0.49312721506010104
F120370,0.4440066504361784
F117473,0.3870997988500049
F112693,0.48856089252887647
F105000,0.45467143299904006
F100285,0.5326300850529438
F114122,0.4712388301293413
F105751,0.4535888156309509
F107788,0.4739453977929773
F115467,0.4420361500651855
F102622,0.4297198094650163
F107899,0.41048045366490277
F102079,0.5419378235867819
F109416,0.4515687395252374
F104238,0.43783455099182234
F100461,0.49774184441597313
F112622,0.4820808393494288
F110160,0.44276282693375213
F112915,0.5164447437782076
F114018,0.4160137619999229
F113896,0.47424297881896565
F120170,0.47118868780780954
F113854,0.462746179551621
F103818,0.5224953560359222
F106810,0.430645991061917
F113124,0.466026967104769
F100838,0.5449501237478979
F102996,0.48649690785176547
F115842,0.5288087796454818
F114888,0.49135182320642296
F101293,0.45866598025440286
F115443,0.5584207488862803
F107521,0.5101838184285291
F115413,0.5104775641573641
F114250,0.4812931837879546
F118786,0.5295929150307903
F122254,0.5035959517824584
F121689,0.44540006025243384
F117848,0.517968941788567
F100852,0.4282438245325355
F122845,0.5161636336172435
F123435,0.48940085182630544
F111311,0.5007922215072718
F115693,0.40944308085851083
F114977,0.4578328437378043
F104897,0.5049521215755138
F104821,0.48096590623008173
F114993,0.5468929464472548
F100904,0.4199376804797612
F103244,0.5151686592859704
F107784,0.44109821031415
F112491,0.4762094972861469
F116895,0.45980225120433943
F100545,0.49288200016981565
F104812,0.49311268825226384
F107098,0.4351305878937345
F124363,0.46034138980973577
F116584,0.4666493966651988
F107171,0.5154737562528072
F122313,0.48996258438026674
F106383,0.4779429416041825
F104226,0.515377190559536
F115928,0.39462304486057775
F121080,0.5222618111202236
F124138,0.48557029215432035
F112198,0.42864944491534085
F103361,0.4840200541167814
F114204,0.5011647921507162
F117323,0.42386436252855975
F108519,0.5081669765021181
F116883,0.4658760088213606
F112759,0.45053596148700714
F111901,0.4800450184938847
F120650,0.4539180302312945
F103826,0.5034422972617684
F112527,0.40695847323773177
F122498,0.43053350736093476
F124072,0.5260643694082558
F103159,0.5031993202979529
F108242,0.4878133854343302
F119219,0.4887240051650539
F120620,0.47191411030443664
F116601,0.48550978095256925
F112813,0.4560775411361145
F121489,0.4886554819500971
F112435,0.4403205119777765
F113841,0.44960608655809636
F106438,0.4368943825032687
F119840,0.4792626881659425
F114199,0.4378792591248907
F111612,0.5114184371632495
F117617,0.4417614179566235
F121901,0.42726560694490157
F108459,0.5645067814351615
F124668,0.5068091070618241
F118354,0.44964590407463056
F100578,0.4265012934414265
F104874,0.4713664339004983
F108094,0.504199412179698
F119640,0.47741834198487465
F121313,0.41867935042150234
F108467,0.5456600218350576
F121072,0.4596752888465015
F113024,0.5023181393965308
F118961,0.39519629704012166
F112331,0.47197308288551343
F111393,0.40960430615097415
F118824,0.4199636301280166
F104630,0.4445561802854659
F119694,0.44224728243841255
F115168,0.5953392838342779
F113160,0.4825178808087113
F112047,0.4889835909097117
F119427,0.4878987159666896
F101595,0.4839737195119207
F109179,0.5427845255181787
F100275,0.4264858699677513
F111079,0.4785626815241849
F109465,0.4430150323548001
F112919,0.4859895821926222
F124460,0.4178486513492409
F115813,0.531121906095081
F121070,0.419127567342023
F105662,0.46045821581435575
F109958,0.46961092662290466
F114149,0.43428068800437714
F114380,0.4247974995585962
F111485,0.48120189468456215
F101685,0.5035554953934982
F117721,0.42813257368056484
F107967,0.4810489196861714
F119972,0.4849830806702345
F122321,0.5295058544093496
F100012,0.4455122841411221
F119093,0.5054879359857183
F100667,0.44185797760757356
F110167,0.41639919990384255
F123985,0.506655589740906
F123465,0.5154406315968242
F123655,0.41406068521562767
F124835,0.4421526877317958
F103445,0.4424131180161627
F115195,0.49338346657442
F120478,0.44076366488325475
F101017,0.5299342713396824
F124732,0.506384846883594
F110965,0.48842499524656835
F118844,0.5616679915884588
F107954,0.43496984665421845
F111156,0.4501489416204282
F100623,0.4959854819099697
F104855,0.5693171850866033
F119661,0.48403643597275237
F100599,0.4294364420065974
F103358,0.5676195960560112
F107994,0.5422822951206169
F117248,0.46454794099049423
F103476,0.5041827293227561
F102399,0.5205844567528138
F119623,0.4688741051287355
F111593,0.5082775754387898
F122377,0.5688823208174263
F120253,0.4286685032945383
F122347,0.5132973456879804
F124561,0.5262410787373857
F108281,0.4204003484701717
F106031,0.5248282132894967
F112641,0.46184965785791976
F114279,0.46031898118595543
F114552,0.4754309592307159
F113767,0.44281039408709616
F114432,0.5276674794847624
F106840,0.525029098119868
F107323,0.49045961574468777
F115626,0.43829480606861054
F109540,0.5045680338772912
F114980,0.49860911320571194
F118205,0.47312154170671444
F124755,0.4199528456345172
F115152,0.5309061762712423
F101796,0.4229714726496004
F113981,0.4911268326772742
F112050,0.5101178873656155
F119564,0.40076414630203594
F116438,0.583932704830703
F109893,0.5010231499337507
F106047,0.5441173811606034
F102657,0.46232051458495754
F111568,0.45127600889888886
F121907,0.5061520006080902
F124040,0.4280850505008769
F109261,0.42761777386378874
F112642,0.4764772204431129
F105759,0.5023401514345922
F120095,0.43838391186005277
F118721,0.4957987845405552
F123330,0.4429371207669419
F123851,0.44843766367466303
F124150,0.530759343513924
F114705,0.5454255364767774
F101299,0.4227187378234405
F124749,0.40641566300669196
F115566,0.5761670496293987
F104414,0.47455675341879533
F103154,0.43216206834978477
F117644,0.4468286620162524
F117213,0.46893122934071446
F103504,0.5876420025242995
F109589,0.4182251976548749
F123196,0.43496712602499343
F119529,0.46156221727560265
F116689,0.5307498304762235
F106997,0.4329173911131415
F107128,0.4431700146524026
F116356,0.5501826963225633
F104563,0.5150043637614805
F114657,0.4185469717866541
F115824,0.41877571263073876
F110572,0.44024320312617815
F115702,0.5327795675084748
F122399,0.42651514636680954
F110201,0.4644743989676031
F102157,0.5246236851795545
F109472,0.477510909784674
F103211,0.54895876777031
F122265,0.4719568281827143
F102927,0.5119116318959418
F111582,0.43895548540909024
F121411,0.4698728104117795
F114336,0.469840348141617
F107007,0.4208838135403583
F111569,0.5204121557752489
F105846,0.39340329342537617
F101168,0.48471319394397416
F115923,0.4958686325349979
F102593,0.4100591844885659
F113640,0.41539587349275836
F121066,0.4227232860404924
F124919,0.4581298657047663
F114084,0.478651609767616
F106809,0.42271059403513533
F104024,0.48078974311189693
F105616,0.45704007419103543
F111082,0.4297679552135233
F105244,0.47669143418061977
F111099,0.4649009914362498
F109961,0.45646431179072283
F103033,0.4626923436241567
F102794,0.5218125075376607
F112356,0.5030328989919485
F113831,0.46483132016313966
F104280,0.4517193505546887
F109521,0.42392649836030416
F123888,0.5258924648556058
F112485,0.3868988536580773
F109273,0.4954599329673623
F118391,0.43299074931370124
F103822,0.4113624307848709
F100116,0.5623688463083316
F113084,0.47468838946171377
F107233,0.4939861991668275
F107585,0.43654273405175226
F117529,0.4896092333613645
F121589,0.563061861408152
F103116,0.48261818387855915
F122459,0.5007512701693323
F107724,0.4380771857537405
F117749,0.5203180612625212
F116278,0.45866314162189203
F101629,0.4560143652658858
F101577,0.49367687550030576
F120763,0.49132981571613343
F112218,0.4587633040224043
F108583,0.476939828149183
F103258,0.46919544541578895
F100848,0.5050323864322805
F122727,0.49851968740983454
F117009,0.4821462666199595
F118990,0.5319480208020563
F104102,0.4476568354221615
F115599,0.45399905767482507
F118788,0.45820854895301183
F112935,0.4692163430203252
F118331,0.4911992834572947
F114359,0.4921733934586824
F100246,0.40978524436370156
F116622,0.4573542212602909
F108938,0.49527182761989974
F104396,0.49131939272217773
F117056,0.44935430627667333
F123896,0.5508194130434569
F120726,0.449574716843619
F121823,0.4395397823845981
F113548,0.44068505301797833
F120616,0.4529440002912798
F116391,0.45396970157648214
F113049,0.5357961236223758
F113818,0.4296857067113816
F110072,0.4202987153001201
F109588,0.47315847486018114
F115906,0.44864244864843117
F120576,0.535066599599203
F118413,0.5587010217405775
F113174,0.5095592185547108
F108700,0.5181117596725716
F120069,0.5300650916698911
F117480,0.5209469297802096
F117064,0.41896011503466596
F112404,0.4435912602062475
F112863,0.45094055139632666
F103935,0.5763742366563032
F124344,0.5199282290079744
F118087,0.4969904467803901
F107237,0.44918703505524304
F113866,0.4781870443335511
F120676,0.4372308857776217
F106787,0.5148520773862769
F105649,0.4824946729070311
F124100,0.4385091082856648
F115945,0.4659469855053528
F100441,0.5127695542700657
F102525,0.4968090916401329
F122088,0.47979709922057134
F118867,0.4665836978968123
F107232,0.3920380363206163
F102769,0.5275423860100892
F110807,0.4844470452964068
F100438,0.5300722833338608
F121910,0.48962496610807854
F111480,0.5552411262055481
F123340,0.47276797263283277
F103042,0.5136438580531655
F107596,0.44570821079593803
F115776,0.5079256588914828
F102502,0.4826021895821244
F111318,0.555039244855809
F112062,0.5737397216191017
F124792,0.480102022639574
F122966,0.45403897897498485
F110465,0.44972417985434676
F116038,0.5321016187493977
F102188,0.4558527460774098
F122326,0.4166564096848877
F114610,0.5050555441051381
F112674,0.43871526718722764
F113381,0.46545155989088927
F115351,0.47712340508884815
F100891,0.40167833428020633
F112199,0.4576815611297905
F119698,0.39092260714169114
F123440,0.4319610943455795
F101164,0.5151170218622617
F108790,0.39462027640988584
F109130,0.5042108538204737
F123152,0.5255337782126432
F101544,0.425710374183496
F103474,0.5350610353854744
F109574,0.5295465299810899
F121431,0.4948538852826043
F114966,0.5325498345854698
F119928,0.44915514789501276
F113901,0.4518141499033349
F100133,0.5533205994861576
F114828,0.4445365867398146
F115554,0.48901486481007983
F105903,0.5568876473794956
F123392,0.45876305710641474
F109145,0.5021866913475742
F105656,0.495677585030973
F111280,0.547080712200582
F107504,0.4244423975378361
F105564,0.44511581133171274
F106909,0.46201283197470033
F116486,0.5346635041171768
F124281,0.5046822656674702
F111436,0.4808413229000203
F123782,0.464083627545543
F107371,0.5242659407953143
F115651,0.4498685708610532
F116494,0.4943624813213713
F108845,0.3821609861945764
F115890,0.44896834300936617
F119552,0.5592237830772101
F111516,0.5505610429236788
F112465,0.5178658172117079
F100643,0.5278859959634211
F123291,0.44802657172322047
F108470,0.384944643585615
F106417,0.45867233700335247
F103424,0.45750487567608134
F119908,0.4540144723263161
F105719,0.45351322220393975
F113530,0.41945397781476434
F120259,0.4056361910789574
F101281,0.46628241345408383
F111685,0.4316902274260731
F105203,0.4008782685738819
F107678,0.45268248056807003
F119335,0.45086671220673574
F103601,0.4625395347061968
F118229,0.5337135783168812
F116112,0.49478656460459813
F111818,0.5407492947248692
F105707,0.4646669804201823
F112311,0.4840640197210345
F115246,0.45199405722603214
F103359,0.5055775942919222
F120089,0.5655182045103744
F120875,0.5253848560944017
F104362,0.4438423465694742
F114442,0.5249767934429799
F114182,0.4941575506189849
F110118,0.49844756490986925
F106175,0.4299753818875115
F108537,0.5650015835908659
F103204,0.46815108344226575
F124978,0.5093673653223314
F122021,0.49835217096343654
F118039,0.49713762987780696
F101238,0.536650200410138
F113274,0.5202712962388659
F104550,0.47359964215413664
F101330,0.45622646105771436
F116399,0.5387264375621219
F116644,0.4561226261952317
F116854,0.4765188350423586
F104164,0.43725250470669663
F116185,0.5115560429618753
F105730,0.44950272289373533
F114152,0.38569082870509785
F111128,0.42886471312061747
F108709,0.48380650321623053
F115912,0.5310198174179762
F119894,0.4474389111596397
F106493,0.5284059310241683
F101189,0.481721756572539
F111139,0.49172974718181967
F111006,0.49889771993621945
F107577,0.549351893292929
F117510,0.4819451674631084
F120494,0.5333094048184949
F117719,0.42240264934216354
F122879,0.44443737353746204
F107625,0.5462604314169811
F105437,0.44289045176043607
F118010,0.48569076003671197
F116881,0.5036488705307612
F100187,0.45854217740243747
F121376,0.4967701229428218
F109587,0.5222405657297954
F103688,0.44231858064632157
F121488,0.4671625111102624
F117629,0.5263504109433457
F105425,0.4965794567529094
F121404,0.47573621122324666
F118337,0.44330762829424286
F104030,0.5480539682081403
F115256,0.45712722745664064
F123740,0.4626788303806907
F109670,0.5163883664922211
F110823,0.5515906719023986
F103197,0.41759224151523533
F115021,0.414295763594316
F100459,0.4422572948496249
F122047,0.48521522874559153
F113025,0.47267925076003225
F120777,0.4746583260980865
F102882,0.4709058991802173
F105070,0.4958110027615554
F114682,0.46451974011092145
F116192,0.4892993959320535
F104397,0.5405531128045706
F120524,0.5000899558447494
F119934,0.4703472468525387
F110929,0.5067503607346552
F102859,0.4824065856169557
F124754,0.4372541385890414
F101087,0.46217746278672855
F109233,0.5328508214226055
F112119,0.4039249185551399
F122242,0.42382036575869847
F120785,0.5106142742564911
F124559,0.5394639714342734
F110824,0.4906225591648061
F118459,0.456872873623943
F103051,0.417147033342525
F105150,0.44675356798100163
F124944,0.44427866679959505
F103363,0.5032854806497461
F101489,0.5179432051153907
F109369,0.5230598030740587
F104904,0.40434461671252836
F111766,0.5356390770676627
F111931,0.4652362238894373
F103979,0.4392267080288773
F110559,0.4777933494194209
F122549,0.4298112832174207
F119047,0.4175194156395748
F106513,0.4690267956983085
F100803,0.4251386779351133
F110961,0.42333435667371316
F107236,0.4761093516992341
F109756,0.5192552578355736
F105762,0.4748366950305669
F110064,0.4708800289298736
F117417,0.4298450601128866
F100074,0.536743074039562
F109326,0.4293739022627512
F114621,0.4463360790435008
F104151,0.45138090645773304
F118524,0.4777624675179625
F103836,0.4043680266804893
F113787,0.5225431232915962
F105820,0.4358206561236037
F103783,0.47486070390815777
F108993,0.48892491668271626
F100775,0.563525997481182
F107481,0.47302187452847194
F111112,0.4244524910783075
F117751,0.5033995192160421
F112203,0.4761701829692115
F111119,0.5280520702382938
F117114,0.45845501521220056
F111458,0.4719991386242529
F115086,0.5455307265061868
F107349,0.40022942210198365
F103152,0.40727128045575245
F103723,0.48792467495924513
F110188,0.3942944184252599
F121282,0.5226983362582149
F111781,0.5338562675115816
F110537,0.45075560573235685
F114249,0.4207388053678286
F103527,0.5166967814054214
F115596,0.4272194210660353
F121388,0.4863295556166741
F104942,0.43642088894396236
F116910,0.5463161585684303
F106905,0.5257541024199395
F112994,0.5527078383883134
F120535,0.44959657404492703
F105123,0.47119254606345473
F114679,0.4261848602401239
F101779,0.5276545273979969
F118270,0.49425316883363196
F123714,0.49405108739069115
F112307,0.41426560464379975
F115870,0.5779062259877206
F113144,0.4077755678770173
F123133,0.47496724539463775
F114349,0.46629866204832193
F121855,0.4364705926332104
F111044,0.4509980885403688
F108224,0.4781157966524438
F102671,0.4758686152457584
F113859,0.5253305042519375
F120245,0.5100683797979995
F106290,0.508904624311677
F105685,0.5454995852328745
F105097,0.4705020230943777
F110498,0.4561567721204909
F106123,0.45654225472319765
F122927,0.44592157146605516
F115219,0.43090358888024544
F101377,0.46960592426610437
F117468,0.44247580858106605
F118829,0.46111900607161777
F112690,0.46723397555475504
F114255,0.41997835576560255
F111474,0.4857630165735812
F121971,0.47026368667740087
F108844,0.5417229320856226
F113348,0.441914230541735
F104569,0.4966530468803747
F120611,0.4881326181607081
F113173,0.523280544592537
F118633,0.5028443336028972
F104251,0.5893169972666236
F104671,0.49278261141083385
F123798,0.5115253590696571
F116010,0.49765250106836084
F117979,0.522183055252329
F122376,0.5986419567172011
F108669,0.3959175227225169
F115302,0.4286108363267569
F122815,0.521074792174402
F119004,0.4645377102771368
F118644,0.4267543098456905
F124540,0.5710300525732505
F121332,0.47507323067273655
F109027,0.48529657113171154
F119425,0.4749108006593811
F107040,0.45593744032841826
F112722,0.5015269924023195
F100681,0.47067864866275877
F120514,0.4446126067426143
F101855,0.4746680096139908
F123344,0.4727359446215833
F101123,0.4430136897904905
F108986,0.43662531093628354
F122938,0.4725792303002132
F116817,0.4681486700888423
F109201,0.49733518274065736
F103697,0.5132240130418476
F115502,0.42234411034434804
F118720,0.5086983883378859
F102464,0.5317878374607913
F113800,0.4429423246067173
F119446,0.4188563928329553
F105054,0.42310688805751084
F124894,0.4391054043830588
F115433,0.445343971900085
F119757,0.46524452928804694
F120112,0.5625211641476587
F118927,0.4819276757835957
F120805,0.5022722624323338
F112273,0.5322185306987909
F116197,0.46163339312808116
F114863,0.46612363490441977
F118241,0.4543133990205571
F119729,0.5262283158858865
F122423,0.49542746229140144
F105359,0.5318281112733576
F123129,0.4359631062945801
F108755,0.508217581583343
F109675,0.4618189821709439
F110349,0.4241861216836676
F120381,0.4945534401469003
F124501,0.448355206199826
F104682,0.517784144093952
F124009,0.43637452934617826
F108849,0.45087284674128103
F115855,0.4035732608273638
F111929,0.4512415056336604
F116938,0.5113888575093752
F113587,0.49741059909560914
F102665,0.49969581300432386
F106210,0.5175871494210516
F121703,0.5856102155011934
F112925,0.4240524139385898
F116899,0.4073361246314877
F124171,0.5599119136370896
F124990,0.49227949926368053
F120039,0.42159983243856425
F111382,0.4859663222006643
F108213,0.42731905234139367
F107820,0.5124802930210677
F115509,0.4622219999985737
F118349,0.4348356939440734
F104318,0.44559020594994725
F118304,0.5683137045958849
F111005,0.4744160972374425
F106972,0.4699218273951475
F109404,0.5035933575376509
F124981,0.5500127955056546
F122758,0.41978504189352606
F120098,0.5070390833715386
F111347,0.5757453527568761
F115655,0.4783605595264364
F121415,0.4500450417013213
F110492,0.4785597765656451
F106495,0.4817358878823421
F120074,0.45509586602887425
F102440,0.5198420715544333
F123489,0.4617473748004389
F108096,0.5613884903592885
F108872,0.4399690722088845
F119904,0.5780109069180589
F112636,0.5438664193244738
F106662,0.4715587170001692
F115898,0.47155168050977314
F112108,0.5698171255166361
F121024,0.5333957447557175
F112774,0.4431092756223538
F111413,0.4665810714296521
F109759,0.4636882354467963
F100772,0.4468444475229963
F112389,0.4309191378763362
F122276,0.444944196193378
F105336,0.48046136877621975
F101607,0.5023698326519643
F121295,0.46771873699077526
F124818,0.5006857141313643
F112531,0.5129366765124878
F121503,0.4710051246382392
F113282,0.5607395597218704
F106428,0.4303904229089104
F123390,0.40617985084687463
F100274,0.39623210211610693
F123460,0.44215870942975577
F105884,0.4729075217492157
F116602,0.46609731731878246
F101451,0.39830373882725295
F105282,0.4951622565007845
F110639,0.4646208891589027
F123126,0.5013764582342133
F122571,0.47388416883522305
F105726,0.4683379777551454
F121789,0.5003438920983089
F117998,0.43539851814133446
F101634,0.4946972661701424
F122216,0.48180018813961
F122406,0.4868873847674944
F101560,0.4895470032998404
F116183,0.46466457851093945
F120127,0.4527363932914297
F118436,0.461469527876318
F113853,0.4697627576932689
F119350,0.48790830907530314
F121868,0.47427088665072703
F118879,0.4795281867019442
F112708,0.4420113818994146
F109637,0.5515805423292814
F102757,0.4486321378164146
F124866,0.38761979715671635
F102873,0.4908784323080464
F109215,0.5345373304612993
F123681,0.4984073728858046
F117392,0.46764860757363225
F104750,0.46951793333325353
F117615,0.4470828137211351
F106295,0.464052855972114
F104877,0.5354219975813017
F101582,0.4218529238784776
F119339,0.5037819754657117
F121141,0.5142849203521384
F120774,0.48273903057826445
F114494,0.4579162233598498
F122672,0.4941476789433811
F120362,0.4236290690696546
F110151,0.38520464463209353
F108911,0.43806986546589566
F118926,0.44939623257207706
F117352,0.48477249095460495
F103991,0.4234206644094125
F107315,0.47265862972135286
F104856,0.5961039761480044
F123322,0.49166368852937725
F103486,0.5215920110091568
F110563,0.4492637303624689
F111624,0.43187032063954917
F121013,0.40050431130096925
F114715,0.527153390711964
F118999,0.45952194188955653
F107957,0.5027004076398314
F118045,0.48032513520927994
F122002,0.4007831851879216
F103326,0.5012107729094524
F110651,0.472935436039563
F121518,0.4186887044763891
F104349,0.4142639535868411
F121134,0.4571857257566775
F114934,0.48254213643563393
F102900,0.49813821205412284
F113777,0.4992756111732667
F120023,0.49636729877554986
F101205,0.5193901921840638
F115040,0.5321445923236621
F123546,0.4439297178734742
F108218,0.43924767482658783
F108033,0.481417302419688
F107014,0.45708303343029955
F121079,0.44254382394829367
F105514,0.4580432908364017
F104662,0.4446938481278343
F119205,0.42112190197868665
F123188,0.5437149697175829
F112304,0.4366571993871538
F122885,0.4983511140712344
F124825,0.4397152534510009
F104777,0.4454970867025463
F108969,0.45145300910849834
F116859,0.5380417812921858
F117296,0.5390391866992472
F110562,0.5721318151655355
F122435,0.5385472846243079
F114589,0.49797134327327475
F117083,0.5290303371762133
F103683,0.5329715345637857
F120173,0.5960872655226717
F107869,0.47851770129728466
F109736,0.501512963519956
F115522,0.481595927666169
F113163,0.4882883063503172
F110841,0.4497905351374388
F119566,0.46476925231035415
F113638,0.5376435256749948
F116398,0.457422061658101
F109054,0.4392105489811698
F121206,0.4539338927142892
F114011,0.4557305828143232
F108561,0.5188249130727249
F112178,0.4542235486948052
F103775,0.46741721006196785
F117690,0.48816503027519526
F110297,0.548572323289702
F109301,0.5886883274343613
F113691,0.39212190545080905
F108570,0.46869668358734434
F110817,0.5816151882642895
F102335,0.5099297515666396
F107243,0.495431042704003
F102543,0.5280790611162122
F112852,0.4766484022904146
F124523,0.4685967729605237
F117169,0.5234917917853398
F122369,0.4823068954424151
F121303,0.45340289334151657
F113914,0.4679961563462143
F105755,0.4544237209203842
F107263,0.48042658065234667
F118103,0.5314007323620276
F114588,0.42456912559223714
F118190,0.5259848020416806
F113620,0.42388796279583263
F112699,0.4354586952401236
F117741,0.5425439591622245
F112564,0.5675260297129849
F108405,0.4712223720068014
F101225,0.5629833305776686
F114620,0.45152258106812004
F101537,0.48424087627934664
F112840,0.5093439008432055
F124469,0.585149514107346
F103839,0.5056855618369493
F102778,0.40899243680624975
F100456,0.5339658785820025
F102175,0.5644307924947163
F102961,0.448237873165632
F110479,0.4243242493541689
F116285,0.5274349336566814
F105600,0.49096160365448815
F104202,0.48482443884737
F107740,0.4931243801792621
F102813,0.49111315021173885
F109985,0.4402528351328029
F121652,0.43837236335348995
F117217,0.4629329471661823
F113204,0.5706861824899463
F123432,0.5205224423191644
F124423,0.5531648823401178
F104231,0.4751717833858684
F123691,0.44517933592280734
F102716,0.5969286362398598
F115196,0.4366646310777513
F121973,0.43109159451739937
F122877,0.4947568227481562
F113118,0.46615169779493315
F121209,0.477164417787348
F124144,0.4321562015788713
F121200,0.47414264984185056
F111646,0.5634566477589835
F116909,0.4898854971316593
F102684,0.4473792943458728
F120306,0.3978324772218681
F117528,0.4166512410120959
F112964,0.46933852453136893
F119204,0.47930355602329666
F103012,0.44792082973410546
F116878,0.5074238751561786
F115026,0.4317283464897377
F104929,0.4992041658136018
F122917,0.409258846690972
F118178,0.48930950095729914
F103158,0.47850578778301467
F120762,0.5023821541107097
F118876,0.4600470756334384
F102203,0.4697018413122741
F104143,0.48290129515135644
F110444,0.46950072218263234
F102595,0.45385640017905104
F106825,0.45741710892552334
F122839,0.509381788461273
F117499,0.4796203034814239
F121366,0.4563347086099018
F124345,0.5707595397383627
F123666,0.5373134089281664
F124745,0.5019131867603279
F112321,0.4569274972314714
F114231,0.4874328523213619
F123891,0.5141231654269963
F100990,0.5310893969736677
F101219,0.5024368115515079
F109500,0.4951686177950349
F106709,0.5457774024987622
F119979,0.43464722760619545
F122162,0.4702622405152357
F108408,0.39617188990174634
F121187,0.4747655817383741
F108410,0.4082295803298333
F117014,0.435383358597456
F105706,0.42926694591286696
F115869,0.40154399012322245
F119559,0.41349292720484226
F117107,0.42703257241214065
F101367,0.3897025942487219
F108168,0.5110373068224427
F118918,0.4710499984164824
F124110,0.5662947443277148
F107400,0.5728658187332334
F122033,0.48065134998266923
F104052,0.4727582047726293
F113350,0.4535154849384752
F111725,0.49506137212451873
F109860,0.565209929154312
F115017,0.5022351928322617
F115259,0.4666523648193047
F110154,0.4320496737086505
F100926,0.46265207195830826
F102228,0.42613759170694054
F107046,0.5305577643960405
F108203,0.4910288621239024
F110248,0.5370152545137162
F117460,0.45696722526689487
F111352,0.5144322051159901
F116243,0.49193396625865987
F116045,0.48585191435728076
F115608,0.4605690996370555
F120168,0.42993906298755263
F105327,0.5108663943853038
F121735,0.49164812109456535
F102094,0.5074669483425164
F106989,0.5936749816519442
F122140,0.4874432386587143
F124227,0.5455306502927865
F113251,0.4363388549396163
F114648,0.4750511910051939
F104090,0.47589029133288974
F115262,0.4162268211806252
F121671,0.46939515157790024
F114856,0.41177879062472333
F104690,0.45232739855470894
F115407,0.41889832144737393
F117034,0.52408179064797
F100882,0.446061470448139
F104773,0.3913926583624756
F118047,0.5508158132684609
F106758,0.5401435861697044
F119275,0.42017468004699127
F119227,0.5123324687950268
F100915,0.4518322647678642
F117889,0.4359738579288296
F110862,0.47962444786616887
F115950,0.4667404368870011
F110491,0.43136752951998486
F113388,0.4571769576320082
F105406,0.4914861128400732
F112585,0.4446658819729898
F113425,0.4489961291231935
F119657,0.4618181785410893
F114015,0.5248567395583995
F122278,0.4455594651449532
F117549,0.42250459484412245
F117269,0.4682452288898155
F102282,0.5115734621205067
F112632,0.5320873237745716
F106548,0.4486638361476853
F113371,0.4692670677991824
F100565,0.5228491955656146
F105824,0.40445364257062083
F112686,0.49058892245470537
F100313,0.4720741908551001
F102864,0.4667495693359355
F102561,0.5833216567702514
F117260,0.5146614832816353
F106273,0.47411932651469724
F111251,0.47860250756860734
F100923,0.47059273003243596
F113779,0.4660991307200981
F111997,0.4986905079380739
F113741,0.45318748300487627
F110888,0.45462292450418207
F111977,0.4153411685897081
F123528,0.42506820749771523
F106677,0.47055208461119613
F100661,0.5244376894957763
F100583,0.43649997743650415
F123555,0.46879768531695265
F102949,0.5267034645603563
F110984,0.41436778500298727
F120760,0.45780432802547155
F114992,0.45709120623721544
F105399,0.45915969914617094
F101361,0.4459944287842143
F115286,0.4224153850625927
F123603,0.4769599155690356
F112157,0.5043876871988971
F103395,0.40926376954542254
F122546,0.5097167813144514
F115818,0.4693034565784367
F101579,0.4732422418090968
F102826,0.5430616427462366
F112030,0.4349945567923642
F118090,0.5515165526692023
F104717,0.5348976208750017
F107042,0.4446574840998445
F100914,0.46677206749302674
F121925,0.4764276294928719
F124403,0.4878325701907029
F122063,0.47069385699028654
F111873,0.4445014814545666
F106543,0.43742064150047344
F120447,0.4509613516893092
F105278,0.5358824476667471
F103430,0.4860876089095003
F121005,0.49896908223947367
F102069,0.42655872506733544
F119160,0.42439043841050034
F113088,0.43370078490642927
F105670,0.47396070003374546
F117836,0.4282513167562714
F121697,0.43944694827631725
F116829,0.45197220256817505
F117196,0.4886057738987488
F120476,0.41811376572340453
F107450,0.43096501558027756
F101113,0.5273441565290562
F119438,0.48236998798770436
F107608,0.47342180093889596
F104380,0.47581306470112217
F113557,0.4726696578086479
F119095,0.49560588559725305
F117873,0.43246622052309824
F116469,0.4647421014052333
F109576,0.5270147697379954
F117267,0.4548389986012932
F108617,0.5143151418763415
F113710,0.498605286920471
F106581,0.5326113491681259
F123084,0.4632188294424064
F122281,0.49873992789563654
F121761,0.44187282693698876
F100696,0.40622096174474065
F114106,0.4846832830271783
F106806,0.5147775901400753
F111904,0.45530124764037716
F104250,0.46103321145357046
F106718,0.4877820287121818
F113600,0.5529074771995356
F105276,0.4424242547400493
F113977,0.4415491732851106
F117702,0.4791764202581182
F122564,0.4484908178221941
F110176,0.5517997043934443
F108426,0.5218348643079546
F105515,0.447295988245876
F103742,0.5323785070454324
F113197,0.4429149769880818
F111826,0.4700926382742997
F105450,0.5143209605925665
F119543,0.46317406168666087
F112551,0.46193757749256137
F110488,0.45024593208466485
F115910,0.45007350552730374
F100084,0.501469110870597
F114669,0.41134896752073913
F113029,0.4085355469746923
F115540,0.5194014373493462
F101528,0.4176388198836417
F100092,0.5179470495803292
F121075,0.4096068831134837
F116053,0.43166962374395834
F105195,0.5372181572637762
F115779,0.43088587855154814
F118320,0.4357471180627422
F113937,0.4699464590446786
F107999,0.5541303582152706
F109671,0.49802540053345873
F119267,0.4448255244267304
F115338,0.46664343577836265
F101746,0.44454907565609153
F123963,0.4778226702119597
F124023,0.425858049560895
F120213,0.5194625268825049
F122848,0.5012268992862773
F103793,0.4267564176386326
F122575,0.4620161702438986
F101210,0.45516630220283677
F111055,0.5368540846557254
F103271,0.38964546460875205
F118329,0.4204506468582794
F115167,0.4804522888671874
F121921,0.5391528231292553
F118460,0.5341512408902045
F123992,0.4539559914436497
F119948,0.47045367892855067
F113756,0.4402075605028951
F121581,0.4626075523452844
F104847,0.5099448441443257
F100079,0.5076978785527535
F118513,0.43658696870978464
F105053,0.5374120991924614
F107072,0.4541381236418309
F109164,0.43871821657402066
F115544,0.5308038002092644
F115440,0.46804439368042616
F109406,0.4996463378351027
F123244,0.4765931151857059
F102173,0.45577287774135394
F109606,0.45273375558091833
F103450,0.4190669905962759
F117442,0.4380959787339972
F124027,0.5376549899981489
F107438,0.46003689709252266
F108206,0.5182019251172374
F110530,0.48616303591274623
F105180,0.42494780305951957
F101475,0.44856751660248945
F120643,0.4144092233220625
F101971,0.4436690705864319
F110419,0.4639606619790101
F108208,0.5172867630554098
F103955,0.4353890356437297
F102199,0.4146867962459151
F102866,0.5285558904546938
F101469,0.44518664591487705
F120884,0.4544277034275407
F120979,0.44395054968244885
F113138,0.46517293687601274
F108392,0.52681489442793
F112571,0.4510947288751476
F116366,0.5316043158208672
F115051,0.5444007548552697
F114071,0.5041635247575305
F123677,0.5362469756844848
F100632,0.4723358358071901
F111189,0.529722971824304
F111096,0.5671127646569777
F102899,0.5365884745509721
F103525,0.5764105935873275
F114179,0.46917400301856554
F116692,0.5012660139724523
F122962,0.5395511483921086
F122941,0.5519805067098358
F116922,0.5356612298686011
F113151,0.4887469526529944
F117317,0.482857329048952
F108468,0.47238255069757124
F109959,0.450081572688515
F116262,0.5417330926114968
F124497,0.44224204453905713
F123433,0.5181295743476917
F114656,0.4899632853743207
F104118,0.4142750230941038
F101713,0.4703416672425982
F116143,0.41576789004418746
F103943,0.4777705734042551
F109080,0.4720508879398124
F113195,0.4465243618087719
F100613,0.4785351206075662
F102489,0.49514998431156654
F108495,0.47352117392840004
F119986,0.48067682168798587
F103849,0.4263956345057932
F123067,0.4031332017135581
F100929,0.5241331537641403
F110998,0.44887832892185275
F120261,0.45673572156102493
F118143,0.4217985900042099
F114265,0.4037201039902363
F122816,0.45501729560577764
F123170,0.44071752567610045
F116737,0.4456372955935005
F101474,0.3991019807251154
F100949,0.5293800920562806
F105609,0.4102702228624684
F109628,0.42709814427379666
F100974,0.5753167971266703
F117677,0.5239776440581291
F123325,0.4530304982627899
F111536,0.5531649353468183
F100026,0.5490092700980629
F100237,0.48412953919588053
F102154,0.4758412873557159
F107227,0.5284418446066388
F113643,0.43547558171484796
F119359,0.5145939148491102
F108239,0.48382767811987576
F101853,0.48467558330933225
F111985,0.45549646145101624
F106842,0.48779282093959386
F102316,0.4453798263432995
F109925,0.4892805055004109
F119589,0.4584332450096975
F121088,0.4224893441452289
F107139,0.5198626279981774
F105227,0.5316926629230638
F113754,0.5074378132516697
F108352,0.4163395393529152
F111743,0.40668800345850054
F104193,0.4533655525222099
F122728,0.4409019661971014
F116575,0.40997087484858274
F104657,0.5366899533894891
F104363,0.5564715340726228
F114139,0.4654497026694056
F108645,0.42854899825282194
F115289,0.4760185474157799
F111505,0.5016824744780023
F119668,0.5015237834276978
F109619,0.4581735278218435
F104399,0.45189249915114715
F116968,0.49983389268813105
F112287,0.5029492019298891
F119242,0.4806855849696875
F123830,0.5264715570653695
F122770,0.5650486051039751
F107403,0.5414102131175376
F107791,0.4638004597828308
F123172,0.4199701821188546
F103170,0.5030202952581275
F123835,0.4777513666610918
F107829,0.45924999020715374
F106679,0.48431472669932774
F100267,0.49160777287889257
F117435,0.476792097357676
F121772,0.4756437175066164
F105883,0.5075055800183024
F102508,0.4536894127944382
F124870,0.5299143190253416
F122787,0.5351692589771142
F116775,0.4321088810482765
F102960,0.4214561858818351
F108697,0.4428474052656492
F105934,0.5026030804804207
F102818,0.5358192793213106
F106076,0.4905323766331632
F104222,0.5133517905553431
F123272,0.551851301198758
F112958,0.5333862802491914
F114957,0.545317913204804
F119503,0.537024419497088
F111915,0.5468966039028667
F124101,0.5242110560106857
F108702,0.4902231391702291
F110112,0.5029884127013957
F117032,0.40019574298670096
F114132,0.5482299423644931
F119528,0.5349931998517873
F103129,0.5405181190317265
F123730,0.4848705592375551
F112748,0.5064760135066708
F107833,0.4265107148196558
F111917,0.50576911797728
F109988,0.4449870913966939
F114960,0.4477167755939764
F105397,0.44150085111120746
F117747,0.42741573486320206
F108199,0.5360021435319138
F107145,0.4735943106926091
F115759,0.4485083021149495
F100468,0.4881552717185482
F119121,0.4063383248450059
F108262,0.5104909444431485
F103408,0.48328612591333486
F101847,0.5720052598772031
F121670,0.44893913832603327
F112737,0.527397878403982
F114503,0.4705582387909031
F109783,0.4618342176522794
F103803,0.5009354925375309
F124502,0.444781167990289
F107060,0.5714526787354663
F113618,0.4596488637169304
F110554,0.460917747445554
F124142,0.4623265626868107
F111529,0.5707734022185424
F120527,0.493782818430742
F105910,0.4334393164271697
F123274,0.4879583575879898
F111962,0.506769942408805
F117302,0.46806377330060367
F101737,0.5058850809619442
F101042,0.4584399911897953
F107198,0.51078040015924
F103209,0.48018832052578897
F103520,0.5379924538667643
F106450,0.5049320361112293
F101965,0.41695449242656424
F101960,0.4534605660915482
F103817,0.515815420883055
F121375,0.4478542605036456
F120557,0.5489876114502078
F112409,0.43885841498274636
F113466,0.567901849659262
F124133,0.4918642956610244
F119075,0.4860515974328097
F117661,0.4440059478162528
F110507,0.4919952709461983
F119758,0.49266646238296447
F101457,0.5094326294972371
F123685,0.4562115222047746
F110241,0.5074972795067537
F114878,0.5032567030142495
F117812,0.5687120576647108
F108721,0.4307854080376208
F103700,0.5039475303492322
F110476,0.5336120798466
F109487,0.3950879443838548
F115127,0.47182506692636705
F110759,0.5305259235835006
F103714,0.4449694770259459
F104323,0.421223355508032
F115758,0.396686492096891
F120952,0.5212886026987235
F101923,0.44349143846999306
F115011,0.47575140259302157
F112113,0.4694127746307881
F122248,0.5277178449518403
F122490,0.5003019855190844
F123819,0.5093334317902287
F114743,0.5161151507554373
F124820,0.4714903713048185
F107639,0.4314772833323373
F117117,0.4380645000046989
F104612,0.43620688291837467
F116397,0.4741825649452817
F103469,0.42619260389201086
F105969,0.4585952940178569
F116203,0.407693387577706
F118077,0.5030338432025614
F117563,0.5096902905198905
F116407,0.5587736358024108
F122795,0.5135513972660825
F102453,0.5069319405962909
F114999,0.4575270988961546
F109520,0.4756960218873074
F101513,0.4368389752312075
F113423,0.5468790640694924
F104413,0.41931310106455205
F101891,0.42265977135929794
F106597,0.5335106467234505
F109864,0.41084207556405894
F115201,0.4770402996817368
F121122,0.4919001801181492
F118055,0.44341231440351553
F118135,0.44579741105616844
F108868,0.5220154599040014
F117319,0.5207843801394028
F116707,0.5067498820064711
F108555,0.4269213618276859
F120365,0.46474729209582083
F118616,0.46411850391695025
F101170,0.4761373904107342
F104868,0.41943584294465514
F103136,0.4616957544805373
F112200,0.47709140436321124
F104466,0.4519193138058386
F100659,0.4862152955203318
F120018,0.5487320083077815
F101718,0.479854256771554
F102476,0.4155116935510974
F123173,0.4666831099216917
F100338,0.4778753968420023
F111262,0.39019780614181354
F110898,0.5300354403269103
F101767,0.41705812847333357
F120823,0.4465101652651401
F108292,0.5401488337278799
F107528,0.4831738847237006
F112036,0.5107779222127761
F123031,0.42778259859092327
F123116,0.5053431039030755
F119994,0.42068288634779416
F105513,0.5058721175824783
F115625,0.502412108177559
F102366,0.42658068010849126
F123791,0.4950600607624453
F117502,0.5145449695066027
F105738,0.43934142131528314
F100399,0.4405317338113752
F113562,0.55544339970528
F124235,0.5218616870146698
F122241,0.500113638355945
F109285,0.43704260105717646
F124489,0.5222147647763359
F118501,0.5285883507340541
F104964,0.5235579351522199
F110120,0.5489003000857601
F110175,0.4804668832429887
F112288,0.49695100198133424
F122352,0.43037279356011554
F119842,0.45473177310332336
F124660,0.44618431222267124
F116457,0.4806632426944212
F106012,0.44904204641316536
F107035,0.41975322221078193
F117519,0.42527929687257504
F105345,0.5136240481863772
F113659,0.4902598926139249
F100507,0.505853665902148
F104165,0.4490465630607414
F105789,0.4813563315992308
F104705,0.46241047691636744
F107966,0.5523968053069176
F121867,0.4645287132415914
F123175,0.514006115073892
F102857,0.46719110674072273
F105255,0.5052654333926517
F118790,0.44339185516650637
F119545,0.4272091786070956
F106294,0.4853252606203717
F112249,0.5920306035852152
F119245,0.4641400000348053
F123237,0.4136234281350518
F106545,0.6034372452911576
F113494,0.5481517217611822
F122854,0.4696665173068525
F115410,0.4765859203657327
F106678,0.43830673025187344
F124022,0.46310233554194546
F122045,0.5096432964096287
F115878,0.5166121551971234
F111462,0.4487821836168894
F106121,0.4739240554773777
F114443,0.5549403021687089
F116687,0.5248405268254035
F107590,0.4400725755050092
F103603,0.4505175068876833
F105834,0.590566457727901
F118871,0.4559225793112872
F121666,0.4977924628534704
F103565,0.5752956302337693
F114849,0.4557825665411718
F124988,0.48472842014222195
F115649,0.5230382952892465
F105801,0.4736267634408256
F109034,0.502117897317621
F120938,0.46592700741090715
F104769,0.543972566663224
F101860,0.44749053491436785
F100455,0.414691700408794
F110707,0.48253391546211344
F114263,0.46306036597753863
F103345,0.5037687421525344
F124426,0.5596523066709616
F109118,0.42545066718495095
F101844,0.5909998215576288
F100306,0.439662636825832
F101166,0.5297040984112777
F117542,0.5765848762219439
F102326,0.45583601571926324
F122480,0.46847084972167574
F103442,0.5141169659086564
F122230,0.5397215986945597
F103327,0.5578915888383854
F111141,0.48882306147445986
F105312,0.5477783911373828
F106891,0.4452824758455739
F120222,0.4414184062265395
F107630,0.4750730883790968
F110123,0.5661815129847084
F104846,0.4450954245612092
F104093,0.5507141437498144
F108154,0.4894657504614772
F115947,0.4975802955688866
F124909,0.43572396112786277
F116388,0.4499688869437907
F124153,0.5462513706385228
F113554,0.5141822876449964
F122504,0.5329353949214387
F122056,0.5363772200954509
F123752,0.5655332393029738
F122945,0.5131477202543203
F107968,0.5103570955216898
F122066,0.42352958124859447
F120998,0.4559959245720575
F111080,0.47999613008872366
F109249,0.5689143349249087
F101171,0.4745491118066015
F121221,0.44780135229945484
F119924,0.49895598609141106
F108453,0.48692841204845727
F117250,0.48322079943130575
F107656,0.4812375805185576
F105847,0.5548379814309187
F121429,0.449831064855187
F112384,0.4732184449181688
F113551,0.53746988997386
F100586,0.48591187869751123
F115434,0.4607570145826171
F114352,0.44217583307777114
F113218,0.48740418543401476
F109863,0.5162560190205734
F112751,0.5163852113607921
F115669,0.5241944900978052
F119230,0.4948183057102135
F120634,0.5001933489827858
F116680,0.48172390302068946
F124700,0.47544350918136996
F119492,0.4316751577856318
F103881,0.4526673578649597
F118149,0.5239883716216045
F123376,0.47365714735296405
F113575,0.4775666909200281
F124869,0.5000457403284446
F110865,0.46623846614506514
F114491,0.4363496945503699
F118014,0.4448552047957052
F106623,0.4934190534070987
F114203,0.556616890198267
F105485,0.4663929928242858
F124876,0.47684036175439415
F115428,0.5073973580080254
F107330,0.5421510560783759
F105082,0.5078028271593098
F101920,0.43103636238855736
F115153,0.5305135825098685
F120704,0.44650848875556626
F115409,0.4169795373044
F113827,0.4861030081277915
F122559,0.5172858537715731
F110323,0.5235115096862096
F101292,0.5298474895195906
F102798,0.506112536901126
F110262,0.4711719027831036
F120737,0.5671909479443479
F108412,0.4416520437152627
F100467,0.5490135751113995
F121988,0.4499840686949143
F110964,0.5122180275537604
F107733,0.536529196665067
F114591,0.4716560192405724
F111805,0.4734976559542128
F124251,0.5629066341972223
F104572,0.46728449583863757
F120283,0.4594152522832381
F120083,0.49520039483517564
F113123,0.4428861921771366
F103125,0.5420034935946431
F102432,0.4575768669721694
F100413,0.5391571161600704
F116279,0.4430452147843067
F111647,0.43784452544673413
F113260,0.48474240399092894
F121527,0.48445610513463766
F106833,0.4606155737346883
F116173,0.42627469015344777
F106920,0.44307313453572184
F118448,0.43255057292140753
F106072,0.5206793585851572
F118428,0.45051829902731244
F109286,0.4536021673157584
F112379,0.4716997594890271
F107259,0.5216677374957734
F102615,0.4839487890685498
F104515,0.5343675324756164
F115088,0.48390540289895223
F100617,0.4906325988561161
F123845,0.4318771793514179
F119233,0.5312661303388777
F111906,0.4819439543440288
F101694,0.5007224738516277
F106459,0.4747476452103819
F102887,0.4969088514393123
F118363,0.49062012632525376
F120728,0.43419415027954056
F107896,0.49772648783469364
F120640,0.44872568222992837
F110909,0.4492263445233235
F113498,0.43511436251745866
F106596,0.46706126465318043
F124318,0.5317403673677313
F110727,0.443779420669827
F124476,0.4221435827774307
F108549,0.46987977053973407
F102172,0.5090079515506397
F111235,0.5080257825878198
F106899,0.5337070535213195
F117025,0.42863354947944116
F108461,0.4463380951616073
F105581,0.4415062502565542
F123577,0.4984800986243272
F124032,0.47690461228884956
F119287,0.48008391558813024
F119765,0.5579364076523825
F108576,0.48556228520321476
F116957,0.4508009079440486
F106267,0.540577840303389
F118728,0.5204643556995127
F115729,0.4349309923690702
F108338,0.45641020246191
F106730,0.4605770246110794
F100686,0.3935214744704864
F119228,0.5854816867034006
F114238,0.5013960345285952
F115521,0.4465579496103018
F113826,0.4690936634647209
F119402,0.4562653930738089
F100572,0.41554808050879627
F101927,0.4322286111708728
F119949,0.4415568900377853
F105291,0.5017569398535691
F116437,0.45057837168333914
F112560,0.5015386200859142
F120251,0.5128057594096901
F116802,0.5155386758109141
F119389,0.41627168299168227
F123820,0.49324375730806536
F115258,0.4721415009739919
F108717,0.4805368050016414
F124873,0.5139995311808498
F114476,0.5454273191549178
F120990,0.4456674223329051
F110280,0.5191568872099621
F118657,0.549038708973313
F113653,0.4219520299340936
F111032,0.470372283525214
F113290,0.5119002614825411
F107206,0.43334023948587097
F124491,0.5018367302307812
F119960,0.4855607374537957
F121826,0.47588829748489825
F123661,0.5025241784484108
F108671,0.5063465889981927
F115223,0.47130341411069876
F121220,0.5392459102645354
F114086,0.45225932999944674
F117521,0.44559872322369937
F118466,0.45529231863559916
F116683,0.4207396064988659
F118171,0.4239945675668496
F110166,0.4237888249580044
F112793,0.5206196487648347
F113420,0.5403729210974948
F102694,0.4344460632491187
F102964,0.5434117788623828
F123215,0.47117880563455505
F118699,0.519644306552841
F102270,0.5451734397535078
F104899,0.4837105516693867
F108538,0.5653079238133633
F104794,0.4525695514228357
F122203,0.49469437388473525
F112607,0.49866539092942236
F111541,0.4711838101612674
F113437,0.47939038672585976
F123049,0.5060571376731378
F119923,0.48845565078383535
F120368,0.5817413126853082
F118895,0.45197260383258087
F105660,0.5213187565626591
F124404,0.48621835176354
F109421,0.5113372206338325
F104861,0.4500394105572594
F106728,0.5362595763633565
F111376,0.49554267426436094
F111401,0.49311736019757324
F100055,0.4801626538643054
F111959,0.38209454134487664
F106361,0.5003221704054429
F120508,0.49486567722408653
F113449,0.4262812369086383
F118005,0.49596981193381995
F122601,0.5091812410585271
F108612,0.4662934438658436
F103755,0.4496453829540611
F121622,0.420944763600676
F111010,0.5180513275166697
F119381,0.40921675307345595
F122703,0.49980268672132966
F122400,0.5234449724748956
F110796,0.567046078611026
F113331,0.40013528738347337
F101594,0.4797456590545357
F107465,0.5374908517582557
F115404,0.4085770676796142
F119621,0.48391097048545906
F106096,0.44437303977591325
F104825,0.4805360173297577
F109950,0.5016282729235793
F103011,0.5127260248379882
F124445,0.4495116032406946
F113394,0.526419747770396
F116310,0.44064612715007945
F109653,0.44023957091306626
F101906,0.40778113181462144
F124258,0.5066964103524578
F124771,0.574414513722098
F104353,0.40440568931060555
F111615,0.4343253270340121
F122025,0.4027118844013011
F105961,0.45584433084465437
F109044,0.4061930644396109
F111966,0.4531593911646965
F113616,0.44335656558876346
F119714,0.48927684386924025
F123900,0.4522774784561352
F119073,0.5271670656273411
F117729,0.48836227068082994
F124451,0.5625592498728457
F107197,0.4107503928036839
F120751,0.47206647278067837
F122533,0.5284350020943641
F102762,0.5240118612986053
F112275,0.46071407035919953
F122233,0.5086953395177145
F117584,0.4505474951212277
F104269,0.555504076842473
F105982,0.41884881970536325
F103443,0.4995616765044496
F103575,0.46608444834286383
F119326,0.5466236439565056
F112593,0.4361670963376151
F122920,0.4719305803784333
F113150,0.4766250955254762
F119218,0.46737674212693203
F123532,0.5075062303912359
F108517,0.5273025903460381
F103185,0.5395992577775698
F120372,0.46516011089576925
F120711,0.4793637099401936
F122751,0.4464776358115775
F117148,0.5159054658444958
F101382,0.43037091169544345
F101336,0.5241180760972007
F114429,0.5398953443643815
F124005,0.5407218450006313
F121138,0.48962229033215565
F109305,0.38795884402387976
F119626,0.5325210495612643
F117122,0.4544775747282201
F111279,0.5274464182604464
F118491,0.447272458148465
F102456,0.42049267262659346
F110852,0.5652556092413573
F100668,0.5141106745153157
F112299,0.47744822947930743
F102114,0.47042548524820843
F106204,0.43815868201128816
F118897,0.48262196997953166
F116517,0.5110126833095894
F113990,0.48885008585576467
F114506,0.47932183045556376
F111654,0.4641018182809075
F106633,0.5010327791262887
F122762,0.4677385523131402
F100699,0.5622762231705598
F109879,0.42906927271602885
F120356,0.4756902138058191
F118778,0.49164061878991383
F116747,0.4567116756353674
F110375,0.45043498349021793
F123738,0.40576304003562796
F105665,0.4530487026873221
F105816,0.3873221858209263
F110774,0.45320349041285274
F116115,0.4729569851516
F109791,0.5494628253866962
F107067,0.41727432218828553
F100460,0.5044912379788236
F102418,0.4638111458239487
F124231,0.4907571040781116
F114886,0.539061913101317
F106252,0.48338141927688816
F100257,0.4719849865932515
F104943,0.4347938456036862
F121152,0.4432394689720214
F104356,0.4797684732050587
F109046,0.5539959466930776
F107920,0.41487157402319763
F117808,0.5575126026284304
F103777,0.5257154255991004
F111618,0.4811885252068554
F115354,0.4597327340296054
F123315,0.43278803798107773
F115553,0.5333133850383642
F116526,0.43966406822196774
F105329,0.45571851325188784
F108922,0.5099724490357
F100893,0.4085167784050419
F108787,0.4637347312178446
F108348,0.5136105131116405
F110392,0.48066488929920986
F110074,0.43809317813273296
F111830,0.46203874083782476
F120265,0.46582084771827426
F115731,0.49457446963932067
F102463,0.56194415352209
F105099,0.46545696591235447
F107372,0.4571165521396703
F120004,0.5101875991006942
F123034,0.4488577291611345
F103792,0.4159703611101019
F107862,0.41668444199413224
F101764,0.5550210561774248
F123095,0.41258245552904854
F115157,0.4915689766842881
F105695,0.4525278323337173
F108869,0.43977478476904447
F100805,0.5025260948856446
F106507,0.4880244771646939
F103990,0.4173268345033976
F100408,0.42091824310505577
F123377,0.45811514302998657
F113528,0.47980420931376444
F121163,0.48442776878007704
F123739,0.518685374734648
F108321,0.5932525709864204
F124918,0.5525332922489026
F104700,0.5182093513133748
F101840,0.5234312935005105
F123321,0.4345558308031572
F102877,0.4556455129371304
F107592,0.4682874603910427
F114582,0.46057276035171774
F106039,0.49031431448010665
F112757,0.5391286204319135
F107563,0.4401337442617631
F117984,0.5259173450664756
F105387,0.47110577395781983
F112488,0.4284842165328454
F106570,0.48208869066094473
F110540,0.46432443821440217
F109644,0.5279337664450027
F100400,0.4625907085006963
F106529,0.4356796351697081
F108678,0.42640843298361736
F104019,0.427837576612341
F115149,0.41002007199262974
F114767,0.5004834412616362
F103317,0.48702054921558563
F120789,0.4451794311029589
F113443,0.4752541754187309
F115974,0.4866402888937229
F114782,0.5307263104210428
F119745,0.5040582926263212
F116956,0.4942226958440281
F115065,0.4475006701019386
F110714,0.4478126175187642
F117141,0.4708043148823222
F118792,0.5925828047378036
F122720,0.50267558478612
F113797,0.4575341933255662
F104571,0.5329967584891552
F110673,0.49170245878775226
F123743,0.5293844555021076
F109381,0.4429612149170282
F108237,0.43755312217500075
F118188,0.446285564977173
F115807,0.48714878586974475
F102869,0.5385672627150523
F110114,0.5076450564547634
F113857,0.540763499774435
F124597,0.5616426025991821
F114156,0.503956088368268
F113250,0.5416218599076245
F111792,0.4782809796833738
F120739,0.540004505328633
F124167,0.4589479768095996
F100259,0.5044096025753839
F113089,0.4238472324570266
F108918,0.47247343436994804
F110007,0.4681365491858275
F106111,0.5770519956443034
F110720,0.5388173010380768
F110040,0.5164066980436667
F118599,0.4314066632379455
F102617,0.4458029320937258
F103444,0.5114720340752135
F120318,0.4754717112754392
F108864,0.5617977571133356
F110043,0.5416920032380167
F106282,0.4903075176624073
F112276,0.4051031976462357
F100776,0.5813653321924275
F104307,0.4075187190692652
F122548,0.4279291298063612
F118663,0.4816474455297368
F114708,0.46597836120643776
F124741,0.49034925607339397
F104456,0.41153955252616137
F122574,0.44146730426654274
F101496,0.5756539198807604
F108394,0.417798875987892
F116509,0.5246738999861058
F106097,0.43776420248770276
F113324,0.4832428628910348
F118593,0.5160121230799941
F113086,0.4626018646513473
F110808,0.5484584586622546
F100136,0.38992407754264025
F101989,0.5115158246725019
F109684,0.5026702016860288
F103649,0.38595822453618417
F100141,0.44641289122639494
F109178,0.5016975759396063
F109905,0.44011901489638394
F101922,0.5255432029556166
F101696,0.4501135479278734
F115422,0.4941992770013893
F124874,0.47146502898212145
F116487,0.4646514515376614
F119951,0.47818656529482995
F124326,0.4266039051245001
F120829,0.4597977872131508
F119119,0.5162177230566678
F114796,0.5509553127905531
F118840,0.45540680828544333
F124248,0.4096480541150683
F109580,0.4851189499614996
F107136,0.49022278721951507
F104787,0.5023951856722549
F115471,0.4566617934808628
F123749,0.49600785804364045
F114393,0.4462209704328609
F107114,0.523122670873949
F117290,0.4604594317983709
F113147,0.4780190508981156
F109220,0.5403588764453366
F113488,0.4780151012750503
F105614,0.4296232022503042
F117192,0.4644382294693399
F104578,0.4735924243552214
F106195,0.5096684993644708
F122859,0.49313722054332587
F114905,0.4622430561948544
F109680,0.4990467488770338
F109739,0.44561059312216433
F108604,0.43197572258376815
F119926,0.3858658996501855
F110659,0.4555395739575355
F101133,0.45881530123500425
F102359,0.5008655086895871
F115119,0.5408260423911797
F100481,0.4293574780450295
F117859,0.38073459352634165
F111367,0.5142401378960402
F120758,0.5276631265300215
F124992,0.4089908521085698
F114467,0.5304709085463967
F120538,0.53078433140607
F110162,0.4596629611138425
F119008,0.43779357598012947
F122180,0.4637992263519915
F106379,0.4899884014413265
F110006,0.46880274775576714
F110663,0.43599485092562795
F100436,0.44026558877698835
F112795,0.49642272297082
F101091,0.5104697175667704
F118900,0.4591508758091807
F101816,0.4653203593649038
F112398,0.5133755757754563
F106224,0.4755107463524569
F123501,0.47117666272013853
F103475,0.46554485691117065
F102363,0.4575031769896439
F105358,0.5008606780334454
F104829,0.5234586638023724
F100457,0.4382106515987133
F107272,0.509978704222333
F102041,0.5323623398168709
F111053,0.5556180641287821
F100347,0.5255222744092617
F123204,0.445210908715566
F108279,0.5198690288174961
F100616,0.4486778240403166
F108313,0.4500384075565651
F123197,0.42703598095037376
F118854,0.5365205039235814
F100132,0.5438592003692885
F112656,0.4210114207813795
F103975,0.5094409704339269
F119818,0.49942725945516986
F121143,0.43787934693854624
F107244,0.4400950820957639
F108060,0.47874235464598563
F122894,0.5020421717766318
F111741,0.5081980997579411
F100069,0.5761694535774544
F106307,0.47572698878766384
F115312,0.4909256701895233
F105512,0.41984453382508
F106320,0.5661606398863607
F113802,0.4785248014864095
F121722,0.49919200746258036
F118239,0.4614525383719594
F111846,0.4673891737273022
F102514,0.5701833053596934
F121294,0.4574199972939414
F111037,0.49021114469605187
F115006,0.5024890486488183
F107019,0.4279669750823689
F113761,0.47033632787168267
F111747,0.5043652255412217
F105680,0.509879723790177
F111048,0.4657817470705168
F124061,0.4906555839202963
F115904,0.43430206638659896
F118516,0.39218916529551995
F123588,0.4249947705482799
F120515,0.5946223134410984
F111559,0.4965896643933432
F106530,0.4819672469333469
F103372,0.5330607658935288
F111819,0.4874097326472935
F121033,0.4986951551356254
F108710,0.4752228681334576
F107884,0.5307495134722142
F100319,0.47216282201924636
F105786,0.5516947465154618
F102699,0.47641258189947816
F113881,0.44688476331974303
F117405,0.44956057501251256
F114220,0.44851352131510436
F113586,0.3969390690126505
F106525,0.5182491513712694
F110030,0.4542752348553597
F115547,0.5404312324602927
F118093,0.4258435506426298
F118288,0.4831520353763994
F117867,0.4265763638408626
F110432,0.4643650841158254
F106511,0.4638741935917638
F103281,0.5056948783245265
F104923,0.4636585232009825
F111180,0.4752243570123272
F105481,0.4460878430361254
F108121,0.5659609532779787
F114918,0.46009398363345405
F109409,0.4484044814922934
F116426,0.49889315826349073
F117672,0.5949692533391213
F101721,0.495889297472449
F109833,0.607670885357101
F111326,0.4570325517355147
F123753,0.5225298623976778
F113958,0.5431016580872752
F100596,0.5156853436435698
F113235,0.49879721273593003
F114019,0.4282037551311608
F115717,0.5203841244875691
F100113,0.4957917623802571
F103440,0.49496233373165627
F121111,0.46303122151438747
F124067,0.46972336100162515
F113172,0.3841649373742738
F123524,0.5264408802865176
F114516,0.48768053555535745
F101435,0.4710191680407917
F120671,0.46892441191867223
F115009,0.45434047587418425
F106993,0.500863584209521
F117466,0.4434056346911984
F115617,0.49797187676238536
F105878,0.4332450660837719
F123053,0.4410743783725647
F123785,0.4535406739305383
F114574,0.43153886328079355
F107437,0.3893921535692544
F119096,0.4248041636453572
F104087,0.45578985413282164
F117074,0.3999824320063202
F122044,0.45944941915432336
F100786,0.47102108668716786
F120152,0.4440150301966922
F112490,0.4500148258830762
F119390,0.508886216640003
F111026,0.47688363078670337
F122510,0.431634977493549
F109558,0.41153326746040664
F111445,0.4433374224161649
F117942,0.48247040016027026
F104579,0.5395706620530087
F103727,0.43246686474589496
F106317,0.423748572133811
F103178,0.5644349306857561
F117328,0.4540061164420536
F107768,0.4723438355212616
F106182,0.42428093632466507
F121044,0.5415638281540534
F102099,0.45782421820841956
F100232,0.5269381057091077
F112679,0.4565496536063675
F102509,0.5041227074175746
F113624,0.5052514054033953
F114772,0.48660534020726837
F110692,0.5319438447123291
F104192,0.5395864472924117
F113629,0.5373381061516059
F102074,0.5062913884636749
F121676,0.4610162708331291
F111755,0.4835876448338744
F114514,0.5035291830930586
F120982,0.4391739803762273
F112752,0.5698572812628169
F120043,0.5062165050612905
F108265,0.47816345684842426
F124681,0.4034658085451668
F108606,0.47560326668713804
F112858,0.5228633351960394
F121092,0.48511977688503105
F101178,0.49148186736127414
F107149,0.4442060730523464
F104620,0.48258092079586346
F108318,0.5026050099473534
F107654,0.44090014476112915
F124896,0.43006769281954527
F116837,0.43571295917389136
F117222,0.479290882154131
F120007,0.5408190427023168
F102435,0.4735387442605295
F123038,0.525552999053243
F116970,0.4799994970987444
F113000,0.49390117608895756
F108487,0.5087703531684724
F120673,0.44069221986468815
F120239,0.5138650975967284
F117180,0.5046162348461317
F122650,0.517759419743535
F106958,0.524559372494663
F114174,0.39489810626190325
F121865,0.40221944560250233
F117237,0.4917910145254614
F106635,0.53342066538324
F124182,0.46340735030103974
F120917,0.4720369138141425
F110858,0.4602034639070569
F119426,0.458838225175103
F110089,0.4578453954299756
F122620,0.4585537815868331
F101935,0.49988455667126075
F104613,0.484904113976937
F102298,0.45336961548543214
F120586,0.48922570012105415
F100046,0.44258669564797176
F100068,0.44548920200456155
F102329,0.4946258278277183
F105785,0.4802559193278889
F112586,0.4670870378771842
F105272,0.384393081575256
F121977,0.4750089350045582
F120410,0.4521681243298149
F115283,0.5754730973875313
F108848,0.41423459836775106
F115528,0.4385246045874063
F108267,0.45704058233818656
F112105,0.49805725326112993
F101488,0.491328883794521
F114547,0.49358164086514833
F102462,0.505245431335946
F102570,0.5087301599834941
F101198,0.46992764728853736
F121192,0.4093528957916668
F117306,0.49108162328894933
F117285,0.4196156003005582
F107695,0.41448068045996583
F124003,0.4586142633633683
F123512,0.5127535672837663
F118443,0.47659154134168447
F124277,0.5726043137587268
F112461,0.5395611123284799
F110384,0.43691770243916994
F114740,0.40028235303958193
F113960,0.47228222293865263
F103179,0.4608296784252691
F117723,0.4930099931474837
F120387,0.44553062804250376
F100111,0.5226293094338779
F112568,0.45605234951448154
F107646,0.49085699301510965
F106897,0.4795424247194662
F100238,0.5049764888972939
F103622,0.4224043205500403
F111812,0.4582554845902203
F103416,0.548816218824985
F123299,0.4564640246539333
F107544,0.4601944885072964
F110978,0.4546701578895176
F106090,0.49024620327539536
F108764,0.506295607716486
F100397,0.47262046270955727
F116463,0.5037916425711031
F116126,0.4663323875026929
F120209,0.42378356976399145
F123346,0.4810187588052497
F101739,0.5300318061170897
F108434,0.4576558684414388
F115005,0.48975943050359144
F123862,0.4109332258557845
F124180,0.5567070680038521
F124448,0.4372852486579609
F114337,0.46351235862131623
F103674,0.484398733404589
F108345,0.46103668471988396
F115688,0.6063830979870194
F110266,0.48900594825840793
F100735,0.48651522793884405
F116776,0.5051002174648855
F117603,0.47637840329941583
F109916,0.4170244229502183
F105859,0.4491034758416245
F120267,0.5452136744236951
F100041,0.4443878210069374
F114112,0.5492534507068592
F122517,0.47484261256756277
F109629,0.45234586695211637
F112903,0.42948677674069424
F108998,0.4619138178823191
F108069,0.38336806605434937
F116501,0.5473595497451177
F105122,0.4772056780134057
F112860,0.4527758454717089
F118610,0.5351884767771697
F105353,0.40866145854030406
F123045,0.4308130257495543
F107278,0.5059863928160335
F100318,0.4685709311955958
F109681,0.5100817205124454
F101889,0.5355247863662547
F100483,0.4358288443542645
F118673,0.4744072466016451
F116600,0.4332041101839519
F116252,0.4934434969276491
F112777,0.46886271190151824
F115402,0.4572465718843638
F113566,0.5358765195889857
F119293,0.5097837574956977
F110165,0.43879281117778335
F103713,0.5633236013829135
F105509,0.48342582166698045
F120449,0.4340433136365435
F120972,0.5403043957082754
F104940,0.44313300084647245
F124352,0.5398108781317174
F119526,0.5516973820023132
F106770,0.4386406909159599
F104770,0.41751009227373437
F109952,0.4868551659542148
F116873,0.5484973408060843
F101875,0.4770401850823336
F111046,0.4642109950059829
F117438,0.4465967241335459
F106212,0.546728905118363
F109351,0.4413336985484898
F110387,0.5403116839994087
F108809,0.4783968046441036
F119580,0.43430893980565044
F114125,0.4684405976240458
F112232,0.5567161138030647
F113903,0.55595775778425
F120591,0.5407611013674734
F114403,0.45832119921371256
F105295,0.48963183770661506
F112464,0.5941479984096043
F117381,0.4872612665473725
F110755,0.5165640062144723
F118218,0.5431744731962358
F113302,0.5019437049004294
F106722,0.40606198087442225
F124082,0.4608052338779184
F113021,0.5443315850376833
F102532,0.503955784788626
F121063,0.4791163062200996
F101080,0.5054486313886534
F104395,0.5599723051638641
F103376,0.443433331821515
F110041,0.536067179277134
F111916,0.43735649304166196
F116200,0.4822446379229832
F103431,0.39941919606271115
F118538,0.42928216119450313
F123514,0.5393270559573803
F104533,0.38976259915439176
F103570,0.4553810231152653
F109084,0.4708559176677462
F114609,0.5123757355491816
F108504,0.44953107440599743
F116434,0.44568370456487943
F108227,0.46518691268343315
F100127,0.5619135155404589
F101259,0.44716727398220724
F107802,0.4956081327022239
F123662,0.5116291868683879
F123505,0.4073002551734575
F103341,0.4967253122598236
F101878,0.4620631642347888
F122335,0.5375362338797587
F114926,0.5239415091878823
F112749,0.4708631437205115
F120743,0.5576146448353375
F102372,0.44526045212644266
F120013,0.5277109449610636
F102001,0.44418507510233285
F100244,0.48181731351046075
F113693,0.44135154330580634
F115722,0.3910135318561765
F101725,0.4872824974061568
F114785,0.4765539084259792
F124588,0.456645103963829
F118819,0.507936169371972
F103671,0.4696937686247009
F111594,0.4803907900082206
F124455,0.48989344966448267
F121918,0.5089904077588775
F122591,0.4577731837563765
F113369,0.4436343488510359
F118722,0.514522847262915
F116016,0.4713643106612321
F113935,0.46765787646734913
F109356,0.477130239327223
F111987,0.4479416660264362
F110258,0.48714169907420646
F107097,0.45547063809565735
F112730,0.5153607682733075
F103556,0.4240531465616806
F123019,0.47127801952702686
F110793,0.5296086484208556
F103710,0.45704346617329483
F118667,0.44368201553431486
F108881,0.4937941561569198
F100493,0.3991534692891415
F103069,0.43988171940098325
F121785,0.43271469211788477
F113336,0.5155671276703565
F114546,0.528146666618746
F105586,0.3941532623289938
F104295,0.47054473816863224
F102582,0.48099886195404035
F109445,0.449714260761406
F103267,0.46912684601120913
F107720,0.4580735539607587
F120164,0.5144247127256302
F113248,0.5446935602183174
F122136,0.5604286378641943
F107342,0.5306031438193125
F124093,0.48759778659918596
F113243,0.5392346320260695
F120506,0.44570249971874754
F102954,0.47108222036085096
F112163,0.5261356052777639
F115510,0.49194939935775384
F118183,0.43628029169879
F121201,0.44466274680318163
F101329,0.47540772504979156
F100788,0.4175511784288062
F119650,0.4882226772685588
F102550,0.502995740005787
F107739,0.48913497996766775
F114153,0.40712683417209916
F109546,0.5444724414544249
F117778,0.5239417409382366
F103118,0.5081380639655486
F111196,0.4248763934409485
F122656,0.4107205146849421
F115843,0.5135792515512783
F124569,0.4960447992922347
F108409,0.428583299216451
F124571,0.4489276936536465
F114093,0.43337262251660535
F103005,0.43499970949167266
F110783,0.4076154813863708
F110012,0.4913550078358443
F113210,0.4470171770594905
F105146,0.4847354817583477
F105652,0.5445954575181252
F111864,0.5249315595477335
F121625,0.4176014035773571
F108092,0.47736767294207777
F119396,0.47744288420642544
F107290,0.4857267700755367
F109707,0.42600153149594167
F103049,0.4751647738616629
F118042,0.5526297967563901
F121709,0.46400656903954723
F122875,0.4394295057883667
F115222,0.39719206825312364
F124603,0.4887666467628827
F115790,0.40666522145045136
F115559,0.4399741168390577
F122931,0.4826279432047451
F123003,0.49458380142314207
F120315,0.4635282142804674
F106856,0.4914553103749737
F105944,0.438561367970702
F119016,0.46788110945799144
F120432,0.40024034565430455
F103390,0.49916118269222987
F123832,0.43737195826636166
F104267,0.4426822583745719
F124155,0.46794468688816965
F122499,0.48919586090842115
F112590,0.46328083832890776
F108794,0.5125564696551513
F117884,0.45686212907846235
F101414,0.4355814931126267
F124838,0.4762233742825476
F120618,0.4960786906365419
F114940,0.451583960800008
F116288,0.4446004761822069
F104706,0.472238706634497
F119711,0.5148459202049821
F121160,0.42071345258878307
F119881,0.5325062840476871
F110371,0.5494198469282826
F110281,0.5226146015225486
F121284,0.5038005948539667
F114100,0.45297562967767013
F120596,0.4231117271297393
F109962,0.4997037047424745
F102036,0.4973751689232987
F113259,0.46577735618918603
F112953,0.43345319387310116
F118878,0.5180464598226674
F108423,0.45959769266728184
F106936,0.514750210036376
F100189,0.4791835568504791
F123756,0.5415550807233682
F124602,0.5715263555832341
F106319,0.5067494767064676
F110584,0.46621954534361143
F118770,0.44661422008597795
F101006,0.46871626909961406
F107568,0.5351325834372554
F124706,0.4664594374597254
F106804,0.41747223181133647
F117933,0.44247951696246657
F122431,0.4383851639584624
F123497,0.45819563038442934
F113675,0.433681044503157
F119945,0.4992707464181344
F116032,0.48710654731434716
F121432,0.453983591478309
F103034,0.5333103120739986
F102413,0.4415875456124354
F123265,0.5168930932941486
F115676,0.4917329614402972
F118594,0.5550325398850465
F124788,0.4852341924647034
F117485,0.42618565582370627
F102109,0.4634832590348381
F105283,0.43569814040354843
F105569,0.48662920902755674
F123605,0.5181955550050831
F122857,0.4238042134535695
F118086,0.5694312636144978
F106134,0.4917083104981391
F103631,0.4790229524193603
F112675,0.5213851293013592
F116646,0.4501075319044049
F115298,0.4691974595934511
F115971,0.4351780375592448
F120695,0.4237156680183636
F101541,0.4711805279821744
F104516,0.50600719858936
F124852,0.5550280976080678
F117490,0.5197030859048432
F123294,0.5222286069199547
F116042,0.4762082271091391
F115598,0.5100597519504187
F124606,0.48308553170843505
F123131,0.5093243733050544
F114418,0.44173229615250925
F102839,0.43548011783230023
F121594,0.48732892862732785
F112979,0.4902094041847186
F122535,0.4285007624380518
F122674,0.44960857713081553
F105220,0.442988932959376
F105256,0.5115795512862251
F122730,0.4894734855347215
F108822,0.44749085710350767
F111793,0.44957078895879515
F123812,0.46699695549397036
F118476,0.4247049552612486
F120551,0.5125547675076606
F121677,0.47078752795087364
F123876,0.48051650876073704
F121835,0.523820043317042
F100352,0.44493172402951553
F107783,0.5181761959130373
F119602,0.5867365286841247
F111614,0.5091444916035162
F112908,0.495602499184048
F121458,0.44342263073190047
F116574,0.44222254238819747
F122101,0.5452394719047863
F110102,0.44979653067641534
F113364,0.44007510700985103
F119090,0.5584979620625102
F117669,0.433877048605945
F107548,0.5207302191589924
F111353,0.43577190867504745
F107793,0.4888140708705661
F109456,0.46773345924023035
F119190,0.5375724507985887
F100871,0.43119216569457797
F124789,0.45580467428131066
F122820,0.4935577916489259
F116446,0.5205533031915123
F101547,0.4840337599006716
F121456,0.457501180134553
F108139,0.5032003764498769
F102688,0.49063037277324933
F100211,0.4939226828588114
F120738,0.4649183674203096
F109492,0.5698123216918127
F105571,0.4977885198390644
F113667,0.48675767627749716
F109585,0.4697609137480421
F114159,0.4695115041800624
F115270,0.5518194599750631
F117514,0.47927653666699105
F114057,0.4301597856523218
F111332,0.47139430046569875
F114967,0.5505271839412106
F122004,0.40845067567182736
F108552,0.40005112190793046
F101761,0.4493542626292205
F119131,0.4630169870801062
F102445,0.5789332846703478
F110385,0.5040544918609484
F123025,0.4245999312630818
F103895,0.5475792638943252
F100394,0.4570527417394404
F123103,0.49996970220474124
F124655,0.5109098078208323
F106034,0.5465411543020343
F109975,0.4669884556954067
F100749,0.525706529164692
F124485,0.472346710327476
F121707,0.47087306000405965
F101121,0.5089962634522911
F105246,0.42496806772232526
F102499,0.5059646686859042
F102212,0.4668751353147608
F115575,0.4850341130590913
F113552,0.5190688431595525
F105535,0.5175180593058398
F113396,0.45140053071497044
F101324,0.49795324723326406
F120553,0.5652520994938749
F104704,0.5450374379466205
F121960,0.45461664882770114
F112070,0.507421481645327
F121825,0.4710436728190441
F121673,0.398285233070205
F103434,0.45423201818686565
F105296,0.42676467904639637
F122516,0.45823141697522035
F100670,0.4651855777852785
F104567,0.44786085531784503
F108055,0.49835869100418567
F106746,0.445246832139586
F100150,0.5132649920150546
F116429,0.3851061027276351
F111914,0.3974754022131124
F101880,0.484768892498818
F110294,0.48299382720371986
F106303,0.4442118197014139
F122586,0.4795500009190222
F102804,0.469704557394508
F104494,0.4465586397770421
F117225,0.5050134355668172
F104177,0.5091243118029737
F107056,0.4907317749442495
F100299,0.42843637029069115
F112302,0.44175309415655123
F114859,0.4369407921782136
F121982,0.5587207183274912
F116403,0.4638478146330731
F119557,0.5371619651631628
F104582,0.5019347086776311
F102354,0.40589045102063426
F122838,0.49384799942509944
F105431,0.4819030012582097
F123713,0.534980472544943
F106613,0.46904456066509836
F105958,0.49204850409097733
F101181,0.535040463631575
F104204,0.5260605814010784
F105710,0.42131732968242663
F107665,0.47556358049734937
F124567,0.49838646760409444
F123109,0.5209876938607391
F103918,0.46728375297270064
F124696,0.41147617156825644
F117096,0.4906575614566404
F105187,0.5099722703182843
F122220,0.4927299536500568
F114107,0.470321053075483
F112136,0.5762999806939084
F118032,0.44517357884522596
F109142,0.470168410985208
F106222,0.4624495333047882
F106298,0.42501127225911667
F101655,0.5573284356464823
F108665,0.4734144983415482
F104263,0.5606809731656202
F123869,0.5124117784024137
F124312,0.4698497866507637
F120942,0.4424016390909951
F107799,0.5109764535459421
F105173,0.4988223931718583
F119324,0.41735965504443706
F120332,0.4825696411087209
F114902,0.5103872347832002
F105902,0.5163568389328222
F101001,0.46117669250515736
F111473,0.40213315881133216
F110267,0.47398497646785787
F102348,0.5045352039125137
F118913,0.4279601747008564
F116563,0.47992992017869274
F110458,0.5524281509242552
F110179,0.4779259339481985
F108014,0.5866885436289248
F102159,0.5551289121652853
F118487,0.4734081712505803
F114608,0.5313093677340547
F110313,0.4577326932891249
F124704,0.4293262582375682
F102057,0.48590497837034907
F100241,0.3931064733161015
F121196,0.48613051433165333
F107331,0.5415208116399127
F116932,0.5249925541970715
F113258,0.4867573533748351
F109453,0.4921533262720212
F110831,0.48363335163149745
F116694,0.557861254875834
F100843,0.46414621986261817
F104817,0.4743910672675374
F103448,0.5089000057794576
F109161,0.4492925148419972
F112255,0.4561901589719417
F118347,0.552803298500333
F108525,0.5565243667788848
F121777,0.5074036797176871
F110202,0.4189619918859876
F122209,0.39641127372680984
F119286,0.5258436017471437
F110827,0.4196579721821748
F105330,0.44948206458646367
F106960,0.4532261239216066
F116733,0.48734957801136625
F114348,0.5078601652753661
F109408,0.4933397929375428
F109497,0.45733081264494324
F105552,0.42196607713959455
F109376,0.5542024644172296
F115208,0.44419397077434825
F103353,0.5071093423493424
F104806,0.48932282295374274
F103276,0.49451945721751994
F117153,0.47683006591022004
F109447,0.45563780205482696
F117572,0.44991278021115944
F120533,0.4691775309858276
F102829,0.43742716222398353
F123721,0.44993558735406924
F117607,0.5668528677037061
F121646,0.48104577180447317
F108865,0.4685331513533885
F118222,0.4855609891006456
F116585,0.5101594798275146
F100804,0.4293595775177695
F109867,0.48690872557023857
F104274,0.4621070062301941
F122752,0.4660171607235881
F108635,0.46805116302100536
F115699,0.47912111925113327
F109846,0.4163840890037501
F103151,0.4832269576341358
F121216,0.4430320342120229
F100833,0.5235094718569426
F103664,0.45202774378161037
F114986,0.4599041060294059
F106330,0.4419363359654274
F112616,0.4244653816326114
F117516,0.4212846135654067
F103206,0.3934547096450975
F102168,0.4245385991591395
F119550,0.4870965690546245
F117544,0.5019653071132413
F111964,0.4189520070224845
F108758,0.42315116213015264
F122380,0.415480524393419
F108388,0.47233634425353743
F105221,0.43793554565651194
F112011,0.48086019425630805
F122060,0.47310523235113944
F119625,0.47437885629997273
F116159,0.44711299225678813
F118197,0.44883302753532633
F122855,0.46146416330694967
F103280,0.44256437546192734
F123066,0.5246231016322085
F114489,0.46102983154140464
F113341,0.49664304032668305
F123104,0.5313445262447218
F121913,0.5041553092216142
F116967,0.4841604853323779
F117692,0.4520811042257388
F114449,0.551663055696761
F114917,0.43469710088795843
F106626,0.49530578119994306
F105752,0.4936113670265601
F110180,0.43163600688108905
F122579,0.4386782297392692
F104771,0.4477348096107623
F122049,0.5599565251510752
F121834,0.48785023620394674
F105643,0.4390246067163781
F103538,0.4381398021801029
F104641,0.45829306507656353
F105709,0.5249977546532701
F103610,0.4917336395730919
F120886,0.4389977361251841
F114229,0.5407688734705944
F124875,0.47361973089804454
F110680,0.556713584360301
F101671,0.4575830424683066
F112428,0.43207216457828
F102048,0.47921602322881673
F121862,0.501989257335426
F106191,0.5283437550595222
F104268,0.4896639254198296
F121265,0.43844500413106025
F110088,0.40952066885026106
F116110,0.4910417349966267
F124891,0.5337058361306867
F110683,0.59148698026548
F100801,0.4179584701071558
F104725,0.45402515626096995
F105176,0.4266253986347659
F108128,0.4838852921150921
F120237,0.4566604105761455
F100023,0.4631509461953841
F110705,0.4719102071983759
F115600,0.4691731547362745
F124518,0.41747984193500065
F120303,0.4311604913076691
F123287,0.5035480081823437
F120924,0.5627030388619146
F109199,0.4320513181576242
F102014,0.5793989637188047
F105763,0.41102892951504655
F105638,0.4258253994769749
F112786,0.5177925244534036
F120516,0.4764064092115503
F107868,0.5318801283425381
F115045,0.4571093614917556
F103465,0.48352817960602057
F115988,0.5524136196014809
F100205,0.48583043286609245
F113413,0.4927637352278211
F113198,0.45182201358682433
F101460,0.4453726557836565
F106150,0.5494068580562372
F110552,0.5317133384026558
F114387,0.39683031157522075
F116026,0.45527370868947425
F100626,0.5633602706748407
F123500,0.4911702846375854
F103668,0.47233476590863954
F101415,0.5309192222496406
F118214,0.4921767436776879
F116914,0.43516893718994837
F111586,0.43608963519692245
F101520,0.4430670311698919
F113776,0.5119234534856784
F100242,0.42574428918391793
F121541,0.5900855553352564
F114306,0.5144581455553883
F104640,0.49008279458281323
F115144,0.503101099892218
F117476,0.467845522639522
F119201,0.4466529287982933
F119942,0.3930022862634241
F121040,0.4403324777495102
F106973,0.46919629949407643
F118779,0.5317308648971113
F122201,0.4738859850756266
F116886,0.42744818848342236
F102466,0.4810171356262605
F102121,0.41096885421723006
F108853,0.5028095053154853
F117553,0.522873184669215
F104284,0.5842830530590732
F116616,0.4109073534958035
F117409,0.4513429782253535
F111888,0.4839397734214623
F106624,0.4417828031346378
F120501,0.5018219546393337
F101295,0.4853791220631889
F124986,0.4191208436173096
F109667,0.47726081031582496
F124245,0.46026223685436274
F102754,0.4830701859072094
F118902,0.45751613243492867
F100537,0.4917839446759036
F114802,0.49539514648858735
F124943,0.49632530411932585
F107886,0.4809858517287142
F122870,0.4118032834034659
F112378,0.4784970090777621
F100221,0.5133163301894789
F113208,0.4658467706946132
F104351,0.43297373740016454
F115314,0.4463461004117043
F117939,0.4969571928041342
F109436,0.4584719658013515
F116634,0.4553319286193204
F115383,0.47231233608864676
F107327,0.4228605140843697
F108158,0.47967620923009474
F114614,0.4815482657699328
F123110,0.4316299693282935
F108691,0.5499057501948678
F107857,0.46660209778739903
F107919,0.4612384045644137
F115243,0.5174862136364529
F123530,0.4971364413809126
F103297,0.5205076084531851
F108000,0.4997510425605102
F100174,0.5439308146786387
F110677,0.5127033433926441
F123806,0.5166372175596443
F104614,0.5012712060673342
F106828,0.4826079585159475
F118335,0.5268322262625873
F116127,0.43498979985524694
F106574,0.4604851175471266
F114778,0.49383958457000304
F122104,0.47923241913685577
F111475,0.4691638436350756
F104444,0.5211408264872068
F116934,0.5134229496647378
F122685,0.40405829595643245
F106771,0.5168528222857964
F114030,0.4758791405158548
F114040,0.5046387186049014
F123008,0.4698999858100764
F117483,0.4486129853553964
F123134,0.5109947110348332
F109641,0.4618376649402328
F100021,0.4171069279129792
F102331,0.44151943096976326
F110192,0.5408490127425275
F112160,0.48786524104281126
F114617,0.4394691868618395
F101262,0.48513446319268244
F102042,0.4713344917578171
F114016,0.5283992052374472
F105974,0.4491781646228789
F121644,0.5282240171129089
F115526,0.45610190543073575
F120734,0.48405597471898393
F119489,0.43009563183814936
F108299,0.4865076534127317
F124615,0.44164060430493896
F102652,0.4066005193747042
F117699,0.4041621711224628
F118761,0.44328553398798043
F123637,0.47940646282534916
F108355,0.46119635610829546
F100950,0.4654741332189879
F116741,0.5461605706496822
F112787,0.4370573122303428
F109995,0.44425400804042114
F113120,0.5149679792916039
F106926,0.522023073100979
F119874,0.5312812060755576
F117045,0.45139822449711686
F107271,0.4939231028687483
F100737,0.4979447978092959
F115949,0.43982638106439775
F100611,0.5330524254118617
F111171,0.5494530776347796
F110406,0.4401956265262219
F117598,0.4384435305195129
F102524,0.46010093366266963
F114340,0.5155747971091498
F106448,0.45057870652315957
F115408,0.4900958708999543
F112179,0.4508200160425284
F121369,0.49267006096444
F110713,0.49992249635134833
F102955,0.43855418600563034
F105074,0.451122182415435
F117019,0.4407453646358519
F101572,0.45285987381835335
F117916,0.41636649567126915
F120541,0.5338504705905776
F116099,0.5085774610314826
F115933,0.4762265125567884
F104099,0.46592074293676267
F111550,0.5787706943820555
F116738,0.42958619174157875
F114550,0.4307650902092348
F120782,0.5671185086313774
F109113,0.4837445225417867
F123023,0.45900622909239325
F107213,0.5235369772924088
F123540,0.505537570254488
F113169,0.4501441624700336
F105377,0.4542756998042477
F107084,0.4619811108392581
F103456,0.5754934959575275
F103227,0.443365179825441
F120513,0.5228393506246585
F100015,0.5219919867531883
F122876,0.4470702891188645
F116229,0.4712211899080512
F119012,0.4478248812310872
F112286,0.5140467627906737
F107104,0.4466732869324954
F101822,0.5040898628141938
F109747,0.5215143200343981
F101029,0.4309073612834757
F115060,0.5394584690197318
F117560,0.4155325432842821
F119779,0.3868598623696234
F104595,0.492674060447936
F114554,0.4529159781691682
F101801,0.42993881083092034
F117575,0.42097911477219874
F112592,0.5241545169843791
F118845,0.486761190065066
F102220,0.45376299953804256
F124831,0.496764431050665
F119264,0.3994281675515665
F122355,0.5193651700315061
F108102,0.459450966566106
F120918,0.4170286576609639
F123443,0.5332898467596549
F106225,0.5181702105689694
F104738,0.4738395659461661
F114417,0.4950104112507089
F121976,0.4530652486651599
F106774,0.5703721859385914
F104638,0.5132115989895376
F119039,0.4956888198903677
F111484,0.49224612188663663
F110971,0.4542518550138313
F117772,0.5604455387620958
F122712,0.4982043446385667
F108402,0.4503673450280252
F100396,0.4893630678799187
F101740,0.4615508737728971
F103705,0.46036979390199506
F111554,0.4070619416900445
F106067,0.4214300879629694
F100543,0.39974853008560596
F113299,0.501030684207706
F124487,0.5186285765924057
F103540,0.4439156355731347
F104227,0.43338327925358955
F124262,0.47233771815093695
F106168,0.4104588713090528
F121499,0.46549376670444853
F107348,0.46869018187168715
F115613,0.48906291067483465
F100972,0.4880125890657504
F114882,0.4347092711134699
F101137,0.4624678316538238
F106247,0.478059212134973
F113304,0.47293811865866786
F123030,0.47563646965398676
F105610,0.5274403360760025
F112978,0.4759256490385998
F116077,0.5338139928785915
F118456,0.42430834003015916
F103194,0.46510659811963645
F115574,0.4482432055708824
F112544,0.4999246238332181
F119809,0.4514089112766383
F114611,0.5194113406193079
F108134,0.44880007443892084
F100329,0.44686064467725045
F108247,0.3927554148889037
F123227,0.5499374079595987
F121253,0.47459794296476443
F104626,0.4672644586384126
F124350,0.4807342370447013
F113339,0.555862260196781
F102915,0.5090718358528609
F114654,0.44508433447074636
F105273,0.40939751102330696
F100033,0.40511323471815247
F102742,0.5193209988062907
F120354,0.44107900164827624
F124715,0.5232070427294672
F110031,0.4970219280719781
F107906,0.49728744590118623
F120793,0.5319848152311372
F111450,0.4525947826633374
F118964,0.4810334636014372
F114254,0.4390252457093293
F106058,0.4333214445017068
F120668,0.4698068909280797
F120913,0.45134171626851183
F117160,0.525899200186938
F106648,0.5262189302226068
F116726,0.5056559939569644
F124577,0.4363918384579638
F111525,0.48794701872826995
F112745,0.48261979783427633
F119702,0.3987568659155868
F102116,0.4136430559190383
F108772,0.5230310515589209
F107424,0.5401805688545601
F103479,0.4974850733563581
F123149,0.487304783088804
F111072,0.48264329570383835
F122097,0.48386643470527796
F114087,0.4687263410665886
F104809,0.5069621011298843
F114098,0.4554620956254892
F116880,0.596093601842056
F100450,0.4763224721121178
F119057,0.5311507758871999
F103666,0.42367825103294254
F120106,0.44257087509469073
F106571,0.41465417809562954
F103970,0.4667427325940855
F123969,0.524774606954234
F111255,0.4974214513507458
F103344,0.48472021130138454
F119143,0.5216029652515469
F116577,0.43873111851997376
F114734,0.5226702165309545
F111250,0.4633353132234075
F115135,0.47650604260722573
F117362,0.5077645985647429
F122260,0.46443349765709285
F121277,0.4653872604533904
F114783,0.48391566344272063
F118109,0.4917457105612527
F100387,0.4486021577859073
F116031,0.45406386245096675
F109014,0.48588404243763045
F117456,0.4868102790760741
F113480,0.4888131706002562
F110667,0.4541506241451555
F101209,0.49412774538067034
F117971,0.5105102410354966
F112292,0.48592262786565665
F117732,0.47763832314119004
F120448,0.4492652140794837
F119957,0.46890616748817704
F102918,0.5016315565220322
F122528,0.478438201848588
F106419,0.47826768788171176
F106697,0.4150971625984651
F109567,0.455972417204068
F104619,0.523960850012491
F102647,0.44050420384988986
F123916,0.5264519356922648
F109131,0.5160574563412825
F108962,0.5225937960171264
F104775,0.5550340361714131
F110756,0.42013262338566726
F113157,0.38215762204498294
F102997,0.44657711472465383
F110631,0.4915926621355121
F115863,0.5318552654782293
F118447,0.41471991094560756
F121168,0.4928140251199412
F111636,0.44159315511469743
F117868,0.537714868108149
F111859,0.48149770310897594
F109735,0.4294053857252268
F105767,0.5240786363892302
F117143,0.5218604577112158
F116763,0.4742992446171501
F106437,0.5051352872027676
F102046,0.5504061234551089
F107609,0.43829643886286784
F110945,0.4593980924134002
F105453,0.46079186071154266
F105821,0.5045498550099831
F116964,0.46112683840982027
F119609,0.5149132747902845
F120583,0.40576351919360876
F106125,0.514545623977801
F123144,0.5283697021812986
F119423,0.565221018573158
F100607,0.44968634254512746
F116199,0.5067777850434321
F101866,0.46690917418534417
F104493,0.46975737505057336
F116889,0.4419953308628032
F109869,0.4513195904423852
F112334,0.47919401870520806
F119889,0.42572188720378074
F122065,0.5014007099542762
F100180,0.45994910015064927
F115350,0.4298861875762372
F109477,0.4129164420479827
F107499,0.43085599622239446
F105684,0.5262452018711171
F100048,0.4300116854405358
F113232,0.4928639751048763
F108315,0.5057354687697146
F118372,0.48273523274919616
F110926,0.5139783235383054
F118041,0.5225888423837269
F104956,0.5152406301677906
F122913,0.42297198072131914
F116989,0.4920151199639544
F111260,0.4545610141779968
F105667,0.3952805977112338
F100714,0.40781537563364245
F122146,0.4504882077796385
F119385,0.4916582864980993
F103670,0.4773082761470152
F111921,0.40277124008263665
F107414,0.4188705383119178
F110289,0.4651914433104706
F104935,0.5161497244061661
F115644,0.49774519480296864
F118561,0.47688484703448925
F100682,0.44127481211185693
F119620,0.4482007585990771
F102396,0.5799103264273725
F100888,0.42171281965734614
F124987,0.4376006054087718
F123840,0.4722677417405197
F120103,0.40116593247851884
F102143,0.4960163359070044
F112685,0.516173178907145
F101695,0.4867531485849709
F111547,0.46025052310418046
F106878,0.41756754843276883
F105463,0.44569946484076867
F109522,0.4205291066865366
F111452,0.4488820600962986
F111170,0.4687260617019503
F114262,0.4614977966834029
F120833,0.47285744286581644
F102365,0.4545611578837832
F121002,0.4218260783687211
F109692,0.41589065766601224
F105334,0.47691184145602633
F106531,0.4296826898876224
F109518,0.5366498080808427
F120188,0.523856670820475
F122584,0.46758136290855645
F115206,0.5221623187783643
F107333,0.38009811629314727
F116085,0.5088277368588675
F121053,0.5025854668935065
F120289,0.5465909180593156
F102184,0.45123369391624835
F114959,0.460795027738931
F110254,0.5493568774078561
F105043,0.5077706810630848
F119184,0.48380846600299066
F109940,0.42412291498953014
F108876,0.46285088206058145
F122769,0.5529354798486138
F123482,0.47925208949534537
F120725,0.4618420993338164
F106669,0.5117120904349868
F116794,0.523734562576436
F104178,0.4341979455174013
F105928,0.4700862453679898
F115701,0.4280956732790785
F108235,0.4588053007257138
F116928,0.47786402442195364
F118749,0.4912227127510446
F121008,0.48218733757331983
F103694,0.4992345903126467
F114240,0.5249630076991314
F120027,0.5366087695552997
F124782,0.47236736720307715
F116378,0.42032857832264103
F105209,0.41803982151091634
F112018,0.5065246777767957
F106250,0.5513360727027167
F109953,0.45442857568471606
F101543,0.4065015514314016
F121509,0.5518849399073914
F105628,0.4004053614287926
F115546,0.5247734937457479
F100704,0.48552810184657713
F110368,0.5367319973624157
F121528,0.5152936047305696
F101100,0.5509504901989499
F112525,0.46065459387544044
F121356,0.5063114670946101
F115951,0.44461544064768055
F107795,0.5122861857591847
F108817,0.5907949666975354
F111387,0.530483859456664
F117804,0.4510629435760322
F110936,0.5100381065283399
F114004,0.42668329297814456
F107270,0.4331289455345747
F119956,0.5672232016834415
F111828,0.4465073652153571
F107203,0.45518986395754424
F116496,0.46161138812358055
F119361,0.47448004065421845
F115552,0.5681570922735707
F113702,0.5361599725104718
F111225,0.43052783399615446
F116943,0.4805557815745287
F111429,0.5185335371308266
F113806,0.4768944555860993
F123307,0.4631007801167565
F119728,0.5207303643960219
F103180,0.42457721149385746
F108160,0.5366282292298351
F119338,0.4893723665252732
F105024,0.5563691233274652
F100983,0.46496578019910906
F118064,0.40889076345171027
F108152,0.4583621556935983
F102301,0.4555081282711856
F107420,0.4426995051873993
F112453,0.4847444706747232
F121252,0.4540827714752963
F103182,0.49730554160288887
F102746,0.4202175275444936
F110087,0.4911542103847806
F106141,0.4641889833289088
F107022,0.4489920234783018
F103397,0.49145271103030164
F118137,0.4689681132187785
F122022,0.5228601332883289
F116906,0.5967976850723762
F123841,0.45807749550090093
F100930,0.5797971519341657
F119076,0.4549978008399992
F120302,0.4967783424077994
F105583,0.5725888428123689
F100630,0.4622569985062693
F108776,0.49121361975252315
F119459,0.4360596871187835
F112620,0.4936045103192798
F108675,0.44777383261443887
F115164,0.4313350241690965
F116255,0.4104522552683278
F108207,0.4859545539818594
F121915,0.5274730747718227
F122673,0.5473019123573825
F122512,0.5238177089974332
F105207,0.5040743013630017
F112600,0.4143900464598405
F109251,0.4620308993575537
F124775,0.48396351636727325
F107159,0.4350255137649024
F114438,0.43992835305842637
F116936,0.4291461171234767
F109971,0.48528609462856714
F107529,0.4323548159839764
F105347,0.5179145625972922
F119872,0.4794403525455183
F124963,0.4798651146053239
F101527,0.5116105514786572
F123725,0.4245285553753934
F109802,0.4232923039041053
F105605,0.46401037363605807
F114987,0.46723007126827454
F120330,0.4519809648230193
F112090,0.45857168360217815
F106455,0.5265513074264169
F111162,0.4758818661069902
F113014,0.5051680160360205
F103680,0.4851934853975106
F115260,0.3983512623140791
F118706,0.475803094828851
F108389,0.4453722214161082
F108743,0.4509889967376358
F120572,0.5596596281921132
F102141,0.4176055107424931
F102149,0.534131507876524
F107157,0.47256566680258894
F106026,0.4677006139525849
F122189,0.5485723840036727
F102726,0.5351492719373491
F114612,0.5177590609313877
F104564,0.5319962066237086
F116599,0.44048723765909115
F120026,0.4887358915602293
F114143,0.42856140004181753
F114824,0.5335290153254921
F108145,0.4121072764400678
F118207,0.5184069141939378
F120984,0.4708735702824592
F107103,0.4415950344315708
F111360,0.47717564867586515
F109123,0.5100198068185819
F103665,0.4836974138323927
F114115,0.47137001414998636
F120105,0.47656716092040763
F102511,0.5774546509552677
F119174,0.46839577717628555
F123222,0.4746824598583895
F102727,0.4643324461047569
F106054,0.5662249719240977
F108133,0.5558472357470781
F102594,0.3801668602640924
F102784,0.4779945221457057
F102210,0.5033117698463494
F110644,0.4137116912449256
F108530,0.5155432579195902
F122155,0.5147800349304636
F122742,0.5340255827193966
F124974,0.5404155663276454
F115568,0.4360311129558365
F120682,0.43227346727526705
F116180,0.47503294626072873
F106255,0.43485124775291134
F121255,0.5026102021329694
F111424,0.46026263764731723
F114445,0.45994552443430436
F117142,0.4315006932193837
F119968,0.4675976016858841
F110742,0.4907166386640167
F116012,0.5035951803856465
F109110,0.4260856925089068
F116905,0.543665429013889
F103635,0.44046610387685514
F101384,0.5937676753861068
F120545,0.48063783054772385
F124205,0.3920221111617387
F116805,0.5199696176790833
F118784,0.4886076895214251
F119155,0.5089062434276334
F118983,0.48710855453583823
F116295,0.4811362254485402
F118537,0.40753757900355736
F123906,0.5074424393079803
F121359,0.5271242864063572
F123295,0.42722928630249174
F121403,0.46278481140704086
F105128,0.5130380755012383
F111939,0.4472361720791137
F107201,0.544451078120964
F117098,0.4441260367134261
F124004,0.5130399115374324
F115084,0.6232088306237765
F104987,0.4862685613911877
F124186,0.4219766216847234
F124105,0.5303854900072417
F100614,0.4952547545759275
F115920,0.44599497778634173
F107100,0.5063368292220599
F104083,0.5297888284857669
F110329,0.42229410360741754
F113009,0.5266747658261568
F116174,0.44781677052313235
F103588,0.5018131679072197
F124689,0.48044721703899007
F104814,0.5084925840235802
F100589,0.5391253615350731
F104918,0.4506860524838785
F119414,0.4929607592810493
F113072,0.5336077032394929
F109966,0.43298310358366743
F102358,0.4771239176539023
F114326,0.41517759621249595
F102052,0.4983041756156011
F121229,0.47363165425192005
F115500,0.4090210638672072
F117940,0.48731231785095336
F100940,0.4953145466622281
F105314,0.4470973146567678
F105479,0.5568536491774162
F115016,0.40829773695448945
F114400,0.5028754053762419
F118291,0.4528228666461672
F112755,0.47851858940776365
F113345,0.4319259158351474
F111589,0.4807703689196592
F112817,0.5094383098067643
F115899,0.39133065246010923
F122372,0.4703846079477259
F107231,0.4691197744582023
F121736,0.422983413806198
F103552,0.509585276251414
F102797,0.4598835426052287
F107172,0.5564114631593478
F121740,0.4870535160248678
F113209,0.556079496520253
F120175,0.47548380411789093
F114435,0.5623863959748908
F122370,0.4357102637348724
F116097,0.49709405164958437
F101462,0.5480239188722318
F114465,0.4591432768165112
F107880,0.4922166568711716
F101812,0.46337187499225324
F114561,0.40520580498020486
F107367,0.5017364050191572
F115881,0.49478722347148785
F118184,0.5580769285962192
F118435,0.5525809423466068
F102307,0.4859876363410443
F110456,0.5289275385174943
F114310,0.45245373854971405
F104179,0.425354002510494
F103967,0.47163253053511367
F104053,0.4216463177981312
F102255,0.456304980299869
F108364,0.44734272940412556
F109601,0.4728195889399154
F121027,0.5103936766387203
F117743,0.48181366169700124
F112974,0.46344398445469437
F102817,0.4778471105631817
F110737,0.5575033206099455
F118258,0.44209591595900205
F116592,0.47823366385338284
F104465,0.44527499038843493
F104411,0.470007588651987
F113596,0.43766664160172436
F105423,0.4323653601487504
F110800,0.5250172817855143
F111584,0.4855420361886513
F110762,0.5194073466071957
F102313,0.3767312500136124
F102883,0.45647022163190887
F118260,0.4960443170873817
F105371,0.4426292291331527
F112383,0.4700313106791592
F111663,0.504384157102196
F105549,0.47939893828302893
F102976,0.5175599224216514
F122624,0.49836436411188156
F108589,0.5400475203510886
F120051,0.4622313302455363
F121364,0.44520263073666144
F119616,0.4574023348148022
F110951,0.44992467934803926
F113261,0.5133777915061867
F111331,0.46181958704179515
F124854,0.587222344143515
F101161,0.5192517547972835
F113519,0.465902725815229
F119417,0.5003241833010422
F106192,0.43194332569881416
F124302,0.6049304883937884
F112169,0.5152630526335172
F118414,0.44269999551919725
F123504,0.4840655240870488
F115492,0.5641836568773823
F110027,0.40438235440200576
F122387,0.5619168032794334
F102191,0.3905359760416069
F111469,0.5433748293984156
F107154,0.441234277674289
F113256,0.45011522023889855
F109932,0.43152893215901367
F113897,0.4511142815860085
F110652,0.4142608330242702
F100218,0.4635532730235218
F105126,0.552101346288334
F124361,0.4914627690898288
F111427,0.4770377486471825
F109730,0.4916317467453216
F119762,0.5263252806143129
F106408,0.5085738962320728
F103626,0.46831069962811
F119134,0.47153246128130344
F110594,0.5556340340172553
F116242,0.48223049999971845
F121193,0.4657226436564813
F118548,0.4233853419853425
F105835,0.49498320241362137
F105554,0.5046587832791941
F109858,0.4620239702864725
F116096,0.4555627862701579
F105882,0.4419784076908025
F110250,0.5485952884872309
F103660,0.44983053083971547
F113137,0.4710075732850159
F116179,0.5833232894528215
F123870,0.44090970868124796
F102689,0.5115898729231848
F103467,0.5045862213044525
F110717,0.5135372713815509
F112042,0.46662709398681
F123857,0.523717651451136
F103893,0.5602818421444771
F116119,0.539062899620701
F109816,0.4529659887375193
F108243,0.4626385317269685
F119586,0.4351403706109043
F108493,0.44848908294052225
F102503,0.48886500212934064
F101400,0.49127768341060774
F113180,0.4783024851016516
F110497,0.4831801938194404
F121430,0.532664771515187
F110788,0.4218774300674246
F107997,0.4542561912492701
F121538,0.4957051070302875
F103869,0.4406855818073542
F107074,0.4185288736015593
F111782,0.555157449756841
F100715,0.3858046427049133
F118689,0.4576938052994834
F116342,0.4229420986318123
F102560,0.554293090078024
F112439,0.5482285155158363
F100383,0.4499601519980515
F109612,0.5724351116038546
F123239,0.4742232496521307
F103939,0.41950892952156177
F104109,0.45537684721640515
F121393,0.4298424779928228
F112802,0.4913157950730904
F109757,0.4025964092140768
F106243,0.41506928276205407
F114576,0.505208535973034
F120764,0.46818975274439234
F108968,0.4185186072851647
F122636,0.496682829798868
F122776,0.5179256942760092
F106149,0.5297492772882184
F102986,0.5063634388630146
F109255,0.43656885340940904
